key	text	tooltip
#Loc;1;text/jvj_kadon_generated.loc		
ancillaries_onscreen_name_kadon_bind_ancient_salamander	Kadon Scroll of Binding (Ancient Salamander)	true
ancillaries_colour_text_kadon_bind_ancient_salamander	Kadon Scrolls of Binding are prized throughout the many realms of the world due to their rarity and the ability to control and bind a particular creature to the user's will.	true
effects_description_kadon_bind_ancient_salamander	Ability: "Kadon Scroll of Binding (Ancient Salamander)"	true
land_units_onscreen_name_kadon_bind_ancient_salamander	Ancient Salamander	true
land_units_concealed_name_kadon_bind_ancient_salamander		true
unit_abilities_onscreen_name_kadon_bind_ancient_salamander	Kadon Scroll of Binding (Ancient Salamander)	true
unit_abilities_tooltip_text_kadon_bind_ancient_salamander	Kadon Scrolls of Binding are prized throughout the many realms of the world due to their rarity and the ability to control and bind a particular creature to the user's will.	true
ancillaries_onscreen_name_kadon_kin_ancient_salamander	Kadon Scroll of Kin (Ancient Salamander)	true
ancillaries_colour_text_kadon_kin_ancient_salamander	Kadon Scrolls of Kin are prized throughout the many realms of the world due to their rarity and the ability to control a particular creature and offering a lasting bond without the constraints of fleeting magic.	true
effects_description_kadon_kin_ancient_salamander	Ability: "Kadon Scroll of Kin (Ancient Salamander)"	true
land_units_onscreen_name_kadon_kin_ancient_salamander	Ancient Salamander	true
land_units_concealed_name_kadon_kin_ancient_salamander		true
unit_abilities_onscreen_name_kadon_kin_ancient_salamander	Kadon Scroll of Kin (Ancient Salamander)	true
unit_abilities_tooltip_text_kadon_kin_ancient_salamander	Kadon Scrolls of Kin are prized throughout the many realms of the world due to their rarity and the ability to control a particular creature and offering a lasting bond without the constraints of fleeting magic.	true
unit_abilities_additional_ui_effects_localised_text_kadon_ancient_salamander	[[col:green]]Summons an Ancient Salamander[[/col]]	true
ancillaries_onscreen_name_kadon_bind_coatl	Kadon Scroll of Binding (Coatl)	true
ancillaries_colour_text_kadon_bind_coatl	Kadon Scrolls of Binding are prized throughout the many realms of the world due to their rarity and the ability to control and bind a particular creature to the user's will.	true
effects_description_kadon_bind_coatl	Ability: "Kadon Scroll of Binding (Coatl)"	true
land_units_onscreen_name_kadon_bind_coatl	Coatl	true
land_units_concealed_name_kadon_bind_coatl		true
unit_abilities_onscreen_name_kadon_bind_coatl	Kadon Scroll of Binding (Coatl)	true
unit_abilities_tooltip_text_kadon_bind_coatl	Kadon Scrolls of Binding are prized throughout the many realms of the world due to their rarity and the ability to control and bind a particular creature to the user's will.	true
ancillaries_onscreen_name_kadon_kin_coatl	Kadon Scroll of Kin (Coatl)	true
ancillaries_colour_text_kadon_kin_coatl	Kadon Scrolls of Kin are prized throughout the many realms of the world due to their rarity and the ability to control a particular creature and offering a lasting bond without the constraints of fleeting magic.	true
effects_description_kadon_kin_coatl	Ability: "Kadon Scroll of Kin (Coatl)"	true
land_units_onscreen_name_kadon_kin_coatl	Coatl	true
land_units_concealed_name_kadon_kin_coatl		true
unit_abilities_onscreen_name_kadon_kin_coatl	Kadon Scroll of Kin (Coatl)	true
unit_abilities_tooltip_text_kadon_kin_coatl	Kadon Scrolls of Kin are prized throughout the many realms of the world due to their rarity and the ability to control a particular creature and offering a lasting bond without the constraints of fleeting magic.	true
unit_abilities_additional_ui_effects_localised_text_kadon_coatl	[[col:green]]Summons a Coatl[[/col]]	true
ancillaries_onscreen_name_kadon_bind_kroxigor	Kadon Scroll of Binding (Kroxigor)	true
ancillaries_colour_text_kadon_bind_kroxigor	Kadon Scrolls of Binding are prized throughout the many realms of the world due to their rarity and the ability to control and bind a particular creature to the user's will.	true
effects_description_kadon_bind_kroxigor	Ability: "Kadon Scroll of Binding (Kroxigor)"	true
land_units_onscreen_name_kadon_bind_kroxigor	Kroxigor	true
land_units_concealed_name_kadon_bind_kroxigor		true
unit_abilities_onscreen_name_kadon_bind_kroxigor	Kadon Scroll of Binding (Kroxigor)	true
unit_abilities_tooltip_text_kadon_bind_kroxigor	Kadon Scrolls of Binding are prized throughout the many realms of the world due to their rarity and the ability to control and bind a particular creature to the user's will.	true
ancillaries_onscreen_name_kadon_kin_kroxigor	Kadon Scroll of Kin (Kroxigor)	true
ancillaries_colour_text_kadon_kin_kroxigor	Kadon Scrolls of Kin are prized throughout the many realms of the world due to their rarity and the ability to control a particular creature and offering a lasting bond without the constraints of fleeting magic.	true
effects_description_kadon_kin_kroxigor	Ability: "Kadon Scroll of Kin (Kroxigor)"	true
land_units_onscreen_name_kadon_kin_kroxigor	Kroxigor	true
land_units_concealed_name_kadon_kin_kroxigor		true
unit_abilities_onscreen_name_kadon_kin_kroxigor	Kadon Scroll of Kin (Kroxigor)	true
unit_abilities_tooltip_text_kadon_kin_kroxigor	Kadon Scrolls of Kin are prized throughout the many realms of the world due to their rarity and the ability to control a particular creature and offering a lasting bond without the constraints of fleeting magic.	true
unit_abilities_additional_ui_effects_localised_text_kadon_kroxigor	[[col:green]]Summons Kroxigor[[/col]]	true
ancillaries_onscreen_name_kadon_bind_razordon_hunting_pack	Kadon Scroll of Binding (Razordon Hunting Pack)	true
ancillaries_colour_text_kadon_bind_razordon_hunting_pack	Kadon Scrolls of Binding are prized throughout the many realms of the world due to their rarity and the ability to control and bind a particular creature to the user's will.	true
effects_description_kadon_bind_razordon_hunting_pack	Ability: "Kadon Scroll of Binding (Razordon Hunting Pack)"	true
land_units_onscreen_name_kadon_bind_razordon_hunting_pack	Razordon Hunting Pack	true
land_units_concealed_name_kadon_bind_razordon_hunting_pack		true
unit_abilities_onscreen_name_kadon_bind_razordon_hunting_pack	Kadon Scroll of Binding (Razordon Hunting Pack)	true
unit_abilities_tooltip_text_kadon_bind_razordon_hunting_pack	Kadon Scrolls of Binding are prized throughout the many realms of the world due to their rarity and the ability to control and bind a particular creature to the user's will.	true
ancillaries_onscreen_name_kadon_kin_razordon_hunting_pack	Kadon Scroll of Kin (Razordon Hunting Pack)	true
ancillaries_colour_text_kadon_kin_razordon_hunting_pack	Kadon Scrolls of Kin are prized throughout the many realms of the world due to their rarity and the ability to control a particular creature and offering a lasting bond without the constraints of fleeting magic.	true
effects_description_kadon_kin_razordon_hunting_pack	Ability: "Kadon Scroll of Kin (Razordon Hunting Pack)"	true
land_units_onscreen_name_kadon_kin_razordon_hunting_pack	Razordon Hunting Pack	true
land_units_concealed_name_kadon_kin_razordon_hunting_pack		true
unit_abilities_onscreen_name_kadon_kin_razordon_hunting_pack	Kadon Scroll of Kin (Razordon Hunting Pack)	true
unit_abilities_tooltip_text_kadon_kin_razordon_hunting_pack	Kadon Scrolls of Kin are prized throughout the many realms of the world due to their rarity and the ability to control a particular creature and offering a lasting bond without the constraints of fleeting magic.	true
unit_abilities_additional_ui_effects_localised_text_kadon_razordon_hunting_pack	[[col:green]]Summons Razordon Hunting Pack[[/col]]	true
ancillaries_onscreen_name_kadon_bind_salamander_hunting_pack	Kadon Scroll of Binding (Salamander Hunting Pack)	true
ancillaries_colour_text_kadon_bind_salamander_hunting_pack	Kadon Scrolls of Binding are prized throughout the many realms of the world due to their rarity and the ability to control and bind a particular creature to the user's will.	true
effects_description_kadon_bind_salamander_hunting_pack	Ability: "Kadon Scroll of Binding (Salamander Hunting Pack)"	true
land_units_onscreen_name_kadon_bind_salamander_hunting_pack	Salamander Hunting Pack	true
land_units_concealed_name_kadon_bind_salamander_hunting_pack		true
unit_abilities_onscreen_name_kadon_bind_salamander_hunting_pack	Kadon Scroll of Binding (Salamander Hunting Pack)	true
unit_abilities_tooltip_text_kadon_bind_salamander_hunting_pack	Kadon Scrolls of Binding are prized throughout the many realms of the world due to their rarity and the ability to control and bind a particular creature to the user's will.	true
ancillaries_onscreen_name_kadon_kin_salamander_hunting_pack	Kadon Scroll of Kin (Salamander Hunting Pack)	true
ancillaries_colour_text_kadon_kin_salamander_hunting_pack	Kadon Scrolls of Kin are prized throughout the many realms of the world due to their rarity and the ability to control a particular creature and offering a lasting bond without the constraints of fleeting magic.	true
effects_description_kadon_kin_salamander_hunting_pack	Ability: "Kadon Scroll of Kin (Salamander Hunting Pack)"	true
land_units_onscreen_name_kadon_kin_salamander_hunting_pack	Salamander Hunting Pack	true
land_units_concealed_name_kadon_kin_salamander_hunting_pack		true
unit_abilities_onscreen_name_kadon_kin_salamander_hunting_pack	Kadon Scroll of Kin (Salamander Hunting Pack)	true
unit_abilities_tooltip_text_kadon_kin_salamander_hunting_pack	Kadon Scrolls of Kin are prized throughout the many realms of the world due to their rarity and the ability to control a particular creature and offering a lasting bond without the constraints of fleeting magic.	true
unit_abilities_additional_ui_effects_localised_text_kadon_salamander_hunting_pack	[[col:green]]Summons Salamander Hunting Pack[[/col]]	true
ancillaries_onscreen_name_kadon_bind_troglodon	Kadon Scroll of Binding (Feral Troglodon)	true
ancillaries_colour_text_kadon_bind_troglodon	Kadon Scrolls of Binding are prized throughout the many realms of the world due to their rarity and the ability to control and bind a particular creature to the user's will.	true
effects_description_kadon_bind_troglodon	Ability: "Kadon Scroll of Binding (Feral Troglodon)"	true
land_units_onscreen_name_kadon_bind_troglodon	Feral Troglodon	true
land_units_concealed_name_kadon_bind_troglodon		true
unit_abilities_onscreen_name_kadon_bind_troglodon	Kadon Scroll of Binding (Feral Troglodon)	true
unit_abilities_tooltip_text_kadon_bind_troglodon	Kadon Scrolls of Binding are prized throughout the many realms of the world due to their rarity and the ability to control and bind a particular creature to the user's will.	true
ancillaries_onscreen_name_kadon_kin_troglodon	Kadon Scroll of Kin (Feral Troglodon)	true
ancillaries_colour_text_kadon_kin_troglodon	Kadon Scrolls of Kin are prized throughout the many realms of the world due to their rarity and the ability to control a particular creature and offering a lasting bond without the constraints of fleeting magic.	true
effects_description_kadon_kin_troglodon	Ability: "Kadon Scroll of Kin (Feral Troglodon)"	true
land_units_onscreen_name_kadon_kin_troglodon	Feral Troglodon	true
land_units_concealed_name_kadon_kin_troglodon		true
unit_abilities_onscreen_name_kadon_kin_troglodon	Kadon Scroll of Kin (Feral Troglodon)	true
unit_abilities_tooltip_text_kadon_kin_troglodon	Kadon Scrolls of Kin are prized throughout the many realms of the world due to their rarity and the ability to control a particular creature and offering a lasting bond without the constraints of fleeting magic.	true
unit_abilities_additional_ui_effects_localised_text_kadon_troglodon	[[col:green]]Summons a Feral Troglodon[[/col]]	true
ancillaries_onscreen_name_kadon_bind_soopa_squig	Kadon Scroll of Binding (Soopa-Squig!)	true
ancillaries_colour_text_kadon_bind_soopa_squig	Kadon Scrolls of Binding are prized throughout the many realms of the world due to their rarity and the ability to control and bind a particular creature to the user's will.	true
effects_description_kadon_bind_soopa_squig	Ability: "Kadon Scroll of Binding (Soopa-Squig!)"	true
land_units_onscreen_name_kadon_bind_soopa_squig	Soopa-Squig!	true
land_units_concealed_name_kadon_bind_soopa_squig		true
unit_abilities_onscreen_name_kadon_bind_soopa_squig	Kadon Scroll of Binding (Soopa-Squig!)	true
unit_abilities_tooltip_text_kadon_bind_soopa_squig	Kadon Scrolls of Binding are prized throughout the many realms of the world due to their rarity and the ability to control and bind a particular creature to the user's will.	true
ancillaries_onscreen_name_kadon_kin_soopa_squig	Kadon Scroll of Kin (Soopa-Squig!)	true
ancillaries_colour_text_kadon_kin_soopa_squig	Kadon Scrolls of Kin are prized throughout the many realms of the world due to their rarity and the ability to control a particular creature and offering a lasting bond without the constraints of fleeting magic.	true
effects_description_kadon_kin_soopa_squig	Ability: "Kadon Scroll of Kin (Soopa-Squig!)"	true
land_units_onscreen_name_kadon_kin_soopa_squig	Soopa-Squig!	true
land_units_concealed_name_kadon_kin_soopa_squig		true
unit_abilities_onscreen_name_kadon_kin_soopa_squig	Kadon Scroll of Kin (Soopa-Squig!)	true
unit_abilities_tooltip_text_kadon_kin_soopa_squig	Kadon Scrolls of Kin are prized throughout the many realms of the world due to their rarity and the ability to control a particular creature and offering a lasting bond without the constraints of fleeting magic.	true
unit_abilities_additional_ui_effects_localised_text_kadon_soopa_squig	[[col:green]]Summons a Soopa-Squig![[/col]]	true
ancillaries_onscreen_name_kadon_bind_spider_hatchlings	Kadon Scroll of Binding (Spider Hatchlings)	true
ancillaries_colour_text_kadon_bind_spider_hatchlings	Kadon Scrolls of Binding are prized throughout the many realms of the world due to their rarity and the ability to control and bind a particular creature to the user's will.	true
effects_description_kadon_bind_spider_hatchlings	Ability: "Kadon Scroll of Binding (Spider Hatchlings)"	true
land_units_onscreen_name_kadon_bind_spider_hatchlings	Spider Hatchlings	true
land_units_concealed_name_kadon_bind_spider_hatchlings		true
unit_abilities_onscreen_name_kadon_bind_spider_hatchlings	Kadon Scroll of Binding (Spider Hatchlings)	true
unit_abilities_tooltip_text_kadon_bind_spider_hatchlings	Kadon Scrolls of Binding are prized throughout the many realms of the world due to their rarity and the ability to control and bind a particular creature to the user's will.	true
ancillaries_onscreen_name_kadon_kin_spider_hatchlings	Kadon Scroll of Kin (Spider Hatchlings)	true
ancillaries_colour_text_kadon_kin_spider_hatchlings	Kadon Scrolls of Kin are prized throughout the many realms of the world due to their rarity and the ability to control a particular creature and offering a lasting bond without the constraints of fleeting magic.	true
effects_description_kadon_kin_spider_hatchlings	Ability: "Kadon Scroll of Kin (Spider Hatchlings)"	true
land_units_onscreen_name_kadon_kin_spider_hatchlings	Spider Hatchlings	true
land_units_concealed_name_kadon_kin_spider_hatchlings		true
unit_abilities_onscreen_name_kadon_kin_spider_hatchlings	Kadon Scroll of Kin (Spider Hatchlings)	true
unit_abilities_tooltip_text_kadon_kin_spider_hatchlings	Kadon Scrolls of Kin are prized throughout the many realms of the world due to their rarity and the ability to control a particular creature and offering a lasting bond without the constraints of fleeting magic.	true
unit_abilities_additional_ui_effects_localised_text_kadon_spider_hatchlings	[[col:green]]Summons Spider Hatchlings[[/col]]	true
ancillaries_onscreen_name_kadon_bind_squig_herd	Kadon Scroll of Binding (Squig Herd)	true
ancillaries_colour_text_kadon_bind_squig_herd	Kadon Scrolls of Binding are prized throughout the many realms of the world due to their rarity and the ability to control and bind a particular creature to the user's will.	true
effects_description_kadon_bind_squig_herd	Ability: "Kadon Scroll of Binding (Squig Herd)"	true
land_units_onscreen_name_kadon_bind_squig_herd	Squig Herd	true
land_units_concealed_name_kadon_bind_squig_herd		true
unit_abilities_onscreen_name_kadon_bind_squig_herd	Kadon Scroll of Binding (Squig Herd)	true
unit_abilities_tooltip_text_kadon_bind_squig_herd	Kadon Scrolls of Binding are prized throughout the many realms of the world due to their rarity and the ability to control and bind a particular creature to the user's will.	true
ancillaries_onscreen_name_kadon_kin_squig_herd	Kadon Scroll of Kin (Squig Herd)	true
ancillaries_colour_text_kadon_kin_squig_herd	Kadon Scrolls of Kin are prized throughout the many realms of the world due to their rarity and the ability to control a particular creature and offering a lasting bond without the constraints of fleeting magic.	true
effects_description_kadon_kin_squig_herd	Ability: "Kadon Scroll of Kin (Squig Herd)"	true
land_units_onscreen_name_kadon_kin_squig_herd	Squig Herd	true
land_units_concealed_name_kadon_kin_squig_herd		true
unit_abilities_onscreen_name_kadon_kin_squig_herd	Kadon Scroll of Kin (Squig Herd)	true
unit_abilities_tooltip_text_kadon_kin_squig_herd	Kadon Scrolls of Kin are prized throughout the many realms of the world due to their rarity and the ability to control a particular creature and offering a lasting bond without the constraints of fleeting magic.	true
unit_abilities_additional_ui_effects_localised_text_kadon_squig_herd	[[col:green]]Summons Squig Herd[[/col]]	true
ancillaries_onscreen_name_kadon_bind_river_trolls	Kadon Scroll of Binding (River Trolls)	true
ancillaries_colour_text_kadon_bind_river_trolls	Kadon Scrolls of Binding are prized throughout the many realms of the world due to their rarity and the ability to control and bind a particular creature to the user's will.	true
effects_description_kadon_bind_river_trolls	Ability: "Kadon Scroll of Binding (River Trolls)"	true
land_units_onscreen_name_kadon_bind_river_trolls	River Trolls	true
land_units_concealed_name_kadon_bind_river_trolls		true
unit_abilities_onscreen_name_kadon_bind_river_trolls	Kadon Scroll of Binding (River Trolls)	true
unit_abilities_tooltip_text_kadon_bind_river_trolls	Kadon Scrolls of Binding are prized throughout the many realms of the world due to their rarity and the ability to control and bind a particular creature to the user's will.	true
ancillaries_onscreen_name_kadon_kin_river_trolls	Kadon Scroll of Kin (River Trolls)	true
ancillaries_colour_text_kadon_kin_river_trolls	Kadon Scrolls of Kin are prized throughout the many realms of the world due to their rarity and the ability to control a particular creature and offering a lasting bond without the constraints of fleeting magic.	true
effects_description_kadon_kin_river_trolls	Ability: "Kadon Scroll of Kin (River Trolls)"	true
land_units_onscreen_name_kadon_kin_river_trolls	River Trolls	true
land_units_concealed_name_kadon_kin_river_trolls		true
unit_abilities_onscreen_name_kadon_kin_river_trolls	Kadon Scroll of Kin (River Trolls)	true
unit_abilities_tooltip_text_kadon_kin_river_trolls	Kadon Scrolls of Kin are prized throughout the many realms of the world due to their rarity and the ability to control a particular creature and offering a lasting bond without the constraints of fleeting magic.	true
unit_abilities_additional_ui_effects_localised_text_kadon_river_trolls	[[col:green]]Summons River Trolls[[/col]]	true
ancillaries_onscreen_name_kadon_bind_stone_trolls	Kadon Scroll of Binding (Stone Trolls)	true
ancillaries_colour_text_kadon_bind_stone_trolls	Kadon Scrolls of Binding are prized throughout the many realms of the world due to their rarity and the ability to control and bind a particular creature to the user's will.	true
effects_description_kadon_bind_stone_trolls	Ability: "Kadon Scroll of Binding (Stone Trolls)"	true
land_units_onscreen_name_kadon_bind_stone_trolls	Stone Trolls	true
land_units_concealed_name_kadon_bind_stone_trolls		true
unit_abilities_onscreen_name_kadon_bind_stone_trolls	Kadon Scroll of Binding (Stone Trolls)	true
unit_abilities_tooltip_text_kadon_bind_stone_trolls	Kadon Scrolls of Binding are prized throughout the many realms of the world due to their rarity and the ability to control and bind a particular creature to the user's will.	true
ancillaries_onscreen_name_kadon_kin_stone_trolls	Kadon Scroll of Kin (Stone Trolls)	true
ancillaries_colour_text_kadon_kin_stone_trolls	Kadon Scrolls of Kin are prized throughout the many realms of the world due to their rarity and the ability to control a particular creature and offering a lasting bond without the constraints of fleeting magic.	true
effects_description_kadon_kin_stone_trolls	Ability: "Kadon Scroll of Kin (Stone Trolls)"	true
land_units_onscreen_name_kadon_kin_stone_trolls	Stone Trolls	true
land_units_concealed_name_kadon_kin_stone_trolls		true
unit_abilities_onscreen_name_kadon_kin_stone_trolls	Kadon Scroll of Kin (Stone Trolls)	true
unit_abilities_tooltip_text_kadon_kin_stone_trolls	Kadon Scrolls of Kin are prized throughout the many realms of the world due to their rarity and the ability to control a particular creature and offering a lasting bond without the constraints of fleeting magic.	true
unit_abilities_additional_ui_effects_localised_text_kadon_stone_trolls	[[col:green]]Summons Stone Trolls[[/col]]	true
ancillaries_onscreen_name_kadon_bind_colossal_squig	Kadon Scroll of Binding (Colossal Squig)	true
ancillaries_colour_text_kadon_bind_colossal_squig	Kadon Scrolls of Binding are prized throughout the many realms of the world due to their rarity and the ability to control and bind a particular creature to the user's will.	true
effects_description_kadon_bind_colossal_squig	Ability: "Kadon Scroll of Binding (Colossal Squig)"	true
land_units_onscreen_name_kadon_bind_colossal_squig	Colossal Squig	true
land_units_concealed_name_kadon_bind_colossal_squig		true
unit_abilities_onscreen_name_kadon_bind_colossal_squig	Kadon Scroll of Binding (Colossal Squig)	true
unit_abilities_tooltip_text_kadon_bind_colossal_squig	Kadon Scrolls of Binding are prized throughout the many realms of the world due to their rarity and the ability to control and bind a particular creature to the user's will.	true
ancillaries_onscreen_name_kadon_kin_colossal_squig	Kadon Scroll of Kin (Colossal Squig)	true
ancillaries_colour_text_kadon_kin_colossal_squig	Kadon Scrolls of Kin are prized throughout the many realms of the world due to their rarity and the ability to control a particular creature and offering a lasting bond without the constraints of fleeting magic.	true
effects_description_kadon_kin_colossal_squig	Ability: "Kadon Scroll of Kin (Colossal Squig)"	true
land_units_onscreen_name_kadon_kin_colossal_squig	Colossal Squig	true
land_units_concealed_name_kadon_kin_colossal_squig		true
unit_abilities_onscreen_name_kadon_kin_colossal_squig	Kadon Scroll of Kin (Colossal Squig)	true
unit_abilities_tooltip_text_kadon_kin_colossal_squig	Kadon Scrolls of Kin are prized throughout the many realms of the world due to their rarity and the ability to control a particular creature and offering a lasting bond without the constraints of fleeting magic.	true
unit_abilities_additional_ui_effects_localised_text_kadon_colossal_squig	[[col:green]]Summons a Colossal Squig[[/col]]	true
ancillaries_onscreen_name_kadon_bind_mangler_squigs	Kadon Scroll of Binding (Mangler Squigs)	true
ancillaries_colour_text_kadon_bind_mangler_squigs	Kadon Scrolls of Binding are prized throughout the many realms of the world due to their rarity and the ability to control and bind a particular creature to the user's will.	true
effects_description_kadon_bind_mangler_squigs	Ability: "Kadon Scroll of Binding (Mangler Squigs)"	true
land_units_onscreen_name_kadon_bind_mangler_squigs	Mangler Squigs	true
land_units_concealed_name_kadon_bind_mangler_squigs		true
unit_abilities_onscreen_name_kadon_bind_mangler_squigs	Kadon Scroll of Binding (Mangler Squigs)	true
unit_abilities_tooltip_text_kadon_bind_mangler_squigs	Kadon Scrolls of Binding are prized throughout the many realms of the world due to their rarity and the ability to control and bind a particular creature to the user's will.	true
ancillaries_onscreen_name_kadon_kin_mangler_squigs	Kadon Scroll of Kin (Mangler Squigs)	true
ancillaries_colour_text_kadon_kin_mangler_squigs	Kadon Scrolls of Kin are prized throughout the many realms of the world due to their rarity and the ability to control a particular creature and offering a lasting bond without the constraints of fleeting magic.	true
effects_description_kadon_kin_mangler_squigs	Ability: "Kadon Scroll of Kin (Mangler Squigs)"	true
land_units_onscreen_name_kadon_kin_mangler_squigs	Mangler Squigs	true
land_units_concealed_name_kadon_kin_mangler_squigs		true
unit_abilities_onscreen_name_kadon_kin_mangler_squigs	Kadon Scroll of Kin (Mangler Squigs)	true
unit_abilities_tooltip_text_kadon_kin_mangler_squigs	Kadon Scrolls of Kin are prized throughout the many realms of the world due to their rarity and the ability to control a particular creature and offering a lasting bond without the constraints of fleeting magic.	true
unit_abilities_additional_ui_effects_localised_text_kadon_mangler_squigs	[[col:green]]Summons Mangler Squigs[[/col]]	true
ancillaries_onscreen_name_kadon_bind_dragon_ogre_shaggoth	Kadon Scroll of Binding (Dragon Ogre Shaggoth)	true
ancillaries_colour_text_kadon_bind_dragon_ogre_shaggoth	Kadon Scrolls of Binding are prized throughout the many realms of the world due to their rarity and the ability to control and bind a particular creature to the user's will.	true
effects_description_kadon_bind_dragon_ogre_shaggoth	Ability: "Kadon Scroll of Binding (Dragon Ogre Shaggoth)"	true
land_units_onscreen_name_kadon_bind_dragon_ogre_shaggoth	Dragon Ogre Shaggoth	true
land_units_concealed_name_kadon_bind_dragon_ogre_shaggoth		true
unit_abilities_onscreen_name_kadon_bind_dragon_ogre_shaggoth	Kadon Scroll of Binding (Dragon Ogre Shaggoth)	true
unit_abilities_tooltip_text_kadon_bind_dragon_ogre_shaggoth	Kadon Scrolls of Binding are prized throughout the many realms of the world due to their rarity and the ability to control and bind a particular creature to the user's will.	true
ancillaries_onscreen_name_kadon_kin_dragon_ogre_shaggoth	Kadon Scroll of Kin (Dragon Ogre Shaggoth)	true
ancillaries_colour_text_kadon_kin_dragon_ogre_shaggoth	Kadon Scrolls of Kin are prized throughout the many realms of the world due to their rarity and the ability to control a particular creature and offering a lasting bond without the constraints of fleeting magic.	true
effects_description_kadon_kin_dragon_ogre_shaggoth	Ability: "Kadon Scroll of Kin (Dragon Ogre Shaggoth)"	true
land_units_onscreen_name_kadon_kin_dragon_ogre_shaggoth	Dragon Ogre Shaggoth	true
land_units_concealed_name_kadon_kin_dragon_ogre_shaggoth		true
unit_abilities_onscreen_name_kadon_kin_dragon_ogre_shaggoth	Kadon Scroll of Kin (Dragon Ogre Shaggoth)	true
unit_abilities_tooltip_text_kadon_kin_dragon_ogre_shaggoth	Kadon Scrolls of Kin are prized throughout the many realms of the world due to their rarity and the ability to control a particular creature and offering a lasting bond without the constraints of fleeting magic.	true
unit_abilities_additional_ui_effects_localised_text_kadon_dragon_ogre_shaggoth	[[col:green]]Summons a Dragon Ogre Shaggoth[[/col]]	true
ancillaries_onscreen_name_kadon_bind_norscan_ice_wolves	Kadon Scroll of Binding (Norscan Ice Wolves)	true
ancillaries_colour_text_kadon_bind_norscan_ice_wolves	Kadon Scrolls of Binding are prized throughout the many realms of the world due to their rarity and the ability to control and bind a particular creature to the user's will.	true
effects_description_kadon_bind_norscan_ice_wolves	Ability: "Kadon Scroll of Binding (Norscan Ice Wolves)"	true
land_units_onscreen_name_kadon_bind_norscan_ice_wolves	Norscan Ice Wolves	true
land_units_concealed_name_kadon_bind_norscan_ice_wolves		true
unit_abilities_onscreen_name_kadon_bind_norscan_ice_wolves	Kadon Scroll of Binding (Norscan Ice Wolves)	true
unit_abilities_tooltip_text_kadon_bind_norscan_ice_wolves	Kadon Scrolls of Binding are prized throughout the many realms of the world due to their rarity and the ability to control and bind a particular creature to the user's will.	true
ancillaries_onscreen_name_kadon_kin_norscan_ice_wolves	Kadon Scroll of Kin (Norscan Ice Wolves)	true
ancillaries_colour_text_kadon_kin_norscan_ice_wolves	Kadon Scrolls of Kin are prized throughout the many realms of the world due to their rarity and the ability to control a particular creature and offering a lasting bond without the constraints of fleeting magic.	true
effects_description_kadon_kin_norscan_ice_wolves	Ability: "Kadon Scroll of Kin (Norscan Ice Wolves)"	true
land_units_onscreen_name_kadon_kin_norscan_ice_wolves	Norscan Ice Wolves	true
land_units_concealed_name_kadon_kin_norscan_ice_wolves		true
unit_abilities_onscreen_name_kadon_kin_norscan_ice_wolves	Kadon Scroll of Kin (Norscan Ice Wolves)	true
unit_abilities_tooltip_text_kadon_kin_norscan_ice_wolves	Kadon Scrolls of Kin are prized throughout the many realms of the world due to their rarity and the ability to control a particular creature and offering a lasting bond without the constraints of fleeting magic.	true
unit_abilities_additional_ui_effects_localised_text_kadon_norscan_ice_wolves	[[col:green]]Summons Norscan Ice Wolves[[/col]]	true
ancillaries_onscreen_name_kadon_bind_cursd_ettin	Kadon Scroll of Binding (Curs'd Ettin)	true
ancillaries_colour_text_kadon_bind_cursd_ettin	Kadon Scrolls of Binding are prized throughout the many realms of the world due to their rarity and the ability to control and bind a particular creature to the user's will.	true
effects_description_kadon_bind_cursd_ettin	Ability: "Kadon Scroll of Binding (Curs'd Ettin)"	true
land_units_onscreen_name_kadon_bind_cursd_ettin	Curs'd Ettin	true
land_units_concealed_name_kadon_bind_cursd_ettin		true
unit_abilities_onscreen_name_kadon_bind_cursd_ettin	Kadon Scroll of Binding (Curs'd Ettin)	true
unit_abilities_tooltip_text_kadon_bind_cursd_ettin	Kadon Scrolls of Binding are prized throughout the many realms of the world due to their rarity and the ability to control and bind a particular creature to the user's will.	true
ancillaries_onscreen_name_kadon_kin_cursd_ettin	Kadon Scroll of Kin (Curs'd Ettin)	true
ancillaries_colour_text_kadon_kin_cursd_ettin	Kadon Scrolls of Kin are prized throughout the many realms of the world due to their rarity and the ability to control a particular creature and offering a lasting bond without the constraints of fleeting magic.	true
effects_description_kadon_kin_cursd_ettin	Ability: "Kadon Scroll of Kin (Curs'd Ettin)"	true
land_units_onscreen_name_kadon_kin_cursd_ettin	Curs'd Ettin	true
land_units_concealed_name_kadon_kin_cursd_ettin		true
unit_abilities_onscreen_name_kadon_kin_cursd_ettin	Kadon Scroll of Kin (Curs'd Ettin)	true
unit_abilities_tooltip_text_kadon_kin_cursd_ettin	Kadon Scrolls of Kin are prized throughout the many realms of the world due to their rarity and the ability to control a particular creature and offering a lasting bond without the constraints of fleeting magic.	true
unit_abilities_additional_ui_effects_localised_text_kadon_cursd_ettin	[[col:green]]Summons a Curs'd Ettin[[/col]]	true
ancillaries_onscreen_name_kadon_bind_dread_maw	Kadon Scroll of Binding (Dread Maw)	true
ancillaries_colour_text_kadon_bind_dread_maw	Kadon Scrolls of Binding are prized throughout the many realms of the world due to their rarity and the ability to control and bind a particular creature to the user's will.	true
effects_description_kadon_bind_dread_maw	Ability: "Kadon Scroll of Binding (Dread Maw)"	true
land_units_onscreen_name_kadon_bind_dread_maw	Dread Maw	true
land_units_concealed_name_kadon_bind_dread_maw		true
unit_abilities_onscreen_name_kadon_bind_dread_maw	Kadon Scroll of Binding (Dread Maw)	true
unit_abilities_tooltip_text_kadon_bind_dread_maw	Kadon Scrolls of Binding are prized throughout the many realms of the world due to their rarity and the ability to control and bind a particular creature to the user's will.	true
ancillaries_onscreen_name_kadon_kin_dread_maw	Kadon Scroll of Kin (Dread Maw)	true
ancillaries_colour_text_kadon_kin_dread_maw	Kadon Scrolls of Kin are prized throughout the many realms of the world due to their rarity and the ability to control a particular creature and offering a lasting bond without the constraints of fleeting magic.	true
effects_description_kadon_kin_dread_maw	Ability: "Kadon Scroll of Kin (Dread Maw)"	true
land_units_onscreen_name_kadon_kin_dread_maw	Dread Maw	true
land_units_concealed_name_kadon_kin_dread_maw		true
unit_abilities_onscreen_name_kadon_kin_dread_maw	Kadon Scroll of Kin (Dread Maw)	true
unit_abilities_tooltip_text_kadon_kin_dread_maw	Kadon Scrolls of Kin are prized throughout the many realms of the world due to their rarity and the ability to control a particular creature and offering a lasting bond without the constraints of fleeting magic.	true
unit_abilities_additional_ui_effects_localised_text_kadon_dread_maw	[[col:green]]Summons a Dread Maw[[/col]]	true
ancillaries_onscreen_name_kadon_bind_minotaurs	Kadon Scroll of Binding (Minotaurs)	true
ancillaries_colour_text_kadon_bind_minotaurs	Kadon Scrolls of Binding are prized throughout the many realms of the world due to their rarity and the ability to control and bind a particular creature to the user's will.	true
effects_description_kadon_bind_minotaurs	Ability: "Kadon Scroll of Binding (Minotaurs)"	true
land_units_onscreen_name_kadon_bind_minotaurs	Minotaurs	true
land_units_concealed_name_kadon_bind_minotaurs		true
unit_abilities_onscreen_name_kadon_bind_minotaurs	Kadon Scroll of Binding (Minotaurs)	true
unit_abilities_tooltip_text_kadon_bind_minotaurs	Kadon Scrolls of Binding are prized throughout the many realms of the world due to their rarity and the ability to control and bind a particular creature to the user's will.	true
ancillaries_onscreen_name_kadon_kin_minotaurs	Kadon Scroll of Kin (Minotaurs)	true
ancillaries_colour_text_kadon_kin_minotaurs	Kadon Scrolls of Kin are prized throughout the many realms of the world due to their rarity and the ability to control a particular creature and offering a lasting bond without the constraints of fleeting magic.	true
effects_description_kadon_kin_minotaurs	Ability: "Kadon Scroll of Kin (Minotaurs)"	true
land_units_onscreen_name_kadon_kin_minotaurs	Minotaurs	true
land_units_concealed_name_kadon_kin_minotaurs		true
unit_abilities_onscreen_name_kadon_kin_minotaurs	Kadon Scroll of Kin (Minotaurs)	true
unit_abilities_tooltip_text_kadon_kin_minotaurs	Kadon Scrolls of Kin are prized throughout the many realms of the world due to their rarity and the ability to control a particular creature and offering a lasting bond without the constraints of fleeting magic.	true
unit_abilities_additional_ui_effects_localised_text_kadon_minotaurs	[[col:green]]Summons Minotaurs[[/col]]	true
ancillaries_onscreen_name_kadon_bind_ghorgon	Kadon Scroll of Binding (Ghorgon)	true
ancillaries_colour_text_kadon_bind_ghorgon	Kadon Scrolls of Binding are prized throughout the many realms of the world due to their rarity and the ability to control and bind a particular creature to the user's will.	true
effects_description_kadon_bind_ghorgon	Ability: "Kadon Scroll of Binding (Ghorgon)"	true
land_units_onscreen_name_kadon_bind_ghorgon	Ghorgon	true
land_units_concealed_name_kadon_bind_ghorgon		true
unit_abilities_onscreen_name_kadon_bind_ghorgon	Kadon Scroll of Binding (Ghorgon)	true
unit_abilities_tooltip_text_kadon_bind_ghorgon	Kadon Scrolls of Binding are prized throughout the many realms of the world due to their rarity and the ability to control and bind a particular creature to the user's will.	true
ancillaries_onscreen_name_kadon_kin_ghorgon	Kadon Scroll of Kin (Ghorgon)	true
ancillaries_colour_text_kadon_kin_ghorgon	Kadon Scrolls of Kin are prized throughout the many realms of the world due to their rarity and the ability to control a particular creature and offering a lasting bond without the constraints of fleeting magic.	true
effects_description_kadon_kin_ghorgon	Ability: "Kadon Scroll of Kin (Ghorgon)"	true
land_units_onscreen_name_kadon_kin_ghorgon	Ghorgon	true
land_units_concealed_name_kadon_kin_ghorgon		true
unit_abilities_onscreen_name_kadon_kin_ghorgon	Kadon Scroll of Kin (Ghorgon)	true
unit_abilities_tooltip_text_kadon_kin_ghorgon	Kadon Scrolls of Kin are prized throughout the many realms of the world due to their rarity and the ability to control a particular creature and offering a lasting bond without the constraints of fleeting magic.	true
unit_abilities_additional_ui_effects_localised_text_kadon_ghorgon	[[col:green]]Summons a Ghorgon[[/col]]	true
ancillaries_onscreen_name_kadon_bind_jabberslythe	Kadon Scroll of Binding (Jabberslythe)	true
ancillaries_colour_text_kadon_bind_jabberslythe	Kadon Scrolls of Binding are prized throughout the many realms of the world due to their rarity and the ability to control and bind a particular creature to the user's will.	true
effects_description_kadon_bind_jabberslythe	Ability: "Kadon Scroll of Binding (Jabberslythe)"	true
land_units_onscreen_name_kadon_bind_jabberslythe	Jabberslythe	true
land_units_concealed_name_kadon_bind_jabberslythe		true
unit_abilities_onscreen_name_kadon_bind_jabberslythe	Kadon Scroll of Binding (Jabberslythe)	true
unit_abilities_tooltip_text_kadon_bind_jabberslythe	Kadon Scrolls of Binding are prized throughout the many realms of the world due to their rarity and the ability to control and bind a particular creature to the user's will.	true
ancillaries_onscreen_name_kadon_kin_jabberslythe	Kadon Scroll of Kin (Jabberslythe)	true
ancillaries_colour_text_kadon_kin_jabberslythe	Kadon Scrolls of Kin are prized throughout the many realms of the world due to their rarity and the ability to control a particular creature and offering a lasting bond without the constraints of fleeting magic.	true
effects_description_kadon_kin_jabberslythe	Ability: "Kadon Scroll of Kin (Jabberslythe)"	true
land_units_onscreen_name_kadon_kin_jabberslythe	Jabberslythe	true
land_units_concealed_name_kadon_kin_jabberslythe		true
unit_abilities_onscreen_name_kadon_kin_jabberslythe	Kadon Scroll of Kin (Jabberslythe)	true
unit_abilities_tooltip_text_kadon_kin_jabberslythe	Kadon Scrolls of Kin are prized throughout the many realms of the world due to their rarity and the ability to control a particular creature and offering a lasting bond without the constraints of fleeting magic.	true
unit_abilities_additional_ui_effects_localised_text_kadon_jabberslythe	[[col:green]]Summons a Jabberslythe[[/col]]	true
ancillaries_onscreen_name_kadon_bind_basilisk	Kadon Scroll of Binding (Basilisk)	true
ancillaries_colour_text_kadon_bind_basilisk	Kadon Scrolls of Binding are prized throughout the many realms of the world due to their rarity and the ability to control and bind a particular creature to the user's will.	true
effects_description_kadon_bind_basilisk	Ability: "Kadon Scroll of Binding (Basilisk)"	true
land_units_onscreen_name_kadon_bind_basilisk	Basilisk	true
land_units_concealed_name_kadon_bind_basilisk		true
unit_abilities_onscreen_name_kadon_bind_basilisk	Kadon Scroll of Binding (Basilisk)	true
unit_abilities_tooltip_text_kadon_bind_basilisk	Kadon Scrolls of Binding are prized throughout the many realms of the world due to their rarity and the ability to control and bind a particular creature to the user's will.	true
ancillaries_onscreen_name_kadon_kin_basilisk	Kadon Scroll of Kin (Basilisk)	true
ancillaries_colour_text_kadon_kin_basilisk	Kadon Scrolls of Kin are prized throughout the many realms of the world due to their rarity and the ability to control a particular creature and offering a lasting bond without the constraints of fleeting magic.	true
effects_description_kadon_kin_basilisk	Ability: "Kadon Scroll of Kin (Basilisk)"	true
land_units_onscreen_name_kadon_kin_basilisk	Basilisk	true
land_units_concealed_name_kadon_kin_basilisk		true
unit_abilities_onscreen_name_kadon_kin_basilisk	Kadon Scroll of Kin (Basilisk)	true
unit_abilities_tooltip_text_kadon_kin_basilisk	Kadon Scrolls of Kin are prized throughout the many realms of the world due to their rarity and the ability to control a particular creature and offering a lasting bond without the constraints of fleeting magic.	true
unit_abilities_additional_ui_effects_localised_text_kadon_basilisk	[[col:green]]Summons a Basilisk[[/col]]	true
ancillaries_onscreen_name_kadon_bind_chimera	Kadon Scroll of Binding (Chimera)	true
ancillaries_colour_text_kadon_bind_chimera	Kadon Scrolls of Binding are prized throughout the many realms of the world due to their rarity and the ability to control and bind a particular creature to the user's will.	true
effects_description_kadon_bind_chimera	Ability: "Kadon Scroll of Binding (Chimera)"	true
land_units_onscreen_name_kadon_bind_chimera	Chimera	true
land_units_concealed_name_kadon_bind_chimera		true
unit_abilities_onscreen_name_kadon_bind_chimera	Kadon Scroll of Binding (Chimera)	true
unit_abilities_tooltip_text_kadon_bind_chimera	Kadon Scrolls of Binding are prized throughout the many realms of the world due to their rarity and the ability to control and bind a particular creature to the user's will.	true
ancillaries_onscreen_name_kadon_kin_chimera	Kadon Scroll of Kin (Chimera)	true
ancillaries_colour_text_kadon_kin_chimera	Kadon Scrolls of Kin are prized throughout the many realms of the world due to their rarity and the ability to control a particular creature and offering a lasting bond without the constraints of fleeting magic.	true
effects_description_kadon_kin_chimera	Ability: "Kadon Scroll of Kin (Chimera)"	true
land_units_onscreen_name_kadon_kin_chimera	Chimera	true
land_units_concealed_name_kadon_kin_chimera		true
unit_abilities_onscreen_name_kadon_kin_chimera	Kadon Scroll of Kin (Chimera)	true
unit_abilities_tooltip_text_kadon_kin_chimera	Kadon Scrolls of Kin are prized throughout the many realms of the world due to their rarity and the ability to control a particular creature and offering a lasting bond without the constraints of fleeting magic.	true
unit_abilities_additional_ui_effects_localised_text_kadon_chimera	[[col:green]]Summons a Chimera[[/col]]	true
ancillaries_onscreen_name_kadon_bind_cockatrice	Kadon Scroll of Binding (Cockatrice)	true
ancillaries_colour_text_kadon_bind_cockatrice	Kadon Scrolls of Binding are prized throughout the many realms of the world due to their rarity and the ability to control and bind a particular creature to the user's will.	true
effects_description_kadon_bind_cockatrice	Ability: "Kadon Scroll of Binding (Cockatrice)"	true
land_units_onscreen_name_kadon_bind_cockatrice	Cockatrice	true
land_units_concealed_name_kadon_bind_cockatrice		true
unit_abilities_onscreen_name_kadon_bind_cockatrice	Kadon Scroll of Binding (Cockatrice)	true
unit_abilities_tooltip_text_kadon_bind_cockatrice	Kadon Scrolls of Binding are prized throughout the many realms of the world due to their rarity and the ability to control and bind a particular creature to the user's will.	true
ancillaries_onscreen_name_kadon_kin_cockatrice	Kadon Scroll of Kin (Cockatrice)	true
ancillaries_colour_text_kadon_kin_cockatrice	Kadon Scrolls of Kin are prized throughout the many realms of the world due to their rarity and the ability to control a particular creature and offering a lasting bond without the constraints of fleeting magic.	true
effects_description_kadon_kin_cockatrice	Ability: "Kadon Scroll of Kin (Cockatrice)"	true
land_units_onscreen_name_kadon_kin_cockatrice	Cockatrice	true
land_units_concealed_name_kadon_kin_cockatrice		true
unit_abilities_onscreen_name_kadon_kin_cockatrice	Kadon Scroll of Kin (Cockatrice)	true
unit_abilities_tooltip_text_kadon_kin_cockatrice	Kadon Scrolls of Kin are prized throughout the many realms of the world due to their rarity and the ability to control a particular creature and offering a lasting bond without the constraints of fleeting magic.	true
unit_abilities_additional_ui_effects_localised_text_kadon_cockatrice	[[col:green]]Summons a Cockatrice[[/col]]	true
ancillaries_onscreen_name_kadon_bind_giant_spined_chaos_beast	Kadon Scroll of Binding (Giant Spined Chaos Beast)	true
ancillaries_colour_text_kadon_bind_giant_spined_chaos_beast	Kadon Scrolls of Binding are prized throughout the many realms of the world due to their rarity and the ability to control and bind a particular creature to the user's will.	true
effects_description_kadon_bind_giant_spined_chaos_beast	Ability: "Kadon Scroll of Binding (Giant Spined Chaos Beast)"	true
land_units_onscreen_name_kadon_bind_giant_spined_chaos_beast	Giant Spined Chaos Beast	true
land_units_concealed_name_kadon_bind_giant_spined_chaos_beast		true
unit_abilities_onscreen_name_kadon_bind_giant_spined_chaos_beast	Kadon Scroll of Binding (Giant Spined Chaos Beast)	true
unit_abilities_tooltip_text_kadon_bind_giant_spined_chaos_beast	Kadon Scrolls of Binding are prized throughout the many realms of the world due to their rarity and the ability to control and bind a particular creature to the user's will.	true
ancillaries_onscreen_name_kadon_kin_giant_spined_chaos_beast	Kadon Scroll of Kin (Giant Spined Chaos Beast)	true
ancillaries_colour_text_kadon_kin_giant_spined_chaos_beast	Kadon Scrolls of Kin are prized throughout the many realms of the world due to their rarity and the ability to control a particular creature and offering a lasting bond without the constraints of fleeting magic.	true
effects_description_kadon_kin_giant_spined_chaos_beast	Ability: "Kadon Scroll of Kin (Giant Spined Chaos Beast)"	true
land_units_onscreen_name_kadon_kin_giant_spined_chaos_beast	Giant Spined Chaos Beast	true
land_units_concealed_name_kadon_kin_giant_spined_chaos_beast		true
unit_abilities_onscreen_name_kadon_kin_giant_spined_chaos_beast	Kadon Scroll of Kin (Giant Spined Chaos Beast)	true
unit_abilities_tooltip_text_kadon_kin_giant_spined_chaos_beast	Kadon Scrolls of Kin are prized throughout the many realms of the world due to their rarity and the ability to control a particular creature and offering a lasting bond without the constraints of fleeting magic.	true
unit_abilities_additional_ui_effects_localised_text_kadon_giant_spined_chaos_beast	[[col:green]]Summons a Giant Spined Chaos Beast[[/col]]	true
ancillaries_onscreen_name_kadon_bind_incarnate_elemental_of_beasts	Kadon Scroll of Binding (Incarnate Elemental of Beasts)	true
ancillaries_colour_text_kadon_bind_incarnate_elemental_of_beasts	Kadon Scrolls of Binding are prized throughout the many realms of the world due to their rarity and the ability to control and bind a particular creature to the user's will.	true
effects_description_kadon_bind_incarnate_elemental_of_beasts	Ability: "Kadon Scroll of Binding (Incarnate Elemental of Beasts)"	true
land_units_onscreen_name_kadon_bind_incarnate_elemental_of_beasts	Incarnate Elemental of Beasts	true
land_units_concealed_name_kadon_bind_incarnate_elemental_of_beasts		true
unit_abilities_onscreen_name_kadon_bind_incarnate_elemental_of_beasts	Kadon Scroll of Binding (Incarnate Elemental of Beasts)	true
unit_abilities_tooltip_text_kadon_bind_incarnate_elemental_of_beasts	Kadon Scrolls of Binding are prized throughout the many realms of the world due to their rarity and the ability to control and bind a particular creature to the user's will.	true
ancillaries_onscreen_name_kadon_kin_incarnate_elemental_of_beasts	Kadon Scroll of Kin (Incarnate Elemental of Beasts)	true
ancillaries_colour_text_kadon_kin_incarnate_elemental_of_beasts	Kadon Scrolls of Kin are prized throughout the many realms of the world due to their rarity and the ability to control a particular creature and offering a lasting bond without the constraints of fleeting magic.	true
effects_description_kadon_kin_incarnate_elemental_of_beasts	Ability: "Kadon Scroll of Kin (Incarnate Elemental of Beasts)"	true
land_units_onscreen_name_kadon_kin_incarnate_elemental_of_beasts	Incarnate Elemental of Beasts	true
land_units_concealed_name_kadon_kin_incarnate_elemental_of_beasts		true
unit_abilities_onscreen_name_kadon_kin_incarnate_elemental_of_beasts	Kadon Scroll of Kin (Incarnate Elemental of Beasts)	true
unit_abilities_tooltip_text_kadon_kin_incarnate_elemental_of_beasts	Kadon Scrolls of Kin are prized throughout the many realms of the world due to their rarity and the ability to control a particular creature and offering a lasting bond without the constraints of fleeting magic.	true
unit_abilities_additional_ui_effects_localised_text_kadon_incarnate_elemental_of_beasts	[[col:green]]Summons an Incarnate Elemental of Beasts[[/col]]	true
ancillaries_onscreen_name_kadon_bind_preyton	Kadon Scroll of Binding (Preyton)	true
ancillaries_colour_text_kadon_bind_preyton	Kadon Scrolls of Binding are prized throughout the many realms of the world due to their rarity and the ability to control and bind a particular creature to the user's will.	true
effects_description_kadon_bind_preyton	Ability: "Kadon Scroll of Binding (Preyton)"	true
land_units_onscreen_name_kadon_bind_preyton	Preyton	true
land_units_concealed_name_kadon_bind_preyton		true
unit_abilities_onscreen_name_kadon_bind_preyton	Kadon Scroll of Binding (Preyton)	true
unit_abilities_tooltip_text_kadon_bind_preyton	Kadon Scrolls of Binding are prized throughout the many realms of the world due to their rarity and the ability to control and bind a particular creature to the user's will.	true
ancillaries_onscreen_name_kadon_kin_preyton	Kadon Scroll of Kin (Preyton)	true
ancillaries_colour_text_kadon_kin_preyton	Kadon Scrolls of Kin are prized throughout the many realms of the world due to their rarity and the ability to control a particular creature and offering a lasting bond without the constraints of fleeting magic.	true
effects_description_kadon_kin_preyton	Ability: "Kadon Scroll of Kin (Preyton)"	true
land_units_onscreen_name_kadon_kin_preyton	Preyton	true
land_units_concealed_name_kadon_kin_preyton		true
unit_abilities_onscreen_name_kadon_kin_preyton	Kadon Scroll of Kin (Preyton)	true
unit_abilities_tooltip_text_kadon_kin_preyton	Kadon Scrolls of Kin are prized throughout the many realms of the world due to their rarity and the ability to control a particular creature and offering a lasting bond without the constraints of fleeting magic.	true
unit_abilities_additional_ui_effects_localised_text_kadon_preyton	[[col:green]]Summons a Preyton[[/col]]	true
ancillaries_onscreen_name_kadon_bind_tree_kin	Kadon Scroll of Binding (Tree Kin)	true
ancillaries_colour_text_kadon_bind_tree_kin	Kadon Scrolls of Binding are prized throughout the many realms of the world due to their rarity and the ability to control and bind a particular creature to the user's will.	true
effects_description_kadon_bind_tree_kin	Ability: "Kadon Scroll of Binding (Tree Kin)"	true
land_units_onscreen_name_kadon_bind_tree_kin	Tree Kin	true
land_units_concealed_name_kadon_bind_tree_kin		true
unit_abilities_onscreen_name_kadon_bind_tree_kin	Kadon Scroll of Binding (Tree Kin)	true
unit_abilities_tooltip_text_kadon_bind_tree_kin	Kadon Scrolls of Binding are prized throughout the many realms of the world due to their rarity and the ability to control and bind a particular creature to the user's will.	true
ancillaries_onscreen_name_kadon_kin_tree_kin	Kadon Scroll of Kin (Tree Kin)	true
ancillaries_colour_text_kadon_kin_tree_kin	Kadon Scrolls of Kin are prized throughout the many realms of the world due to their rarity and the ability to control a particular creature and offering a lasting bond without the constraints of fleeting magic.	true
effects_description_kadon_kin_tree_kin	Ability: "Kadon Scroll of Kin (Tree Kin)"	true
land_units_onscreen_name_kadon_kin_tree_kin	Tree Kin	true
land_units_concealed_name_kadon_kin_tree_kin		true
unit_abilities_onscreen_name_kadon_kin_tree_kin	Kadon Scroll of Kin (Tree Kin)	true
unit_abilities_tooltip_text_kadon_kin_tree_kin	Kadon Scrolls of Kin are prized throughout the many realms of the world due to their rarity and the ability to control a particular creature and offering a lasting bond without the constraints of fleeting magic.	true
unit_abilities_additional_ui_effects_localised_text_kadon_tree_kin	[[col:green]]Summons Tree Kin[[/col]]	true
ancillaries_onscreen_name_kadon_bind_treeman	Kadon Scroll of Binding (Treeman)	true
ancillaries_colour_text_kadon_bind_treeman	Kadon Scrolls of Binding are prized throughout the many realms of the world due to their rarity and the ability to control and bind a particular creature to the user's will.	true
effects_description_kadon_bind_treeman	Ability: "Kadon Scroll of Binding (Treeman)"	true
land_units_onscreen_name_kadon_bind_treeman	Treeman	true
land_units_concealed_name_kadon_bind_treeman		true
unit_abilities_onscreen_name_kadon_bind_treeman	Kadon Scroll of Binding (Treeman)	true
unit_abilities_tooltip_text_kadon_bind_treeman	Kadon Scrolls of Binding are prized throughout the many realms of the world due to their rarity and the ability to control and bind a particular creature to the user's will.	true
ancillaries_onscreen_name_kadon_kin_treeman	Kadon Scroll of Kin (Treeman)	true
ancillaries_colour_text_kadon_kin_treeman	Kadon Scrolls of Kin are prized throughout the many realms of the world due to their rarity and the ability to control a particular creature and offering a lasting bond without the constraints of fleeting magic.	true
effects_description_kadon_kin_treeman	Ability: "Kadon Scroll of Kin (Treeman)"	true
land_units_onscreen_name_kadon_kin_treeman	Treeman	true
land_units_concealed_name_kadon_kin_treeman		true
unit_abilities_onscreen_name_kadon_kin_treeman	Kadon Scroll of Kin (Treeman)	true
unit_abilities_tooltip_text_kadon_kin_treeman	Kadon Scrolls of Kin are prized throughout the many realms of the world due to their rarity and the ability to control a particular creature and offering a lasting bond without the constraints of fleeting magic.	true
unit_abilities_additional_ui_effects_localised_text_kadon_treeman	[[col:green]]Summons a Treeman[[/col]]	true
ancillaries_onscreen_name_kadon_bind_cave_bats	Kadon Scroll of Binding (Cave Bats)	true
ancillaries_colour_text_kadon_bind_cave_bats	Kadon Scrolls of Binding are prized throughout the many realms of the world due to their rarity and the ability to control and bind a particular creature to the user's will.	true
effects_description_kadon_bind_cave_bats	Ability: "Kadon Scroll of Binding (Cave Bats)"	true
land_units_onscreen_name_kadon_bind_cave_bats	Cave Bats	true
land_units_concealed_name_kadon_bind_cave_bats		true
unit_abilities_onscreen_name_kadon_bind_cave_bats	Kadon Scroll of Binding (Cave Bats)	true
unit_abilities_tooltip_text_kadon_bind_cave_bats	Kadon Scrolls of Binding are prized throughout the many realms of the world due to their rarity and the ability to control and bind a particular creature to the user's will.	true
ancillaries_onscreen_name_kadon_kin_cave_bats	Kadon Scroll of Kin (Cave Bats)	true
ancillaries_colour_text_kadon_kin_cave_bats	Kadon Scrolls of Kin are prized throughout the many realms of the world due to their rarity and the ability to control a particular creature and offering a lasting bond without the constraints of fleeting magic.	true
effects_description_kadon_kin_cave_bats	Ability: "Kadon Scroll of Kin (Cave Bats)"	true
land_units_onscreen_name_kadon_kin_cave_bats	Cave Bats	true
land_units_concealed_name_kadon_kin_cave_bats		true
unit_abilities_onscreen_name_kadon_kin_cave_bats	Kadon Scroll of Kin (Cave Bats)	true
unit_abilities_tooltip_text_kadon_kin_cave_bats	Kadon Scrolls of Kin are prized throughout the many realms of the world due to their rarity and the ability to control a particular creature and offering a lasting bond without the constraints of fleeting magic.	true
unit_abilities_additional_ui_effects_localised_text_kadon_cave_bats	[[col:green]]Summons Cave Bats[[/col]]	true
ancillaries_onscreen_name_kadon_bind_giant_wolves	Kadon Scroll of Binding (Giant Wolves)	true
ancillaries_colour_text_kadon_bind_giant_wolves	Kadon Scrolls of Binding are prized throughout the many realms of the world due to their rarity and the ability to control and bind a particular creature to the user's will.	true
effects_description_kadon_bind_giant_wolves	Ability: "Kadon Scroll of Binding (Giant Wolves)"	true
land_units_onscreen_name_kadon_bind_giant_wolves	Giant Wolves	true
land_units_concealed_name_kadon_bind_giant_wolves		true
unit_abilities_onscreen_name_kadon_bind_giant_wolves	Kadon Scroll of Binding (Giant Wolves)	true
unit_abilities_tooltip_text_kadon_bind_giant_wolves	Kadon Scrolls of Binding are prized throughout the many realms of the world due to their rarity and the ability to control and bind a particular creature to the user's will.	true
ancillaries_onscreen_name_kadon_kin_giant_wolves	Kadon Scroll of Kin (Giant Wolves)	true
ancillaries_colour_text_kadon_kin_giant_wolves	Kadon Scrolls of Kin are prized throughout the many realms of the world due to their rarity and the ability to control a particular creature and offering a lasting bond without the constraints of fleeting magic.	true
effects_description_kadon_kin_giant_wolves	Ability: "Kadon Scroll of Kin (Giant Wolves)"	true
land_units_onscreen_name_kadon_kin_giant_wolves	Giant Wolves	true
land_units_concealed_name_kadon_kin_giant_wolves		true
unit_abilities_onscreen_name_kadon_kin_giant_wolves	Kadon Scroll of Kin (Giant Wolves)	true
unit_abilities_tooltip_text_kadon_kin_giant_wolves	Kadon Scrolls of Kin are prized throughout the many realms of the world due to their rarity and the ability to control a particular creature and offering a lasting bond without the constraints of fleeting magic.	true
unit_abilities_additional_ui_effects_localised_text_kadon_giant_wolves	[[col:green]]Summons Giant Wolves[[/col]]	true
ancillaries_onscreen_name_kadon_bind_great_hawks	Kadon Scroll of Binding (Great Hawks)	true
ancillaries_colour_text_kadon_bind_great_hawks	Kadon Scrolls of Binding are prized throughout the many realms of the world due to their rarity and the ability to control and bind a particular creature to the user's will.	true
effects_description_kadon_bind_great_hawks	Ability: "Kadon Scroll of Binding (Great Hawks)"	true
land_units_onscreen_name_kadon_bind_great_hawks	Great Hawks	true
land_units_concealed_name_kadon_bind_great_hawks		true
unit_abilities_onscreen_name_kadon_bind_great_hawks	Kadon Scroll of Binding (Great Hawks)	true
unit_abilities_tooltip_text_kadon_bind_great_hawks	Kadon Scrolls of Binding are prized throughout the many realms of the world due to their rarity and the ability to control and bind a particular creature to the user's will.	true
ancillaries_onscreen_name_kadon_kin_great_hawks	Kadon Scroll of Kin (Great Hawks)	true
ancillaries_colour_text_kadon_kin_great_hawks	Kadon Scrolls of Kin are prized throughout the many realms of the world due to their rarity and the ability to control a particular creature and offering a lasting bond without the constraints of fleeting magic.	true
effects_description_kadon_kin_great_hawks	Ability: "Kadon Scroll of Kin (Great Hawks)"	true
land_units_onscreen_name_kadon_kin_great_hawks	Great Hawks	true
land_units_concealed_name_kadon_kin_great_hawks		true
unit_abilities_onscreen_name_kadon_kin_great_hawks	Kadon Scroll of Kin (Great Hawks)	true
unit_abilities_tooltip_text_kadon_kin_great_hawks	Kadon Scrolls of Kin are prized throughout the many realms of the world due to their rarity and the ability to control a particular creature and offering a lasting bond without the constraints of fleeting magic.	true
unit_abilities_additional_ui_effects_localised_text_kadon_great_hawks	[[col:green]]Summons Great Hawks[[/col]]	true
ancillaries_onscreen_name_kadon_bind_zoats	Kadon Scroll of Binding (Zoats)	true
ancillaries_colour_text_kadon_bind_zoats	Kadon Scrolls of Binding are prized throughout the many realms of the world due to their rarity and the ability to control and bind a particular creature to the user's will.	true
effects_description_kadon_bind_zoats	Ability: "Kadon Scroll of Binding (Zoats)"	true
land_units_onscreen_name_kadon_bind_zoats	Zoats	true
land_units_concealed_name_kadon_bind_zoats		true
unit_abilities_onscreen_name_kadon_bind_zoats	Kadon Scroll of Binding (Zoats)	true
unit_abilities_tooltip_text_kadon_bind_zoats	Kadon Scrolls of Binding are prized throughout the many realms of the world due to their rarity and the ability to control and bind a particular creature to the user's will.	true
ancillaries_onscreen_name_kadon_kin_zoats	Kadon Scroll of Kin (Zoats)	true
ancillaries_colour_text_kadon_kin_zoats	Kadon Scrolls of Kin are prized throughout the many realms of the world due to their rarity and the ability to control a particular creature and offering a lasting bond without the constraints of fleeting magic.	true
effects_description_kadon_kin_zoats	Ability: "Kadon Scroll of Kin (Zoats)"	true
land_units_onscreen_name_kadon_kin_zoats	Zoats	true
land_units_concealed_name_kadon_kin_zoats		true
unit_abilities_onscreen_name_kadon_kin_zoats	Kadon Scroll of Kin (Zoats)	true
unit_abilities_tooltip_text_kadon_kin_zoats	Kadon Scrolls of Kin are prized throughout the many realms of the world due to their rarity and the ability to control a particular creature and offering a lasting bond without the constraints of fleeting magic.	true
unit_abilities_additional_ui_effects_localised_text_kadon_zoats	[[col:green]]Summons Zoats[[/col]]	true
ancillaries_onscreen_name_kadon_bind_merwyrm	Kadon Scroll of Binding (Merwyrm)	true
ancillaries_colour_text_kadon_bind_merwyrm	Kadon Scrolls of Binding are prized throughout the many realms of the world due to their rarity and the ability to control and bind a particular creature to the user's will.	true
effects_description_kadon_bind_merwyrm	Ability: "Kadon Scroll of Binding (Merwyrm)"	true
land_units_onscreen_name_kadon_bind_merwyrm	Merwyrm	true
land_units_concealed_name_kadon_bind_merwyrm		true
unit_abilities_onscreen_name_kadon_bind_merwyrm	Kadon Scroll of Binding (Merwyrm)	true
unit_abilities_tooltip_text_kadon_bind_merwyrm	Kadon Scrolls of Binding are prized throughout the many realms of the world due to their rarity and the ability to control and bind a particular creature to the user's will.	true
ancillaries_onscreen_name_kadon_kin_merwyrm	Kadon Scroll of Kin (Merwyrm)	true
ancillaries_colour_text_kadon_kin_merwyrm	Kadon Scrolls of Kin are prized throughout the many realms of the world due to their rarity and the ability to control a particular creature and offering a lasting bond without the constraints of fleeting magic.	true
effects_description_kadon_kin_merwyrm	Ability: "Kadon Scroll of Kin (Merwyrm)"	true
land_units_onscreen_name_kadon_kin_merwyrm	Merwyrm	true
land_units_concealed_name_kadon_kin_merwyrm		true
unit_abilities_onscreen_name_kadon_kin_merwyrm	Kadon Scroll of Kin (Merwyrm)	true
unit_abilities_tooltip_text_kadon_kin_merwyrm	Kadon Scrolls of Kin are prized throughout the many realms of the world due to their rarity and the ability to control a particular creature and offering a lasting bond without the constraints of fleeting magic.	true
unit_abilities_additional_ui_effects_localised_text_kadon_merwyrm	[[col:green]]Summons a Merwyrm[[/col]]	true
ancillaries_onscreen_name_kadon_bind_oceanids	Kadon Scroll of Binding (Oceanids)	true
ancillaries_colour_text_kadon_bind_oceanids	Kadon Scrolls of Binding are prized throughout the many realms of the world due to their rarity and the ability to control and bind a particular creature to the user's will.	true
effects_description_kadon_bind_oceanids	Ability: "Kadon Scroll of Binding (Oceanids)"	true
land_units_onscreen_name_kadon_bind_oceanids	Oceanids	true
land_units_concealed_name_kadon_bind_oceanids		true
unit_abilities_onscreen_name_kadon_bind_oceanids	Kadon Scroll of Binding (Oceanids)	true
unit_abilities_tooltip_text_kadon_bind_oceanids	Kadon Scrolls of Binding are prized throughout the many realms of the world due to their rarity and the ability to control and bind a particular creature to the user's will.	true
ancillaries_onscreen_name_kadon_kin_oceanids	Kadon Scroll of Kin (Oceanids)	true
ancillaries_colour_text_kadon_kin_oceanids	Kadon Scrolls of Kin are prized throughout the many realms of the world due to their rarity and the ability to control a particular creature and offering a lasting bond without the constraints of fleeting magic.	true
effects_description_kadon_kin_oceanids	Ability: "Kadon Scroll of Kin (Oceanids)"	true
land_units_onscreen_name_kadon_kin_oceanids	Oceanids	true
land_units_concealed_name_kadon_kin_oceanids		true
unit_abilities_onscreen_name_kadon_kin_oceanids	Kadon Scroll of Kin (Oceanids)	true
unit_abilities_tooltip_text_kadon_kin_oceanids	Kadon Scrolls of Kin are prized throughout the many realms of the world due to their rarity and the ability to control a particular creature and offering a lasting bond without the constraints of fleeting magic.	true
unit_abilities_additional_ui_effects_localised_text_kadon_oceanids	[[col:green]]Summons Oceanids[[/col]]	true
ancillaries_onscreen_name_kadon_bind_sea_elemental	Kadon Scroll of Binding (Sea Elemental)	true
ancillaries_colour_text_kadon_bind_sea_elemental	Kadon Scrolls of Binding are prized throughout the many realms of the world due to their rarity and the ability to control and bind a particular creature to the user's will.	true
effects_description_kadon_bind_sea_elemental	Ability: "Kadon Scroll of Binding (Sea Elemental)"	true
land_units_onscreen_name_kadon_bind_sea_elemental	Sea Elemental	true
land_units_concealed_name_kadon_bind_sea_elemental		true
unit_abilities_onscreen_name_kadon_bind_sea_elemental	Kadon Scroll of Binding (Sea Elemental)	true
unit_abilities_tooltip_text_kadon_bind_sea_elemental	Kadon Scrolls of Binding are prized throughout the many realms of the world due to their rarity and the ability to control and bind a particular creature to the user's will.	true
ancillaries_onscreen_name_kadon_kin_sea_elemental	Kadon Scroll of Kin (Sea Elemental)	true
ancillaries_colour_text_kadon_kin_sea_elemental	Kadon Scrolls of Kin are prized throughout the many realms of the world due to their rarity and the ability to control a particular creature and offering a lasting bond without the constraints of fleeting magic.	true
effects_description_kadon_kin_sea_elemental	Ability: "Kadon Scroll of Kin (Sea Elemental)"	true
land_units_onscreen_name_kadon_kin_sea_elemental	Sea Elemental	true
land_units_concealed_name_kadon_kin_sea_elemental		true
unit_abilities_onscreen_name_kadon_kin_sea_elemental	Kadon Scroll of Kin (Sea Elemental)	true
unit_abilities_tooltip_text_kadon_kin_sea_elemental	Kadon Scrolls of Kin are prized throughout the many realms of the world due to their rarity and the ability to control a particular creature and offering a lasting bond without the constraints of fleeting magic.	true
unit_abilities_additional_ui_effects_localised_text_kadon_sea_elemental	[[col:green]]Summons a Sea Elemental[[/col]]	true
ancillaries_onscreen_name_kadon_bind_bloodwrack_medusa	Kadon Scroll of Binding (Bloodwrack Medusa)	true
ancillaries_colour_text_kadon_bind_bloodwrack_medusa	Kadon Scrolls of Binding are prized throughout the many realms of the world due to their rarity and the ability to control and bind a particular creature to the user's will.	true
effects_description_kadon_bind_bloodwrack_medusa	Ability: "Kadon Scroll of Binding (Bloodwrack Medusa)"	true
land_units_onscreen_name_kadon_bind_bloodwrack_medusa	Bloodwrack Medusa	true
land_units_concealed_name_kadon_bind_bloodwrack_medusa		true
unit_abilities_onscreen_name_kadon_bind_bloodwrack_medusa	Kadon Scroll of Binding (Bloodwrack Medusa)	true
unit_abilities_tooltip_text_kadon_bind_bloodwrack_medusa	Kadon Scrolls of Binding are prized throughout the many realms of the world due to their rarity and the ability to control and bind a particular creature to the user's will.	true
ancillaries_onscreen_name_kadon_kin_bloodwrack_medusa	Kadon Scroll of Kin (Bloodwrack Medusa)	true
ancillaries_colour_text_kadon_kin_bloodwrack_medusa	Kadon Scrolls of Kin are prized throughout the many realms of the world due to their rarity and the ability to control a particular creature and offering a lasting bond without the constraints of fleeting magic.	true
effects_description_kadon_kin_bloodwrack_medusa	Ability: "Kadon Scroll of Kin (Bloodwrack Medusa)"	true
land_units_onscreen_name_kadon_kin_bloodwrack_medusa	Bloodwrack Medusa	true
land_units_concealed_name_kadon_kin_bloodwrack_medusa		true
unit_abilities_onscreen_name_kadon_kin_bloodwrack_medusa	Kadon Scroll of Kin (Bloodwrack Medusa)	true
unit_abilities_tooltip_text_kadon_kin_bloodwrack_medusa	Kadon Scrolls of Kin are prized throughout the many realms of the world due to their rarity and the ability to control a particular creature and offering a lasting bond without the constraints of fleeting magic.	true
unit_abilities_additional_ui_effects_localised_text_kadon_bloodwrack_medusa	[[col:green]]Summons a Bloodwrack Medusa[[/col]]	true
ancillaries_onscreen_name_kadon_bind_crypt_horrors	Kadon Scroll of Binding (Crypt Horrors)	true
ancillaries_colour_text_kadon_bind_crypt_horrors	Kadon Scrolls of Binding are prized throughout the many realms of the world due to their rarity and the ability to control and bind a particular creature to the user's will.	true
effects_description_kadon_bind_crypt_horrors	Ability: "Kadon Scroll of Binding (Crypt Horrors)"	true
land_units_onscreen_name_kadon_bind_crypt_horrors	Crypt Horrors	true
land_units_concealed_name_kadon_bind_crypt_horrors		true
unit_abilities_onscreen_name_kadon_bind_crypt_horrors	Kadon Scroll of Binding (Crypt Horrors)	true
unit_abilities_tooltip_text_kadon_bind_crypt_horrors	Kadon Scrolls of Binding are prized throughout the many realms of the world due to their rarity and the ability to control and bind a particular creature to the user's will.	true
ancillaries_onscreen_name_kadon_kin_crypt_horrors	Kadon Scroll of Kin (Crypt Horrors)	true
ancillaries_colour_text_kadon_kin_crypt_horrors	Kadon Scrolls of Kin are prized throughout the many realms of the world due to their rarity and the ability to control a particular creature and offering a lasting bond without the constraints of fleeting magic.	true
effects_description_kadon_kin_crypt_horrors	Ability: "Kadon Scroll of Kin (Crypt Horrors)"	true
land_units_onscreen_name_kadon_kin_crypt_horrors	Crypt Horrors	true
land_units_concealed_name_kadon_kin_crypt_horrors		true
unit_abilities_onscreen_name_kadon_kin_crypt_horrors	Kadon Scroll of Kin (Crypt Horrors)	true
unit_abilities_tooltip_text_kadon_kin_crypt_horrors	Kadon Scrolls of Kin are prized throughout the many realms of the world due to their rarity and the ability to control a particular creature and offering a lasting bond without the constraints of fleeting magic.	true
unit_abilities_additional_ui_effects_localised_text_kadon_crypt_horrors	[[col:green]]Summons Crypt Horrors[[/col]]	true
ancillaries_onscreen_name_kadon_bind_dire_wolves	Kadon Scroll of Binding (Dire Wolves)	true
ancillaries_colour_text_kadon_bind_dire_wolves	Kadon Scrolls of Binding are prized throughout the many realms of the world due to their rarity and the ability to control and bind a particular creature to the user's will.	true
effects_description_kadon_bind_dire_wolves	Ability: "Kadon Scroll of Binding (Dire Wolves)"	true
land_units_onscreen_name_kadon_bind_dire_wolves	Dire Wolves	true
land_units_concealed_name_kadon_bind_dire_wolves		true
unit_abilities_onscreen_name_kadon_bind_dire_wolves	Kadon Scroll of Binding (Dire Wolves)	true
unit_abilities_tooltip_text_kadon_bind_dire_wolves	Kadon Scrolls of Binding are prized throughout the many realms of the world due to their rarity and the ability to control and bind a particular creature to the user's will.	true
ancillaries_onscreen_name_kadon_kin_dire_wolves	Kadon Scroll of Kin (Dire Wolves)	true
ancillaries_colour_text_kadon_kin_dire_wolves	Kadon Scrolls of Kin are prized throughout the many realms of the world due to their rarity and the ability to control a particular creature and offering a lasting bond without the constraints of fleeting magic.	true
effects_description_kadon_kin_dire_wolves	Ability: "Kadon Scroll of Kin (Dire Wolves)"	true
land_units_onscreen_name_kadon_kin_dire_wolves	Dire Wolves	true
land_units_concealed_name_kadon_kin_dire_wolves		true
unit_abilities_onscreen_name_kadon_kin_dire_wolves	Kadon Scroll of Kin (Dire Wolves)	true
unit_abilities_tooltip_text_kadon_kin_dire_wolves	Kadon Scrolls of Kin are prized throughout the many realms of the world due to their rarity and the ability to control a particular creature and offering a lasting bond without the constraints of fleeting magic.	true
unit_abilities_additional_ui_effects_localised_text_kadon_dire_wolves	[[col:green]]Summons Dire Wolves[[/col]]	true
ancillaries_onscreen_name_kadon_bind_fell_bats	Kadon Scroll of Binding (Fell Bats)	true
ancillaries_colour_text_kadon_bind_fell_bats	Kadon Scrolls of Binding are prized throughout the many realms of the world due to their rarity and the ability to control and bind a particular creature to the user's will.	true
effects_description_kadon_bind_fell_bats	Ability: "Kadon Scroll of Binding (Fell Bats)"	true
land_units_onscreen_name_kadon_bind_fell_bats	Fell Bats	true
land_units_concealed_name_kadon_bind_fell_bats		true
unit_abilities_onscreen_name_kadon_bind_fell_bats	Kadon Scroll of Binding (Fell Bats)	true
unit_abilities_tooltip_text_kadon_bind_fell_bats	Kadon Scrolls of Binding are prized throughout the many realms of the world due to their rarity and the ability to control and bind a particular creature to the user's will.	true
ancillaries_onscreen_name_kadon_kin_fell_bats	Kadon Scroll of Kin (Fell Bats)	true
ancillaries_colour_text_kadon_kin_fell_bats	Kadon Scrolls of Kin are prized throughout the many realms of the world due to their rarity and the ability to control a particular creature and offering a lasting bond without the constraints of fleeting magic.	true
effects_description_kadon_kin_fell_bats	Ability: "Kadon Scroll of Kin (Fell Bats)"	true
land_units_onscreen_name_kadon_kin_fell_bats	Fell Bats	true
land_units_concealed_name_kadon_kin_fell_bats		true
unit_abilities_onscreen_name_kadon_kin_fell_bats	Kadon Scroll of Kin (Fell Bats)	true
unit_abilities_tooltip_text_kadon_kin_fell_bats	Kadon Scrolls of Kin are prized throughout the many realms of the world due to their rarity and the ability to control a particular creature and offering a lasting bond without the constraints of fleeting magic.	true
unit_abilities_additional_ui_effects_localised_text_kadon_fell_bats	[[col:green]]Summons Fell Bats[[/col]]	true
ancillaries_onscreen_name_kadon_bind_terrorgheist	Kadon Scroll of Binding (Terrorgheist)	true
ancillaries_colour_text_kadon_bind_terrorgheist	Kadon Scrolls of Binding are prized throughout the many realms of the world due to their rarity and the ability to control and bind a particular creature to the user's will.	true
effects_description_kadon_bind_terrorgheist	Ability: "Kadon Scroll of Binding (Terrorgheist)"	true
land_units_onscreen_name_kadon_bind_terrorgheist	Terrorgheist	true
land_units_concealed_name_kadon_bind_terrorgheist		true
unit_abilities_onscreen_name_kadon_bind_terrorgheist	Kadon Scroll of Binding (Terrorgheist)	true
unit_abilities_tooltip_text_kadon_bind_terrorgheist	Kadon Scrolls of Binding are prized throughout the many realms of the world due to their rarity and the ability to control and bind a particular creature to the user's will.	true
ancillaries_onscreen_name_kadon_kin_terrorgheist	Kadon Scroll of Kin (Terrorgheist)	true
ancillaries_colour_text_kadon_kin_terrorgheist	Kadon Scrolls of Kin are prized throughout the many realms of the world due to their rarity and the ability to control a particular creature and offering a lasting bond without the constraints of fleeting magic.	true
effects_description_kadon_kin_terrorgheist	Ability: "Kadon Scroll of Kin (Terrorgheist)"	true
land_units_onscreen_name_kadon_kin_terrorgheist	Terrorgheist	true
land_units_concealed_name_kadon_kin_terrorgheist		true
unit_abilities_onscreen_name_kadon_kin_terrorgheist	Kadon Scroll of Kin (Terrorgheist)	true
unit_abilities_tooltip_text_kadon_kin_terrorgheist	Kadon Scrolls of Kin are prized throughout the many realms of the world due to their rarity and the ability to control a particular creature and offering a lasting bond without the constraints of fleeting magic.	true
unit_abilities_additional_ui_effects_localised_text_kadon_terrorgheist	[[col:green]]Summons a Terrorgheist[[/col]]	true
ancillaries_onscreen_name_kadon_bind_vargheists	Kadon Scroll of Binding (Vargheists)	true
ancillaries_colour_text_kadon_bind_vargheists	Kadon Scrolls of Binding are prized throughout the many realms of the world due to their rarity and the ability to control and bind a particular creature to the user's will.	true
effects_description_kadon_bind_vargheists	Ability: "Kadon Scroll of Binding (Vargheists)"	true
land_units_onscreen_name_kadon_bind_vargheists	Vargheists	true
land_units_concealed_name_kadon_bind_vargheists		true
unit_abilities_onscreen_name_kadon_bind_vargheists	Kadon Scroll of Binding (Vargheists)	true
unit_abilities_tooltip_text_kadon_bind_vargheists	Kadon Scrolls of Binding are prized throughout the many realms of the world due to their rarity and the ability to control and bind a particular creature to the user's will.	true
ancillaries_onscreen_name_kadon_kin_vargheists	Kadon Scroll of Kin (Vargheists)	true
ancillaries_colour_text_kadon_kin_vargheists	Kadon Scrolls of Kin are prized throughout the many realms of the world due to their rarity and the ability to control a particular creature and offering a lasting bond without the constraints of fleeting magic.	true
effects_description_kadon_kin_vargheists	Ability: "Kadon Scroll of Kin (Vargheists)"	true
land_units_onscreen_name_kadon_kin_vargheists	Vargheists	true
land_units_concealed_name_kadon_kin_vargheists		true
unit_abilities_onscreen_name_kadon_kin_vargheists	Kadon Scroll of Kin (Vargheists)	true
unit_abilities_tooltip_text_kadon_kin_vargheists	Kadon Scrolls of Kin are prized throughout the many realms of the world due to their rarity and the ability to control a particular creature and offering a lasting bond without the constraints of fleeting magic.	true
unit_abilities_additional_ui_effects_localised_text_kadon_vargheists	[[col:green]]Summons Vargheists[[/col]]	true
ancillaries_onscreen_name_kadon_bind_varghulf	Kadon Scroll of Binding (Varghulf)	true
ancillaries_colour_text_kadon_bind_varghulf	Kadon Scrolls of Binding are prized throughout the many realms of the world due to their rarity and the ability to control and bind a particular creature to the user's will.	true
effects_description_kadon_bind_varghulf	Ability: "Kadon Scroll of Binding (Varghulf)"	true
land_units_onscreen_name_kadon_bind_varghulf	Varghulf	true
land_units_concealed_name_kadon_bind_varghulf		true
unit_abilities_onscreen_name_kadon_bind_varghulf	Kadon Scroll of Binding (Varghulf)	true
unit_abilities_tooltip_text_kadon_bind_varghulf	Kadon Scrolls of Binding are prized throughout the many realms of the world due to their rarity and the ability to control and bind a particular creature to the user's will.	true
ancillaries_onscreen_name_kadon_kin_varghulf	Kadon Scroll of Kin (Varghulf)	true
ancillaries_colour_text_kadon_kin_varghulf	Kadon Scrolls of Kin are prized throughout the many realms of the world due to their rarity and the ability to control a particular creature and offering a lasting bond without the constraints of fleeting magic.	true
effects_description_kadon_kin_varghulf	Ability: "Kadon Scroll of Kin (Varghulf)"	true
land_units_onscreen_name_kadon_kin_varghulf	Varghulf	true
land_units_concealed_name_kadon_kin_varghulf		true
unit_abilities_onscreen_name_kadon_kin_varghulf	Kadon Scroll of Kin (Varghulf)	true
unit_abilities_tooltip_text_kadon_kin_varghulf	Kadon Scrolls of Kin are prized throughout the many realms of the world due to their rarity and the ability to control a particular creature and offering a lasting bond without the constraints of fleeting magic.	true
unit_abilities_additional_ui_effects_localised_text_kadon_varghulf	[[col:green]]Summons a Varghulf[[/col]]	true
ancillaries_onscreen_name_kadon_bind_animated_hulks	Kadon Scroll of Binding (Animated Hulks)	true
ancillaries_colour_text_kadon_bind_animated_hulks	Kadon Scrolls of Binding are prized throughout the many realms of the world due to their rarity and the ability to control and bind a particular creature to the user's will.	true
effects_description_kadon_bind_animated_hulks	Ability: "Kadon Scroll of Binding (Animated Hulks)"	true
land_units_onscreen_name_kadon_bind_animated_hulks	Animated Hulks	true
land_units_concealed_name_kadon_bind_animated_hulks		true
unit_abilities_onscreen_name_kadon_bind_animated_hulks	Kadon Scroll of Binding (Animated Hulks)	true
unit_abilities_tooltip_text_kadon_bind_animated_hulks	Kadon Scrolls of Binding are prized throughout the many realms of the world due to their rarity and the ability to control and bind a particular creature to the user's will.	true
ancillaries_onscreen_name_kadon_kin_animated_hulks	Kadon Scroll of Kin (Animated Hulks)	true
ancillaries_colour_text_kadon_kin_animated_hulks	Kadon Scrolls of Kin are prized throughout the many realms of the world due to their rarity and the ability to control a particular creature and offering a lasting bond without the constraints of fleeting magic.	true
effects_description_kadon_kin_animated_hulks	Ability: "Kadon Scroll of Kin (Animated Hulks)"	true
land_units_onscreen_name_kadon_kin_animated_hulks	Animated Hulks	true
land_units_concealed_name_kadon_kin_animated_hulks		true
unit_abilities_onscreen_name_kadon_kin_animated_hulks	Kadon Scroll of Kin (Animated Hulks)	true
unit_abilities_tooltip_text_kadon_kin_animated_hulks	Kadon Scrolls of Kin are prized throughout the many realms of the world due to their rarity and the ability to control a particular creature and offering a lasting bond without the constraints of fleeting magic.	true
unit_abilities_additional_ui_effects_localised_text_kadon_animated_hulks	[[col:green]]Summons Animated Hulks[[/col]]	true
ancillaries_onscreen_name_kadon_bind_bloated_corpse	Kadon Scroll of Binding (Bloated Corpse)	true
ancillaries_colour_text_kadon_bind_bloated_corpse	Kadon Scrolls of Binding are prized throughout the many realms of the world due to their rarity and the ability to control and bind a particular creature to the user's will.	true
effects_description_kadon_bind_bloated_corpse	Ability: "Kadon Scroll of Binding (Bloated Corpse)"	true
land_units_onscreen_name_kadon_bind_bloated_corpse	Bloated Corpse	true
land_units_concealed_name_kadon_bind_bloated_corpse		true
unit_abilities_onscreen_name_kadon_bind_bloated_corpse	Kadon Scroll of Binding (Bloated Corpse)	true
unit_abilities_tooltip_text_kadon_bind_bloated_corpse	Kadon Scrolls of Binding are prized throughout the many realms of the world due to their rarity and the ability to control and bind a particular creature to the user's will.	true
ancillaries_onscreen_name_kadon_kin_bloated_corpse	Kadon Scroll of Kin (Bloated Corpse)	true
ancillaries_colour_text_kadon_kin_bloated_corpse	Kadon Scrolls of Kin are prized throughout the many realms of the world due to their rarity and the ability to control a particular creature and offering a lasting bond without the constraints of fleeting magic.	true
effects_description_kadon_kin_bloated_corpse	Ability: "Kadon Scroll of Kin (Bloated Corpse)"	true
land_units_onscreen_name_kadon_kin_bloated_corpse	Bloated Corpse	true
land_units_concealed_name_kadon_kin_bloated_corpse		true
unit_abilities_onscreen_name_kadon_kin_bloated_corpse	Kadon Scroll of Kin (Bloated Corpse)	true
unit_abilities_tooltip_text_kadon_kin_bloated_corpse	Kadon Scrolls of Kin are prized throughout the many realms of the world due to their rarity and the ability to control a particular creature and offering a lasting bond without the constraints of fleeting magic.	true
unit_abilities_additional_ui_effects_localised_text_kadon_bloated_corpse	[[col:green]]Summons a Bloated Corpse[[/col]]	true
ancillaries_onscreen_name_kadon_bind_rotting_prometheans	Kadon Scroll of Binding (Rotting Prometheans)	true
ancillaries_colour_text_kadon_bind_rotting_prometheans	Kadon Scrolls of Binding are prized throughout the many realms of the world due to their rarity and the ability to control and bind a particular creature to the user's will.	true
effects_description_kadon_bind_rotting_prometheans	Ability: "Kadon Scroll of Binding (Rotting Prometheans)"	true
land_units_onscreen_name_kadon_bind_rotting_prometheans	Rotting Prometheans	true
land_units_concealed_name_kadon_bind_rotting_prometheans		true
unit_abilities_onscreen_name_kadon_bind_rotting_prometheans	Kadon Scroll of Binding (Rotting Prometheans)	true
unit_abilities_tooltip_text_kadon_bind_rotting_prometheans	Kadon Scrolls of Binding are prized throughout the many realms of the world due to their rarity and the ability to control and bind a particular creature to the user's will.	true
ancillaries_onscreen_name_kadon_kin_rotting_prometheans	Kadon Scroll of Kin (Rotting Prometheans)	true
ancillaries_colour_text_kadon_kin_rotting_prometheans	Kadon Scrolls of Kin are prized throughout the many realms of the world due to their rarity and the ability to control a particular creature and offering a lasting bond without the constraints of fleeting magic.	true
effects_description_kadon_kin_rotting_prometheans	Ability: "Kadon Scroll of Kin (Rotting Prometheans)"	true
land_units_onscreen_name_kadon_kin_rotting_prometheans	Rotting Prometheans	true
land_units_concealed_name_kadon_kin_rotting_prometheans		true
unit_abilities_onscreen_name_kadon_kin_rotting_prometheans	Kadon Scroll of Kin (Rotting Prometheans)	true
unit_abilities_tooltip_text_kadon_kin_rotting_prometheans	Kadon Scrolls of Kin are prized throughout the many realms of the world due to their rarity and the ability to control a particular creature and offering a lasting bond without the constraints of fleeting magic.	true
unit_abilities_additional_ui_effects_localised_text_kadon_rotting_prometheans	[[col:green]]Summons Rotting Prometheans[[/col]]	true
ancillaries_onscreen_name_kadon_bind_scurvy_dogs	Kadon Scroll of Binding (Scurvy Dogs)	true
ancillaries_colour_text_kadon_bind_scurvy_dogs	Kadon Scrolls of Binding are prized throughout the many realms of the world due to their rarity and the ability to control and bind a particular creature to the user's will.	true
effects_description_kadon_bind_scurvy_dogs	Ability: "Kadon Scroll of Binding (Scurvy Dogs)"	true
land_units_onscreen_name_kadon_bind_scurvy_dogs	Scurvy Dogs	true
land_units_concealed_name_kadon_bind_scurvy_dogs		true
unit_abilities_onscreen_name_kadon_bind_scurvy_dogs	Kadon Scroll of Binding (Scurvy Dogs)	true
unit_abilities_tooltip_text_kadon_bind_scurvy_dogs	Kadon Scrolls of Binding are prized throughout the many realms of the world due to their rarity and the ability to control and bind a particular creature to the user's will.	true
ancillaries_onscreen_name_kadon_kin_scurvy_dogs	Kadon Scroll of Kin (Scurvy Dogs)	true
ancillaries_colour_text_kadon_kin_scurvy_dogs	Kadon Scrolls of Kin are prized throughout the many realms of the world due to their rarity and the ability to control a particular creature and offering a lasting bond without the constraints of fleeting magic.	true
effects_description_kadon_kin_scurvy_dogs	Ability: "Kadon Scroll of Kin (Scurvy Dogs)"	true
land_units_onscreen_name_kadon_kin_scurvy_dogs	Scurvy Dogs	true
land_units_concealed_name_kadon_kin_scurvy_dogs		true
unit_abilities_onscreen_name_kadon_kin_scurvy_dogs	Kadon Scroll of Kin (Scurvy Dogs)	true
unit_abilities_tooltip_text_kadon_kin_scurvy_dogs	Kadon Scrolls of Kin are prized throughout the many realms of the world due to their rarity and the ability to control a particular creature and offering a lasting bond without the constraints of fleeting magic.	true
unit_abilities_additional_ui_effects_localised_text_kadon_scurvy_dogs	[[col:green]]Summons Scurvy Dogs[[/col]]	true
ancillaries_onscreen_name_kadon_bind_bone_giant	Kadon Scroll of Binding (Bone Giant)	true
ancillaries_colour_text_kadon_bind_bone_giant	Kadon Scrolls of Binding are prized throughout the many realms of the world due to their rarity and the ability to control and bind a particular creature to the user's will.	true
effects_description_kadon_bind_bone_giant	Ability: "Kadon Scroll of Binding (Bone Giant)"	true
land_units_onscreen_name_kadon_bind_bone_giant	Bone Giant	true
land_units_concealed_name_kadon_bind_bone_giant		true
unit_abilities_onscreen_name_kadon_bind_bone_giant	Kadon Scroll of Binding (Bone Giant)	true
unit_abilities_tooltip_text_kadon_bind_bone_giant	Kadon Scrolls of Binding are prized throughout the many realms of the world due to their rarity and the ability to control and bind a particular creature to the user's will.	true
ancillaries_onscreen_name_kadon_kin_bone_giant	Kadon Scroll of Kin (Bone Giant)	true
ancillaries_colour_text_kadon_kin_bone_giant	Kadon Scrolls of Kin are prized throughout the many realms of the world due to their rarity and the ability to control a particular creature and offering a lasting bond without the constraints of fleeting magic.	true
effects_description_kadon_kin_bone_giant	Ability: "Kadon Scroll of Kin (Bone Giant)"	true
land_units_onscreen_name_kadon_kin_bone_giant	Bone Giant	true
land_units_concealed_name_kadon_kin_bone_giant		true
unit_abilities_onscreen_name_kadon_kin_bone_giant	Kadon Scroll of Kin (Bone Giant)	true
unit_abilities_tooltip_text_kadon_kin_bone_giant	Kadon Scrolls of Kin are prized throughout the many realms of the world due to their rarity and the ability to control a particular creature and offering a lasting bond without the constraints of fleeting magic.	true
unit_abilities_additional_ui_effects_localised_text_kadon_bone_giant	[[col:green]]Summons a Bone Giant[[/col]]	true
ancillaries_onscreen_name_kadon_bind_carrion	Kadon Scroll of Binding (Carrion)	true
ancillaries_colour_text_kadon_bind_carrion	Kadon Scrolls of Binding are prized throughout the many realms of the world due to their rarity and the ability to control and bind a particular creature to the user's will.	true
effects_description_kadon_bind_carrion	Ability: "Kadon Scroll of Binding (Carrion)"	true
land_units_onscreen_name_kadon_bind_carrion	Carrion	true
land_units_concealed_name_kadon_bind_carrion		true
unit_abilities_onscreen_name_kadon_bind_carrion	Kadon Scroll of Binding (Carrion)	true
unit_abilities_tooltip_text_kadon_bind_carrion	Kadon Scrolls of Binding are prized throughout the many realms of the world due to their rarity and the ability to control and bind a particular creature to the user's will.	true
ancillaries_onscreen_name_kadon_kin_carrion	Kadon Scroll of Kin (Carrion)	true
ancillaries_colour_text_kadon_kin_carrion	Kadon Scrolls of Kin are prized throughout the many realms of the world due to their rarity and the ability to control a particular creature and offering a lasting bond without the constraints of fleeting magic.	true
effects_description_kadon_kin_carrion	Ability: "Kadon Scroll of Kin (Carrion)"	true
land_units_onscreen_name_kadon_kin_carrion	Carrion	true
land_units_concealed_name_kadon_kin_carrion		true
unit_abilities_onscreen_name_kadon_kin_carrion	Kadon Scroll of Kin (Carrion)	true
unit_abilities_tooltip_text_kadon_kin_carrion	Kadon Scrolls of Kin are prized throughout the many realms of the world due to their rarity and the ability to control a particular creature and offering a lasting bond without the constraints of fleeting magic.	true
unit_abilities_additional_ui_effects_localised_text_kadon_carrion	[[col:green]]Summons Carrion[[/col]]	true
ancillaries_onscreen_name_kadon_bind_hierotitan	Kadon Scroll of Binding (Hierotitan)	true
ancillaries_colour_text_kadon_bind_hierotitan	Kadon Scrolls of Binding are prized throughout the many realms of the world due to their rarity and the ability to control and bind a particular creature to the user's will.	true
effects_description_kadon_bind_hierotitan	Ability: "Kadon Scroll of Binding (Hierotitan)"	true
land_units_onscreen_name_kadon_bind_hierotitan	Hierotitan	true
land_units_concealed_name_kadon_bind_hierotitan		true
unit_abilities_onscreen_name_kadon_bind_hierotitan	Kadon Scroll of Binding (Hierotitan)	true
unit_abilities_tooltip_text_kadon_bind_hierotitan	Kadon Scrolls of Binding are prized throughout the many realms of the world due to their rarity and the ability to control and bind a particular creature to the user's will.	true
ancillaries_onscreen_name_kadon_kin_hierotitan	Kadon Scroll of Kin (Hierotitan)	true
ancillaries_colour_text_kadon_kin_hierotitan	Kadon Scrolls of Kin are prized throughout the many realms of the world due to their rarity and the ability to control a particular creature and offering a lasting bond without the constraints of fleeting magic.	true
effects_description_kadon_kin_hierotitan	Ability: "Kadon Scroll of Kin (Hierotitan)"	true
land_units_onscreen_name_kadon_kin_hierotitan	Hierotitan	true
land_units_concealed_name_kadon_kin_hierotitan		true
unit_abilities_onscreen_name_kadon_kin_hierotitan	Kadon Scroll of Kin (Hierotitan)	true
unit_abilities_tooltip_text_kadon_kin_hierotitan	Kadon Scrolls of Kin are prized throughout the many realms of the world due to their rarity and the ability to control a particular creature and offering a lasting bond without the constraints of fleeting magic.	true
unit_abilities_additional_ui_effects_localised_text_kadon_hierotitan	[[col:green]]Summons a Hierotitan[[/col]]	true
ancillaries_onscreen_name_kadon_bind_morghast_archai	Kadon Scroll of Binding (Morghast Archai)	true
ancillaries_colour_text_kadon_bind_morghast_archai	Kadon Scrolls of Binding are prized throughout the many realms of the world due to their rarity and the ability to control and bind a particular creature to the user's will.	true
effects_description_kadon_bind_morghast_archai	Ability: "Kadon Scroll of Binding (Morghast Archai)"	true
land_units_onscreen_name_kadon_bind_morghast_archai	Morghast Archai	true
land_units_concealed_name_kadon_bind_morghast_archai		true
unit_abilities_onscreen_name_kadon_bind_morghast_archai	Kadon Scroll of Binding (Morghast Archai)	true
unit_abilities_tooltip_text_kadon_bind_morghast_archai	Kadon Scrolls of Binding are prized throughout the many realms of the world due to their rarity and the ability to control and bind a particular creature to the user's will.	true
ancillaries_onscreen_name_kadon_kin_morghast_archai	Kadon Scroll of Kin (Morghast Archai)	true
ancillaries_colour_text_kadon_kin_morghast_archai	Kadon Scrolls of Kin are prized throughout the many realms of the world due to their rarity and the ability to control a particular creature and offering a lasting bond without the constraints of fleeting magic.	true
effects_description_kadon_kin_morghast_archai	Ability: "Kadon Scroll of Kin (Morghast Archai)"	true
land_units_onscreen_name_kadon_kin_morghast_archai	Morghast Archai	true
land_units_concealed_name_kadon_kin_morghast_archai		true
unit_abilities_onscreen_name_kadon_kin_morghast_archai	Kadon Scroll of Kin (Morghast Archai)	true
unit_abilities_tooltip_text_kadon_kin_morghast_archai	Kadon Scrolls of Kin are prized throughout the many realms of the world due to their rarity and the ability to control a particular creature and offering a lasting bond without the constraints of fleeting magic.	true
unit_abilities_additional_ui_effects_localised_text_kadon_morghast_archai	[[col:green]]Summons Morghast Archai[[/col]]	true
ancillaries_onscreen_name_kadon_bind_morghast_harbingers	Kadon Scroll of Binding (Morghast Harbingers)	true
ancillaries_colour_text_kadon_bind_morghast_harbingers	Kadon Scrolls of Binding are prized throughout the many realms of the world due to their rarity and the ability to control and bind a particular creature to the user's will.	true
effects_description_kadon_bind_morghast_harbingers	Ability: "Kadon Scroll of Binding (Morghast Harbingers)"	true
land_units_onscreen_name_kadon_bind_morghast_harbingers	Morghast Harbingers	true
land_units_concealed_name_kadon_bind_morghast_harbingers		true
unit_abilities_onscreen_name_kadon_bind_morghast_harbingers	Kadon Scroll of Binding (Morghast Harbingers)	true
unit_abilities_tooltip_text_kadon_bind_morghast_harbingers	Kadon Scrolls of Binding are prized throughout the many realms of the world due to their rarity and the ability to control and bind a particular creature to the user's will.	true
ancillaries_onscreen_name_kadon_kin_morghast_harbingers	Kadon Scroll of Kin (Morghast Harbingers)	true
ancillaries_colour_text_kadon_kin_morghast_harbingers	Kadon Scrolls of Kin are prized throughout the many realms of the world due to their rarity and the ability to control a particular creature and offering a lasting bond without the constraints of fleeting magic.	true
effects_description_kadon_kin_morghast_harbingers	Ability: "Kadon Scroll of Kin (Morghast Harbingers)"	true
land_units_onscreen_name_kadon_kin_morghast_harbingers	Morghast Harbingers	true
land_units_concealed_name_kadon_kin_morghast_harbingers		true
unit_abilities_onscreen_name_kadon_kin_morghast_harbingers	Kadon Scroll of Kin (Morghast Harbingers)	true
unit_abilities_tooltip_text_kadon_kin_morghast_harbingers	Kadon Scrolls of Kin are prized throughout the many realms of the world due to their rarity and the ability to control a particular creature and offering a lasting bond without the constraints of fleeting magic.	true
unit_abilities_additional_ui_effects_localised_text_kadon_morghast_harbingers	[[col:green]]Summons Morghast Harbingers[[/col]]	true
ancillaries_onscreen_name_kadon_bind_necrosphinx	Kadon Scroll of Binding (Necrosphinx)	true
ancillaries_colour_text_kadon_bind_necrosphinx	Kadon Scrolls of Binding are prized throughout the many realms of the world due to their rarity and the ability to control and bind a particular creature to the user's will.	true
effects_description_kadon_bind_necrosphinx	Ability: "Kadon Scroll of Binding (Necrosphinx)"	true
land_units_onscreen_name_kadon_bind_necrosphinx	Necrosphinx	true
land_units_concealed_name_kadon_bind_necrosphinx		true
unit_abilities_onscreen_name_kadon_bind_necrosphinx	Kadon Scroll of Binding (Necrosphinx)	true
unit_abilities_tooltip_text_kadon_bind_necrosphinx	Kadon Scrolls of Binding are prized throughout the many realms of the world due to their rarity and the ability to control and bind a particular creature to the user's will.	true
ancillaries_onscreen_name_kadon_kin_necrosphinx	Kadon Scroll of Kin (Necrosphinx)	true
ancillaries_colour_text_kadon_kin_necrosphinx	Kadon Scrolls of Kin are prized throughout the many realms of the world due to their rarity and the ability to control a particular creature and offering a lasting bond without the constraints of fleeting magic.	true
effects_description_kadon_kin_necrosphinx	Ability: "Kadon Scroll of Kin (Necrosphinx)"	true
land_units_onscreen_name_kadon_kin_necrosphinx	Necrosphinx	true
land_units_concealed_name_kadon_kin_necrosphinx		true
unit_abilities_onscreen_name_kadon_kin_necrosphinx	Kadon Scroll of Kin (Necrosphinx)	true
unit_abilities_tooltip_text_kadon_kin_necrosphinx	Kadon Scrolls of Kin are prized throughout the many realms of the world due to their rarity and the ability to control a particular creature and offering a lasting bond without the constraints of fleeting magic.	true
unit_abilities_additional_ui_effects_localised_text_kadon_necrosphinx	[[col:green]]Summons a Necrosphinx[[/col]]	true
ancillaries_onscreen_name_kadon_bind_sepulchral_stalkers	Kadon Scroll of Binding (Sepulchral Stalkers)	true
ancillaries_colour_text_kadon_bind_sepulchral_stalkers	Kadon Scrolls of Binding are prized throughout the many realms of the world due to their rarity and the ability to control and bind a particular creature to the user's will.	true
effects_description_kadon_bind_sepulchral_stalkers	Ability: "Kadon Scroll of Binding (Sepulchral Stalkers)"	true
land_units_onscreen_name_kadon_bind_sepulchral_stalkers	Sepulchral Stalkers	true
land_units_concealed_name_kadon_bind_sepulchral_stalkers		true
unit_abilities_onscreen_name_kadon_bind_sepulchral_stalkers	Kadon Scroll of Binding (Sepulchral Stalkers)	true
unit_abilities_tooltip_text_kadon_bind_sepulchral_stalkers	Kadon Scrolls of Binding are prized throughout the many realms of the world due to their rarity and the ability to control and bind a particular creature to the user's will.	true
ancillaries_onscreen_name_kadon_kin_sepulchral_stalkers	Kadon Scroll of Kin (Sepulchral Stalkers)	true
ancillaries_colour_text_kadon_kin_sepulchral_stalkers	Kadon Scrolls of Kin are prized throughout the many realms of the world due to their rarity and the ability to control a particular creature and offering a lasting bond without the constraints of fleeting magic.	true
effects_description_kadon_kin_sepulchral_stalkers	Ability: "Kadon Scroll of Kin (Sepulchral Stalkers)"	true
land_units_onscreen_name_kadon_kin_sepulchral_stalkers	Sepulchral Stalkers	true
land_units_concealed_name_kadon_kin_sepulchral_stalkers		true
unit_abilities_onscreen_name_kadon_kin_sepulchral_stalkers	Kadon Scroll of Kin (Sepulchral Stalkers)	true
unit_abilities_tooltip_text_kadon_kin_sepulchral_stalkers	Kadon Scrolls of Kin are prized throughout the many realms of the world due to their rarity and the ability to control a particular creature and offering a lasting bond without the constraints of fleeting magic.	true
unit_abilities_additional_ui_effects_localised_text_kadon_sepulchral_stalkers	[[col:green]]Summons Sepulchral Stalkers[[/col]]	true
ancillaries_onscreen_name_kadon_bind_tomb_scorpion	Kadon Scroll of Binding (Tomb Scorpion)	true
ancillaries_colour_text_kadon_bind_tomb_scorpion	Kadon Scrolls of Binding are prized throughout the many realms of the world due to their rarity and the ability to control and bind a particular creature to the user's will.	true
effects_description_kadon_bind_tomb_scorpion	Ability: "Kadon Scroll of Binding (Tomb Scorpion)"	true
land_units_onscreen_name_kadon_bind_tomb_scorpion	Tomb Scorpion	true
land_units_concealed_name_kadon_bind_tomb_scorpion		true
unit_abilities_onscreen_name_kadon_bind_tomb_scorpion	Kadon Scroll of Binding (Tomb Scorpion)	true
unit_abilities_tooltip_text_kadon_bind_tomb_scorpion	Kadon Scrolls of Binding are prized throughout the many realms of the world due to their rarity and the ability to control and bind a particular creature to the user's will.	true
ancillaries_onscreen_name_kadon_kin_tomb_scorpion	Kadon Scroll of Kin (Tomb Scorpion)	true
ancillaries_colour_text_kadon_kin_tomb_scorpion	Kadon Scrolls of Kin are prized throughout the many realms of the world due to their rarity and the ability to control a particular creature and offering a lasting bond without the constraints of fleeting magic.	true
effects_description_kadon_kin_tomb_scorpion	Ability: "Kadon Scroll of Kin (Tomb Scorpion)"	true
land_units_onscreen_name_kadon_kin_tomb_scorpion	Tomb Scorpion	true
land_units_concealed_name_kadon_kin_tomb_scorpion		true
unit_abilities_onscreen_name_kadon_kin_tomb_scorpion	Kadon Scroll of Kin (Tomb Scorpion)	true
unit_abilities_tooltip_text_kadon_kin_tomb_scorpion	Kadon Scrolls of Kin are prized throughout the many realms of the world due to their rarity and the ability to control a particular creature and offering a lasting bond without the constraints of fleeting magic.	true
unit_abilities_additional_ui_effects_localised_text_kadon_tomb_scorpion	[[col:green]]Summons a Tomb Scorpion[[/col]]	true
ancillaries_onscreen_name_kadon_bind_ushabti	Kadon Scroll of Binding (Ushabti)	true
ancillaries_colour_text_kadon_bind_ushabti	Kadon Scrolls of Binding are prized throughout the many realms of the world due to their rarity and the ability to control and bind a particular creature to the user's will.	true
effects_description_kadon_bind_ushabti	Ability: "Kadon Scroll of Binding (Ushabti)"	true
land_units_onscreen_name_kadon_bind_ushabti	Ushabti	true
land_units_concealed_name_kadon_bind_ushabti		true
unit_abilities_onscreen_name_kadon_bind_ushabti	Kadon Scroll of Binding (Ushabti)	true
unit_abilities_tooltip_text_kadon_bind_ushabti	Kadon Scrolls of Binding are prized throughout the many realms of the world due to their rarity and the ability to control and bind a particular creature to the user's will.	true
ancillaries_onscreen_name_kadon_kin_ushabti	Kadon Scroll of Kin (Ushabti)	true
ancillaries_colour_text_kadon_kin_ushabti	Kadon Scrolls of Kin are prized throughout the many realms of the world due to their rarity and the ability to control a particular creature and offering a lasting bond without the constraints of fleeting magic.	true
effects_description_kadon_kin_ushabti	Ability: "Kadon Scroll of Kin (Ushabti)"	true
land_units_onscreen_name_kadon_kin_ushabti	Ushabti	true
land_units_concealed_name_kadon_kin_ushabti		true
unit_abilities_onscreen_name_kadon_kin_ushabti	Kadon Scroll of Kin (Ushabti)	true
unit_abilities_tooltip_text_kadon_kin_ushabti	Kadon Scrolls of Kin are prized throughout the many realms of the world due to their rarity and the ability to control a particular creature and offering a lasting bond without the constraints of fleeting magic.	true
unit_abilities_additional_ui_effects_localised_text_kadon_ushabti	[[col:green]]Summons Ushabti[[/col]]	true
ancillaries_onscreen_name_kadon_bind_khemric_titan	Kadon Scroll of Binding (Khemric Titan)	true
ancillaries_colour_text_kadon_bind_khemric_titan	Kadon Scrolls of Binding are prized throughout the many realms of the world due to their rarity and the ability to control and bind a particular creature to the user's will.	true
effects_description_kadon_bind_khemric_titan	Ability: "Kadon Scroll of Binding (Khemric Titan)"	true
land_units_onscreen_name_kadon_bind_khemric_titan	Khemric Titan	true
land_units_concealed_name_kadon_bind_khemric_titan		true
unit_abilities_onscreen_name_kadon_bind_khemric_titan	Kadon Scroll of Binding (Khemric Titan)	true
unit_abilities_tooltip_text_kadon_bind_khemric_titan	Kadon Scrolls of Binding are prized throughout the many realms of the world due to their rarity and the ability to control and bind a particular creature to the user's will.	true
ancillaries_onscreen_name_kadon_kin_khemric_titan	Kadon Scroll of Kin (Khemric Titan)	true
ancillaries_colour_text_kadon_kin_khemric_titan	Kadon Scrolls of Kin are prized throughout the many realms of the world due to their rarity and the ability to control a particular creature and offering a lasting bond without the constraints of fleeting magic.	true
effects_description_kadon_kin_khemric_titan	Ability: "Kadon Scroll of Kin (Khemric Titan)"	true
land_units_onscreen_name_kadon_kin_khemric_titan	Khemric Titan	true
land_units_concealed_name_kadon_kin_khemric_titan		true
unit_abilities_onscreen_name_kadon_kin_khemric_titan	Kadon Scroll of Kin (Khemric Titan)	true
unit_abilities_tooltip_text_kadon_kin_khemric_titan	Kadon Scrolls of Kin are prized throughout the many realms of the world due to their rarity and the ability to control a particular creature and offering a lasting bond without the constraints of fleeting magic.	true
unit_abilities_additional_ui_effects_localised_text_kadon_khemric_titan	[[col:green]]Summons a Khemric Titan[[/col]]	true
ancillaries_onscreen_name_kadon_bind_brood_horror	Kadon Scroll of Binding (Brood Horror)	true
ancillaries_colour_text_kadon_bind_brood_horror	Kadon Scrolls of Binding are prized throughout the many realms of the world due to their rarity and the ability to control and bind a particular creature to the user's will.	true
effects_description_kadon_bind_brood_horror	Ability: "Kadon Scroll of Binding (Brood Horror)"	true
land_units_onscreen_name_kadon_bind_brood_horror	Brood Horror	true
land_units_concealed_name_kadon_bind_brood_horror		true
unit_abilities_onscreen_name_kadon_bind_brood_horror	Kadon Scroll of Binding (Brood Horror)	true
unit_abilities_tooltip_text_kadon_bind_brood_horror	Kadon Scrolls of Binding are prized throughout the many realms of the world due to their rarity and the ability to control and bind a particular creature to the user's will.	true
ancillaries_onscreen_name_kadon_kin_brood_horror	Kadon Scroll of Kin (Brood Horror)	true
ancillaries_colour_text_kadon_kin_brood_horror	Kadon Scrolls of Kin are prized throughout the many realms of the world due to their rarity and the ability to control a particular creature and offering a lasting bond without the constraints of fleeting magic.	true
effects_description_kadon_kin_brood_horror	Ability: "Kadon Scroll of Kin (Brood Horror)"	true
land_units_onscreen_name_kadon_kin_brood_horror	Brood Horror	true
land_units_concealed_name_kadon_kin_brood_horror		true
unit_abilities_onscreen_name_kadon_kin_brood_horror	Kadon Scroll of Kin (Brood Horror)	true
unit_abilities_tooltip_text_kadon_kin_brood_horror	Kadon Scrolls of Kin are prized throughout the many realms of the world due to their rarity and the ability to control a particular creature and offering a lasting bond without the constraints of fleeting magic.	true
unit_abilities_additional_ui_effects_localised_text_kadon_brood_horror	[[col:green]]Summons a Brood Horror[[/col]]	true
ancillaries_onscreen_name_kadon_bind_hell_pit_abomination	Kadon Scroll of Binding (Hell Pit Abomination)	true
ancillaries_colour_text_kadon_bind_hell_pit_abomination	Kadon Scrolls of Binding are prized throughout the many realms of the world due to their rarity and the ability to control and bind a particular creature to the user's will.	true
effects_description_kadon_bind_hell_pit_abomination	Ability: "Kadon Scroll of Binding (Hell Pit Abomination)"	true
land_units_onscreen_name_kadon_bind_hell_pit_abomination	Hell Pit Abomination	true
land_units_concealed_name_kadon_bind_hell_pit_abomination		true
unit_abilities_onscreen_name_kadon_bind_hell_pit_abomination	Kadon Scroll of Binding (Hell Pit Abomination)	true
unit_abilities_tooltip_text_kadon_bind_hell_pit_abomination	Kadon Scrolls of Binding are prized throughout the many realms of the world due to their rarity and the ability to control and bind a particular creature to the user's will.	true
ancillaries_onscreen_name_kadon_kin_hell_pit_abomination	Kadon Scroll of Kin (Hell Pit Abomination)	true
ancillaries_colour_text_kadon_kin_hell_pit_abomination	Kadon Scrolls of Kin are prized throughout the many realms of the world due to their rarity and the ability to control a particular creature and offering a lasting bond without the constraints of fleeting magic.	true
effects_description_kadon_kin_hell_pit_abomination	Ability: "Kadon Scroll of Kin (Hell Pit Abomination)"	true
land_units_onscreen_name_kadon_kin_hell_pit_abomination	Hell Pit Abomination	true
land_units_concealed_name_kadon_kin_hell_pit_abomination		true
unit_abilities_onscreen_name_kadon_kin_hell_pit_abomination	Kadon Scroll of Kin (Hell Pit Abomination)	true
unit_abilities_tooltip_text_kadon_kin_hell_pit_abomination	Kadon Scrolls of Kin are prized throughout the many realms of the world due to their rarity and the ability to control a particular creature and offering a lasting bond without the constraints of fleeting magic.	true
unit_abilities_additional_ui_effects_localised_text_kadon_hell_pit_abomination	[[col:green]]Summons a Hell Pit Abomination[[/col]]	true
ancillaries_onscreen_name_kadon_bind_mutant_rat_ogre	Kadon Scroll of Binding (Mutant Rat Ogre)	true
ancillaries_colour_text_kadon_bind_mutant_rat_ogre	Kadon Scrolls of Binding are prized throughout the many realms of the world due to their rarity and the ability to control and bind a particular creature to the user's will.	true
effects_description_kadon_bind_mutant_rat_ogre	Ability: "Kadon Scroll of Binding (Mutant Rat Ogre)"	true
land_units_onscreen_name_kadon_bind_mutant_rat_ogre	Mutant Rat Ogre	true
land_units_concealed_name_kadon_bind_mutant_rat_ogre		true
unit_abilities_onscreen_name_kadon_bind_mutant_rat_ogre	Kadon Scroll of Binding (Mutant Rat Ogre)	true
unit_abilities_tooltip_text_kadon_bind_mutant_rat_ogre	Kadon Scrolls of Binding are prized throughout the many realms of the world due to their rarity and the ability to control and bind a particular creature to the user's will.	true
ancillaries_onscreen_name_kadon_kin_mutant_rat_ogre	Kadon Scroll of Kin (Mutant Rat Ogre)	true
ancillaries_colour_text_kadon_kin_mutant_rat_ogre	Kadon Scrolls of Kin are prized throughout the many realms of the world due to their rarity and the ability to control a particular creature and offering a lasting bond without the constraints of fleeting magic.	true
effects_description_kadon_kin_mutant_rat_ogre	Ability: "Kadon Scroll of Kin (Mutant Rat Ogre)"	true
land_units_onscreen_name_kadon_kin_mutant_rat_ogre	Mutant Rat Ogre	true
land_units_concealed_name_kadon_kin_mutant_rat_ogre		true
unit_abilities_onscreen_name_kadon_kin_mutant_rat_ogre	Kadon Scroll of Kin (Mutant Rat Ogre)	true
unit_abilities_tooltip_text_kadon_kin_mutant_rat_ogre	Kadon Scrolls of Kin are prized throughout the many realms of the world due to their rarity and the ability to control a particular creature and offering a lasting bond without the constraints of fleeting magic.	true
unit_abilities_additional_ui_effects_localised_text_kadon_mutant_rat_ogre	[[col:green]]Summons a Mutant Rat Ogre[[/col]]	true
ancillaries_onscreen_name_kadon_bind_rat_ogres	Kadon Scroll of Binding (Rat Ogres)	true
ancillaries_colour_text_kadon_bind_rat_ogres	Kadon Scrolls of Binding are prized throughout the many realms of the world due to their rarity and the ability to control and bind a particular creature to the user's will.	true
effects_description_kadon_bind_rat_ogres	Ability: "Kadon Scroll of Binding (Rat Ogres)"	true
land_units_onscreen_name_kadon_bind_rat_ogres	Rat Ogres	true
land_units_concealed_name_kadon_bind_rat_ogres		true
unit_abilities_onscreen_name_kadon_bind_rat_ogres	Kadon Scroll of Binding (Rat Ogres)	true
unit_abilities_tooltip_text_kadon_bind_rat_ogres	Kadon Scrolls of Binding are prized throughout the many realms of the world due to their rarity and the ability to control and bind a particular creature to the user's will.	true
ancillaries_onscreen_name_kadon_kin_rat_ogres	Kadon Scroll of Kin (Rat Ogres)	true
ancillaries_colour_text_kadon_kin_rat_ogres	Kadon Scrolls of Kin are prized throughout the many realms of the world due to their rarity and the ability to control a particular creature and offering a lasting bond without the constraints of fleeting magic.	true
effects_description_kadon_kin_rat_ogres	Ability: "Kadon Scroll of Kin (Rat Ogres)"	true
land_units_onscreen_name_kadon_kin_rat_ogres	Rat Ogres	true
land_units_concealed_name_kadon_kin_rat_ogres		true
unit_abilities_onscreen_name_kadon_kin_rat_ogres	Kadon Scroll of Kin (Rat Ogres)	true
unit_abilities_tooltip_text_kadon_kin_rat_ogres	Kadon Scrolls of Kin are prized throughout the many realms of the world due to their rarity and the ability to control a particular creature and offering a lasting bond without the constraints of fleeting magic.	true
unit_abilities_additional_ui_effects_localised_text_kadon_rat_ogres	[[col:green]]Summons Rat Ogres[[/col]]	true
ancillaries_onscreen_name_kadon_bind_wolf_rats	Kadon Scroll of Binding (Wolf Rats)	true
ancillaries_colour_text_kadon_bind_wolf_rats	Kadon Scrolls of Binding are prized throughout the many realms of the world due to their rarity and the ability to control and bind a particular creature to the user's will.	true
effects_description_kadon_bind_wolf_rats	Ability: "Kadon Scroll of Binding (Wolf Rats)"	true
land_units_onscreen_name_kadon_bind_wolf_rats	Wolf Rats	true
land_units_concealed_name_kadon_bind_wolf_rats		true
unit_abilities_onscreen_name_kadon_bind_wolf_rats	Kadon Scroll of Binding (Wolf Rats)	true
unit_abilities_tooltip_text_kadon_bind_wolf_rats	Kadon Scrolls of Binding are prized throughout the many realms of the world due to their rarity and the ability to control and bind a particular creature to the user's will.	true
ancillaries_onscreen_name_kadon_kin_wolf_rats	Kadon Scroll of Kin (Wolf Rats)	true
ancillaries_colour_text_kadon_kin_wolf_rats	Kadon Scrolls of Kin are prized throughout the many realms of the world due to their rarity and the ability to control a particular creature and offering a lasting bond without the constraints of fleeting magic.	true
effects_description_kadon_kin_wolf_rats	Ability: "Kadon Scroll of Kin (Wolf Rats)"	true
land_units_onscreen_name_kadon_kin_wolf_rats	Wolf Rats	true
land_units_concealed_name_kadon_kin_wolf_rats		true
unit_abilities_onscreen_name_kadon_kin_wolf_rats	Kadon Scroll of Kin (Wolf Rats)	true
unit_abilities_tooltip_text_kadon_kin_wolf_rats	Kadon Scrolls of Kin are prized throughout the many realms of the world due to their rarity and the ability to control a particular creature and offering a lasting bond without the constraints of fleeting magic.	true
unit_abilities_additional_ui_effects_localised_text_kadon_wolf_rats	[[col:green]]Summons Wolf Rats[[/col]]	true
ancillaries_onscreen_name_kadon_bind_stormfiends	Kadon Scroll of Binding (Stormfiends (Grinderfists))	true
ancillaries_colour_text_kadon_bind_stormfiends	Kadon Scrolls of Binding are prized throughout the many realms of the world due to their rarity and the ability to control and bind a particular creature to the user's will.	true
effects_description_kadon_bind_stormfiends	Ability: "Kadon Scroll of Binding (Stormfiends (Grinderfists))"	true
land_units_onscreen_name_kadon_bind_stormfiends	Stormfiends (Grinderfists)	true
land_units_concealed_name_kadon_bind_stormfiends		true
unit_abilities_onscreen_name_kadon_bind_stormfiends	Kadon Scroll of Binding (Stormfiends (Grinderfists))	true
unit_abilities_tooltip_text_kadon_bind_stormfiends	Kadon Scrolls of Binding are prized throughout the many realms of the world due to their rarity and the ability to control and bind a particular creature to the user's will.	true
ancillaries_onscreen_name_kadon_kin_stormfiends	Kadon Scroll of Kin (Stormfiends (Grinderfists))	true
ancillaries_colour_text_kadon_kin_stormfiends	Kadon Scrolls of Kin are prized throughout the many realms of the world due to their rarity and the ability to control a particular creature and offering a lasting bond without the constraints of fleeting magic.	true
effects_description_kadon_kin_stormfiends	Ability: "Kadon Scroll of Kin (Stormfiends (Grinderfists))"	true
land_units_onscreen_name_kadon_kin_stormfiends	Stormfiends (Grinderfists)	true
land_units_concealed_name_kadon_kin_stormfiends		true
unit_abilities_onscreen_name_kadon_kin_stormfiends	Kadon Scroll of Kin (Stormfiends (Grinderfists))	true
unit_abilities_tooltip_text_kadon_kin_stormfiends	Kadon Scrolls of Kin are prized throughout the many realms of the world due to their rarity and the ability to control a particular creature and offering a lasting bond without the constraints of fleeting magic.	true
unit_abilities_additional_ui_effects_localised_text_kadon_stormfiends	[[col:green]]Summons Stormfiends (Grinderfists)[[/col]]	true
ancillaries_onscreen_name_kadon_bind_hunting_hounds	Kadon Scroll of Binding (Hunting Hounds)	true
ancillaries_colour_text_kadon_bind_hunting_hounds	Kadon Scrolls of Binding are prized throughout the many realms of the world due to their rarity and the ability to control and bind a particular creature to the user's will.	true
effects_description_kadon_bind_hunting_hounds	Ability: "Kadon Scroll of Binding (Hunting Hounds)"	true
land_units_onscreen_name_kadon_bind_hunting_hounds	Hunting Hounds	true
land_units_concealed_name_kadon_bind_hunting_hounds		true
unit_abilities_onscreen_name_kadon_bind_hunting_hounds	Kadon Scroll of Binding (Hunting Hounds)	true
unit_abilities_tooltip_text_kadon_bind_hunting_hounds	Kadon Scrolls of Binding are prized throughout the many realms of the world due to their rarity and the ability to control and bind a particular creature to the user's will.	true
ancillaries_onscreen_name_kadon_kin_hunting_hounds	Kadon Scroll of Kin (Hunting Hounds)	true
ancillaries_colour_text_kadon_kin_hunting_hounds	Kadon Scrolls of Kin are prized throughout the many realms of the world due to their rarity and the ability to control a particular creature and offering a lasting bond without the constraints of fleeting magic.	true
effects_description_kadon_kin_hunting_hounds	Ability: "Kadon Scroll of Kin (Hunting Hounds)"	true
land_units_onscreen_name_kadon_kin_hunting_hounds	Hunting Hounds	true
land_units_concealed_name_kadon_kin_hunting_hounds		true
unit_abilities_onscreen_name_kadon_kin_hunting_hounds	Kadon Scroll of Kin (Hunting Hounds)	true
unit_abilities_tooltip_text_kadon_kin_hunting_hounds	Kadon Scrolls of Kin are prized throughout the many realms of the world due to their rarity and the ability to control a particular creature and offering a lasting bond without the constraints of fleeting magic.	true
unit_abilities_additional_ui_effects_localised_text_kadon_hunting_hounds	[[col:green]]Summons Hunting Hounds[[/col]]	true
ancillaries_onscreen_name_kadon_bind_elemental_bear	Kadon Scroll of Binding (Elemental Bear)	true
ancillaries_colour_text_kadon_bind_elemental_bear	Kadon Scrolls of Binding are prized throughout the many realms of the world due to their rarity and the ability to control and bind a particular creature to the user's will.	true
effects_description_kadon_bind_elemental_bear	Ability: "Kadon Scroll of Binding (Elemental Bear)"	true
land_units_onscreen_name_kadon_bind_elemental_bear	Elemental Bear	true
land_units_concealed_name_kadon_bind_elemental_bear		true
unit_abilities_onscreen_name_kadon_bind_elemental_bear	Kadon Scroll of Binding (Elemental Bear)	true
unit_abilities_tooltip_text_kadon_bind_elemental_bear	Kadon Scrolls of Binding are prized throughout the many realms of the world due to their rarity and the ability to control and bind a particular creature to the user's will.	true
ancillaries_onscreen_name_kadon_kin_elemental_bear	Kadon Scroll of Kin (Elemental Bear)	true
ancillaries_colour_text_kadon_kin_elemental_bear	Kadon Scrolls of Kin are prized throughout the many realms of the world due to their rarity and the ability to control a particular creature and offering a lasting bond without the constraints of fleeting magic.	true
effects_description_kadon_kin_elemental_bear	Ability: "Kadon Scroll of Kin (Elemental Bear)"	true
land_units_onscreen_name_kadon_kin_elemental_bear	Elemental Bear	true
land_units_concealed_name_kadon_kin_elemental_bear		true
unit_abilities_onscreen_name_kadon_kin_elemental_bear	Kadon Scroll of Kin (Elemental Bear)	true
unit_abilities_tooltip_text_kadon_kin_elemental_bear	Kadon Scrolls of Kin are prized throughout the many realms of the world due to their rarity and the ability to control a particular creature and offering a lasting bond without the constraints of fleeting magic.	true
unit_abilities_additional_ui_effects_localised_text_kadon_elemental_bear	[[col:green]]Summons an Elemental Bear[[/col]]	true
ancillaries_onscreen_name_kadon_bind_snow_leopard	Kadon Scroll of Binding (Snow Leopard)	true
ancillaries_colour_text_kadon_bind_snow_leopard	Kadon Scrolls of Binding are prized throughout the many realms of the world due to their rarity and the ability to control and bind a particular creature to the user's will.	true
effects_description_kadon_bind_snow_leopard	Ability: "Kadon Scroll of Binding (Snow Leopard)"	true
land_units_onscreen_name_kadon_bind_snow_leopard	Snow Leopard	true
land_units_concealed_name_kadon_bind_snow_leopard		true
unit_abilities_onscreen_name_kadon_bind_snow_leopard	Kadon Scroll of Binding (Snow Leopard)	true
unit_abilities_tooltip_text_kadon_bind_snow_leopard	Kadon Scrolls of Binding are prized throughout the many realms of the world due to their rarity and the ability to control and bind a particular creature to the user's will.	true
ancillaries_onscreen_name_kadon_kin_snow_leopard	Kadon Scroll of Kin (Snow Leopard)	true
ancillaries_colour_text_kadon_kin_snow_leopard	Kadon Scrolls of Kin are prized throughout the many realms of the world due to their rarity and the ability to control a particular creature and offering a lasting bond without the constraints of fleeting magic.	true
effects_description_kadon_kin_snow_leopard	Ability: "Kadon Scroll of Kin (Snow Leopard)"	true
land_units_onscreen_name_kadon_kin_snow_leopard	Snow Leopard	true
land_units_concealed_name_kadon_kin_snow_leopard		true
unit_abilities_onscreen_name_kadon_kin_snow_leopard	Kadon Scroll of Kin (Snow Leopard)	true
unit_abilities_tooltip_text_kadon_kin_snow_leopard	Kadon Scrolls of Kin are prized throughout the many realms of the world due to their rarity and the ability to control a particular creature and offering a lasting bond without the constraints of fleeting magic.	true
unit_abilities_additional_ui_effects_localised_text_kadon_snow_leopard	[[col:green]]Summons a Snow Leopard[[/col]]	true
ancillaries_onscreen_name_kadon_bind_the_things_in_the_woods	Kadon Scroll of Binding (The Things in the Woods)	true
ancillaries_colour_text_kadon_bind_the_things_in_the_woods	Kadon Scrolls of Binding are prized throughout the many realms of the world due to their rarity and the ability to control and bind a particular creature to the user's will.	true
effects_description_kadon_bind_the_things_in_the_woods	Ability: "Kadon Scroll of Binding (The Things in the Woods)"	true
land_units_onscreen_name_kadon_bind_the_things_in_the_woods	The Things in the Woods	true
land_units_concealed_name_kadon_bind_the_things_in_the_woods		true
unit_abilities_onscreen_name_kadon_bind_the_things_in_the_woods	Kadon Scroll of Binding (The Things in the Woods)	true
unit_abilities_tooltip_text_kadon_bind_the_things_in_the_woods	Kadon Scrolls of Binding are prized throughout the many realms of the world due to their rarity and the ability to control and bind a particular creature to the user's will.	true
ancillaries_onscreen_name_kadon_kin_the_things_in_the_woods	Kadon Scroll of Kin (The Things in the Woods)	true
ancillaries_colour_text_kadon_kin_the_things_in_the_woods	Kadon Scrolls of Kin are prized throughout the many realms of the world due to their rarity and the ability to control a particular creature and offering a lasting bond without the constraints of fleeting magic.	true
effects_description_kadon_kin_the_things_in_the_woods	Ability: "Kadon Scroll of Kin (The Things in the Woods)"	true
land_units_onscreen_name_kadon_kin_the_things_in_the_woods	The Things in the Woods	true
land_units_concealed_name_kadon_kin_the_things_in_the_woods		true
unit_abilities_onscreen_name_kadon_kin_the_things_in_the_woods	Kadon Scroll of Kin (The Things in the Woods)	true
unit_abilities_tooltip_text_kadon_kin_the_things_in_the_woods	Kadon Scrolls of Kin are prized throughout the many realms of the world due to their rarity and the ability to control a particular creature and offering a lasting bond without the constraints of fleeting magic.	true
unit_abilities_additional_ui_effects_localised_text_kadon_the_things_in_the_woods	[[col:green]]Summons The Things in the Woods[[/col]]	true
ancillaries_onscreen_name_kadon_bind_celestial_lion	Kadon Scroll of Binding (Celestial Lion)	true
ancillaries_colour_text_kadon_bind_celestial_lion	Kadon Scrolls of Binding are prized throughout the many realms of the world due to their rarity and the ability to control and bind a particular creature to the user's will.	true
effects_description_kadon_bind_celestial_lion	Ability: "Kadon Scroll of Binding (Celestial Lion)"	true
land_units_onscreen_name_kadon_bind_celestial_lion	Celestial Lion	true
land_units_concealed_name_kadon_bind_celestial_lion		true
unit_abilities_onscreen_name_kadon_bind_celestial_lion	Kadon Scroll of Binding (Celestial Lion)	true
unit_abilities_tooltip_text_kadon_bind_celestial_lion	Kadon Scrolls of Binding are prized throughout the many realms of the world due to their rarity and the ability to control and bind a particular creature to the user's will.	true
ancillaries_onscreen_name_kadon_kin_celestial_lion	Kadon Scroll of Kin (Celestial Lion)	true
ancillaries_colour_text_kadon_kin_celestial_lion	Kadon Scrolls of Kin are prized throughout the many realms of the world due to their rarity and the ability to control a particular creature and offering a lasting bond without the constraints of fleeting magic.	true
effects_description_kadon_kin_celestial_lion	Ability: "Kadon Scroll of Kin (Celestial Lion)"	true
land_units_onscreen_name_kadon_kin_celestial_lion	Celestial Lion	true
land_units_concealed_name_kadon_kin_celestial_lion		true
unit_abilities_onscreen_name_kadon_kin_celestial_lion	Kadon Scroll of Kin (Celestial Lion)	true
unit_abilities_tooltip_text_kadon_kin_celestial_lion	Kadon Scrolls of Kin are prized throughout the many realms of the world due to their rarity and the ability to control a particular creature and offering a lasting bond without the constraints of fleeting magic.	true
unit_abilities_additional_ui_effects_localised_text_kadon_celestial_lion	[[col:green]]Summons a Celestial Lion[[/col]]	true
ancillaries_onscreen_name_kadon_bind_great_moon_bird	Kadon Scroll of Binding (Great Moon Bird)	true
ancillaries_colour_text_kadon_bind_great_moon_bird	Kadon Scrolls of Binding are prized throughout the many realms of the world due to their rarity and the ability to control and bind a particular creature to the user's will.	true
effects_description_kadon_bind_great_moon_bird	Ability: "Kadon Scroll of Binding (Great Moon Bird)"	true
land_units_onscreen_name_kadon_bind_great_moon_bird	Great Moon Bird	true
land_units_concealed_name_kadon_bind_great_moon_bird		true
unit_abilities_onscreen_name_kadon_bind_great_moon_bird	Kadon Scroll of Binding (Great Moon Bird)	true
unit_abilities_tooltip_text_kadon_bind_great_moon_bird	Kadon Scrolls of Binding are prized throughout the many realms of the world due to their rarity and the ability to control and bind a particular creature to the user's will.	true
ancillaries_onscreen_name_kadon_kin_great_moon_bird	Kadon Scroll of Kin (Great Moon Bird)	true
ancillaries_colour_text_kadon_kin_great_moon_bird	Kadon Scrolls of Kin are prized throughout the many realms of the world due to their rarity and the ability to control a particular creature and offering a lasting bond without the constraints of fleeting magic.	true
effects_description_kadon_kin_great_moon_bird	Ability: "Kadon Scroll of Kin (Great Moon Bird)"	true
land_units_onscreen_name_kadon_kin_great_moon_bird	Great Moon Bird	true
land_units_concealed_name_kadon_kin_great_moon_bird		true
unit_abilities_onscreen_name_kadon_kin_great_moon_bird	Kadon Scroll of Kin (Great Moon Bird)	true
unit_abilities_tooltip_text_kadon_kin_great_moon_bird	Kadon Scrolls of Kin are prized throughout the many realms of the world due to their rarity and the ability to control a particular creature and offering a lasting bond without the constraints of fleeting magic.	true
unit_abilities_additional_ui_effects_localised_text_kadon_great_moon_bird	[[col:green]]Summons a Great Moon Bird[[/col]]	true
ancillaries_onscreen_name_kadon_bind_jade_lion	Kadon Scroll of Binding (Jade Lion)	true
ancillaries_colour_text_kadon_bind_jade_lion	Kadon Scrolls of Binding are prized throughout the many realms of the world due to their rarity and the ability to control and bind a particular creature to the user's will.	true
effects_description_kadon_bind_jade_lion	Ability: "Kadon Scroll of Binding (Jade Lion)"	true
land_units_onscreen_name_kadon_bind_jade_lion	Jade Lion	true
land_units_concealed_name_kadon_bind_jade_lion		true
unit_abilities_onscreen_name_kadon_bind_jade_lion	Kadon Scroll of Binding (Jade Lion)	true
unit_abilities_tooltip_text_kadon_bind_jade_lion	Kadon Scrolls of Binding are prized throughout the many realms of the world due to their rarity and the ability to control and bind a particular creature to the user's will.	true
ancillaries_onscreen_name_kadon_kin_jade_lion	Kadon Scroll of Kin (Jade Lion)	true
ancillaries_colour_text_kadon_kin_jade_lion	Kadon Scrolls of Kin are prized throughout the many realms of the world due to their rarity and the ability to control a particular creature and offering a lasting bond without the constraints of fleeting magic.	true
effects_description_kadon_kin_jade_lion	Ability: "Kadon Scroll of Kin (Jade Lion)"	true
land_units_onscreen_name_kadon_kin_jade_lion	Jade Lion	true
land_units_concealed_name_kadon_kin_jade_lion		true
unit_abilities_onscreen_name_kadon_kin_jade_lion	Kadon Scroll of Kin (Jade Lion)	true
unit_abilities_tooltip_text_kadon_kin_jade_lion	Kadon Scrolls of Kin are prized throughout the many realms of the world due to their rarity and the ability to control a particular creature and offering a lasting bond without the constraints of fleeting magic.	true
unit_abilities_additional_ui_effects_localised_text_kadon_jade_lion	[[col:green]]Summons a Jade Lion[[/col]]	true
ancillaries_onscreen_name_kadon_bind_jet_lion	Kadon Scroll of Binding (Jet Lion)	true
ancillaries_colour_text_kadon_bind_jet_lion	Kadon Scrolls of Binding are prized throughout the many realms of the world due to their rarity and the ability to control and bind a particular creature to the user's will.	true
effects_description_kadon_bind_jet_lion	Ability: "Kadon Scroll of Binding (Jet Lion)"	true
land_units_onscreen_name_kadon_bind_jet_lion	Jet Lion	true
land_units_concealed_name_kadon_bind_jet_lion		true
unit_abilities_onscreen_name_kadon_bind_jet_lion	Kadon Scroll of Binding (Jet Lion)	true
unit_abilities_tooltip_text_kadon_bind_jet_lion	Kadon Scrolls of Binding are prized throughout the many realms of the world due to their rarity and the ability to control and bind a particular creature to the user's will.	true
ancillaries_onscreen_name_kadon_kin_jet_lion	Kadon Scroll of Kin (Jet Lion)	true
ancillaries_colour_text_kadon_kin_jet_lion	Kadon Scrolls of Kin are prized throughout the many realms of the world due to their rarity and the ability to control a particular creature and offering a lasting bond without the constraints of fleeting magic.	true
effects_description_kadon_kin_jet_lion	Ability: "Kadon Scroll of Kin (Jet Lion)"	true
land_units_onscreen_name_kadon_kin_jet_lion	Jet Lion	true
land_units_concealed_name_kadon_kin_jet_lion		true
unit_abilities_onscreen_name_kadon_kin_jet_lion	Kadon Scroll of Kin (Jet Lion)	true
unit_abilities_tooltip_text_kadon_kin_jet_lion	Kadon Scrolls of Kin are prized throughout the many realms of the world due to their rarity and the ability to control a particular creature and offering a lasting bond without the constraints of fleeting magic.	true
unit_abilities_additional_ui_effects_localised_text_kadon_jet_lion	[[col:green]]Summons a Jet Lion[[/col]]	true
ancillaries_onscreen_name_kadon_bind_onyx_crowmen	Kadon Scroll of Binding (Onyx Crowmen)	true
ancillaries_colour_text_kadon_bind_onyx_crowmen	Kadon Scrolls of Binding are prized throughout the many realms of the world due to their rarity and the ability to control and bind a particular creature to the user's will.	true
effects_description_kadon_bind_onyx_crowmen	Ability: "Kadon Scroll of Binding (Onyx Crowmen)"	true
land_units_onscreen_name_kadon_bind_onyx_crowmen	Onyx Crowmen	true
land_units_concealed_name_kadon_bind_onyx_crowmen		true
unit_abilities_onscreen_name_kadon_bind_onyx_crowmen	Kadon Scroll of Binding (Onyx Crowmen)	true
unit_abilities_tooltip_text_kadon_bind_onyx_crowmen	Kadon Scrolls of Binding are prized throughout the many realms of the world due to their rarity and the ability to control and bind a particular creature to the user's will.	true
ancillaries_onscreen_name_kadon_kin_onyx_crowmen	Kadon Scroll of Kin (Onyx Crowmen)	true
ancillaries_colour_text_kadon_kin_onyx_crowmen	Kadon Scrolls of Kin are prized throughout the many realms of the world due to their rarity and the ability to control a particular creature and offering a lasting bond without the constraints of fleeting magic.	true
effects_description_kadon_kin_onyx_crowmen	Ability: "Kadon Scroll of Kin (Onyx Crowmen)"	true
land_units_onscreen_name_kadon_kin_onyx_crowmen	Onyx Crowmen	true
land_units_concealed_name_kadon_kin_onyx_crowmen		true
unit_abilities_onscreen_name_kadon_kin_onyx_crowmen	Kadon Scroll of Kin (Onyx Crowmen)	true
unit_abilities_tooltip_text_kadon_kin_onyx_crowmen	Kadon Scrolls of Kin are prized throughout the many realms of the world due to their rarity and the ability to control a particular creature and offering a lasting bond without the constraints of fleeting magic.	true
unit_abilities_additional_ui_effects_localised_text_kadon_onyx_crowmen	[[col:green]]Summons Onyx Crowmen[[/col]]	true
ancillaries_onscreen_name_kadon_bind_terracotta_sentinel	Kadon Scroll of Binding (Terracotta Sentinel)	true
ancillaries_colour_text_kadon_bind_terracotta_sentinel	Kadon Scrolls of Binding are prized throughout the many realms of the world due to their rarity and the ability to control and bind a particular creature to the user's will.	true
effects_description_kadon_bind_terracotta_sentinel	Ability: "Kadon Scroll of Binding (Terracotta Sentinel)"	true
land_units_onscreen_name_kadon_bind_terracotta_sentinel	Terracotta Sentinel	true
land_units_concealed_name_kadon_bind_terracotta_sentinel		true
unit_abilities_onscreen_name_kadon_bind_terracotta_sentinel	Kadon Scroll of Binding (Terracotta Sentinel)	true
unit_abilities_tooltip_text_kadon_bind_terracotta_sentinel	Kadon Scrolls of Binding are prized throughout the many realms of the world due to their rarity and the ability to control and bind a particular creature to the user's will.	true
ancillaries_onscreen_name_kadon_kin_terracotta_sentinel	Kadon Scroll of Kin (Terracotta Sentinel)	true
ancillaries_colour_text_kadon_kin_terracotta_sentinel	Kadon Scrolls of Kin are prized throughout the many realms of the world due to their rarity and the ability to control a particular creature and offering a lasting bond without the constraints of fleeting magic.	true
effects_description_kadon_kin_terracotta_sentinel	Ability: "Kadon Scroll of Kin (Terracotta Sentinel)"	true
land_units_onscreen_name_kadon_kin_terracotta_sentinel	Terracotta Sentinel	true
land_units_concealed_name_kadon_kin_terracotta_sentinel		true
unit_abilities_onscreen_name_kadon_kin_terracotta_sentinel	Kadon Scroll of Kin (Terracotta Sentinel)	true
unit_abilities_tooltip_text_kadon_kin_terracotta_sentinel	Kadon Scrolls of Kin are prized throughout the many realms of the world due to their rarity and the ability to control a particular creature and offering a lasting bond without the constraints of fleeting magic.	true
unit_abilities_additional_ui_effects_localised_text_kadon_terracotta_sentinel	[[col:green]]Summons a Terracotta Sentinel[[/col]]	true
ancillaries_onscreen_name_kadon_bind_blood_vultures	Kadon Scroll of Binding (Blood Vultures)	true
ancillaries_colour_text_kadon_bind_blood_vultures	Kadon Scrolls of Binding are prized throughout the many realms of the world due to their rarity and the ability to control and bind a particular creature to the user's will.	true
effects_description_kadon_bind_blood_vultures	Ability: "Kadon Scroll of Binding (Blood Vultures)"	true
land_units_onscreen_name_kadon_bind_blood_vultures	Blood Vultures	true
land_units_concealed_name_kadon_bind_blood_vultures		true
unit_abilities_onscreen_name_kadon_bind_blood_vultures	Kadon Scroll of Binding (Blood Vultures)	true
unit_abilities_tooltip_text_kadon_bind_blood_vultures	Kadon Scrolls of Binding are prized throughout the many realms of the world due to their rarity and the ability to control and bind a particular creature to the user's will.	true
ancillaries_onscreen_name_kadon_kin_blood_vultures	Kadon Scroll of Kin (Blood Vultures)	true
ancillaries_colour_text_kadon_kin_blood_vultures	Kadon Scrolls of Kin are prized throughout the many realms of the world due to their rarity and the ability to control a particular creature and offering a lasting bond without the constraints of fleeting magic.	true
effects_description_kadon_kin_blood_vultures	Ability: "Kadon Scroll of Kin (Blood Vultures)"	true
land_units_onscreen_name_kadon_kin_blood_vultures	Blood Vultures	true
land_units_concealed_name_kadon_kin_blood_vultures		true
unit_abilities_onscreen_name_kadon_kin_blood_vultures	Kadon Scroll of Kin (Blood Vultures)	true
unit_abilities_tooltip_text_kadon_kin_blood_vultures	Kadon Scrolls of Kin are prized throughout the many realms of the world due to their rarity and the ability to control a particular creature and offering a lasting bond without the constraints of fleeting magic.	true
unit_abilities_additional_ui_effects_localised_text_kadon_blood_vultures	[[col:green]]Summons Blood Vultures[[/col]]	true
ancillaries_onscreen_name_kadon_bind_sabretusk_pack	Kadon Scroll of Binding (Sabretusk Pack)	true
ancillaries_colour_text_kadon_bind_sabretusk_pack	Kadon Scrolls of Binding are prized throughout the many realms of the world due to their rarity and the ability to control and bind a particular creature to the user's will.	true
effects_description_kadon_bind_sabretusk_pack	Ability: "Kadon Scroll of Binding (Sabretusk Pack)"	true
land_units_onscreen_name_kadon_bind_sabretusk_pack	Sabretusk Pack	true
land_units_concealed_name_kadon_bind_sabretusk_pack		true
unit_abilities_onscreen_name_kadon_bind_sabretusk_pack	Kadon Scroll of Binding (Sabretusk Pack)	true
unit_abilities_tooltip_text_kadon_bind_sabretusk_pack	Kadon Scrolls of Binding are prized throughout the many realms of the world due to their rarity and the ability to control and bind a particular creature to the user's will.	true
ancillaries_onscreen_name_kadon_kin_sabretusk_pack	Kadon Scroll of Kin (Sabretusk Pack)	true
ancillaries_colour_text_kadon_kin_sabretusk_pack	Kadon Scrolls of Kin are prized throughout the many realms of the world due to their rarity and the ability to control a particular creature and offering a lasting bond without the constraints of fleeting magic.	true
effects_description_kadon_kin_sabretusk_pack	Ability: "Kadon Scroll of Kin (Sabretusk Pack)"	true
land_units_onscreen_name_kadon_kin_sabretusk_pack	Sabretusk Pack	true
land_units_concealed_name_kadon_kin_sabretusk_pack		true
unit_abilities_onscreen_name_kadon_kin_sabretusk_pack	Kadon Scroll of Kin (Sabretusk Pack)	true
unit_abilities_tooltip_text_kadon_kin_sabretusk_pack	Kadon Scrolls of Kin are prized throughout the many realms of the world due to their rarity and the ability to control a particular creature and offering a lasting bond without the constraints of fleeting magic.	true
unit_abilities_additional_ui_effects_localised_text_kadon_sabretusk_pack	[[col:green]]Summons Sabretusk Pack[[/col]]	true
ancillaries_onscreen_name_kadon_bind_yhetees	Kadon Scroll of Binding (Yhetees)	true
ancillaries_colour_text_kadon_bind_yhetees	Kadon Scrolls of Binding are prized throughout the many realms of the world due to their rarity and the ability to control and bind a particular creature to the user's will.	true
effects_description_kadon_bind_yhetees	Ability: "Kadon Scroll of Binding (Yhetees)"	true
land_units_onscreen_name_kadon_bind_yhetees	Yhetees	true
land_units_concealed_name_kadon_bind_yhetees		true
unit_abilities_onscreen_name_kadon_bind_yhetees	Kadon Scroll of Binding (Yhetees)	true
unit_abilities_tooltip_text_kadon_bind_yhetees	Kadon Scrolls of Binding are prized throughout the many realms of the world due to their rarity and the ability to control and bind a particular creature to the user's will.	true
ancillaries_onscreen_name_kadon_kin_yhetees	Kadon Scroll of Kin (Yhetees)	true
ancillaries_colour_text_kadon_kin_yhetees	Kadon Scrolls of Kin are prized throughout the many realms of the world due to their rarity and the ability to control a particular creature and offering a lasting bond without the constraints of fleeting magic.	true
effects_description_kadon_kin_yhetees	Ability: "Kadon Scroll of Kin (Yhetees)"	true
land_units_onscreen_name_kadon_kin_yhetees	Yhetees	true
land_units_concealed_name_kadon_kin_yhetees		true
unit_abilities_onscreen_name_kadon_kin_yhetees	Kadon Scroll of Kin (Yhetees)	true
unit_abilities_tooltip_text_kadon_kin_yhetees	Kadon Scrolls of Kin are prized throughout the many realms of the world due to their rarity and the ability to control a particular creature and offering a lasting bond without the constraints of fleeting magic.	true
unit_abilities_additional_ui_effects_localised_text_kadon_yhetees	[[col:green]]Summons Yhetees[[/col]]	true
ancillaries_onscreen_name_kadon_bind_bale_taurus	Kadon Scroll of Binding (Bale Taurus)	true
ancillaries_colour_text_kadon_bind_bale_taurus	Kadon Scrolls of Binding are prized throughout the many realms of the world due to their rarity and the ability to control and bind a particular creature to the user's will.	true
effects_description_kadon_bind_bale_taurus	Ability: "Kadon Scroll of Binding (Bale Taurus)"	true
land_units_onscreen_name_kadon_bind_bale_taurus	Bale Taurus	true
land_units_concealed_name_kadon_bind_bale_taurus		true
unit_abilities_onscreen_name_kadon_bind_bale_taurus	Kadon Scroll of Binding (Bale Taurus)	true
unit_abilities_tooltip_text_kadon_bind_bale_taurus	Kadon Scrolls of Binding are prized throughout the many realms of the world due to their rarity and the ability to control and bind a particular creature to the user's will.	true
ancillaries_onscreen_name_kadon_kin_bale_taurus	Kadon Scroll of Kin (Bale Taurus)	true
ancillaries_colour_text_kadon_kin_bale_taurus	Kadon Scrolls of Kin are prized throughout the many realms of the world due to their rarity and the ability to control a particular creature and offering a lasting bond without the constraints of fleeting magic.	true
effects_description_kadon_kin_bale_taurus	Ability: "Kadon Scroll of Kin (Bale Taurus)"	true
land_units_onscreen_name_kadon_kin_bale_taurus	Bale Taurus	true
land_units_concealed_name_kadon_kin_bale_taurus		true
unit_abilities_onscreen_name_kadon_kin_bale_taurus	Kadon Scroll of Kin (Bale Taurus)	true
unit_abilities_tooltip_text_kadon_kin_bale_taurus	Kadon Scrolls of Kin are prized throughout the many realms of the world due to their rarity and the ability to control a particular creature and offering a lasting bond without the constraints of fleeting magic.	true
unit_abilities_additional_ui_effects_localised_text_kadon_bale_taurus	[[col:green]]Summons a Bale Taurus[[/col]]	true
ancillaries_onscreen_name_kadon_bind_chaos_siege_giant	Kadon Scroll of Binding (Chaos Siege Giant)	true
ancillaries_colour_text_kadon_bind_chaos_siege_giant	Kadon Scrolls of Binding are prized throughout the many realms of the world due to their rarity and the ability to control and bind a particular creature to the user's will.	true
effects_description_kadon_bind_chaos_siege_giant	Ability: "Kadon Scroll of Binding (Chaos Siege Giant)"	true
land_units_onscreen_name_kadon_bind_chaos_siege_giant	Chaos Siege Giant	true
land_units_concealed_name_kadon_bind_chaos_siege_giant		true
unit_abilities_onscreen_name_kadon_bind_chaos_siege_giant	Kadon Scroll of Binding (Chaos Siege Giant)	true
unit_abilities_tooltip_text_kadon_bind_chaos_siege_giant	Kadon Scrolls of Binding are prized throughout the many realms of the world due to their rarity and the ability to control and bind a particular creature to the user's will.	true
ancillaries_onscreen_name_kadon_kin_chaos_siege_giant	Kadon Scroll of Kin (Chaos Siege Giant)	true
ancillaries_colour_text_kadon_kin_chaos_siege_giant	Kadon Scrolls of Kin are prized throughout the many realms of the world due to their rarity and the ability to control a particular creature and offering a lasting bond without the constraints of fleeting magic.	true
effects_description_kadon_kin_chaos_siege_giant	Ability: "Kadon Scroll of Kin (Chaos Siege Giant)"	true
land_units_onscreen_name_kadon_kin_chaos_siege_giant	Chaos Siege Giant	true
land_units_concealed_name_kadon_kin_chaos_siege_giant		true
unit_abilities_onscreen_name_kadon_kin_chaos_siege_giant	Kadon Scroll of Kin (Chaos Siege Giant)	true
unit_abilities_tooltip_text_kadon_kin_chaos_siege_giant	Kadon Scrolls of Kin are prized throughout the many realms of the world due to their rarity and the ability to control a particular creature and offering a lasting bond without the constraints of fleeting magic.	true
unit_abilities_additional_ui_effects_localised_text_kadon_chaos_siege_giant	[[col:green]]Summons a Chaos Siege Giant[[/col]]	true
ancillaries_onscreen_name_kadon_bind_great_taurus	Kadon Scroll of Binding (Great Taurus)	true
ancillaries_colour_text_kadon_bind_great_taurus	Kadon Scrolls of Binding are prized throughout the many realms of the world due to their rarity and the ability to control and bind a particular creature to the user's will.	true
effects_description_kadon_bind_great_taurus	Ability: "Kadon Scroll of Binding (Great Taurus)"	true
land_units_onscreen_name_kadon_bind_great_taurus	Great Taurus	true
land_units_concealed_name_kadon_bind_great_taurus		true
unit_abilities_onscreen_name_kadon_bind_great_taurus	Kadon Scroll of Binding (Great Taurus)	true
unit_abilities_tooltip_text_kadon_bind_great_taurus	Kadon Scrolls of Binding are prized throughout the many realms of the world due to their rarity and the ability to control and bind a particular creature to the user's will.	true
ancillaries_onscreen_name_kadon_kin_great_taurus	Kadon Scroll of Kin (Great Taurus)	true
ancillaries_colour_text_kadon_kin_great_taurus	Kadon Scrolls of Kin are prized throughout the many realms of the world due to their rarity and the ability to control a particular creature and offering a lasting bond without the constraints of fleeting magic.	true
effects_description_kadon_kin_great_taurus	Ability: "Kadon Scroll of Kin (Great Taurus)"	true
land_units_onscreen_name_kadon_kin_great_taurus	Great Taurus	true
land_units_concealed_name_kadon_kin_great_taurus		true
unit_abilities_onscreen_name_kadon_kin_great_taurus	Kadon Scroll of Kin (Great Taurus)	true
unit_abilities_tooltip_text_kadon_kin_great_taurus	Kadon Scrolls of Kin are prized throughout the many realms of the world due to their rarity and the ability to control a particular creature and offering a lasting bond without the constraints of fleeting magic.	true
unit_abilities_additional_ui_effects_localised_text_kadon_great_taurus	[[col:green]]Summons a Great Taurus[[/col]]	true
ancillaries_onscreen_name_kadon_bind_kdaai_destroyer	Kadon Scroll of Binding (K'daai Destroyer)	true
ancillaries_colour_text_kadon_bind_kdaai_destroyer	Kadon Scrolls of Binding are prized throughout the many realms of the world due to their rarity and the ability to control and bind a particular creature to the user's will.	true
effects_description_kadon_bind_kdaai_destroyer	Ability: "Kadon Scroll of Binding (K'daai Destroyer)"	true
land_units_onscreen_name_kadon_bind_kdaai_destroyer	K'daai Destroyer	true
land_units_concealed_name_kadon_bind_kdaai_destroyer		true
unit_abilities_onscreen_name_kadon_bind_kdaai_destroyer	Kadon Scroll of Binding (K'daai Destroyer)	true
unit_abilities_tooltip_text_kadon_bind_kdaai_destroyer	Kadon Scrolls of Binding are prized throughout the many realms of the world due to their rarity and the ability to control and bind a particular creature to the user's will.	true
ancillaries_onscreen_name_kadon_kin_kdaai_destroyer	Kadon Scroll of Kin (K'daai Destroyer)	true
ancillaries_colour_text_kadon_kin_kdaai_destroyer	Kadon Scrolls of Kin are prized throughout the many realms of the world due to their rarity and the ability to control a particular creature and offering a lasting bond without the constraints of fleeting magic.	true
effects_description_kadon_kin_kdaai_destroyer	Ability: "Kadon Scroll of Kin (K'daai Destroyer)"	true
land_units_onscreen_name_kadon_kin_kdaai_destroyer	K'daai Destroyer	true
land_units_concealed_name_kadon_kin_kdaai_destroyer		true
unit_abilities_onscreen_name_kadon_kin_kdaai_destroyer	Kadon Scroll of Kin (K'daai Destroyer)	true
unit_abilities_tooltip_text_kadon_kin_kdaai_destroyer	Kadon Scrolls of Kin are prized throughout the many realms of the world due to their rarity and the ability to control a particular creature and offering a lasting bond without the constraints of fleeting magic.	true
unit_abilities_additional_ui_effects_localised_text_kadon_kdaai_destroyer	[[col:green]]Summons a K'daai Destroyer[[/col]]	true
ancillaries_onscreen_name_kadon_bind_kdaai_fireborn	Kadon Scroll of Binding (K'daai Fireborn)	true
ancillaries_colour_text_kadon_bind_kdaai_fireborn	Kadon Scrolls of Binding are prized throughout the many realms of the world due to their rarity and the ability to control and bind a particular creature to the user's will.	true
effects_description_kadon_bind_kdaai_fireborn	Ability: "Kadon Scroll of Binding (K'daai Fireborn)"	true
land_units_onscreen_name_kadon_bind_kdaai_fireborn	K'daai Fireborn	true
land_units_concealed_name_kadon_bind_kdaai_fireborn		true
unit_abilities_onscreen_name_kadon_bind_kdaai_fireborn	Kadon Scroll of Binding (K'daai Fireborn)	true
unit_abilities_tooltip_text_kadon_bind_kdaai_fireborn	Kadon Scrolls of Binding are prized throughout the many realms of the world due to their rarity and the ability to control and bind a particular creature to the user's will.	true
ancillaries_onscreen_name_kadon_kin_kdaai_fireborn	Kadon Scroll of Kin (K'daai Fireborn)	true
ancillaries_colour_text_kadon_kin_kdaai_fireborn	Kadon Scrolls of Kin are prized throughout the many realms of the world due to their rarity and the ability to control a particular creature and offering a lasting bond without the constraints of fleeting magic.	true
effects_description_kadon_kin_kdaai_fireborn	Ability: "Kadon Scroll of Kin (K'daai Fireborn)"	true
land_units_onscreen_name_kadon_kin_kdaai_fireborn	K'daai Fireborn	true
land_units_concealed_name_kadon_kin_kdaai_fireborn		true
unit_abilities_onscreen_name_kadon_kin_kdaai_fireborn	Kadon Scroll of Kin (K'daai Fireborn)	true
unit_abilities_tooltip_text_kadon_kin_kdaai_fireborn	Kadon Scrolls of Kin are prized throughout the many realms of the world due to their rarity and the ability to control a particular creature and offering a lasting bond without the constraints of fleeting magic.	true
unit_abilities_additional_ui_effects_localised_text_kadon_kdaai_fireborn	[[col:green]]Summons K'daai Fireborn[[/col]]	true
ancillaries_onscreen_name_kadon_bind_lammasu	Kadon Scroll of Binding (Lammasu)	true
ancillaries_colour_text_kadon_bind_lammasu	Kadon Scrolls of Binding are prized throughout the many realms of the world due to their rarity and the ability to control and bind a particular creature to the user's will.	true
effects_description_kadon_bind_lammasu	Ability: "Kadon Scroll of Binding (Lammasu)"	true
land_units_onscreen_name_kadon_bind_lammasu	Lammasu	true
land_units_concealed_name_kadon_bind_lammasu		true
unit_abilities_onscreen_name_kadon_bind_lammasu	Kadon Scroll of Binding (Lammasu)	true
unit_abilities_tooltip_text_kadon_bind_lammasu	Kadon Scrolls of Binding are prized throughout the many realms of the world due to their rarity and the ability to control and bind a particular creature to the user's will.	true
ancillaries_onscreen_name_kadon_kin_lammasu	Kadon Scroll of Kin (Lammasu)	true
ancillaries_colour_text_kadon_kin_lammasu	Kadon Scrolls of Kin are prized throughout the many realms of the world due to their rarity and the ability to control a particular creature and offering a lasting bond without the constraints of fleeting magic.	true
effects_description_kadon_kin_lammasu	Ability: "Kadon Scroll of Kin (Lammasu)"	true
land_units_onscreen_name_kadon_kin_lammasu	Lammasu	true
land_units_concealed_name_kadon_kin_lammasu		true
unit_abilities_onscreen_name_kadon_kin_lammasu	Kadon Scroll of Kin (Lammasu)	true
unit_abilities_tooltip_text_kadon_kin_lammasu	Kadon Scrolls of Kin are prized throughout the many realms of the world due to their rarity and the ability to control a particular creature and offering a lasting bond without the constraints of fleeting magic.	true
unit_abilities_additional_ui_effects_localised_text_kadon_lammasu	[[col:green]]Summons a Lammasu[[/col]]	true
ancillaries_onscreen_name_kadon_bind_bloodbeasts_of_khorne	Kadon Scroll of Binding (Bloodbeasts of Khorne)	true
ancillaries_colour_text_kadon_bind_bloodbeasts_of_khorne	Kadon Scrolls of Binding are prized throughout the many realms of the world due to their rarity and the ability to control and bind a particular creature to the user's will.	true
effects_description_kadon_bind_bloodbeasts_of_khorne	Ability: "Kadon Scroll of Binding (Bloodbeasts of Khorne)"	true
land_units_onscreen_name_kadon_bind_bloodbeasts_of_khorne	Bloodbeasts of Khorne	true
land_units_concealed_name_kadon_bind_bloodbeasts_of_khorne		true
unit_abilities_onscreen_name_kadon_bind_bloodbeasts_of_khorne	Kadon Scroll of Binding (Bloodbeasts of Khorne)	true
unit_abilities_tooltip_text_kadon_bind_bloodbeasts_of_khorne	Kadon Scrolls of Binding are prized throughout the many realms of the world due to their rarity and the ability to control and bind a particular creature to the user's will.	true
ancillaries_onscreen_name_kadon_kin_bloodbeasts_of_khorne	Kadon Scroll of Kin (Bloodbeasts of Khorne)	true
ancillaries_colour_text_kadon_kin_bloodbeasts_of_khorne	Kadon Scrolls of Kin are prized throughout the many realms of the world due to their rarity and the ability to control a particular creature and offering a lasting bond without the constraints of fleeting magic.	true
effects_description_kadon_kin_bloodbeasts_of_khorne	Ability: "Kadon Scroll of Kin (Bloodbeasts of Khorne)"	true
land_units_onscreen_name_kadon_kin_bloodbeasts_of_khorne	Bloodbeasts of Khorne	true
land_units_concealed_name_kadon_kin_bloodbeasts_of_khorne		true
unit_abilities_onscreen_name_kadon_kin_bloodbeasts_of_khorne	Kadon Scroll of Kin (Bloodbeasts of Khorne)	true
unit_abilities_tooltip_text_kadon_kin_bloodbeasts_of_khorne	Kadon Scrolls of Kin are prized throughout the many realms of the world due to their rarity and the ability to control a particular creature and offering a lasting bond without the constraints of fleeting magic.	true
unit_abilities_additional_ui_effects_localised_text_kadon_bloodbeasts_of_khorne	[[col:green]]Summons Bloodbeasts of Khorne[[/col]]	true
ancillaries_onscreen_name_kadon_bind_bloodthirster	Kadon Scroll of Binding (Bloodthirster)	true
ancillaries_colour_text_kadon_bind_bloodthirster	Kadon Scrolls of Binding are prized throughout the many realms of the world due to their rarity and the ability to control and bind a particular creature to the user's will.	true
effects_description_kadon_bind_bloodthirster	Ability: "Kadon Scroll of Binding (Bloodthirster)"	true
land_units_onscreen_name_kadon_bind_bloodthirster	Bloodthirster	true
land_units_concealed_name_kadon_bind_bloodthirster		true
unit_abilities_onscreen_name_kadon_bind_bloodthirster	Kadon Scroll of Binding (Bloodthirster)	true
unit_abilities_tooltip_text_kadon_bind_bloodthirster	Kadon Scrolls of Binding are prized throughout the many realms of the world due to their rarity and the ability to control and bind a particular creature to the user's will.	true
ancillaries_onscreen_name_kadon_kin_bloodthirster	Kadon Scroll of Kin (Bloodthirster)	true
ancillaries_colour_text_kadon_kin_bloodthirster	Kadon Scrolls of Kin are prized throughout the many realms of the world due to their rarity and the ability to control a particular creature and offering a lasting bond without the constraints of fleeting magic.	true
effects_description_kadon_kin_bloodthirster	Ability: "Kadon Scroll of Kin (Bloodthirster)"	true
land_units_onscreen_name_kadon_kin_bloodthirster	Bloodthirster	true
land_units_concealed_name_kadon_kin_bloodthirster		true
unit_abilities_onscreen_name_kadon_kin_bloodthirster	Kadon Scroll of Kin (Bloodthirster)	true
unit_abilities_tooltip_text_kadon_kin_bloodthirster	Kadon Scrolls of Kin are prized throughout the many realms of the world due to their rarity and the ability to control a particular creature and offering a lasting bond without the constraints of fleeting magic.	true
unit_abilities_additional_ui_effects_localised_text_kadon_bloodthirster	[[col:green]]Summons a Bloodthirster[[/col]]	true
ancillaries_onscreen_name_kadon_bind_flesh_hounds_of_khorne	Kadon Scroll of Binding (Flesh Hounds of Khorne)	true
ancillaries_colour_text_kadon_bind_flesh_hounds_of_khorne	Kadon Scrolls of Binding are prized throughout the many realms of the world due to their rarity and the ability to control and bind a particular creature to the user's will.	true
effects_description_kadon_bind_flesh_hounds_of_khorne	Ability: "Kadon Scroll of Binding (Flesh Hounds of Khorne)"	true
land_units_onscreen_name_kadon_bind_flesh_hounds_of_khorne	Flesh Hounds of Khorne	true
land_units_concealed_name_kadon_bind_flesh_hounds_of_khorne		true
unit_abilities_onscreen_name_kadon_bind_flesh_hounds_of_khorne	Kadon Scroll of Binding (Flesh Hounds of Khorne)	true
unit_abilities_tooltip_text_kadon_bind_flesh_hounds_of_khorne	Kadon Scrolls of Binding are prized throughout the many realms of the world due to their rarity and the ability to control and bind a particular creature to the user's will.	true
ancillaries_onscreen_name_kadon_kin_flesh_hounds_of_khorne	Kadon Scroll of Kin (Flesh Hounds of Khorne)	true
ancillaries_colour_text_kadon_kin_flesh_hounds_of_khorne	Kadon Scrolls of Kin are prized throughout the many realms of the world due to their rarity and the ability to control a particular creature and offering a lasting bond without the constraints of fleeting magic.	true
effects_description_kadon_kin_flesh_hounds_of_khorne	Ability: "Kadon Scroll of Kin (Flesh Hounds of Khorne)"	true
land_units_onscreen_name_kadon_kin_flesh_hounds_of_khorne	Flesh Hounds of Khorne	true
land_units_concealed_name_kadon_kin_flesh_hounds_of_khorne		true
unit_abilities_onscreen_name_kadon_kin_flesh_hounds_of_khorne	Kadon Scroll of Kin (Flesh Hounds of Khorne)	true
unit_abilities_tooltip_text_kadon_kin_flesh_hounds_of_khorne	Kadon Scrolls of Kin are prized throughout the many realms of the world due to their rarity and the ability to control a particular creature and offering a lasting bond without the constraints of fleeting magic.	true
unit_abilities_additional_ui_effects_localised_text_kadon_flesh_hounds_of_khorne	[[col:green]]Summons Flesh Hounds of Khorne[[/col]]	true
ancillaries_onscreen_name_kadon_bind_minotaurs_of_khorne	Kadon Scroll of Binding (Minotaurs of Khorne)	true
ancillaries_colour_text_kadon_bind_minotaurs_of_khorne	Kadon Scrolls of Binding are prized throughout the many realms of the world due to their rarity and the ability to control and bind a particular creature to the user's will.	true
effects_description_kadon_bind_minotaurs_of_khorne	Ability: "Kadon Scroll of Binding (Minotaurs of Khorne)"	true
land_units_onscreen_name_kadon_bind_minotaurs_of_khorne	Minotaurs of Khorne	true
land_units_concealed_name_kadon_bind_minotaurs_of_khorne		true
unit_abilities_onscreen_name_kadon_bind_minotaurs_of_khorne	Kadon Scroll of Binding (Minotaurs of Khorne)	true
unit_abilities_tooltip_text_kadon_bind_minotaurs_of_khorne	Kadon Scrolls of Binding are prized throughout the many realms of the world due to their rarity and the ability to control and bind a particular creature to the user's will.	true
ancillaries_onscreen_name_kadon_kin_minotaurs_of_khorne	Kadon Scroll of Kin (Minotaurs of Khorne)	true
ancillaries_colour_text_kadon_kin_minotaurs_of_khorne	Kadon Scrolls of Kin are prized throughout the many realms of the world due to their rarity and the ability to control a particular creature and offering a lasting bond without the constraints of fleeting magic.	true
effects_description_kadon_kin_minotaurs_of_khorne	Ability: "Kadon Scroll of Kin (Minotaurs of Khorne)"	true
land_units_onscreen_name_kadon_kin_minotaurs_of_khorne	Minotaurs of Khorne	true
land_units_concealed_name_kadon_kin_minotaurs_of_khorne		true
unit_abilities_onscreen_name_kadon_kin_minotaurs_of_khorne	Kadon Scroll of Kin (Minotaurs of Khorne)	true
unit_abilities_tooltip_text_kadon_kin_minotaurs_of_khorne	Kadon Scrolls of Kin are prized throughout the many realms of the world due to their rarity and the ability to control a particular creature and offering a lasting bond without the constraints of fleeting magic.	true
unit_abilities_additional_ui_effects_localised_text_kadon_minotaurs_of_khorne	[[col:green]]Summons Minotaurs of Khorne[[/col]]	true
ancillaries_onscreen_name_kadon_bind_slaughterbrute	Kadon Scroll of Binding (Slaughterbrute)	true
ancillaries_colour_text_kadon_bind_slaughterbrute	Kadon Scrolls of Binding are prized throughout the many realms of the world due to their rarity and the ability to control and bind a particular creature to the user's will.	true
effects_description_kadon_bind_slaughterbrute	Ability: "Kadon Scroll of Binding (Slaughterbrute)"	true
land_units_onscreen_name_kadon_bind_slaughterbrute	Slaughterbrute	true
land_units_concealed_name_kadon_bind_slaughterbrute		true
unit_abilities_onscreen_name_kadon_bind_slaughterbrute	Kadon Scroll of Binding (Slaughterbrute)	true
unit_abilities_tooltip_text_kadon_bind_slaughterbrute	Kadon Scrolls of Binding are prized throughout the many realms of the world due to their rarity and the ability to control and bind a particular creature to the user's will.	true
ancillaries_onscreen_name_kadon_kin_slaughterbrute	Kadon Scroll of Kin (Slaughterbrute)	true
ancillaries_colour_text_kadon_kin_slaughterbrute	Kadon Scrolls of Kin are prized throughout the many realms of the world due to their rarity and the ability to control a particular creature and offering a lasting bond without the constraints of fleeting magic.	true
effects_description_kadon_kin_slaughterbrute	Ability: "Kadon Scroll of Kin (Slaughterbrute)"	true
land_units_onscreen_name_kadon_kin_slaughterbrute	Slaughterbrute	true
land_units_concealed_name_kadon_kin_slaughterbrute		true
unit_abilities_onscreen_name_kadon_kin_slaughterbrute	Kadon Scroll of Kin (Slaughterbrute)	true
unit_abilities_tooltip_text_kadon_kin_slaughterbrute	Kadon Scrolls of Kin are prized throughout the many realms of the world due to their rarity and the ability to control a particular creature and offering a lasting bond without the constraints of fleeting magic.	true
unit_abilities_additional_ui_effects_localised_text_kadon_slaughterbrute	[[col:green]]Summons a Slaughterbrute[[/col]]	true
ancillaries_onscreen_name_kadon_bind_soul_grinder_of_khorne	Kadon Scroll of Binding (Soul Grinder of Khorne)	true
ancillaries_colour_text_kadon_bind_soul_grinder_of_khorne	Kadon Scrolls of Binding are prized throughout the many realms of the world due to their rarity and the ability to control and bind a particular creature to the user's will.	true
effects_description_kadon_bind_soul_grinder_of_khorne	Ability: "Kadon Scroll of Binding (Soul Grinder of Khorne)"	true
land_units_onscreen_name_kadon_bind_soul_grinder_of_khorne	Soul Grinder of Khorne	true
land_units_concealed_name_kadon_bind_soul_grinder_of_khorne		true
unit_abilities_onscreen_name_kadon_bind_soul_grinder_of_khorne	Kadon Scroll of Binding (Soul Grinder of Khorne)	true
unit_abilities_tooltip_text_kadon_bind_soul_grinder_of_khorne	Kadon Scrolls of Binding are prized throughout the many realms of the world due to their rarity and the ability to control and bind a particular creature to the user's will.	true
ancillaries_onscreen_name_kadon_kin_soul_grinder_of_khorne	Kadon Scroll of Kin (Soul Grinder of Khorne)	true
ancillaries_colour_text_kadon_kin_soul_grinder_of_khorne	Kadon Scrolls of Kin are prized throughout the many realms of the world due to their rarity and the ability to control a particular creature and offering a lasting bond without the constraints of fleeting magic.	true
effects_description_kadon_kin_soul_grinder_of_khorne	Ability: "Kadon Scroll of Kin (Soul Grinder of Khorne)"	true
land_units_onscreen_name_kadon_kin_soul_grinder_of_khorne	Soul Grinder of Khorne	true
land_units_concealed_name_kadon_kin_soul_grinder_of_khorne		true
unit_abilities_onscreen_name_kadon_kin_soul_grinder_of_khorne	Kadon Scroll of Kin (Soul Grinder of Khorne)	true
unit_abilities_tooltip_text_kadon_kin_soul_grinder_of_khorne	Kadon Scrolls of Kin are prized throughout the many realms of the world due to their rarity and the ability to control a particular creature and offering a lasting bond without the constraints of fleeting magic.	true
unit_abilities_additional_ui_effects_localised_text_kadon_soul_grinder_of_khorne	[[col:green]]Summons a Soul Grinder of Khorne[[/col]]	true
ancillaries_onscreen_name_kadon_bind_spawn_of_khorne	Kadon Scroll of Binding (Spawn of Khorne)	true
ancillaries_colour_text_kadon_bind_spawn_of_khorne	Kadon Scrolls of Binding are prized throughout the many realms of the world due to their rarity and the ability to control and bind a particular creature to the user's will.	true
effects_description_kadon_bind_spawn_of_khorne	Ability: "Kadon Scroll of Binding (Spawn of Khorne)"	true
land_units_onscreen_name_kadon_bind_spawn_of_khorne	Spawn of Khorne	true
land_units_concealed_name_kadon_bind_spawn_of_khorne		true
unit_abilities_onscreen_name_kadon_bind_spawn_of_khorne	Kadon Scroll of Binding (Spawn of Khorne)	true
unit_abilities_tooltip_text_kadon_bind_spawn_of_khorne	Kadon Scrolls of Binding are prized throughout the many realms of the world due to their rarity and the ability to control and bind a particular creature to the user's will.	true
ancillaries_onscreen_name_kadon_kin_spawn_of_khorne	Kadon Scroll of Kin (Spawn of Khorne)	true
ancillaries_colour_text_kadon_kin_spawn_of_khorne	Kadon Scrolls of Kin are prized throughout the many realms of the world due to their rarity and the ability to control a particular creature and offering a lasting bond without the constraints of fleeting magic.	true
effects_description_kadon_kin_spawn_of_khorne	Ability: "Kadon Scroll of Kin (Spawn of Khorne)"	true
land_units_onscreen_name_kadon_kin_spawn_of_khorne	Spawn of Khorne	true
land_units_concealed_name_kadon_kin_spawn_of_khorne		true
unit_abilities_onscreen_name_kadon_kin_spawn_of_khorne	Kadon Scroll of Kin (Spawn of Khorne)	true
unit_abilities_tooltip_text_kadon_kin_spawn_of_khorne	Kadon Scrolls of Kin are prized throughout the many realms of the world due to their rarity and the ability to control a particular creature and offering a lasting bond without the constraints of fleeting magic.	true
unit_abilities_additional_ui_effects_localised_text_kadon_spawn_of_khorne	[[col:green]]Summons Spawn of Khorne[[/col]]	true
ancillaries_onscreen_name_kadon_bind_beast_of_nurgle	Kadon Scroll of Binding (Beast of Nurgle)	true
ancillaries_colour_text_kadon_bind_beast_of_nurgle	Kadon Scrolls of Binding are prized throughout the many realms of the world due to their rarity and the ability to control and bind a particular creature to the user's will.	true
effects_description_kadon_bind_beast_of_nurgle	Ability: "Kadon Scroll of Binding (Beast of Nurgle)"	true
land_units_onscreen_name_kadon_bind_beast_of_nurgle	Beast of Nurgle	true
land_units_concealed_name_kadon_bind_beast_of_nurgle		true
unit_abilities_onscreen_name_kadon_bind_beast_of_nurgle	Kadon Scroll of Binding (Beast of Nurgle)	true
unit_abilities_tooltip_text_kadon_bind_beast_of_nurgle	Kadon Scrolls of Binding are prized throughout the many realms of the world due to their rarity and the ability to control and bind a particular creature to the user's will.	true
ancillaries_onscreen_name_kadon_kin_beast_of_nurgle	Kadon Scroll of Kin (Beast of Nurgle)	true
ancillaries_colour_text_kadon_kin_beast_of_nurgle	Kadon Scrolls of Kin are prized throughout the many realms of the world due to their rarity and the ability to control a particular creature and offering a lasting bond without the constraints of fleeting magic.	true
effects_description_kadon_kin_beast_of_nurgle	Ability: "Kadon Scroll of Kin (Beast of Nurgle)"	true
land_units_onscreen_name_kadon_kin_beast_of_nurgle	Beast of Nurgle	true
land_units_concealed_name_kadon_kin_beast_of_nurgle		true
unit_abilities_onscreen_name_kadon_kin_beast_of_nurgle	Kadon Scroll of Kin (Beast of Nurgle)	true
unit_abilities_tooltip_text_kadon_kin_beast_of_nurgle	Kadon Scrolls of Kin are prized throughout the many realms of the world due to their rarity and the ability to control a particular creature and offering a lasting bond without the constraints of fleeting magic.	true
unit_abilities_additional_ui_effects_localised_text_kadon_beast_of_nurgle	[[col:green]]Summons a Beast of Nurgle[[/col]]	true
ancillaries_onscreen_name_kadon_bind_bile_trolls	Kadon Scroll of Binding (Bile Trolls)	true
ancillaries_colour_text_kadon_bind_bile_trolls	Kadon Scrolls of Binding are prized throughout the many realms of the world due to their rarity and the ability to control and bind a particular creature to the user's will.	true
effects_description_kadon_bind_bile_trolls	Ability: "Kadon Scroll of Binding (Bile Trolls)"	true
land_units_onscreen_name_kadon_bind_bile_trolls	Bile Trolls	true
land_units_concealed_name_kadon_bind_bile_trolls		true
unit_abilities_onscreen_name_kadon_bind_bile_trolls	Kadon Scroll of Binding (Bile Trolls)	true
unit_abilities_tooltip_text_kadon_bind_bile_trolls	Kadon Scrolls of Binding are prized throughout the many realms of the world due to their rarity and the ability to control and bind a particular creature to the user's will.	true
ancillaries_onscreen_name_kadon_kin_bile_trolls	Kadon Scroll of Kin (Bile Trolls)	true
ancillaries_colour_text_kadon_kin_bile_trolls	Kadon Scrolls of Kin are prized throughout the many realms of the world due to their rarity and the ability to control a particular creature and offering a lasting bond without the constraints of fleeting magic.	true
effects_description_kadon_kin_bile_trolls	Ability: "Kadon Scroll of Kin (Bile Trolls)"	true
land_units_onscreen_name_kadon_kin_bile_trolls	Bile Trolls	true
land_units_concealed_name_kadon_kin_bile_trolls		true
unit_abilities_onscreen_name_kadon_kin_bile_trolls	Kadon Scroll of Kin (Bile Trolls)	true
unit_abilities_tooltip_text_kadon_kin_bile_trolls	Kadon Scrolls of Kin are prized throughout the many realms of the world due to their rarity and the ability to control a particular creature and offering a lasting bond without the constraints of fleeting magic.	true
unit_abilities_additional_ui_effects_localised_text_kadon_bile_trolls	[[col:green]]Summons Bile Trolls[[/col]]	true
ancillaries_onscreen_name_kadon_bind_great_unclean_one	Kadon Scroll of Binding (Great Unclean One)	true
ancillaries_colour_text_kadon_bind_great_unclean_one	Kadon Scrolls of Binding are prized throughout the many realms of the world due to their rarity and the ability to control and bind a particular creature to the user's will.	true
effects_description_kadon_bind_great_unclean_one	Ability: "Kadon Scroll of Binding (Great Unclean One)"	true
land_units_onscreen_name_kadon_bind_great_unclean_one	Great Unclean One	true
land_units_concealed_name_kadon_bind_great_unclean_one		true
unit_abilities_onscreen_name_kadon_bind_great_unclean_one	Kadon Scroll of Binding (Great Unclean One)	true
unit_abilities_tooltip_text_kadon_bind_great_unclean_one	Kadon Scrolls of Binding are prized throughout the many realms of the world due to their rarity and the ability to control and bind a particular creature to the user's will.	true
ancillaries_onscreen_name_kadon_kin_great_unclean_one	Kadon Scroll of Kin (Great Unclean One)	true
ancillaries_colour_text_kadon_kin_great_unclean_one	Kadon Scrolls of Kin are prized throughout the many realms of the world due to their rarity and the ability to control a particular creature and offering a lasting bond without the constraints of fleeting magic.	true
effects_description_kadon_kin_great_unclean_one	Ability: "Kadon Scroll of Kin (Great Unclean One)"	true
land_units_onscreen_name_kadon_kin_great_unclean_one	Great Unclean One	true
land_units_concealed_name_kadon_kin_great_unclean_one		true
unit_abilities_onscreen_name_kadon_kin_great_unclean_one	Kadon Scroll of Kin (Great Unclean One)	true
unit_abilities_tooltip_text_kadon_kin_great_unclean_one	Kadon Scrolls of Kin are prized throughout the many realms of the world due to their rarity and the ability to control a particular creature and offering a lasting bond without the constraints of fleeting magic.	true
unit_abilities_additional_ui_effects_localised_text_kadon_great_unclean_one	[[col:green]]Summons a Great Unclean One[[/col]]	true
ancillaries_onscreen_name_kadon_bind_plague_toads	Kadon Scroll of Binding (Plague Toads of Nurgle)	true
ancillaries_colour_text_kadon_bind_plague_toads	Kadon Scrolls of Binding are prized throughout the many realms of the world due to their rarity and the ability to control and bind a particular creature to the user's will.	true
effects_description_kadon_bind_plague_toads	Ability: "Kadon Scroll of Binding (Plague Toads of Nurgle)"	true
land_units_onscreen_name_kadon_bind_plague_toads	Plague Toads of Nurgle	true
land_units_concealed_name_kadon_bind_plague_toads		true
unit_abilities_onscreen_name_kadon_bind_plague_toads	Kadon Scroll of Binding (Plague Toads of Nurgle)	true
unit_abilities_tooltip_text_kadon_bind_plague_toads	Kadon Scrolls of Binding are prized throughout the many realms of the world due to their rarity and the ability to control and bind a particular creature to the user's will.	true
ancillaries_onscreen_name_kadon_kin_plague_toads	Kadon Scroll of Kin (Plague Toads of Nurgle)	true
ancillaries_colour_text_kadon_kin_plague_toads	Kadon Scrolls of Kin are prized throughout the many realms of the world due to their rarity and the ability to control a particular creature and offering a lasting bond without the constraints of fleeting magic.	true
effects_description_kadon_kin_plague_toads	Ability: "Kadon Scroll of Kin (Plague Toads of Nurgle)"	true
land_units_onscreen_name_kadon_kin_plague_toads	Plague Toads of Nurgle	true
land_units_concealed_name_kadon_kin_plague_toads		true
unit_abilities_onscreen_name_kadon_kin_plague_toads	Kadon Scroll of Kin (Plague Toads of Nurgle)	true
unit_abilities_tooltip_text_kadon_kin_plague_toads	Kadon Scrolls of Kin are prized throughout the many realms of the world due to their rarity and the ability to control a particular creature and offering a lasting bond without the constraints of fleeting magic.	true
unit_abilities_additional_ui_effects_localised_text_kadon_plague_toads	[[col:green]]Summons Plague Toads of Nurgle[[/col]]	true
ancillaries_onscreen_name_kadon_bind_rot_flies	Kadon Scroll of Binding (Rot Flies)	true
ancillaries_colour_text_kadon_bind_rot_flies	Kadon Scrolls of Binding are prized throughout the many realms of the world due to their rarity and the ability to control and bind a particular creature to the user's will.	true
effects_description_kadon_bind_rot_flies	Ability: "Kadon Scroll of Binding (Rot Flies)"	true
land_units_onscreen_name_kadon_bind_rot_flies	Rot Flies	true
land_units_concealed_name_kadon_bind_rot_flies		true
unit_abilities_onscreen_name_kadon_bind_rot_flies	Kadon Scroll of Binding (Rot Flies)	true
unit_abilities_tooltip_text_kadon_bind_rot_flies	Kadon Scrolls of Binding are prized throughout the many realms of the world due to their rarity and the ability to control and bind a particular creature to the user's will.	true
ancillaries_onscreen_name_kadon_kin_rot_flies	Kadon Scroll of Kin (Rot Flies)	true
ancillaries_colour_text_kadon_kin_rot_flies	Kadon Scrolls of Kin are prized throughout the many realms of the world due to their rarity and the ability to control a particular creature and offering a lasting bond without the constraints of fleeting magic.	true
effects_description_kadon_kin_rot_flies	Ability: "Kadon Scroll of Kin (Rot Flies)"	true
land_units_onscreen_name_kadon_kin_rot_flies	Rot Flies	true
land_units_concealed_name_kadon_kin_rot_flies		true
unit_abilities_onscreen_name_kadon_kin_rot_flies	Kadon Scroll of Kin (Rot Flies)	true
unit_abilities_tooltip_text_kadon_kin_rot_flies	Kadon Scrolls of Kin are prized throughout the many realms of the world due to their rarity and the ability to control a particular creature and offering a lasting bond without the constraints of fleeting magic.	true
unit_abilities_additional_ui_effects_localised_text_kadon_rot_flies	[[col:green]]Summons Rot Flies[[/col]]	true
ancillaries_onscreen_name_kadon_bind_soul_grinder_of_nurgle	Kadon Scroll of Binding (Soul Grinder of Nurgle)	true
ancillaries_colour_text_kadon_bind_soul_grinder_of_nurgle	Kadon Scrolls of Binding are prized throughout the many realms of the world due to their rarity and the ability to control and bind a particular creature to the user's will.	true
effects_description_kadon_bind_soul_grinder_of_nurgle	Ability: "Kadon Scroll of Binding (Soul Grinder of Nurgle)"	true
land_units_onscreen_name_kadon_bind_soul_grinder_of_nurgle	Soul Grinder of Nurgle	true
land_units_concealed_name_kadon_bind_soul_grinder_of_nurgle		true
unit_abilities_onscreen_name_kadon_bind_soul_grinder_of_nurgle	Kadon Scroll of Binding (Soul Grinder of Nurgle)	true
unit_abilities_tooltip_text_kadon_bind_soul_grinder_of_nurgle	Kadon Scrolls of Binding are prized throughout the many realms of the world due to their rarity and the ability to control and bind a particular creature to the user's will.	true
ancillaries_onscreen_name_kadon_kin_soul_grinder_of_nurgle	Kadon Scroll of Kin (Soul Grinder of Nurgle)	true
ancillaries_colour_text_kadon_kin_soul_grinder_of_nurgle	Kadon Scrolls of Kin are prized throughout the many realms of the world due to their rarity and the ability to control a particular creature and offering a lasting bond without the constraints of fleeting magic.	true
effects_description_kadon_kin_soul_grinder_of_nurgle	Ability: "Kadon Scroll of Kin (Soul Grinder of Nurgle)"	true
land_units_onscreen_name_kadon_kin_soul_grinder_of_nurgle	Soul Grinder of Nurgle	true
land_units_concealed_name_kadon_kin_soul_grinder_of_nurgle		true
unit_abilities_onscreen_name_kadon_kin_soul_grinder_of_nurgle	Kadon Scroll of Kin (Soul Grinder of Nurgle)	true
unit_abilities_tooltip_text_kadon_kin_soul_grinder_of_nurgle	Kadon Scrolls of Kin are prized throughout the many realms of the world due to their rarity and the ability to control a particular creature and offering a lasting bond without the constraints of fleeting magic.	true
unit_abilities_additional_ui_effects_localised_text_kadon_soul_grinder_of_nurgle	[[col:green]]Summons a Soul Grinder of Nurgle[[/col]]	true
ancillaries_onscreen_name_kadon_bind_spawn_of_nurgle	Kadon Scroll of Binding (Spawn of Nurgle)	true
ancillaries_colour_text_kadon_bind_spawn_of_nurgle	Kadon Scrolls of Binding are prized throughout the many realms of the world due to their rarity and the ability to control and bind a particular creature to the user's will.	true
effects_description_kadon_bind_spawn_of_nurgle	Ability: "Kadon Scroll of Binding (Spawn of Nurgle)"	true
land_units_onscreen_name_kadon_bind_spawn_of_nurgle	Spawn of Nurgle	true
land_units_concealed_name_kadon_bind_spawn_of_nurgle		true
unit_abilities_onscreen_name_kadon_bind_spawn_of_nurgle	Kadon Scroll of Binding (Spawn of Nurgle)	true
unit_abilities_tooltip_text_kadon_bind_spawn_of_nurgle	Kadon Scrolls of Binding are prized throughout the many realms of the world due to their rarity and the ability to control and bind a particular creature to the user's will.	true
ancillaries_onscreen_name_kadon_kin_spawn_of_nurgle	Kadon Scroll of Kin (Spawn of Nurgle)	true
ancillaries_colour_text_kadon_kin_spawn_of_nurgle	Kadon Scrolls of Kin are prized throughout the many realms of the world due to their rarity and the ability to control a particular creature and offering a lasting bond without the constraints of fleeting magic.	true
effects_description_kadon_kin_spawn_of_nurgle	Ability: "Kadon Scroll of Kin (Spawn of Nurgle)"	true
land_units_onscreen_name_kadon_kin_spawn_of_nurgle	Spawn of Nurgle	true
land_units_concealed_name_kadon_kin_spawn_of_nurgle		true
unit_abilities_onscreen_name_kadon_kin_spawn_of_nurgle	Kadon Scroll of Kin (Spawn of Nurgle)	true
unit_abilities_tooltip_text_kadon_kin_spawn_of_nurgle	Kadon Scrolls of Kin are prized throughout the many realms of the world due to their rarity and the ability to control a particular creature and offering a lasting bond without the constraints of fleeting magic.	true
unit_abilities_additional_ui_effects_localised_text_kadon_spawn_of_nurgle	[[col:green]]Summons Spawn of Nurgle[[/col]]	true
ancillaries_onscreen_name_kadon_bind_toad_dragon	Kadon Scroll of Binding (Toad Dragon)	true
ancillaries_colour_text_kadon_bind_toad_dragon	Kadon Scrolls of Binding are prized throughout the many realms of the world due to their rarity and the ability to control and bind a particular creature to the user's will.	true
effects_description_kadon_bind_toad_dragon	Ability: "Kadon Scroll of Binding (Toad Dragon)"	true
land_units_onscreen_name_kadon_bind_toad_dragon	Toad Dragon	true
land_units_concealed_name_kadon_bind_toad_dragon		true
unit_abilities_onscreen_name_kadon_bind_toad_dragon	Kadon Scroll of Binding (Toad Dragon)	true
unit_abilities_tooltip_text_kadon_bind_toad_dragon	Kadon Scrolls of Binding are prized throughout the many realms of the world due to their rarity and the ability to control and bind a particular creature to the user's will.	true
ancillaries_onscreen_name_kadon_kin_toad_dragon	Kadon Scroll of Kin (Toad Dragon)	true
ancillaries_colour_text_kadon_kin_toad_dragon	Kadon Scrolls of Kin are prized throughout the many realms of the world due to their rarity and the ability to control a particular creature and offering a lasting bond without the constraints of fleeting magic.	true
effects_description_kadon_kin_toad_dragon	Ability: "Kadon Scroll of Kin (Toad Dragon)"	true
land_units_onscreen_name_kadon_kin_toad_dragon	Toad Dragon	true
land_units_concealed_name_kadon_kin_toad_dragon		true
unit_abilities_onscreen_name_kadon_kin_toad_dragon	Kadon Scroll of Kin (Toad Dragon)	true
unit_abilities_tooltip_text_kadon_kin_toad_dragon	Kadon Scrolls of Kin are prized throughout the many realms of the world due to their rarity and the ability to control a particular creature and offering a lasting bond without the constraints of fleeting magic.	true
unit_abilities_additional_ui_effects_localised_text_kadon_toad_dragon	[[col:green]]Summons a Toad Dragon[[/col]]	true
ancillaries_onscreen_name_kadon_bind_fiends_of_slaanesh	Kadon Scroll of Binding (Fiends of Slaanesh)	true
ancillaries_colour_text_kadon_bind_fiends_of_slaanesh	Kadon Scrolls of Binding are prized throughout the many realms of the world due to their rarity and the ability to control and bind a particular creature to the user's will.	true
effects_description_kadon_bind_fiends_of_slaanesh	Ability: "Kadon Scroll of Binding (Fiends of Slaanesh)"	true
land_units_onscreen_name_kadon_bind_fiends_of_slaanesh	Fiends of Slaanesh	true
land_units_concealed_name_kadon_bind_fiends_of_slaanesh		true
unit_abilities_onscreen_name_kadon_bind_fiends_of_slaanesh	Kadon Scroll of Binding (Fiends of Slaanesh)	true
unit_abilities_tooltip_text_kadon_bind_fiends_of_slaanesh	Kadon Scrolls of Binding are prized throughout the many realms of the world due to their rarity and the ability to control and bind a particular creature to the user's will.	true
ancillaries_onscreen_name_kadon_kin_fiends_of_slaanesh	Kadon Scroll of Kin (Fiends of Slaanesh)	true
ancillaries_colour_text_kadon_kin_fiends_of_slaanesh	Kadon Scrolls of Kin are prized throughout the many realms of the world due to their rarity and the ability to control a particular creature and offering a lasting bond without the constraints of fleeting magic.	true
effects_description_kadon_kin_fiends_of_slaanesh	Ability: "Kadon Scroll of Kin (Fiends of Slaanesh)"	true
land_units_onscreen_name_kadon_kin_fiends_of_slaanesh	Fiends of Slaanesh	true
land_units_concealed_name_kadon_kin_fiends_of_slaanesh		true
unit_abilities_onscreen_name_kadon_kin_fiends_of_slaanesh	Kadon Scroll of Kin (Fiends of Slaanesh)	true
unit_abilities_tooltip_text_kadon_kin_fiends_of_slaanesh	Kadon Scrolls of Kin are prized throughout the many realms of the world due to their rarity and the ability to control a particular creature and offering a lasting bond without the constraints of fleeting magic.	true
unit_abilities_additional_ui_effects_localised_text_kadon_fiends_of_slaanesh	[[col:green]]Summons Fiends of Slaanesh[[/col]]	true
ancillaries_onscreen_name_kadon_bind_keeper_of_secrets	Kadon Scroll of Binding (Keeper of Secrets)	true
ancillaries_colour_text_kadon_bind_keeper_of_secrets	Kadon Scrolls of Binding are prized throughout the many realms of the world due to their rarity and the ability to control and bind a particular creature to the user's will.	true
effects_description_kadon_bind_keeper_of_secrets	Ability: "Kadon Scroll of Binding (Keeper of Secrets)"	true
land_units_onscreen_name_kadon_bind_keeper_of_secrets	Keeper of Secrets	true
land_units_concealed_name_kadon_bind_keeper_of_secrets		true
unit_abilities_onscreen_name_kadon_bind_keeper_of_secrets	Kadon Scroll of Binding (Keeper of Secrets)	true
unit_abilities_tooltip_text_kadon_bind_keeper_of_secrets	Kadon Scrolls of Binding are prized throughout the many realms of the world due to their rarity and the ability to control and bind a particular creature to the user's will.	true
ancillaries_onscreen_name_kadon_kin_keeper_of_secrets	Kadon Scroll of Kin (Keeper of Secrets)	true
ancillaries_colour_text_kadon_kin_keeper_of_secrets	Kadon Scrolls of Kin are prized throughout the many realms of the world due to their rarity and the ability to control a particular creature and offering a lasting bond without the constraints of fleeting magic.	true
effects_description_kadon_kin_keeper_of_secrets	Ability: "Kadon Scroll of Kin (Keeper of Secrets)"	true
land_units_onscreen_name_kadon_kin_keeper_of_secrets	Keeper of Secrets	true
land_units_concealed_name_kadon_kin_keeper_of_secrets		true
unit_abilities_onscreen_name_kadon_kin_keeper_of_secrets	Kadon Scroll of Kin (Keeper of Secrets)	true
unit_abilities_tooltip_text_kadon_kin_keeper_of_secrets	Kadon Scrolls of Kin are prized throughout the many realms of the world due to their rarity and the ability to control a particular creature and offering a lasting bond without the constraints of fleeting magic.	true
unit_abilities_additional_ui_effects_localised_text_kadon_keeper_of_secrets	[[col:green]]Summons a Keeper of Secrets[[/col]]	true
ancillaries_onscreen_name_kadon_bind_soul_grinder_of_slaanesh	Kadon Scroll of Binding (Soul Grinder of Slaanesh)	true
ancillaries_colour_text_kadon_bind_soul_grinder_of_slaanesh	Kadon Scrolls of Binding are prized throughout the many realms of the world due to their rarity and the ability to control and bind a particular creature to the user's will.	true
effects_description_kadon_bind_soul_grinder_of_slaanesh	Ability: "Kadon Scroll of Binding (Soul Grinder of Slaanesh)"	true
land_units_onscreen_name_kadon_bind_soul_grinder_of_slaanesh	Soul Grinder of Slaanesh	true
land_units_concealed_name_kadon_bind_soul_grinder_of_slaanesh		true
unit_abilities_onscreen_name_kadon_bind_soul_grinder_of_slaanesh	Kadon Scroll of Binding (Soul Grinder of Slaanesh)	true
unit_abilities_tooltip_text_kadon_bind_soul_grinder_of_slaanesh	Kadon Scrolls of Binding are prized throughout the many realms of the world due to their rarity and the ability to control and bind a particular creature to the user's will.	true
ancillaries_onscreen_name_kadon_kin_soul_grinder_of_slaanesh	Kadon Scroll of Kin (Soul Grinder of Slaanesh)	true
ancillaries_colour_text_kadon_kin_soul_grinder_of_slaanesh	Kadon Scrolls of Kin are prized throughout the many realms of the world due to their rarity and the ability to control a particular creature and offering a lasting bond without the constraints of fleeting magic.	true
effects_description_kadon_kin_soul_grinder_of_slaanesh	Ability: "Kadon Scroll of Kin (Soul Grinder of Slaanesh)"	true
land_units_onscreen_name_kadon_kin_soul_grinder_of_slaanesh	Soul Grinder of Slaanesh	true
land_units_concealed_name_kadon_kin_soul_grinder_of_slaanesh		true
unit_abilities_onscreen_name_kadon_kin_soul_grinder_of_slaanesh	Kadon Scroll of Kin (Soul Grinder of Slaanesh)	true
unit_abilities_tooltip_text_kadon_kin_soul_grinder_of_slaanesh	Kadon Scrolls of Kin are prized throughout the many realms of the world due to their rarity and the ability to control a particular creature and offering a lasting bond without the constraints of fleeting magic.	true
unit_abilities_additional_ui_effects_localised_text_kadon_soul_grinder_of_slaanesh	[[col:green]]Summons a Soul Grinder of Slaanesh[[/col]]	true
ancillaries_onscreen_name_kadon_bind_spawn_of_slaanesh	Kadon Scroll of Binding (Spawn of Slaanesh)	true
ancillaries_colour_text_kadon_bind_spawn_of_slaanesh	Kadon Scrolls of Binding are prized throughout the many realms of the world due to their rarity and the ability to control and bind a particular creature to the user's will.	true
effects_description_kadon_bind_spawn_of_slaanesh	Ability: "Kadon Scroll of Binding (Spawn of Slaanesh)"	true
land_units_onscreen_name_kadon_bind_spawn_of_slaanesh	Spawn of Slaanesh	true
land_units_concealed_name_kadon_bind_spawn_of_slaanesh		true
unit_abilities_onscreen_name_kadon_bind_spawn_of_slaanesh	Kadon Scroll of Binding (Spawn of Slaanesh)	true
unit_abilities_tooltip_text_kadon_bind_spawn_of_slaanesh	Kadon Scrolls of Binding are prized throughout the many realms of the world due to their rarity and the ability to control and bind a particular creature to the user's will.	true
ancillaries_onscreen_name_kadon_kin_spawn_of_slaanesh	Kadon Scroll of Kin (Spawn of Slaanesh)	true
ancillaries_colour_text_kadon_kin_spawn_of_slaanesh	Kadon Scrolls of Kin are prized throughout the many realms of the world due to their rarity and the ability to control a particular creature and offering a lasting bond without the constraints of fleeting magic.	true
effects_description_kadon_kin_spawn_of_slaanesh	Ability: "Kadon Scroll of Kin (Spawn of Slaanesh)"	true
land_units_onscreen_name_kadon_kin_spawn_of_slaanesh	Spawn of Slaanesh	true
land_units_concealed_name_kadon_kin_spawn_of_slaanesh		true
unit_abilities_onscreen_name_kadon_kin_spawn_of_slaanesh	Kadon Scroll of Kin (Spawn of Slaanesh)	true
unit_abilities_tooltip_text_kadon_kin_spawn_of_slaanesh	Kadon Scrolls of Kin are prized throughout the many realms of the world due to their rarity and the ability to control a particular creature and offering a lasting bond without the constraints of fleeting magic.	true
unit_abilities_additional_ui_effects_localised_text_kadon_spawn_of_slaanesh	[[col:green]]Summons Spawn of Slaanesh[[/col]]	true
ancillaries_onscreen_name_kadon_bind_exalted_flamer	Kadon Scroll of Binding (Exalted Flamer of Tzeentch)	true
ancillaries_colour_text_kadon_bind_exalted_flamer	Kadon Scrolls of Binding are prized throughout the many realms of the world due to their rarity and the ability to control and bind a particular creature to the user's will.	true
effects_description_kadon_bind_exalted_flamer	Ability: "Kadon Scroll of Binding (Exalted Flamer of Tzeentch)"	true
land_units_onscreen_name_kadon_bind_exalted_flamer	Exalted Flamer of Tzeentch	true
land_units_concealed_name_kadon_bind_exalted_flamer		true
unit_abilities_onscreen_name_kadon_bind_exalted_flamer	Kadon Scroll of Binding (Exalted Flamer of Tzeentch)	true
unit_abilities_tooltip_text_kadon_bind_exalted_flamer	Kadon Scrolls of Binding are prized throughout the many realms of the world due to their rarity and the ability to control and bind a particular creature to the user's will.	true
ancillaries_onscreen_name_kadon_kin_exalted_flamer	Kadon Scroll of Kin (Exalted Flamer of Tzeentch)	true
ancillaries_colour_text_kadon_kin_exalted_flamer	Kadon Scrolls of Kin are prized throughout the many realms of the world due to their rarity and the ability to control a particular creature and offering a lasting bond without the constraints of fleeting magic.	true
effects_description_kadon_kin_exalted_flamer	Ability: "Kadon Scroll of Kin (Exalted Flamer of Tzeentch)"	true
land_units_onscreen_name_kadon_kin_exalted_flamer	Exalted Flamer of Tzeentch	true
land_units_concealed_name_kadon_kin_exalted_flamer		true
unit_abilities_onscreen_name_kadon_kin_exalted_flamer	Kadon Scroll of Kin (Exalted Flamer of Tzeentch)	true
unit_abilities_tooltip_text_kadon_kin_exalted_flamer	Kadon Scrolls of Kin are prized throughout the many realms of the world due to their rarity and the ability to control a particular creature and offering a lasting bond without the constraints of fleeting magic.	true
unit_abilities_additional_ui_effects_localised_text_kadon_exalted_flamer	[[col:green]]Summons an Exalted Flamer of Tzeentch[[/col]]	true
ancillaries_onscreen_name_kadon_bind_flamers_of_tzeentch	Kadon Scroll of Binding (Flamers of Tzeentch)	true
ancillaries_colour_text_kadon_bind_flamers_of_tzeentch	Kadon Scrolls of Binding are prized throughout the many realms of the world due to their rarity and the ability to control and bind a particular creature to the user's will.	true
effects_description_kadon_bind_flamers_of_tzeentch	Ability: "Kadon Scroll of Binding (Flamers of Tzeentch)"	true
land_units_onscreen_name_kadon_bind_flamers_of_tzeentch	Flamers of Tzeentch	true
land_units_concealed_name_kadon_bind_flamers_of_tzeentch		true
unit_abilities_onscreen_name_kadon_bind_flamers_of_tzeentch	Kadon Scroll of Binding (Flamers of Tzeentch)	true
unit_abilities_tooltip_text_kadon_bind_flamers_of_tzeentch	Kadon Scrolls of Binding are prized throughout the many realms of the world due to their rarity and the ability to control and bind a particular creature to the user's will.	true
ancillaries_onscreen_name_kadon_kin_flamers_of_tzeentch	Kadon Scroll of Kin (Flamers of Tzeentch)	true
ancillaries_colour_text_kadon_kin_flamers_of_tzeentch	Kadon Scrolls of Kin are prized throughout the many realms of the world due to their rarity and the ability to control a particular creature and offering a lasting bond without the constraints of fleeting magic.	true
effects_description_kadon_kin_flamers_of_tzeentch	Ability: "Kadon Scroll of Kin (Flamers of Tzeentch)"	true
land_units_onscreen_name_kadon_kin_flamers_of_tzeentch	Flamers of Tzeentch	true
land_units_concealed_name_kadon_kin_flamers_of_tzeentch		true
unit_abilities_onscreen_name_kadon_kin_flamers_of_tzeentch	Kadon Scroll of Kin (Flamers of Tzeentch)	true
unit_abilities_tooltip_text_kadon_kin_flamers_of_tzeentch	Kadon Scrolls of Kin are prized throughout the many realms of the world due to their rarity and the ability to control a particular creature and offering a lasting bond without the constraints of fleeting magic.	true
unit_abilities_additional_ui_effects_localised_text_kadon_flamers_of_tzeentch	[[col:green]]Summons Flamers of Tzeentch[[/col]]	true
ancillaries_onscreen_name_kadon_bind_lord_of_change	Kadon Scroll of Binding (Lord of Change)	true
ancillaries_colour_text_kadon_bind_lord_of_change	Kadon Scrolls of Binding are prized throughout the many realms of the world due to their rarity and the ability to control and bind a particular creature to the user's will.	true
effects_description_kadon_bind_lord_of_change	Ability: "Kadon Scroll of Binding (Lord of Change)"	true
land_units_onscreen_name_kadon_bind_lord_of_change	Lord of Change	true
land_units_concealed_name_kadon_bind_lord_of_change		true
unit_abilities_onscreen_name_kadon_bind_lord_of_change	Kadon Scroll of Binding (Lord of Change)	true
unit_abilities_tooltip_text_kadon_bind_lord_of_change	Kadon Scrolls of Binding are prized throughout the many realms of the world due to their rarity and the ability to control and bind a particular creature to the user's will.	true
ancillaries_onscreen_name_kadon_kin_lord_of_change	Kadon Scroll of Kin (Lord of Change)	true
ancillaries_colour_text_kadon_kin_lord_of_change	Kadon Scrolls of Kin are prized throughout the many realms of the world due to their rarity and the ability to control a particular creature and offering a lasting bond without the constraints of fleeting magic.	true
effects_description_kadon_kin_lord_of_change	Ability: "Kadon Scroll of Kin (Lord of Change)"	true
land_units_onscreen_name_kadon_kin_lord_of_change	Lord of Change	true
land_units_concealed_name_kadon_kin_lord_of_change		true
unit_abilities_onscreen_name_kadon_kin_lord_of_change	Kadon Scroll of Kin (Lord of Change)	true
unit_abilities_tooltip_text_kadon_kin_lord_of_change	Kadon Scrolls of Kin are prized throughout the many realms of the world due to their rarity and the ability to control a particular creature and offering a lasting bond without the constraints of fleeting magic.	true
unit_abilities_additional_ui_effects_localised_text_kadon_lord_of_change	[[col:green]]Summons a Lord of Change[[/col]]	true
ancillaries_onscreen_name_kadon_bind_mutalith_vortex_beast	Kadon Scroll of Binding (Mutalith Vortex Beast)	true
ancillaries_colour_text_kadon_bind_mutalith_vortex_beast	Kadon Scrolls of Binding are prized throughout the many realms of the world due to their rarity and the ability to control and bind a particular creature to the user's will.	true
effects_description_kadon_bind_mutalith_vortex_beast	Ability: "Kadon Scroll of Binding (Mutalith Vortex Beast)"	true
land_units_onscreen_name_kadon_bind_mutalith_vortex_beast	Mutalith Vortex Beast	true
land_units_concealed_name_kadon_bind_mutalith_vortex_beast		true
unit_abilities_onscreen_name_kadon_bind_mutalith_vortex_beast	Kadon Scroll of Binding (Mutalith Vortex Beast)	true
unit_abilities_tooltip_text_kadon_bind_mutalith_vortex_beast	Kadon Scrolls of Binding are prized throughout the many realms of the world due to their rarity and the ability to control and bind a particular creature to the user's will.	true
ancillaries_onscreen_name_kadon_kin_mutalith_vortex_beast	Kadon Scroll of Kin (Mutalith Vortex Beast)	true
ancillaries_colour_text_kadon_kin_mutalith_vortex_beast	Kadon Scrolls of Kin are prized throughout the many realms of the world due to their rarity and the ability to control a particular creature and offering a lasting bond without the constraints of fleeting magic.	true
effects_description_kadon_kin_mutalith_vortex_beast	Ability: "Kadon Scroll of Kin (Mutalith Vortex Beast)"	true
land_units_onscreen_name_kadon_kin_mutalith_vortex_beast	Mutalith Vortex Beast	true
land_units_concealed_name_kadon_kin_mutalith_vortex_beast		true
unit_abilities_onscreen_name_kadon_kin_mutalith_vortex_beast	Kadon Scroll of Kin (Mutalith Vortex Beast)	true
unit_abilities_tooltip_text_kadon_kin_mutalith_vortex_beast	Kadon Scrolls of Kin are prized throughout the many realms of the world due to their rarity and the ability to control a particular creature and offering a lasting bond without the constraints of fleeting magic.	true
unit_abilities_additional_ui_effects_localised_text_kadon_mutalith_vortex_beast	[[col:green]]Summons a Mutalith Vortex Beast[[/col]]	true
ancillaries_onscreen_name_kadon_bind_screamers_of_tzeentch	Kadon Scroll of Binding (Screamers of Tzeentch)	true
ancillaries_colour_text_kadon_bind_screamers_of_tzeentch	Kadon Scrolls of Binding are prized throughout the many realms of the world due to their rarity and the ability to control and bind a particular creature to the user's will.	true
effects_description_kadon_bind_screamers_of_tzeentch	Ability: "Kadon Scroll of Binding (Screamers of Tzeentch)"	true
land_units_onscreen_name_kadon_bind_screamers_of_tzeentch	Screamers of Tzeentch	true
land_units_concealed_name_kadon_bind_screamers_of_tzeentch		true
unit_abilities_onscreen_name_kadon_bind_screamers_of_tzeentch	Kadon Scroll of Binding (Screamers of Tzeentch)	true
unit_abilities_tooltip_text_kadon_bind_screamers_of_tzeentch	Kadon Scrolls of Binding are prized throughout the many realms of the world due to their rarity and the ability to control and bind a particular creature to the user's will.	true
ancillaries_onscreen_name_kadon_kin_screamers_of_tzeentch	Kadon Scroll of Kin (Screamers of Tzeentch)	true
ancillaries_colour_text_kadon_kin_screamers_of_tzeentch	Kadon Scrolls of Kin are prized throughout the many realms of the world due to their rarity and the ability to control a particular creature and offering a lasting bond without the constraints of fleeting magic.	true
effects_description_kadon_kin_screamers_of_tzeentch	Ability: "Kadon Scroll of Kin (Screamers of Tzeentch)"	true
land_units_onscreen_name_kadon_kin_screamers_of_tzeentch	Screamers of Tzeentch	true
land_units_concealed_name_kadon_kin_screamers_of_tzeentch		true
unit_abilities_onscreen_name_kadon_kin_screamers_of_tzeentch	Kadon Scroll of Kin (Screamers of Tzeentch)	true
unit_abilities_tooltip_text_kadon_kin_screamers_of_tzeentch	Kadon Scrolls of Kin are prized throughout the many realms of the world due to their rarity and the ability to control a particular creature and offering a lasting bond without the constraints of fleeting magic.	true
unit_abilities_additional_ui_effects_localised_text_kadon_screamers_of_tzeentch	[[col:green]]Summons Screamers of Tzeentch[[/col]]	true
ancillaries_onscreen_name_kadon_bind_soul_grinder_of_tzeentch	Kadon Scroll of Binding (Soul Grinder of Tzeentch)	true
ancillaries_colour_text_kadon_bind_soul_grinder_of_tzeentch	Kadon Scrolls of Binding are prized throughout the many realms of the world due to their rarity and the ability to control and bind a particular creature to the user's will.	true
effects_description_kadon_bind_soul_grinder_of_tzeentch	Ability: "Kadon Scroll of Binding (Soul Grinder of Tzeentch)"	true
land_units_onscreen_name_kadon_bind_soul_grinder_of_tzeentch	Soul Grinder of Tzeentch	true
land_units_concealed_name_kadon_bind_soul_grinder_of_tzeentch		true
unit_abilities_onscreen_name_kadon_bind_soul_grinder_of_tzeentch	Kadon Scroll of Binding (Soul Grinder of Tzeentch)	true
unit_abilities_tooltip_text_kadon_bind_soul_grinder_of_tzeentch	Kadon Scrolls of Binding are prized throughout the many realms of the world due to their rarity and the ability to control and bind a particular creature to the user's will.	true
ancillaries_onscreen_name_kadon_kin_soul_grinder_of_tzeentch	Kadon Scroll of Kin (Soul Grinder of Tzeentch)	true
ancillaries_colour_text_kadon_kin_soul_grinder_of_tzeentch	Kadon Scrolls of Kin are prized throughout the many realms of the world due to their rarity and the ability to control a particular creature and offering a lasting bond without the constraints of fleeting magic.	true
effects_description_kadon_kin_soul_grinder_of_tzeentch	Ability: "Kadon Scroll of Kin (Soul Grinder of Tzeentch)"	true
land_units_onscreen_name_kadon_kin_soul_grinder_of_tzeentch	Soul Grinder of Tzeentch	true
land_units_concealed_name_kadon_kin_soul_grinder_of_tzeentch		true
unit_abilities_onscreen_name_kadon_kin_soul_grinder_of_tzeentch	Kadon Scroll of Kin (Soul Grinder of Tzeentch)	true
unit_abilities_tooltip_text_kadon_kin_soul_grinder_of_tzeentch	Kadon Scrolls of Kin are prized throughout the many realms of the world due to their rarity and the ability to control a particular creature and offering a lasting bond without the constraints of fleeting magic.	true
unit_abilities_additional_ui_effects_localised_text_kadon_soul_grinder_of_tzeentch	[[col:green]]Summons a Soul Grinder of Tzeentch[[/col]]	true
ancillaries_onscreen_name_kadon_bind_spawn_of_tzeentch	Kadon Scroll of Binding (Spawn of Tzeentch)	true
ancillaries_colour_text_kadon_bind_spawn_of_tzeentch	Kadon Scrolls of Binding are prized throughout the many realms of the world due to their rarity and the ability to control and bind a particular creature to the user's will.	true
effects_description_kadon_bind_spawn_of_tzeentch	Ability: "Kadon Scroll of Binding (Spawn of Tzeentch)"	true
land_units_onscreen_name_kadon_bind_spawn_of_tzeentch	Spawn of Tzeentch	true
land_units_concealed_name_kadon_bind_spawn_of_tzeentch		true
unit_abilities_onscreen_name_kadon_bind_spawn_of_tzeentch	Kadon Scroll of Binding (Spawn of Tzeentch)	true
unit_abilities_tooltip_text_kadon_bind_spawn_of_tzeentch	Kadon Scrolls of Binding are prized throughout the many realms of the world due to their rarity and the ability to control and bind a particular creature to the user's will.	true
ancillaries_onscreen_name_kadon_kin_spawn_of_tzeentch	Kadon Scroll of Kin (Spawn of Tzeentch)	true
ancillaries_colour_text_kadon_kin_spawn_of_tzeentch	Kadon Scrolls of Kin are prized throughout the many realms of the world due to their rarity and the ability to control a particular creature and offering a lasting bond without the constraints of fleeting magic.	true
effects_description_kadon_kin_spawn_of_tzeentch	Ability: "Kadon Scroll of Kin (Spawn of Tzeentch)"	true
land_units_onscreen_name_kadon_kin_spawn_of_tzeentch	Spawn of Tzeentch	true
land_units_concealed_name_kadon_kin_spawn_of_tzeentch		true
unit_abilities_onscreen_name_kadon_kin_spawn_of_tzeentch	Kadon Scroll of Kin (Spawn of Tzeentch)	true
unit_abilities_tooltip_text_kadon_kin_spawn_of_tzeentch	Kadon Scrolls of Kin are prized throughout the many realms of the world due to their rarity and the ability to control a particular creature and offering a lasting bond without the constraints of fleeting magic.	true
unit_abilities_additional_ui_effects_localised_text_kadon_spawn_of_tzeentch	[[col:green]]Summons Spawn of Tzeentch[[/col]]	true
ancillaries_onscreen_name_kadon_bind_chaos_furies	Kadon Scroll of Binding (Chaos Furies)	true
ancillaries_colour_text_kadon_bind_chaos_furies	Kadon Scrolls of Binding are prized throughout the many realms of the world due to their rarity and the ability to control and bind a particular creature to the user's will.	true
effects_description_kadon_bind_chaos_furies	Ability: "Kadon Scroll of Binding (Chaos Furies)"	true
land_units_onscreen_name_kadon_bind_chaos_furies	Chaos Furies	true
land_units_concealed_name_kadon_bind_chaos_furies		true
unit_abilities_onscreen_name_kadon_bind_chaos_furies	Kadon Scroll of Binding (Chaos Furies)	true
unit_abilities_tooltip_text_kadon_bind_chaos_furies	Kadon Scrolls of Binding are prized throughout the many realms of the world due to their rarity and the ability to control and bind a particular creature to the user's will.	true
ancillaries_onscreen_name_kadon_kin_chaos_furies	Kadon Scroll of Kin (Chaos Furies)	true
ancillaries_colour_text_kadon_kin_chaos_furies	Kadon Scrolls of Kin are prized throughout the many realms of the world due to their rarity and the ability to control a particular creature and offering a lasting bond without the constraints of fleeting magic.	true
effects_description_kadon_kin_chaos_furies	Ability: "Kadon Scroll of Kin (Chaos Furies)"	true
land_units_onscreen_name_kadon_kin_chaos_furies	Chaos Furies	true
land_units_concealed_name_kadon_kin_chaos_furies		true
unit_abilities_onscreen_name_kadon_kin_chaos_furies	Kadon Scroll of Kin (Chaos Furies)	true
unit_abilities_tooltip_text_kadon_kin_chaos_furies	Kadon Scrolls of Kin are prized throughout the many realms of the world due to their rarity and the ability to control a particular creature and offering a lasting bond without the constraints of fleeting magic.	true
unit_abilities_additional_ui_effects_localised_text_kadon_chaos_furies	[[col:green]]Summons Chaos Furies[[/col]]	true
ancillaries_onscreen_name_kadon_bind_feral_bears	Kadon Scroll of Binding (Feral Bears)	true
ancillaries_colour_text_kadon_bind_feral_bears	Kadon Scrolls of Binding are prized throughout the many realms of the world due to their rarity and the ability to control and bind a particular creature to the user's will.	true
effects_description_kadon_bind_feral_bears	Ability: "Kadon Scroll of Binding (Feral Bears)"	true
land_units_onscreen_name_kadon_bind_feral_bears	Feral Bears	true
land_units_concealed_name_kadon_bind_feral_bears		true
unit_abilities_onscreen_name_kadon_bind_feral_bears	Kadon Scroll of Binding (Feral Bears)	true
unit_abilities_tooltip_text_kadon_bind_feral_bears	Kadon Scrolls of Binding are prized throughout the many realms of the world due to their rarity and the ability to control and bind a particular creature to the user's will.	true
ancillaries_onscreen_name_kadon_kin_feral_bears	Kadon Scroll of Kin (Feral Bears)	true
ancillaries_colour_text_kadon_kin_feral_bears	Kadon Scrolls of Kin are prized throughout the many realms of the world due to their rarity and the ability to control a particular creature and offering a lasting bond without the constraints of fleeting magic.	true
effects_description_kadon_kin_feral_bears	Ability: "Kadon Scroll of Kin (Feral Bears)"	true
land_units_onscreen_name_kadon_kin_feral_bears	Feral Bears	true
land_units_concealed_name_kadon_kin_feral_bears		true
unit_abilities_onscreen_name_kadon_kin_feral_bears	Kadon Scroll of Kin (Feral Bears)	true
unit_abilities_tooltip_text_kadon_kin_feral_bears	Kadon Scrolls of Kin are prized throughout the many realms of the world due to their rarity and the ability to control a particular creature and offering a lasting bond without the constraints of fleeting magic.	true
unit_abilities_additional_ui_effects_localised_text_kadon_feral_bears	[[col:green]]Summons Feral Bears[[/col]]	true
