key	accuracy	armour	campaign_action_points	category	charge_bonus	class	historical_description_text	man_animation	man_entity	melee_attack	melee_defence	morale	bonus_hit_points	mount	num_mounts	primary_melee_weapon	primary_missile_weapon	rank_depth	shield	short_description_text	spacing	training_level	articulated_record	engine	is_male	visibility_spotting_range_min	visibility_spotting_range_max	attribute_group	spot_dist_tree	spot_dist_scrub	reload	selection_vo	selected_vo_secondary	selected_vo_tertiary	hiding_scalar	ground_stat_effect_group	secondary_ammo	primary_ammo	damage_mod_flame	damage_mod_magic	num_engines	damage_mod_physical	damage_mod_missile	damage_mod_all	ai_usage_group	can_skirmish	can_brace	mounted_draughts	sync_locomotion	capture_tier	key_building_capture_tier	score_capture_tier	harmony_amplification_type	first_person	ar_unit_category	healing_power	spell_mastery	infinite_secondary_ammo	default_guard_mode
#land_units_tables;54;db/land_units_tables/!!!pwner1_wh3_ete_unit_pack
10tze	10	wh2_main_body_30	2100	inf_melee	35	inf_mel	wh3_main_unit_long_text_tze_mon_lord_of_change_0	hu10c_exalted_lord_of_change_staff	wh_main_chs_lord_of_change_blood	45	45	60	5220		0	wh3_main_tze_lord_of_change_staff		1	none	10tze	wh2_dlc11_cst_rotting_prometheans	trained			true	40.0000	1500.0000	10tze	60	80	0	vo_sel_default	vo_sel_culture	vo_sel_culture	1.0000	large	0	0	0	0	0	20	0	0	flying_melee	false	false	false	false	cant_capture	cant_capture	cant_capture			melee	1.0000	1.0000	false	false
1wyrm	10	wh2_main_body_70	2100	war_beast	57	cav_mel	wh_dlc08_unit_long_text_nor_frost_wyrm	hu1c_chaos_dr1b_chaos_dragon_wb_sword_and_shield	wh_main_infantry_rider	45	41	70	5112	1wyrm	4	wh_dlc08_nor_wyrm		1	wh_missile_block_35_metal	1wyrm	wh2_dlc15_super_monstrous_cavalry_flying	trained			true	40.0000	1500.0000	1wyrm	60	80	0	vo_sel_default	vo_sel_generic	vo_sel_culture	1.0000	large	0	0	-25	0	0	0	15	0	flying_melee_flanker_shock_highvalue	false	false	false	false	cant_capture	cant_capture	cant_capture				1.0000	1.0000	false	false
2mammoth	10	wh2_main_leather_50	2100	war_beast	68	inf_mel	wh_dlc08_unit_long_text_nor_feral_mammoth	hu1c_norsca_wm_chaos_chariot_throwing_axes	wh_main_infantry_rider	30	28	50	8380	2mammoth	4	wh_dlc08_nor_mammoth_tusks		1	none	2mammoth	wh_dlc08_nor_mammoth_herd_ror	trained			true	40.0000	1500.0000	2mammoth	60	80	0	vo_sel_default	vo_sel_cavalry	vo_sel_culture	1.0000	large	0	50	0	0	0	0	15	0	melee_gatecrusher_highvalue	false	false	false	false	medium	medium	domination_monsters			melee	1.0000	1.0000	false	false
3dae	10	wh2_main_heavy_metal_90	2100	inf_ranged	30	spcl	wh3_main_unit_long_text_nur_mon_soul_grinder_0	hc7_wh3_nurgle_soul_grinder	wh3_main_monster_nur_soul_grinder_blood	42	35	55	6680		0	wh3_main_nurgle_soul_grinder	wh3_main_nur_soul_grinder_bombard	1	none	wh3_main_sla_mon_soul_grinder_0_ete	wh_dlc08_nor_mammoth_herd_ror	trained			true	40.0000	1500.0000	wh3_main_nur_mon_soul_grinder_0	60	80	0	vo_sel_default	vo_sel_default	vo_sel_culture	1.0000	large	0	15	0	0	0	20	0	0	ranged_no_skirmish_gatecrusher	false	false	false	false	medium	medium	domination_monsters			artillery	1.0000	1.0000	false	false
3manticore_kho	10	wh2_main_heavy_metal_130	2100	war_beast	50	cav_mel	wh3_dlc20_unit_long_text_chs_chaos_lord_all_und	hu1c_dlc26_bc4_flesh_hound_arbaal_axe	wh3_dlc20_chs_cha_lord_hero	70	33	75	3964	wh3_dlc26_kho_mnt_flesh_hound_of_khorne_arbaal_ete	4	wh3_dlc20_chs_cha_exalted_hero_mnur_great_axe_rot_beast_ete		1	wh_missile_block_35_metal	3manticore_sla	wh2_dlc09_necroserpents	trained			true	40.0000	1500.0000	3manticore_kho	60	80	0	vo_sel_chaos_knights	vo_sel_cavalry	vo_sel_dlc20_chaos_faction_leader	1.0000	large	0	0	0	20	0	0	0	0	flying_melee_flanker_shock_highvalue	false	false	false	false	cant_capture	cant_capture	cant_capture				1.0000	1.0000	false	false
3manticore_nur	10	wh2_main_heavy_metal_100	2100	war_beast	65	cav_mel	wh3_dlc20_unit_long_text_chs_chaos_lord_all_und	hu1c_b4c_exalted_hero_nur_rot_beast_2hax	wh3_dlc20_chs_cha_hero_mnur	60	43	75	4434	wh3_dlc25_nur_mnt_rot_beast_hero_ete	4	wh3_dlc20_chs_cha_exalted_hero_mnur_great_axe_rot_beast		1	none	3manticore_sla	wh2_dlc09_necroserpents	trained			true	40.0000	1500.0000	3manticore_nur	60	80	0	vo_sel_chaos_knights	vo_sel_cavalry	vo_sel_dlc20_chaos_faction_leader	1.0000	large	0	0	0	0	0	0	0	0	flying_melee_flanker_shock_highvalue	false	false	false	false	cant_capture	cant_capture	cant_capture				1.0000	1.0000	false	false
3manticore_sla	10	wh2_main_heavy_metal_90	2100	war_beast	65	cav_mel	wh3_dlc20_unit_long_text_chs_chaos_lord_all_und	hu1c_dlc27_chaos_sn1b_daemonic_steed_sword_and_shield	wh3_dlc20_chs_cha_lord_msla	55	48	75	3664	wh3_dlc27_sla_mnt_daemonic_steed_lord	4	wh3_dlc27_chs_sword_lord_daemonic_steed		1	wh_missile_block_55_metal	3manticore_sla	wh2_dlc09_necroserpents	trained			true	40.0000	1500.0000	3manticore_sla	60	80	0	vo_sel_chaos_knights	vo_sel_generic	vo_sel_dlc20_chaos_faction_leader	1.0000	large	0	0	0	0	0	5	0	0	flying_melee_flanker_shock_highvalue	false	false	false	false	cant_capture	cant_capture	cant_capture				1.0000	1.0000	false	false
3manticore_tze	10	wh2_main_heavy_metal_100	2100	war_beast	35	cav_mel	wh3_dlc20_unit_long_text_chs_chaos_lord_all_und	hu1c_dlc24_chaos_lord_tzeentch_wm_disc01_halberd_and_shield	wh3_dlc20_chs_cha_chaos_lord_hero_mtze_disc	40	53	75	3164		0	wh3_dlc24_chs_cha_exalted_hero_mtze_halberd		1	wh_missile_block_55_metal	3manticore_sla	wh2_dlc09_necroserpents	trained			true	40.0000	1500.0000	3manticore_tze	60	80	0	vo_sel_chaos_knights	vo_sel_cavalry	vo_sel_dlc20_chaos_faction_leader	1.0000	large	0	0	0	0	0	0	0	0	flying_melee_flanker_shock_highvalue	false	false	false	false	cant_capture	cant_capture	cant_capture				1.0000	1.0000	false	false
4dragon	10	wh2_main_body_70	2100	war_beast	50	cav_mel	wh3_dlc20_unit_long_text_chs_chaos_lord_all_und	hu1c_chaos_dr1b_chaos_dragon_wb_sword_and_shield	wh_main_infantry_rider	54	44	60	5316	wh_dlc01_chs_mnt_dragon	4	wh_dlc01_chs_dragon		1	wh_missile_block_35_metal	4dragon	wh_dlc08_nor_mammoth_herd_ror	trained			true	40.0000	1500.0000	4dragon	60	80	0	vo_sel_chaos_knights	vo_sel_cavalry	vo_sel_culture	1.0000	large	0	0	0	0	0	0	10	0	flying_melee_flanker_shock_highvalue	false	false	false	false	cant_capture	cant_capture	cant_capture				1.0000	1.0000	false	false
4dragon_kho	10	wh2_main_body_70	2100	war_beast	50	cav_mel	wh3_dlc20_unit_long_text_chs_chaos_lord_all_und	hu1c_chaos_dr1b_chaos_dragon_wb_sword_and_shield	wh_main_infantry_rider	59	39	60	5316	4dragon_kho	4	wh_dlc01_chs_dragon_kho		1	wh_missile_block_35_metal	4dragon_kho	wh_dlc08_nor_mammoth_herd_ror	trained			true	40.0000	1500.0000	4dragon_kho	60	80	0	vo_sel_chaos_knights	vo_sel_cavalry	vo_sel_culture	1.0000	large	0	0	0	20	0	5	10	0	flying_melee_flanker_shock_highvalue	false	false	false	false	cant_capture	cant_capture	cant_capture				1.0000	1.0000	false	false
4dragon_nur	10	wh2_main_body_70	2100	war_beast	50	cav_mel	wh3_dlc20_unit_long_text_chs_chaos_lord_all_und	hu1c_chaos_dr1b_chaos_dragon_wb_sword_and_shield	wh_main_infantry_rider	49	49	60	5816	4dragon_nur	4	wh_dlc01_chs_dragon_nur		1	wh_missile_block_35_metal	4dragon_nur	wh_dlc08_nor_mammoth_herd_ror	trained			true	40.0000	1500.0000	4dragon_nur	60	80	0	vo_sel_chaos_knights	vo_sel_cavalry	vo_sel_culture	1.0000	large	0	0	0	0	0	0	10	0	flying_melee_flanker_shock_highvalue	false	false	false	false	cant_capture	cant_capture	cant_capture				1.0000	1.0000	false	false
4dragon_sla	10	wh2_main_body_70	2100	war_beast	50	cav_mel	wh3_dlc20_unit_long_text_chs_chaos_lord_all_und	hu1c_chaos_dr1b_chaos_dragon_wb_sword_and_shield	wh_main_infantry_rider	55	41	60	5316	4dragon_sla	4	wh_dlc01_chs_dragon_sla		1	wh_missile_block_35_metal	4dragon_sla	wh_dlc08_nor_mammoth_herd_ror	trained			true	40.0000	1500.0000	4dragon_sla	60	80	0	vo_sel_chaos_knights	vo_sel_cavalry	vo_sel_culture	1.0000	large	0	0	0	0	0	0	10	0	flying_melee_flanker_shock_highvalue	false	false	false	false	cant_capture	cant_capture	cant_capture				1.0000	1.0000	false	false
4dragon_tze	10	wh2_main_body_70	2100	war_beast	50	cav_mel	wh3_dlc20_unit_long_text_chs_chaos_lord_all_und	hu1c_chaos_dr1b_chaos_dragon_wb_sword_and_shield	wh_main_infantry_rider	50	46	60	5316	4dragon_tze	4	wh_dlc01_chs_dragon_tze		1	wh_missile_block_35_metal	4dragon_tze	wh_dlc08_nor_mammoth_herd_ror	trained			true	40.0000	1500.0000	4dragon_tze	60	80	0	vo_sel_chaos_knights	vo_sel_cavalry	vo_sel_culture	1.0000	large	0	0	0	0	0	0	10	0	flying_melee_flanker_shock_highvalue	false	false	false	false	cant_capture	cant_capture	cant_capture				1.0000	1.0000	false	false
4kho	10	wh2_main_body_70	2100	inf_melee	55	inf_mel	wh3_main_unit_long_text_kho_mon_bloodthirster_0	hu10_wh3_bloodthirster_great_axe	wh3_main_kho_mon_bloodthirster	60	44	60	6024		0	wh3_main_kho_bloodthirster_axe		1	none	4kho	wh2_dlc11_cst_rotting_prometheans	trained			true	40.0000	1500.0000	4kho	60	80	0	vo_sel_default	vo_sel_culture	vo_sel_culture	1.0000	large	0	0	0	35	0	20	0	0	flying_melee_flanker	false	false	false	false	cant_capture	cant_capture	cant_capture			melee	1.0000	1.0000	false	false
6nur	10	wh2_main_body_50	2100	inf_melee	20	inf_mel	wh3_main_unit_long_text_nur_mon_great_unclean_one_0	hu9b_wh3_great_unclean_one_sword	wh3_main_monster_great_unclean_one	55	45	75	9152		0	wh3_main_great_unclean_one		1	none	6nur	wh2_dlc11_cst_rotting_prometheans	trained			true	40.0000	1500.0000	6nur	60	80	0	vo_sel_default	vo_sel_culture	vo_sel_culture	1.0000	large	0	0	0	0	0	10	0	0	melee_highvalue	false	true	false	false	cant_capture	cant_capture	cant_capture				1.0000	1.0000	false	false
8sla	10	wh2_main_body_15	2100	inf_melee	60	inf_mel	wh3_main_unit_long_text_sla_mon_keeper_of_secrets_0	hu16b_wh3_keepers_secrets	wh3_main_monster_keeper_of_secrets	60	50	60	5220		0	wh3_main_sla_keeper_of_secrets_sword		1	wh_missile_block_20_metal	8sla	wh2_dlc11_cst_rotting_prometheans	trained			true	40.0000	1500.0000	8sla	60	80	0	vo_sel_default	vo_sel_melee	vo_sel_culture	1.0000	large	0	0	0	0	0	20	0	0	melee_gatecrusher	false	true	false	false	medium	medium	domination_monsters			melee	1.0000	1.0000	false	false
def_rider_1	0	wh2_main_body_45	2100	war_beast	50	cav_mel	wh2_main_unit_long_text_def_cha_death_hag_0	hu1b_elf_bc3_manticore_wb_dual_sword	wh2_main_cavalry_rider_standard_hero	40	34	56	4095	wh2_dlc10_def_mnt_manticore	4	wh_dlc03_bst_manticore		1	none	def_rider_1	wh_main_chariot	trained			false	40.0000	1500.0000	def_rider_1	60	80	0	vo_sel_default	vo_sel_melee	vo_sel_culture	1.0000	large	0	0	0	0	0	0	10	0	flying_melee_highvalue	false	false	false	false	cant_capture	cant_capture	cant_capture				1.0000	1.0000	false	false
def_rider_4	10	wh2_main_body_90	2100	war_beast	50	cav_mel	wh2_dlc14_unit_long_text_def_cha_high_beastmaster	hu1d_twa03_wb_dr1_rakarth_spear_whip	wh2_main_cavalry_rider_standard_hero	50	46	60	5316	wh2_main_def_mnt_black_dragon	4	wh2_main_def_black_dragon		1	none	def_rider_4	wh_dlc08_nor_mammoth_herd_ror	trained			true	40.0000	1500.0000	def_rider_4	60	80	0	vo_sel_default	vo_sel_melee	vo_sel_culture	1.0000	large	0	0	0	0	0	0	10	0	flying_hybrid_highvalue	false	false	false	false	cant_capture	cant_capture	cant_capture				1.0000	1.0000	false	false
hef_rider_1	10	wh2_main_plate_120	2100	war_beast	90	cav_mel	wh2_main_unit_long_text_hef_cha_noble_3	hu1d_elf_hr1_warhorse_lance_sword_shield	wh_main_cavalry_rider_standard_blood_fireborn	40	48	85	3520	wh2_main_hef_mnt_dragon_princes_ete	4	wh2_dlc15_hef_imrik_lance_ete		1	wh_missile_block_35_metal	hef_rider_1	wh3_main_cth_crane_gunners	trained			true	40.0000	1500.0000	hef_rider_1	60	80	0	vo_sel_hef_Phoenix_Guard	vo_sel_cavalry	vo_sel_culture	1.0000	large	0	0	0	0	0	0	0	0	flying_melee_highvalue	false	false	false	false	cant_capture	cant_capture	cant_capture				1.0000	1.0000	false	false
hef_rider_4	10	wh2_main_body_30	2100	war_beast	54	cav_mel	wh2_main_unit_long_text_hef_mon_phoenix_flamespyre	hu1d_elf_bi1_eagle_wb_sword_and_shield	wh2_main_cavalry_rider_standard_hero	42	30	60	3820	flamer_phoenix	4	wh2_main_hef_flamespyre_phoenix		1	wh_missile_block_35_metal	hef_rider_4	wh_main_chariot	trained			true	40.0000	1500.0000	hef_rider_4	60	80	0	vo_sel_hef_Phoenix_Guard	vo_sel_culture	vo_sel_culture	1.0000	large	0	0	0	0	0	0	0	0	flying_melee_flanker_shock_highvalue	false	false	false	false	cant_capture	cant_capture	cant_capture				1.0000	1.0000	false	false
hef_rider_5	10	wh2_main_body_50	2100	war_beast	62	cav_mis	wh2_main_unit_long_text_hef_cha_noble_3	hu1b_elf_bi1_eagle_wb_sword_and_bow	wh2_main_cavalry_rider_standard_hero	44	30	65	3085	wh2_main_hef_mnt_great_eagle	4	wh_dlc05_wef_great_eagle	wh2_dlc10_hef_longbow_arrow_handmaiden	1	none	hef_rider_5	wh_main_chariot	trained			false	40.0000	1500.0000	hef_rider_5	60	80	0	vo_sel_missile	vo_sel_generic	vo_sel_generic_short	1.0000	large	0	20	0	0	0	0	0	0	flying_hybrid_highvalue	true	false	false	false	cant_capture	cant_capture	cant_capture				1.0000	1.0000	false	false
hef_rider_6	10	wh2_main_body_70	2100	war_beast	65	cav_mel	wh2_main_unit_long_text_hef_cha_prince_4	hu1d_elf_dr1_dragon_wb_sword_and_shield	wh2_main_cavalry_rider_standard_hero	46	44	60	5000	wh2_main_hef_mnt_sun_dragon	4	wh2_main_hef_sun_dragon		1	none	hef_rider_6	wh_dlc08_nor_mammoth_herd_ror	trained			true	40.0000	1500.0000	hef_rider_6	60	80	0	vo_sel_hef_The_Fireborn	vo_sel_cavalry	vo_sel_culture	1.0000	large	0	0	0	0	0	0	10	0	flying_melee_highvalue	false	false	false	false	cant_capture	cant_capture	cant_capture				1.0000	1.0000	false	false
hef_rider_8	10	wh2_main_chainmail_40	2100	artillery	12	art_fld	wh2_main_unit_long_text_hef_art_eagle_claw_bolt_thrower	hu1d_elf_sword	wh2_main_hef_infantry_heavy_blood_dismembers	31	22	70	55		0	wh2_main_def_sword		6	none	hef_rider_8	wh_main_artillery	trained		wh2_main_hef_art_eagle_claw_bolt_thrower	true	40.0000	1500.0000	hef_rider_8	60	80	0	vo_sel_hef_Eagle_Claw_Bolt_Thrower	vo_sel_artillery	vo_sel_generic	1.0000	small	0	19	0	0	12	0	0	0	ranged_direct_arty	false	false	false	false	medium	medium	domination_artillery		wh_dlc06_dwf_art_bolt_thrower	artillery	1.0000	1.0000	false	false
lzd_rider_3	0	wh2_main_body_95	2100	war_beast	50	inf_mel	wh2_main_unit_long_text_lzd_mon_carnosaur_0	hu7b_saurus_rp3b_carnosaur_wb_club_and_shield	wh2_main_lzd_warbeast_rider_360_hero_blood	45	40	60	5636	carno_2	4	wh2_main_lzd_feral_carnosaur		1	none	lzd_rider_3	wh3_main_ogr_mournfangs	trained			true	40.0000	1500.0000	lzd_rider_3	60	80	0	vo_sel_default	vo_sel_generic	vo_sel_culture	1.0000	large	0	0	0	0	0	0	0	0	melee_gatecrusher_highvalue	false	false	false	false	medium	medium	domination_monsters				1.0000	1.0000	false	false
lzd_rider_4	10	wh2_main_body_140	2100	war_beast	34	inf_mis	wh2_main_unit_long_text_lzd_mon_bastiladon_2	hu9_dlc12_kroak	wh2_main_lzd_slann_mage	22	28	65	5690	bastil	4	bastiladon		1	none	lzd_rider_4	wh_main_chariot	trained			true	40.0000	1500.0000	lzd_rider_4	60	80	0	vo_sel_default	vo_sel_generic	vo_sel_culture	1.0000	large	0	0	0	0	0	0	0	0	melee_mage_highvalue	false	false	false	false	medium	medium	domination_monsters				1.0000	1.0000	false	false
lzd_rider_6	10	wh2_main_body_140	2100	war_beast	34	inf_mis	wh2_main_unit_long_text_lzd_mon_bastiladon_2	hu7_skink_hq1_stegadon_wb_javelin	wh2_main_lzd_mon_bastiladon_platform	22	28	60	5690	wh2_main_lzd_mnt_bastiladon_2	4	wh2_main_lzd_bastiladon	wh2_main_lzd_bastiladon_solar_engine	1	none	lzd_rider_6	wh_main_chariot	trained			true	40.0000	1500.0000	wh2_main_lzd_mon_bastiladon_2	60	80	0	vo_sel_default	vo_sel_generic	vo_sel_culture	1.0000	large	30	12	0	0	0	0	0	0	ranged_no_skirmish_gatecrusher	false	false	false	false	medium	medium	domination_monsters				1.0000	1.0000	false	false
vmp_rider_3	10	wh2_main_bone_80	2100	war_beast	45	cav_mel	wh_dlc04_unit_long_text_vmp_strigoi_ghoul_king	hu8_strigoi_bi2_terrorgheist_wb	wh_dlc04_vmp_strigoi_blood	52	47	45	5281	wh_dlc04_vmp_mnt_terrorgheist	4	wh_main_vmp_terrorgheist		1	none	vmp_rider_3	wh_dlc08_nor_mammoth_herd_ror	trained			true	40.0000	1500.0000	vmp_rider_3	60	80	0	vo_sel_default	vo_sel_generic	vo_sel_default	1.0000	large	0	0	0	0	0	0	10	0	flying_melee_highvalue	false	false	false	false	cant_capture	cant_capture	cant_capture				1.0000	1.0000	false	false
vmp_rider_4	10	wh2_main_bone_80	2100	war_beast	40	cav_mel	wh2_dlc11_unit_long_text_cst_mon_terrorgheist	bi2_terrorgheist	wh_main_infantry_standard_large_blood	41	47	45	5281	wh2_dlc11_cst_mnt_terrorgheist	4	wh2_dlc11_cst_terrorgheist		1	none	vmp_rider_4	wh_dlc08_nor_mammoth_herd_ror	trained			true	40.0000	1500.0000	vmp_rider_4	60	80	0	vo_sel_default	vo_sel_melee	vo_sel_culture	1.0000	aquatic_large	0	20	0	0	0	0	0	0	flying_melee_flanker	false	false	false	false	cant_capture	cant_capture	cant_capture				1.0000	1.0000	false	false
vmp_rider_5	10	wh2_main_body_75	2100	war_beast	20	inf_mis	wh2_dlc11_unit_long_text_cst_mon_necrofex_colossus	hu1_cst_zombie_gi2_colossus_wb_crew_1	wh2_dlc11_cst_mon_necrofex_colossus	41	47	45	6581	wh2_dlc11_cst_mnt_necrofex_colossus	4	wh2_dlc11_cst_necrofex_colossus	wh2_cst_necrofex_colossus_cannon	1	none	vmp_rider_5	wh_dlc08_nor_mammoth_herd_ror	trained			true	40.0000	1500.0000	wh2_dlc11_cst_mon_necrofex_colossus_0	60	80	0	vo_sel_default	vo_sel_melee	vo_sel_culture	1.0000	aquatic_large	70	16	0	0	0	0	0	0	melee_gatecrusher	false	false	false	false	medium	medium	domination_monsters				1.0000	1.0000	false	false
wh2_dlc09_tmb_art_screaming_skull_catapult_0_ete	10	wh2_main_bone_20	2100	artillery	5	art_fld	wh2_dlc09_tmb_art_screaming_skull_catapult	hu1_tomb_skeleton_sword	wh2_dlc09_tmb_skeleton	32	22	45	68		0	wh2_main_def_sword		5	none	wh2_dlc09_tmb_art_screaming_skull_catapult_0_ete	wh_main_artillery	trained		wh2_dlc09_tmb_art_screaming_skull_catapult	true	40.0000	1500.0000	wh2_dlc09_tmb_art_screaming_skull_catapult_0_ete	60	80	0	vo_sel_bretonnian_field_trebuchet	vo_sel_artillery	vo_sel_culture	1.0000	small	0	18	0	0	12	0	0	0	ranged_indirect_arty	false	false	false	false	medium	medium	domination_artillery		dwf_grudge_thrower	artillery	1.0000	1.0000	false	false
wh2_dlc09_tmb_cav_necropolis_knights_1_ete	10	wh2_main_body_100	2100	cavalry	70	cav_shk	wh2_dlc09_tmb_cav_necropolis_knights	hu1_tomb_sn1_serpent_spear	wh2_dlc09_tmb_skeleton	40	43	65	3927	wh2_dlc09_tmb_mnt_necroserpent_ete	4	wh2_dlc09_tmb_necropolis_knights_halberd_ete		1	none	wh2_dlc09_tmb_cav_necropolis_knights_1_ete	wh3_main_ogr_mournfangs	trained			true	40.0000	1500.0000	wh2_dlc09_tmb_cav_necropolis_knights_1_ete	60	80	0	vo_sel_demigryph_knights	vo_sel_cavalry	vo_sel_culture	1.0000	large	0	0	0	0	0	0	0	0	melee_flanker_shock	false	false	false	false	low	low	domination_cav			melee	1.0000	1.0000	false	false
wh2_dlc09_tmb_cav_nehekhara_horsemen_0_ete	10	wh2_main_bone_80	2100	cavalry	50	cav_mel	wh2_dlc09_tmb_cav_nehekhara_horsemen	hu1_tomb_hr1_tomb_steed_sword_and_shield	wh2_dlc09_tmb_skeleton_infantry_hero	40	40	70	3260	wh2_dlc09_tmb_mnt_tomb_steed_ete	4	wh2_dlc09_tmb_sword_hero		1	wh_missile_block_35_wood	wh2_dlc09_tmb_cav_nehekhara_horsemen_0_ete	wh2_dlc09_necroserpents	trained			true	40.0000	1500.0000	wh2_dlc09_tmb_cav_nehekhara_horsemen_0_ete	60	80	0	vo_sel_default	vo_sel_cavalry	vo_sel_culture	1.0000	large	0	0	0	0	0	0	0	0	melee_flanker	false	false	false	false	medium	medium	domination_cav			melee	1.0000	1.0000	false	false
wh2_dlc09_tmb_inf_nehekhara_warriors_0_ete	10	wh2_main_bone_10	2100	inf_melee	10	inf_mel	wh2_dlc09_tmb_inf_nehekhara_warriors	hu1_liche_priest_staff_and_sword	wh2_dlc09_tmb_skeleton_infantry_hero_liche_priest	25	30	80	2512		0	wh2_dlc09_tmb_staff_hero		1	none	wh2_dlc09_tmb_inf_nehekhara_warriors_0_ete	wh_main_cavalry_ordered	trained			true	40.0000	1500.0000	wh2_dlc09_tmb_inf_nehekhara_warriors_0_ete	60	80	0	vo_sel_default	vo_sel_melee	vo_sel_culture	1.0000	small	0	0	0	0	0	0	0	0	melee	false	true	false	false	medium	medium	domination_infantry			melee	1.0000	1.0000	false	false
wh2_dlc09_tmb_inf_tomb_guard_0_ete	10	wh2_main_chainmail_70	2100	inf_melee	25	inf_mel	wh2_dlc09_tmb_inf_tomb_guard	hu1_tomb_sword_and_shield	wh2_dlc09_tmb_skeleton_infantry_hero	40	50	65	3888		0	wh2_dlc09_tmb_sword_hero_lord		1	wh_missile_block_55_wood	wh2_dlc09_tmb_inf_tomb_guard_0_ete	wh_main_cavalry_ordered	trained			true	40.0000	1500.0000	wh2_dlc09_tmb_inf_tomb_guard_0_ete	60	80	0	vo_sel_default	vo_sel_melee	vo_sel_culture	1.0000	small	0	0	0	0	0	0	0	0	melee	false	true	false	false	medium	medium	domination_infantry			melee	1.0000	1.0000	false	false
wh2_dlc09_tmb_mon_heirotitan_0_ete	10	wh2_dlc09_bone_100	2100	inf_melee	20	inf_mel	wh2_dlc09_tmb_mon_heirotitan	gi1_hierotitan_staff_and_scales	wh2_dlc09_tmb_mon_hierotitan	56	45	50	5612		0	whh2_dlc09_tmb_heirotitan		1	none	wh2_dlc09_tmb_mon_heirotitan_0_ete	wh_dlc08_nor_mammoth_herd_ror	trained			true	40.0000	1500.0000	wh2_dlc09_tmb_mon_heirotitan_0_ete	60	80	0	vo_sel_default	vo_sel_melee	vo_sel_culture	1.0000	large	0	0	0	0	0	0	0	0	melee_gatecrusher	false	false	false	false	medium	medium	domination_monsters			melee	1.0000	1.0000	false	false
wh2_dlc09_tmb_mon_necrosphinx_0_ete	10	wh2_dlc09_bone_100	2100	inf_melee	52	inf_mel	wh2_dlc09_tmb_mon_necrosphinx	ce3_necrosphinx_blades	wh2_dlc09_tmb_mon_necrosphinx	48	40	50	6652		0	wh2_dlc09_swords_necrosphinx		1	none	wh2_dlc09_tmb_mon_necrosphinx_0_ete	wh_dlc08_nor_mammoth_herd_ror	trained			true	40.0000	1500.0000	wh2_dlc09_tmb_mon_necrosphinx_0_ete	60	80	0	vo_sel_default	vo_sel_default	vo_sel_culture	1.0000	large	0	0	0	0	0	0	0	0	melee_gatecrusher	false	false	false	false	medium	medium	domination_monsters			melee	1.0000	1.0000	false	false
wh2_dlc09_tmb_mon_ushabti_0_ete	10	wh2_dlc10_bone_90	2100	inf_melee	25	inf_mel	wh2_dlc09_tmb_mon_ushabti	hu6e_ushabti_dual_swords	wh2_dlc09_tmb_mon_ushabti_ete	50	40	50	3460		0	wh2_dlc16_skv_ghoritch_claws		1	none	wh2_dlc09_tmb_mon_ushabti_0_ete	wh3_main_ogr_mournfangs	trained			true	40.0000	1500.0000	wh2_dlc09_tmb_mon_ushabti_0_ete	60	80	0	vo_sel_default	vo_sel_melee	vo_sel_culture	1.0000	large	0	0	0	0	0	0	0	0	melee_gatecrusher	false	true	false	false	medium	medium	domination_monsters			melee	1.0000	1.0000	false	false
wh2_dlc10_def_mon_kharibdyss_0_ete	10	wh2_main_body_60	2100	inf_melee	45	inf_mel	wh2_dlc10_unit_long_text_def_mon_kharibdyss_0	dr2_kharibdyss	wh2_dlc10_def_monster_kharibdyss	60	38	60	7392		0	wh2_dlc10_def_kharibdyss		1	none	wh2_dlc10_def_mon_kharibdyss_0_ete	wh_dlc08_nor_mammoth_herd_ror	trained			true	40.0000	1500.0000	wh2_dlc10_def_mon_kharibdyss_0_ete	60	80	0	vo_sel_default	vo_sel_melee	vo_sel_culture	1.0000	aquatic_large	0	0	0	0	0	0	25	0	melee_gatecrusher	false	false	false	false	medium	medium	domination_monsters			melee	1.0000	1.0000	false	false
wh2_dlc10_hef_mon_treeman_0_ete	0	wh2_main_body_110	2100	inf_melee	30	inf_mel	wh_dlc05_unit_long_text_wef_treemen	hu21_treeman	wh_dlc05_wef_inf_treeman	52	56	90	6820		0	wh_dlc05_wef_treeman_claws		1	none	wh_dlc05_wef_mon_treeman_0_ete	wh_dlc08_nor_mammoth_herd_ror	trained			true	40.0000	1500.0000	wh_dlc05_wef_mon_treeman_0_ete	60	80	0	vo_sel_default	vo_sel_melee	vo_sel_culture	0.5000	elves_wef_large	0	0	-25	0	0	20	0	0	melee_gatecrusher	false	true	false	false	medium	medium	domination_monsters			melee	1.0000	1.0000	false	false
wh2_dlc11_cst_art_mortar_ete	10	wh2_main_leather_20	2100	artillery	10	art_fld	wh_main_unit_long_text_emp_mortar	hu1_cst_zombie_dual_cutlass	wh2_dlc11_infantry_zombie_blood	17	15	40	67		0	wh2_dlc11_cst_dual_sword		8	none	wh2_dlc11_cst_art_mortar_ete	wh_main_artillery_small	trained		wh2_dlc11_cst_art_mortar	true	40.0000	1500.0000	wh2_dlc11_cst_art_mortar_ete	60	80	0	vo_sel_mortar	vo_sel_artillery	vo_sel_culture	1.0000	small	0	17	0	0	12	0	0	0	ranged_indirect_arty	false	true	false	false	medium	medium	domination_artillery		emp_mortar	artillery	1.0000	1.0000	false	false
wh2_dlc11_cst_inf_depth_guard_1_ete	10	wh2_main_plate_90	2100	inf_melee	35	inf_mel	wh2_dlc11_unit_long_text_cst_inf_depth_guard	hu1l_dlc25_theodore_bruckner_sword	wh_main_infantry_wulfrik_fast_hero_blood	50	40	60	3888		0	wh2_dlc11_cst_halberd_depth_guard_ete		1	none	wh2_dlc11_cst_inf_depth_guard_1_ete	wh3_main_cth_crane_gunners	trained			true	40.0000	1500.0000	wh2_dlc11_cst_inf_depth_guard_1_ete	60	80	0	vo_sel_default	vo_sel_melee	vo_sel_culture	1.0000	aquatic_small	0	0	0	0	0	0	0	0	melee_undead	false	true	false	false	medium	medium	domination_infantry_elite			melee	1.0000	1.0000	false	false
wh2_dlc11_cst_inf_zombie_deckhands_mob_0_ete	10	wh2_main_body_15	2100	inf_melee	10	inf_mel	wh2_dlc11_unit_long_text_cst_inf_zombie_deckhands	hu1_empire_staff_and_sword	wh2_dlc16_infantry_standard_hero_blood_dismembers_low_kb_resist	25	30	55	2412		0	wh3_main_tze_staff_cultist		1	none	wh2_dlc11_cst_inf_zombie_deckhands_mob_0_ete	wh3_main_cth_crane_gunners	trained			true	40.0000	1500.0000	wh2_dlc11_cst_inf_zombie_deckhands_mob_0_ete	60	80	0	vo_sel_default	vo_sel_melee	vo_sel_culture	1.0000	small	0	0	0	0	0	0	0	0	mage_highvalue	false	true	false	false	medium	medium	domination_infantry			melee	1.0000	1.0000	false	false
wh2_dlc11_cst_mon_mournguls_0_ete	10	wh_main_body_0	2100	inf_melee	40	inf_mel	wh2_dlc11_unit_long_text_cst_mon_mournguls	gh4_cst_mourngul_haunter	wh2_dlc11_cst_cha_mourngul_haunter_blood_ete	48	38	50	4560		0	wh2_dlc11_cst_claws_mourngul_haunter		1	none	wh2_dlc11_cst_mon_mournguls_0_ete	wh_dlc07_brt_royal_hippogryph_knights	trained			true	40.0000	1500.0000	wh2_dlc11_cst_mon_mournguls_0_ete	60	80	0	vo_sel_default	vo_sel_melee	vo_sel_culture	1.0000	large	0	0	0	0	0	25	0	0	melee_highvalue	false	true	false	false	medium	medium	domination_monsters			melee	1.0000	1.0000	false	false
wh2_dlc12_skv_veh_doom_flayer_0_ete	10	wh2_main_heavy_metal_90	2100	war_machine	40	chariot	wh2_dlc12_unit_long_text_skv_veh_doom_flayer	hu17_dlc12_ikit_halberd_and_claw_gun	wh2_main_skv_infantry	35	32	60	3912		0	wh2_dlc12_skv_warlock_master_doom_flayer		1	none	wh2_dlc12_skv_veh_doom_flayer_0_ete	wh_main_chariot	trained		wh2_dlc12_skv_veh_doom_flayer	true	40.0000	1500.0000	wh2_dlc12_skv_veh_doom_flayer_0_ete	60	80	0	vo_sel_skv_Doom_Flayer	vo_sel_cavalry	vo_sel_culture	1.0000	large	0	0	0	0	4	0	0	0	melee_flanker_shock	false	false	false	false	medium	medium	domination_cav			melee	1.0000	1.0000	false	false
wh2_dlc13_lzd_mon_sacred_kroxigors_0_ete	10	wh2_main_body_100	2100	inf_melee	24	inf_mel	wh2_dlc13_unit_long_text_lzd_sacred_kroxigor	hu7c_dlc13_kroxigor_ancient_2handed_axe	wh2_dlc13_lzd_mon_kroxigor_hero	49	32	70	5360		0	wh_dlc13_lzd_ancient_kroxigor_axe		1	none	wh2_dlc13_lzd_mon_sacred_kroxigors_0_ete	wh3_main_ogr_mournfangs	trained			true	40.0000	1500.0000	wh2_dlc13_lzd_mon_sacred_kroxigors_0_ete	160	160	0	vo_sel_default	vo_sel_melee	vo_sel_culture	1.0000	aquatic_large	0	0	0	0	0	0	15	0	melee_gatecrusher	false	false	false	false	medium	medium	domination_monsters			melee	1.0000	1.0000	false	false
wh2_dlc14_def_mon_bloodwrack_medusa_0_ete	10	wh2_main_body_30	2100	inf_melee	52	inf_mel	wh2_dlc14_unit_long_text_def_mon_bloodwrack_medusa	sn2_dlc14_medusa_2h_halberd	wh2_dlc14_def_mon_medusa	45	40	60	4412		0	wh2_dlc14_def_medusa	wh2_dlc14_def_medusa_gaze	1	none	wh2_dlc14_def_mon_bloodwrack_medusa_0_ete	wh_main_chariot	trained			true	40.0000	1500.0000	wh2_dlc14_def_mon_bloodwrack_medusa_0_ete	60	80	0	vo_sel_default	vo_sel_default	vo_sel_culture	1.0000	large	0	150	0	0	0	0	0	0	ranged_direct_highvalue	false	false	false	false	medium	medium	domination_monsters			archer	1.0000	1.0000	false	false
wh2_dlc14_skv_inf_eshin_triads_0_ete	10	wh_main_body_0	2100	inf_melee	25	inf_mel	wh2_dlc14_unit_long_text_skv_inf_eshin_triads	hu17_dlc14_eshin_triad_naginata	wh2_main_skv_infantry_fast_360	30	28	64	3012		0	wh2_dlc16_tmb_chieftain_halberd_ete		1	none	wh2_dlc14_skv_inf_eshin_triads_0_ete	wh_dlc06_grn_Krimson	trained			true	40.0000	1500.0000	wh2_dlc14_skv_inf_eshin_triads_0_ete	60	80	0	vo_sel_skv_Eshin_Triads	vo_sel_generic	vo_sel_culture	0.8000	small	0	0	0	0	0	30	0	0	melee_stalkers_flankers	false	true	false	false	medium	medium	domination_infantry			melee	1.0000	1.0000	false	false
wh2_dlc15_grn_mon_river_trolls_0_ete	0	wh2_main_body_50	2100	inf_melee	24	inf_mel	wh2_dlc15_unit_long_text_grn_cha_river_troll_hag	hu4f_dlc15_hag_staff_net	wh2_dlc15_monster_troll_hag_blood	25	32	55	3611		0	wh2_dlc15_grn_river_troll_hag_stump		1	none	wh2_dlc15_grn_mon_river_trolls_0_ete	wh3_main_ogr_mournfangs	trained			true	40.0000	1500.0000	wh2_dlc15_grn_mon_river_trolls_0_ete	60	80	0	vo_sel_default	vo_sel_melee	vo_sel_culture	1.0000	aquatic_large	0	0	0	0	0	0	0	0	mage_highvalue	false	true	false	false	default	default	domination_monsters			melee	1.0000	1.0000	false	false
wh2_dlc15_grn_mon_river_trolls_0_ete_throgg	0	wh2_main_body_50	2100	inf_melee	24	inf_mel	wh2_dlc15_unit_long_text_grn_cha_river_troll_hag	hu4f_dlc15_hag_staff_net	wh2_dlc15_monster_troll_hag_blood	25	32	55	3611		0	wh2_dlc15_grn_river_troll_hag_stump		1	none	wh2_dlc15_grn_mon_river_trolls_0_ete_throgg	wh3_main_ogr_mournfangs	trained			true	40.0000	1500.0000	wh2_dlc15_grn_mon_river_trolls_0_ete	60	80	0	vo_sel_default	vo_sel_melee	vo_sel_culture	1.0000	aquatic_large	0	0	0	0	0	0	0	0	mage_highvalue	false	true	false	false	default	default	domination_monsters			melee	1.0000	1.0000	false	false
wh2_dlc16_wef_cav_great_stag_knights_0_ete	10	wh2_main_plate_80	2100	cavalry	70	cav_shk	wh2_dlc16_unit_long_text_wef_cav_great_stag_knights	hu1d_dlc16_st1_great_stag_spear_shield	wh_main_cavalry_rider_standard_blood	45	45	75	3776	wh2_dlc16_wef_mnt_great_stag_lord	4	wh2_dlc16_wef_stag_knight_spear_ete		3	wh_missile_block_35_wood	wh2_dlc16_wef_cav_great_stag_knights_0_ete	wh_main_chariot	trained			true	40.0000	1500.0000	wh2_dlc16_wef_cav_great_stag_knights_0_ete	60	80	0	vo_sel_default	vo_sel_default	vo_sel_culture	1.0000	elves_wef_large	0	0	0	0	0	20	0	0	melee_cav_shock_highvalue	false	false	false	false	medium	medium	domination_cav			melee	1.0000	1.0000	false	false
wh2_dlc16_wef_mon_malicious_treeman_0_ete	0	wh2_main_body_110	2100	inf_melee	30	inf_mel	wh_dlc05_unit_long_text_wef_treemen	hu21_treeman	wh2_dlc16_wef_inf_malicious_treeman	52	56	90	6820		0	wh_dlc05_wef_treeman_claws		1	none	wh2_dlc16_wef_mon_malicious_treeman_0_ete	wh_dlc08_nor_mammoth_herd_ror	trained			true	40.0000	1500.0000	wh2_dlc16_wef_mon_malicious_treeman_0_ete	60	80	0	vo_sel_default	vo_sel_melee	vo_sel_culture	0.5000	elves_wef_large	0	0	-25	0	0	20	10	0	melee_gatecrusher	false	true	false	false	medium	medium	domination_monsters			melee	1.0000	1.0000	false	false
wh2_dlc17_bst_mon_jabberslythe_0_ete	10	wh2_main_body_60	2100	inf_melee	30	inf_mel	wh2_dlc17_unit_long_text_bst_mon_jabberslythe	hc3_dlc17_jabberslythe	wh2_dlc17_bst_mon_jabberslythe	36	42	60	5212		0	wh2_dlc17_bst_jabberslythe		1	none	wh2_dlc17_bst_mon_jabberslythe_0_ete	wh_dlc08_nor_mammoth_herd_ror	trained			true	40.0000	1500.0000	wh2_dlc17_bst_mon_jabberslythe_0_ete	60	80	0	vo_sel_default	vo_sel_culture	vo_sel_culture	1.0000	large_bst	0	0	0	0	0	0	0	0	melee_highvalue	false	false	false	false	high	high	domination_monsters			melee	1.0000	1.0000	false	false
wh2_dlc17_lzd_inf_chameleon_stalkers_0_ete	10	wh_main_body_0	2100	inf_melee	16	inf_mis	wh2_dlc17_unit_long_text_lzd_inf_chameleon_stalkers	hu7_skink_club_and_blowpipe	wh2_main_lzd_inf_skink_chief_blood_dismembers	33	36	60	2364		0	wh2_main_lzd_skink_chief_hero	wh2_main_lzd_blowpipe_skink_chief	1	none	wh2_dlc17_lzd_inf_chameleon_stalkers_0_ete	wh3_main_cth_crane_gunners	trained			true	40.0000	1500.0000	wh2_dlc17_lzd_inf_chameleon_stalkers_0_ete	60	80	0	vo_sel_default	vo_sel_generic	vo_sel_culture	0.7000	aquatic_small	0	50	0	0	0	25	25	0	ranged_harasser_highvalue	true	true	false	false	high	high	domination_infantry			skirmish	1.0000	1.0000	false	false
wh2_main_def_art_reaper_bolt_thrower_ete	10	wh2_main_plate_40	2100	artillery	16	art_fld	wh2_main_unit_long_text_def_art_reaper_bolt_thrower	hu1d_elf_sword	wh2_main_def_infantry_blood_dismembers	36	24	66	55		0	wh2_main_def_sword		6	none	wh2_main_def_art_reaper_bolt_thrower_ete	wh_main_artillery	trained		wh2_main_def_art_reaper_bolt_thrower	true	40.0000	1500.0000	wh2_main_def_art_reaper_bolt_thrower	60	80	0	vo_sel_def_Repeater_Bolt_Thrower	vo_sel_artillery	vo_sel_generic	1.0000	small	0	19	0	0	12	0	0	0	ranged_direct_arty	false	false	false	false	medium	medium	domination_artillery		wh_dlc06_dwf_art_bolt_thrower	artillery	1.0000	1.0000	false	false
wh2_main_def_cav_cold_one_knights_1_ete	10	wh2_main_plate_110	2100	cavalry	55	cav_mel	wh2_main_unit_long_text_def_cav_cold_one_knights_1	hu1d_elf_rp3_cold_one_sword_shield	wh2_main_def_infantry_hero_blood	55	45	75	3470	wh2_main_def_mnt_cold_one_armoured_hero	4	wh2_dlc14_def_master_cold_one_ete		1	wh_missile_block_35_metal	wh2_main_def_cav_cold_one_knights_1_ete	wh3_main_skullcrushers	trained			true	40.0000	1500.0000	wh2_main_def_cav_cold_one_knights_1_ete	60	80	0	vo_sel_def_Cold_Ones	vo_sel_cavalry	vo_sel_culture	1.0000	large	0	0	0	0	0	0	0	0	melee_flanker	false	false	false	false	medium	medium	domination_cav			melee	1.0000	1.0000	false	false
wh2_main_def_inf_black_guard_0_ete	10	wh2_main_chainmail_100	2100	inf_melee	35	inf_mel	wh2_main_unit_long_text_def_inf_black_guard_0	hu1d_def_2handed_sword	wh2_main_def_infantry_hero_blood_ete	55	45	75	3202		0	wh2_dlc14_brt_repanse_sword_great		1	wh_missile_block_30_inaudible	wh2_main_def_inf_black_guard_0_ete	wh3_main_cth_crane_gunners	trained			true	40.0000	1500.0000	wh2_main_def_inf_black_guard_0_ete	60	80	0	vo_sel_def_Black_Guard_of_Naggarond	vo_sel_melee	vo_sel_culture	1.0000	small	0	0	0	0	0	0	0	0	melee_highvalue	false	true	false	false	medium	medium	domination_infantry_elite			melee	1.0000	1.0000	false	false
wh2_main_def_inf_bleakswords_0_ete	10	wh2_main_body_10	2100	inf_melee	15	inf_mel	wh2_main_unit_long_text_def_inf_bleakswords_0	hu1b_elf_staff_and_sword	wh2_main_def_infantry_hero_blood_low_kb_resist	39	30	55	2412		0	wh3_main_tze_staff_cultist		1	none	wh2_main_def_inf_bleakswords_0_ete	wh_main_cavalry_ordered	trained			true	40.0000	1500.0000	wh2_main_def_inf_bleakswords_0_ete	60	80	0	vo_sel_default	vo_sel_melee	vo_sel_culture	1.0000	small	0	0	0	0	0	0	0	0	mage_highvalue	false	true	false	false	medium	medium	domination_infantry			melee	1.0000	1.0000	false	false
wh2_main_def_inf_dreadspears_0_ete	10	wh2_main_plate_40	2100	inf_melee	18	inf_mel	wh2_main_unit_long_text_def_inf_dreadspears_0	hu1d_def_spear_and_shield	wh2_main_def_infantry_hero_blood	37	47	67	2850		0	wh2_dlc10_hef_handmaiden_spear		1	wh_missile_block_55_metal	wh2_main_def_inf_dreadspears_0_ete	wh_main_cavalry_ordered	trained			true	40.0000	1500.0000	wh2_main_def_inf_dreadspears_0_ete	60	80	0	vo_sel_def_Dreadspears	vo_sel_melee	vo_sel_culture	1.0000	small	0	0	0	0	0	0	0	0	melee_anti_large	false	true	false	false	medium	medium	domination_infantry			melee	1.0000	1.0000	false	false
wh2_main_hef_inf_spearmen_0_ete	10	wh2_main_body_15	2100	inf_melee	15	inf_mel	wh2_main_unit_long_text_hef_inf_spearmen_0	hu1b_elf_staff_and_sword	wh2_main_infantry_standard_wizard_blood_dismembers_high	36	28	55	2412		0	wh3_main_tze_staff_cultist		1	none	wh2_main_hef_inf_spearmen_0_ete	wh_main_cavalry_ordered	trained			true	40.0000	1500.0000	wh2_main_hef_inf_spearmen_0_ete	60	80	0	vo_sel_default	vo_sel_melee	vo_sel_culture	1.0000	small	0	0	0	0	0	0	0	0	mage_highvalue	false	true	false	false	medium	medium	domination_infantry			melee	1.0000	1.0000	false	false
wh2_main_hef_inf_swordmasters_of_hoeth_0_ete	10	wh2_main_plate_100	2100	inf_melee	35	inf_mel	wh2_main_unit_long_text_hef_inf_swordmasters_of_hoeth_0	hu1d_hef_2handed_sword	wh2_main_infantry_standard_hero_blood_loremaster_ete	52	43	80	3080		0	wh2_main_hef_loremaster_of_hoeth		1	wh_missile_block_55_inaudible	wh2_main_hef_inf_swordmasters_of_hoeth_0_ete	wh3_main_cth_crane_gunners	trained			true	40.0000	1500.0000	wh2_main_hef_inf_swordmasters_of_hoeth_0_ete	60	80	0	vo_sel_hef_Swordmaster_of_Hoeth	vo_sel_melee	vo_sel_culture	1.0000	small	0	0	0	0	0	0	0	0	melee	false	true	false	false	medium	medium	domination_infantry_elite			melee	1.0000	1.0000	false	false
wh2_main_hef_inf_white_lions_of_chrace_0_ete	10	wh2_main_plate_80	2100	inf_melee	22	inf_mel	wh2_main_unit_long_text_hef_inf_white_lions_of_chrace_0	hu1d_elf_2handed_axe	wh2_main_hef_infantry_hero_alastar_blood	42	40	75	2700		0	wh2_dlc09_tmb_halberd_prince		1	none	wh2_main_hef_inf_white_lions_of_chrace_0_ete	wh_main_cavalry_ordered	trained			true	40.0000	1500.0000	wh2_main_hef_inf_white_lions_of_chrace_0_ete	60	80	0	vo_sel_hef_White_Lions_of_Chrace	vo_sel_melee	vo_sel_culture	1.0000	small_forest_strider	0	0	0	0	0	0	30	0	melee_anti_large	false	true	false	false	medium	medium	domination_infantry			melee	1.0000	1.0000	false	false
wh2_main_lzd_inf_temple_guards_ete	10	wh2_main_body_85	2100	inf_melee	22	inf_mel	wh2_main_unit_long_text_lzd_inf_temple_guards	hu7b_saurus_halberd_and_shield	wh2_main_lzd_inf_saurus_hero_blood_dismembers	38	47	75	4160		0	wh2_main_lzd_cha_saurus_scar_veteran		1	wh_missile_block_55_wood	wh2_main_lzd_inf_temple_guards_ete	wh3_main_cth_crane_gunners	trained			true	40.0000	1500.0000	wh2_main_lzd_inf_temple_guards_ete	160	160	0	vo_sel_lzd_templeguard	vo_sel_generic	vo_sel_generic	1.0000	small	0	0	0	0	0	0	0	0	melee_anti_large	false	true	false	false	medium	medium	domination_infantry_elite			melee	1.0000	1.0000	false	false
wh2_main_skv_art_plagueclaw_catapult_ete	10	wh2_main_leather_20	2100	artillery	14	art_fld	wh2_main_unit_long_text_skv_art_plagueclaw_catapult	hu17_skaven_sword	wh2_main_skv_infantry_plague_monk	28	25	68	68		0	wh2_main_skv_sword_stormvermin		8	none	wh2_main_skv_art_plagueclaw_catapult_ete	wh_main_artillery	trained		wh2_main_skv_art_plagueclaw_catapult_ete	true	40.0000	1500.0000	wh2_main_skv_art_plagueclaw_catapult_ete	60	80	0	vo_sel_skv_Plagueclaw_Catapult	vo_sel_generic	vo_sel_culture	1.0000	small	0	16	0	0	12	0	0	0	ranged_indirect_arty	false	false	false	false	medium	medium	domination_artillery		wh2_main_skv_art_plagueclaw_catapult	artillery	1.0000	1.0000	false	false
wh2_main_skv_art_warp_lightning_cannon_ete	10	wh2_main_leather_25	2100	artillery	10	art_fld	wh2_main_unit_long_text_skv_art_warp_lightning_cannon	hu17_skaven_sword	wh2_main_skv_infantry	24	18	50	52		0	wh2_main_skv_sword		8	none	wh2_main_skv_art_warp_lightning_cannon_ete	wh_main_artillery	trained		wh2_main_skv_art_warplightning_cannon_ete	true	40.0000	1500.0000	wh2_main_skv_art_warp_lightning_cannon_ete	60	80	0	vo_sel_skv_Warpfire_Lightning_Cannon	vo_sel_generic	vo_sel_culture	1.0000	small	0	16	0	0	12	0	0	0	ranged_direct_arty	false	false	false	false	medium	medium	domination_artillery		wh2_main_skv_art_warp_lightning_cannon	artillery	1.0000	1.0000	false	false
wh2_main_skv_inf_clanrat_spearmen_1_ete	10	wh2_main_heavy_metal_65	2100	inf_melee	16	inf_mel	wh2_main_unit_long_text_skv_inf_clanrat_spearmen_1	hu17_skaven_spear_and_shield	wh2_main_skv_infantry_hero	40	45	50	2860		0	wh2_dlc10_hef_handmaiden_spear		1	wh_missile_block_55_wood	wh2_main_skv_inf_clanrat_spearmen_1_ete	wh_main_cavalry_very_chaotic	trained			true	40.0000	1500.0000	wh2_main_skv_inf_clanrat_spearmen_1	60	80	0	vo_sel_skv_Clanrats_Spearmen	vo_sel_generic	vo_sel_culture	0.8000	small	0	0	0	0	0	0	0	0	melee_anti_large	false	true	false	false	medium	medium	domination_infantry			melee	1.0000	1.0000	false	false
wh2_main_skv_inf_plague_monk_censer_bearer_ete	10	wh2_main_body_20	2100	inf_melee	36	inf_mel	wh2_main_unit_long_text_skv_inf_plague_monks	hu17_skaven_censer	wh2_main_skv_infantry_hero_plague_priest	40	32	60	3032		0	wh2_main_skv_cha_censer_hero		1	none	wh2_main_skv_inf_plague_monk_censer_bearer_ete	wh_main_cavalry_very_chaotic	trained			true	40.0000	1500.0000	wh2_main_skv_inf_plague_monks_ete	60	80	0	vo_sel_skv_Plague_Monks	vo_sel_generic	vo_sel_culture	1.0000	small	0	0	0	0	0	15	0	0	melee	false	true	false	false	medium	medium	domination_infantry			melee	1.0000	1.0000	false	false
wh2_main_skv_inf_skavenslaves_0_ete	10	wh2_main_body_10	2100	inf_melee	20	inf_mel	wh2_main_unit_long_text_skv_inf_skavenslaves_0	hu17_skaven_sword_and_hook	wh2_main_skv_infantry_fast_hero	24	32	80	395		0	wh_dlc06_chs_aspiring_champions_sword_slv		2	none	wh2_main_skv_inf_skavenslaves_0_ete	wh_dlc06_grn_Krimson	trained			true	40.0000	1500.0000	wh2_main_skv_inf_skavenslaves_0_ete	60	80	0	vo_sel_skv_Skavenslaves	vo_sel_generic	vo_sel_culture	0.8000	small	0	0	0	0	0	0	0	0	melee	false	true	false	false	medium	medium	domination_infantry_expendable			melee	1.0000	1.0000	false	false
wh2_main_skv_inf_stormvermin_1_ete	10	wh2_main_heavy_metal_90	2100	inf_melee	30	inf_mel	wh2_main_unit_long_text_skv_inf_stormvermin_1	hu17_skaven_stormvermin_sword_and_shield	wh2_main_skv_infantry_hero	45	50	55	3260		0	wh_main_emp_sword_hero_general		1	wh_missile_block_70_wood	wh2_main_skv_inf_stormvermin_1_ete	wh_main_cavalry_very_chaotic	trained			true	40.0000	1500.0000	wh2_main_skv_inf_stormvermin_1_ete	60	80	0	vo_sel_skv_Stormvermin	vo_sel_generic	vo_sel_culture	1.0000	small	0	0	0	0	0	0	0	0	melee	false	true	false	false	medium	medium	domination_infantry			melee	1.0000	1.0000	false	false
wh2_main_skv_mon_hell_pit_abomination_ete	10	wh2_main_body_50	2100	inf_melee	25	inf_mel	wh2_main_unit_long_text_skv_mon_hell_pit_abomination	hc5_skv_hell_pit	wh2_main_skv_monster_hell_pit_abomination	42	34	70	6092		0	wh2_main_skv_hell_pit_abomination		1	none	wh2_main_skv_mon_hell_pit_abomination_ete	wh_dlc07_brt_royal_hippogryph_knights	trained			true	40.0000	1500.0000	wh2_main_skv_mon_hell_pit_abomination_ete	60	80	0	vo_sel_default	vo_sel_generic	vo_sel_culture	1.0000	large	0	0	0	0	0	0	15	0	melee	false	false	false	false	medium	medium	domination_monsters			melee	1.0000	1.0000	false	false
wh2_main_skv_mon_rat_ogres_ete	10	wh2_main_body_30	2100	inf_melee	60	inf_mel	wh2_main_unit_long_text_skv_mon_rat_ogres	hu18_rat_ogre_drill	wh2_dlc16_skv_monster_rat_ogre_mutant_blood	52	38	55	4348		0	wh2_dlc16_skv_claws_mutant_rat_ogre		1	none	wh2_main_skv_mon_rat_ogres_ete	wh_dlc07_brt_royal_hippogryph_knights	trained			true	40.0000	1500.0000	wh2_main_skv_mon_rat_ogres_ete	60	80	0	vo_sel_default	vo_sel_default	vo_sel_default	1.0000	large	0	0	0	0	0	0	0	0	melee_gatecrusher_shock	false	true	false	false	medium	medium	domination_monsters			melee	1.0000	1.0000	false	false
wh2_pro06_tmb_mon_bone_giant_0_ete	10	wh2_main_bone_80	2100	inf_ranged	20	inf_mis	wh2_pro06_unit_long_text_tmb_mon_bone_giant	gi1_colossus_bow	wh2_pro06_tmb_mon_bone_giant	30	28	50	6292		0	wh2_dlc10_tmb_bone_giant	wh2_dlc10_tmb_bone_giant_bow	1	none	wh2_pro06_tmb_mon_bone_giant_0_ete	wh3_main_ogr_mournfangs	trained			true	40.0000	1500.0000	wh2_pro06_tmb_mon_bone_giant_0_ete	60	80	0	vo_sel_default	vo_sel_melee	vo_sel_culture	1.0000	large	0	15	0	0	0	0	0	0	ranged_direct_highvalue	false	false	false	false	medium	medium	domination_monsters			artillery	1.0000	1.0000	false	false
wh3_dlc20_chs_inf_chaos_marauders_mnur_ete	10	wh2_main_heavy_metal_80	2100	inf_melee	20	inf_mel	wh3_dlc20_unit_long_text_chs_marauders_mnur	hu1c_dlc25_nurgle_sorcerer_staff_and_mace	wh3_dlc20_chs_cha_hero_mnur	37	45	70	3112		0	wh3_dlc25_chs_sword_caster_hero_mnur		1	none	wh_main_chs_inf_chaos_warriors_0_ete	wh3_main_cth_crane_gunners	trained			true	40.0000	1500.0000	wh3_dlc20_chs_inf_chaos_marauders_mnur_ete	60	80	0	vo_sel_default	vo_sel_generic	vo_sel_generic_short	1.0000	small	0	0	0	0	0	0	0	0	melee_mage_highvalue	false	true	false	false	medium	medium	domination_infantry			melee	1.0000	1.0000	false	false
wh3_dlc20_chs_inf_chaos_marauders_msla_ete	10	wh2_main_heavy_metal_80	2100	inf_melee	20	inf_mel	wh3_dlc20_unit_long_text_chs_chaos_sorcerer_msla	hu1c_chaos_staff_and_sword	wh3_dlc20_chs_cha_lord_msla	42	40	70	2812		0	wh_main_chs_sword_caster_hero		1	none	wh_main_chs_inf_chaos_warriors_0_ete	wh3_main_cth_crane_gunners	trained			true	40.0000	1500.0000	wh3_dlc20_chs_inf_chaos_marauders_msla_ete	60	80	0	vo_sel_default	vo_sel_culture	vo_sel_culture	1.0000	small	0	0	0	0	0	5	0	0	melee_mage_highvalue	false	true	false	false	medium	medium	domination_infantry			melee	1.0000	1.0000	false	false
wh3_dlc20_chs_inf_chaos_marauders_mtze_ete	10	wh2_main_heavy_metal_80	2100	inf_melee	20	inf_mel	wh3_dlc20_unit_long_text_chs_chaos_sorcerer_lord_mtze	hu1c_chaos_staff_and_sword	wh3_dlc24_chs_cha_lord_hero_mtze	42	40	70	2812		0	wh3_dlc20_chs_sword_caster_hero_mtze		1	none	wh_main_chs_inf_chaos_warriors_0_ete	wh3_main_cth_crane_gunners	trained			true	40.0000	1500.0000	wh3_dlc20_chs_inf_chaos_marauders_mtze_ete	60	80	0	vo_sel_default	vo_sel_culture	vo_sel_culture	1.0000	small	0	0	0	0	0	0	0	0	melee_mage_highvalue	false	true	false	false	medium	medium	domination_infantry			melee	1.0000	1.0000	false	false
wh3_dlc20_chs_inf_chosen_msla_ete	10	wh2_main_heavy_metal_120	2100	inf_melee	45	inf_mel	wh3_dlc20_unit_long_text_chs_chosen_msla	hu1c_wh3_kislev_tsar_guard_sword_and_shield	wh2_dlc16_infantry_sigvald_fast_hero	56	60	80	3260		0	wh_dlc01_chs_prince_sigvald_ete		1	wh_missile_block_55_metal	wh3_dlc20_chs_inf_chosen_msla_ete	wh_main_cavalry_very_chaotic	trained			true	40.0000	1500.0000	wh3_dlc20_chs_inf_chosen_msla_ete	60	80	0	vo_sel_chaos_chosen	vo_sel_generic	vo_sel_dlc20_chaos_faction_leader	1.0000	small	0	0	0	0	0	5	0	0	melee	false	true	false	false	medium	medium	domination_infantry			melee	1.0000	1.0000	false	false
wh3_dlc20_chs_inf_chosen_mtze_halberds_ete	10	wh2_main_heavy_metal_120	2100	inf_melee	15	inf_mel	wh3_dlc20_unit_long_text_chs_chosen_mtze	hu1c_dlc24_chaos_lord_tzeentch_halberd_and_shield	wh3_dlc24_chs_cha_lord_hero_mtze	45	60	80	3260		0	wh3_dlc24_chs_cha_chaos_lord_mtze_halberd		1	wh_missile_block_90_metal	wh3_dlc20_chs_inf_chosen_mtze_halberds_ete	wh_main_cavalry_very_chaotic	trained			true	40.0000	1500.0000	wh3_dlc20_chs_inf_chosen_mtze_halberds_ete	60	80	0	vo_sel_chaos_chosen	vo_sel_generic	vo_sel_dlc20_chaos_faction_leader	1.0000	small	0	0	0	0	0	0	0	0	melee_anti_large	false	true	false	false	medium	medium	domination_infantry			melee	1.0000	1.0000	false	false
wh3_dlc20_chs_inf_forsaken_mkho_ete	10	wh2_main_body_100	2100	inf_melee	40	inf_mel	wh3_dlc20_unit_long_text_chs_forsaken_mkho	hu1l_dlc25_theodore_bruckner_sword	wh_dlc01_chs_infantry_forsaken_blood_dismembers_ete	65	30	70	3052		0	wh3_dlc25_emp_theodore_sword_kho		1	none	wh_dlc01_chs_inf_forsaken_0_ete	wh_main_cavalry_very_chaotic	trained			true	40.0000	1500.0000	wh3_dlc20_chs_inf_forsaken_mkho_ete	60	80	0	vo_sel_melee	vo_sel_melee	vo_sel_culture	1.0000	small	0	0	0	35	0	0	0	0	melee	false	true	false	false	medium	medium	domination_infantry			melee	1.0000	1.0000	false	false
wh3_dlc20_chs_inf_forsaken_msla_ete	10	wh2_main_body_85	2100	inf_melee	40	inf_mel	wh3_dlc20_unit_long_text_chs_forsaken_msla	hu1l_dlc25_theodore_bruckner_sword	wh3_dlc20_chs_infantry_forsaken_msla_blood_dismembers_ete	60	35	70	3052		0	wh3_dlc25_emp_theodore_sword_sla		1	none	wh_dlc01_chs_inf_forsaken_0_ete	wh_main_cavalry_very_chaotic	trained			true	40.0000	1500.0000	wh3_dlc20_chs_inf_forsaken_msla_ete	60	80	0	vo_sel_melee	vo_sel_melee	vo_sel_culture	1.0000	small	0	0	0	0	0	5	0	0	melee	false	true	false	false	medium	medium	domination_infantry			melee	1.0000	1.0000	false	false
wh3_dlc23_chd_cav_bull_centaurs_greatweapons_ete	10	wh2_main_plate_70	2100	inf_melee	50	inf_mel	wh3_dlc23_unit_long_text_chd_cav_bull_centaurs	ce1b_dlc23_bullcentaur_taurruk_2handed_axe	wh3_dlc23_chd_cav_bull_centaur_taurruk_blood	48	42	70	4172		0	wh2_dlc23_chd_bull_centaur_taurruk_great_axe		1	none	wh3_dlc23_chd_cav_bull_centaurs_greatweapons_ete	wh_main_monstrous_cavalry	trained			true	40.0000	1500.0000	wh3_dlc23_chd_cav_bull_centaurs_greatweapons_ete	60	80	0	vo_sel_default	vo_sel_generic	vo_sel_culture	1.0000	large_bst	0	0	15	0	0	0	15	0	melee_gatecrusher_highvalue	false	true	false	false	medium	medium	domination_monsters				1.0000	1.0000	false	false
wh3_dlc23_chd_inf_chaos_dwarf_warriors_ete	10	wh2_main_plate_100	2100	inf_melee	40	inf_mel	wh_main_unit_long_text_dwf_ironbreakers	hu3b_dlc23_astragoth_mech	wh3_dlc23_chd_cha_astragoth_ironhand	39	36	75	3660		0	wh3_dlc23_chd_cha_astragoth_ironhand		1	none	wh3_dlc23_chd_inf_chaos_dwarf_warriors_ete	wh_main_monstrous_infantry	trained			true	40.0000	1500.0000	wh3_dlc23_chd_inf_chaos_dwarf_warriors_ete	60	80	0	vo_sel_default	vo_sel_generic	vo_sel_generic_short	1.0000	large	0	0	0	35	0	0	0	0	melee_gatecrusher	false	true	false	false	medium	medium	domination_infantry				1.0000	1.0000	false	false
wh3_dlc23_chd_inf_infernal_guard_fireglaives_ete	10	wh2_main_plate_120	2100	inf_ranged	14	inf_mis	wh3_dlc23_unit_long_text_chd_inf_infernal_guard	hu3_dlc23_castellan_rifle	wh3_dlc23_chd_cha_infernal_castellan	45	42	75	3280		0	wh3_dlc23_chd_infernal_castellan_fireglaive	wh3_dlc23_chd_infernal_castellan_fireglaive	1	none	wh3_dlc23_chd_inf_infernal_guard_fireglaives_ete	wh_main_monstrous_cavalry	trained			true	40.0000	1500.0000	wh3_dlc23_chd_inf_infernal_guard_fireglaives_ete	60	80	0	vo_sel_chd_infernal_guard	vo_sel_ranged	vo_sel_generic	1.0000	small	0	30	25	0	0	0	0	0	hybrid_melee_direct_no_skirmish	true	true	false	false	medium	medium	domination_infantry				1.0000	1.0000	false	false
wh3_dlc23_chd_inf_infernal_ironsworn_ete	10	wh2_main_plate_130	2100	inf_melee	30	inf_mel	wh3_dlc23_unit_long_text_chd_inf_infernal_ironsworn	hu3_dwarf_axe_and_shield	wh3_dlc23_chd_cha_overseer	55	55	80	3660		0	wh_main_dwf_axe_hero_ete	wh3_dlc23_chd_naptha_bombs_ete	1	wh_missile_block_55_metal	wh3_dlc23_chd_inf_infernal_ironsworn_ete	wh_main_monstrous_cavalry	trained			true	40.0000	1500.0000	wh3_dlc23_chd_inf_infernal_ironsworn_ete	60	80	0	vo_sel_chd_infernal_ironsworn	vo_sel_generic	vo_sel_generic_short	1.0000	small	0	1	25	0	0	0	0	0	melee	false	true	false	false	medium	medium	domination_infantry_elite			archer	1.0000	1.0000	false	false
wh3_dlc24_cth_inf_onyx_crowmen_ete	10	wh2_main_leather_15	2100	inf_melee	20	inf_mel	wh3_dlc24_unit_long_text_cth_inf_onyx_crowmen	hu22_dlc24_onyx_crowmen	wh3_dlc24_cth_inf_onyx_crowmen	30	32	50	64		0	wh3_dlc24_cth_onyx_crowmen		9	none	wh3_dlc24_cth_inf_onyx_crowmen_ete	wh2_main_inf_chaotic_formation_tight	trained			true	40.0000	1500.0000	wh3_dlc24_cth_inf_onyx_crowmen_ete	60	80	0	vo_sel_default	vo_sel_melee	vo_sel_culture	1.0000	small	0	0	0	0	0	20	0	0	flying_melee_flanker	false	false	false	false	cant_capture	cant_capture	cant_capture			melee	1.0000	1.0000	false	false
wh3_dlc24_cth_mon_jade_lion_ete	10	wh2_main_body_90	2100	inf_melee	40	inf_mel	wh3_dlc24_unit_long_text_cth_mon_jade_jet_lions	bc5_dlc24_jet_lion	wh3_dlc24_cth_mon_jade_lion	42	50	40	4200		0	wh3_dlc24_cth_mon_jet_lion_ete		1	none	wh3_dlc24_cth_mon_jade_lion_ete	wh_main_chariot	trained			true	40.0000	1500.0000	wh3_dlc24_cth_mon_jet_lion_ete	60	80	0	vo_sel_default	vo_sel_melee	vo_sel_culture	1.0000	large	0	0	0	50	0	0	15	0	melee	false	false	false	false	low	low	domination_monsters			melee	1.0000	1.0000	false	false
wh3_dlc24_ksl_mon_frost_wyrm_ete	10	wh2_main_plate_90	2100	war_beast	50	inf_mel	wh3_dlc24_unit_long_text_ksl_mon_frost_wyrm	hu1_dlc24_katarin_lz02_frostwyrm_staff_and_sword	wh3_main_ksl_frost_maiden_rider_blood_dismembers	48	35	65	5172	wh3_dlc24_ksl_mnt_frost_wyrm	4	wh3_dlc24_ksl_mon_frost_wyrm		1	none	wh3_dlc24_ksl_mon_frost_wyrm_ete	wh_main_chariot	trained			false	40.0000	1500.0000	wh3_dlc24_ksl_mon_frost_wyrm_ete	60	80	0	vo_sel_default	vo_sel_generic	vo_sel_generic_short	1.0000	large	0	0	0	0	0	0	25	0	melee_gatecrusher	false	false	false	false	medium	medium	domination_monsters			melee	1.0000	1.0000	false	false
wh3_dlc24_ksl_mon_incarnate_elemental_of_beasts_ete	10	wh_main_body_0	2100	inf_melee	64	inf_mel	wh3_dlc24_unit_long_text_ksl_mon_incarnate_elemental_of_beasts	hu6d_dlc24_elemental_of_beasts	wh3_dlc24_ksl_mon_incarnate_elemental_of_beasts	62	30	60	5000		0	wh3_dlc24_ksl_mon_incarnate_elemental_of_beasts		1	none	wh3_dlc24_ksl_mon_incarnate_elemental_of_beasts_ete	wh_dlc08_nor_mammoth_herd_ror	trained			true	40.0000	1500.0000	wh3_dlc24_ksl_mon_incarnate_elemental_of_beasts_ete	160	160	0	vo_sel_default	vo_sel_default	vo_sel_culture	1.0000	large	0	0	0	0	0	35	0	0	melee_gatecrusher	false	false	false	false	medium	medium	domination_monsters			melee	1.0000	1.0000	false	false
wh3_dlc24_tze_inf_tzaangors_ete	10	wh2_main_plate_80	2100	inf_melee	25	inf_mel	wh3_dlc24_unit_long_text_tze_inf_tzaangors	hu6_gor_2handed_axe	wh_dlc03_bst_cha_gor_hero_blood_dismember	40	50	60	3248		0	wh2_dlc17_bst_wargor_mace_tze		1	none	wh3_dlc24_tze_inf_tzaangors_ete	wh_main_cavalry_chaotic	trained			true	40.0000	1500.0000	wh3_dlc24_tze_inf_tzaangors_ete	60	80	0	vo_sel_default	vo_sel_default	vo_sel_culture	1.0000	small	0	0	0	0	0	0	0	0	melee	false	true	false	false	medium	medium	domination_infantry			melee	1.0000	1.0000	false	false
wh3_dlc25_dwf_veh_thunderbarge_ete	10	wh2_main_plate_80	2100	war_beast	15	inf_mis	wh3_dlc25_unit_long_text_dwf_veh_thunderbarge	zeppelin01_dlc25_thunderbarge	wh3_dlc25_dwf_mnt_veh_thunderbarge	20	1	90	7920	wh3_dlc25_dwf_mnt_veh_thunderbarge	3	wh3_dlc25_dwf_veh_thunderbarge	wh3_dlc25_dwf_thunderbarge_bomb	1	none	wh3_dlc25_dwf_veh_thunderbarge_ete	wh2_dlc15_super_monstrous_cavalry_flying	trained			true	40.0000	1500.0000	wh3_dlc25_dwf_veh_thunderbarge_ete	60	80	0	vo_sel_default	vo_sel_flying	vo_sel_flying_short	1.0000	large	50	40	0	35	0	0	0	0	thunderbarge	false	false	false	false	cant_capture	cant_capture	cant_capture			skirmish	1.0000	1.0000	true	false
wh3_dlc25_nur_inf_pestigors_ete	10	wh2_main_heavy_metal_65	2100	inf_melee	50	inf_mel	wh3_dlc25_unit_long_text_nur_inf_pestigor	hu6_gor_2handed_axe	wh_dlc03_bst_cha_gor_hero_blood_dismember	45	45	60	3648		0	wh2_dlc17_bst_wargor_mace_nur		1	none	wh3_dlc25_nur_inf_pestigors_ete	wh_main_cavalry_chaotic	trained			true	40.0000	1500.0000	wh3_dlc25_nur_inf_pestigors_ete	60	80	0	vo_sel_beastmen_gors	vo_sel_default	vo_sel_culture	1.0000	small	0	0	0	0	0	0	25	0	melee	false	true	false	false	medium	medium	domination_infantry			melee	1.0000	1.0000	false	false
wh3_dlc25_nur_inf_plague_ogres_great_weapons_ete	10	wh2_main_body_80	2100	inf_melee	50	inf_mel	wh3_dlc25_unit_long_text_nur_inf_plague_ogres	hu13_dlc25_tamurkhan_axe_ete	wh3_dlc25_nur_char_tamurkhan_blood	50	38	75	4692		0	wh3_dlc25_cha_tamurkhan_greataxe_ete		1	none	wh3_dlc25_nur_inf_plague_ogres_great_weapons_ete	wh2_dlc09_necroserpents	trained			true	40.0000	1500.0000	wh3_dlc25_nur_inf_plague_ogres_great_weapons_ete	60	80	0	vo_sel_default	vo_sel_melee	vo_sel_culture	1.0000	large	0	0	0	0	0	0	0	0	melee_gatecrusher_shock	false	true	false	false	medium	medium	domination_monsters			melee	1.0000	1.0000	false	false
wh3_dlc25_nur_mon_toad_dragon_ete	10	wh2_main_body_60	2100	war_beast	42	cav_mel	wh3_dlc25_unit_long_text_nur_mon_toad_dragon	hu13_dlc25_tamurkhan_dr05_toad_dragon_axe_ete	wh3_dlc25_nur_char_tamurkhan_rider	51	36	70	8962	wh3_dlc25_nur_mnt_bubebolos_ete	4	wh3_dlc25_nur_mon_toad_dragon		1	none	wh3_dlc25_nur_mon_toad_dragon_ete	wh_dlc08_nor_mammoth_herd_ror	trained			true	40.0000	1500.0000	wh3_dlc25_nur_mon_toad_dragon_ete	60	80	0	vo_sel_default	vo_sel_culture	vo_sel_culture	1.0000	large	0	0	0	0	0	0	15	0	melee_gatecrusher_highvalue	false	false	false	false	medium	medium	domination_monsters			melee	1.0000	1.0000	false	false
wh3_dlc26_grn_mon_arachnarok_spider_flinger_ete	10	wh2_dlc15_bone_120	2100	war_beast	40	inf_mel	wh_main_unit_long_text_grn_arachnarok_spider	hu5_goblin_dlc26_sp1b_arachnarok_flinger_crew	wh_main_grn_arachnarok_rider_360_blood	58	30	65	5957	wh3_dlc26_grn_arachnarok_spider_flinger_ete	4	wh_main_grn_arachnarok	wh3_dlc26_arachnarok_flinger	1	none	wh3_dlc26_grn_mon_arachnarok_spider_flinger_ete	wh_dlc08_nor_mammoth_herd_ror	trained			true	40.0000	1500.0000	wh3_dlc26_grn_mon_arachnarok_spider_flinger_ete	60	80	0	vo_sel_default	vo_sel_culture	vo_sel_culture	1.0000	large_bst	75	12	0	0	0	0	0	0	melee_gatecrusher	false	false	false	false	medium	medium	domination_monsters			melee	1.0000	1.0000	false	false
wh3_dlc26_kho_inf_khorngors_ete	10	wh2_main_heavy_metal_100	2100	inf_melee	70	inf_mel	wh3_dlc26_unit_long_text_kho_inf_khorngors	hu6_gor_dual_axe	wh_dlc03_bst_cha_gor_hero_blood_dismember	55	35	60	3248		0	wh2_dlc17_bst_wargor_mace_kho		1	none	wh3_dlc26_kho_inf_khorngors_ete	wh_main_cavalry_chaotic	trained			true	40.0000	1500.0000	wh3_dlc26_kho_inf_khorngors_ete	60	80	0	vo_sel_beastmen_gors	vo_sel_default	vo_sel_culture	1.0000	small	0	0	0	35	0	0	0	0	melee	false	true	false	false	medium	medium	domination_infantry			melee	1.0000	1.0000	false	false
wh3_dlc26_kho_inf_wrathmongers_ete	10	wh2_main_heavy_metal_120	2100	inf_melee	55	inf_mel	wh3_dlc26_unit_long_text_kho_inf_wrathmongers	hu1c_dlc26_wrathmongers_dual_flails	wh3_dlc20_chs_cha_lord_hero	60	35	70	3260		0	wh3_pro11_chs_cha_harald_hammerstorm_ete		1	none	wh3_dlc26_kho_inf_wrathmongers_ete	wh2_dlc09_necroserpents	trained			true	40.0000	1500.0000	wh3_dlc26_kho_inf_wrathmongers_ete	60	80	0	vo_sel_default	vo_sel_melee	vo_sel_generic_short	1.0000	small	0	0	0	35	0	0	0	0	melee	false	true	false	false	medium	medium	domination_infantry			melee	1.0000	1.0000	false	false
wh3_dlc26_ogr_inf_eshin_maneater_ete	10	wh_main_body_0	2100	inf_melee	50	inf_mel	wh3_dlc26_unit_long_text_ogr_inf_maneaters	hu13_dlc26_eshin_maneater_sword	wh3_dlc26_ogr_inf_eshin_maneater_ror	45	40	70	3808		0	wh3_dlc26_ogr_eshin_maneater_ror_swords		1	none	wh3_dlc26_ogr_inf_eshin_maneater_ete	wh_main_monstrous_infantry	trained			true	40.0000	1500.0000	wh3_dlc26_ogr_inf_eshin_maneater_ete	60	80	0	vo_sel_default	vo_sel_ogr_maneaters	vo_sel_culture	1.0000	large	0	0	0	0	0	25	0	0	melee_gatecrusher	false	true	false	false	medium	medium	domination_characters			melee	1.0000	1.0000	false	false
wh3_dlc26_ogr_mon_blood_vultures_ete	10	wh2_main_body_10	2100	inf_melee	24	inf_mel	wh3_dlc26_unit_long_text_ogr_mon_blood_vultures	bi1b_carrion	wh3_dlc26_ogr_blood_vultures_ete	34	28	45	98		0	wh3_dlc26_ogr_blood_vultures_beak		6	none	wh3_dlc26_ogr_mon_blood_vultures_ete	wh_main_war_beasts	trained			true	40.0000	1500.0000	wh3_dlc26_ogr_mon_blood_vultures_ete	60	80	0	vo_sel_default	vo_sel_melee	vo_sel_culture	1.0000	small	0	0	0	0	0	0	0	0	flying_melee_flanker	false	false	false	false	cant_capture	cant_capture	cant_capture			melee	1.0000	1.0000	false	false
wh3_dlc26_ogr_mon_thundertusk_ete	10	wh2_main_body_100	2100	war_beast	50	inf_mel	wh3_dlc26_unit_long_text_ogr_mon_thundertusk	hu13_wh3_hq3b_stonehorn_sword_and_crossbow	wh3_dlc26_ogr_monster_thundertusk	44	30	70	7600	wh3_dlc26_ogr_mon_thundertusk	4	wh3_dlc26_ogr_thundertusk	wh3_dlc26_thundertusk_ice_shard	1	none	wh3_dlc26_ogr_mon_thundertusk_ete	wh_dlc08_nor_mammoth_herd_ror	trained			true	40.0000	1500.0000	wh3_dlc26_ogr_mon_thundertusk_ete	60	80	0	vo_sel_default	vo_sel_generic	vo_sel_culture	1.0000	large	14	20	0	0	0	0	10	0	melee_gatecrusher_shock	false	false	false	false	medium	medium	domination_monsters			artillery	1.0000	1.0000	false	false
wh3_dlc27_hef_mon_merwyrm_ete	10	wh2_main_body_60	2100	inf_melee	38	inf_mel	wh3_dlc27_unit_long_text_hef_mon_merwyrm	sm02_dlc27_merwyrm	wh3_dlc27_hef_mon_merwyrm_ete_1	59	34	60	8592		0	wh3_dlc27_hef_mon_merwyrm_ete		1	none	wh3_dlc27_hef_mon_merwyrm_ete	wh_dlc08_nor_mammoth_herd_ror	trained			true	40.0000	1500.0000	wh3_dlc27_hef_mon_merwyrm_ete	60	80	0	vo_sel_default	vo_sel_melee	vo_sel_culture	1.0000	aquatic_large	0	0	0	0	0	0	10	0	melee_gatecrusher	false	false	false	false	medium	medium	domination_monsters			melee	1.0000	1.0000	false	false
wh3_dlc27_hef_mon_sea_elemental_ete	10	wh_main_body_0	2100	inf_melee	32	inf_mel	wh3_dlc27_unit_long_text_hef_mon_sea_elemental	sn3_dlc27_sea_elemental	wh3_dlc27_hef_mon_sea_elemental	45	70	50	7592		0	wh3_dlc27_hef_sea_elemental_ete		1	none	wh3_dlc27_hef_mon_sea_elemental_ete	wh_dlc08_nor_mammoth_herd_ror	trained			true	40.0000	1500.0000	wh3_dlc27_hef_mon_sea_elemental_ete	60	80	0	vo_sel_default	vo_sel_melee	vo_sel_culture	1.0000	aquatic_large	0	0	25	0	0	0	0	0	melee_gatecrusher_highvalue	false	true	false	false	medium	medium	domination_monsters			melee	1.0000	1.0000	false	false
wh3_dlc27_hef_veh_skycutter_bolt_thrower_ete	10	wh2_main_plate_80	2100	war_beast	60	chariot	wh3_dlc27_unit_long_text_hef_veh_sky_cutter	hu1d_dlc27_skycutter01_bolt_thrower	wh2_dlc16_hef_infantry_bolt_thrower_crew_blood_dismembers	30	26	70	1124	wh3_dlc27_hef_mnt_skycutter_bolt	16	wh3_dlc27_hef_skycutter	wh3_dlc27_hef_veh_skycutter_bolt_thrower	1	none	wh3_dlc27_hef_veh_skycutter_bolt_thrower_ete	wh_main_chariot	trained			true	40.0000	1500.0000	wh3_dlc27_hef_veh_skycutter_bolt_thrower_ete	60	80	0	vo_sel_hef_Sky_Cutters	vo_sel_culture	vo_sel_culture	1.0000	large	0	12	0	0	0	0	0	0	flying_ranged_harasser_flanker	true	false	false	false	cant_capture	cant_capture	cant_capture			skirmish	1.0000	1.0000	false	false
wh3_dlc27_nor_mon_cursd_ettin_ete	10	wh2_main_leather_35	2100	inf_melee	45	inf_mel	wh3_dlc27_unit_long_text_nor_mon_cursd_ettin	gi3_dlc27_cursd_ettin	wh3_dlc27_nor_mon_cursd_ettin	65	40	70	10312		0	wh3_dlc27_nor_mon_cursd_ettin_fist		1	none	wh3_dlc27_nor_mon_cursd_ettin_ete	wh_dlc08_nor_mammoth_herd_ror	trained			true	40.0000	1500.0000	wh3_dlc27_nor_mon_cursd_ettin_ete	60	80	0	vo_sel_default	vo_sel_melee	vo_sel_culture	1.0000	large	0	0	0	25	0	0	0	0	melee_gatecrusher	false	false	false	false	medium	medium	domination_monsters			melee	1.0000	1.0000	false	false
wh3_dlc27_sla_inf_slaangors_ete	10	wh2_main_chainmail_50	2100	inf_melee	45	inf_mel	wh3_dlc27_unit_long_text_sla_inf_slaangors	hu6_gor_axe_and_shield	wh_dlc03_bst_cha_gor_hero_blood_dismember	50	45	60	3248		0	wh2_dlc17_bst_wargor_mace		1	wh_missile_block_55_metal	wh3_dlc27_sla_inf_slaangors_ete	wh3_main_cth_crane_gunners	trained			true	40.0000	1500.0000	wh3_dlc27_sla_inf_slaangors_ete	60	80	0	vo_sel_default	vo_sel_default	vo_sel_culture	1.0000	small	0	0	0	0	0	5	0	0	melee	false	true	false	false	medium	medium	domination_infantry			melee	1.0000	1.0000	false	false
wh3_main_cth_art_fire_rain_rocket_battery_0_ete	10	wh2_main_chainmail_70	2100	artillery	12	art_fld	wh3_main_unit_long_text_cth_art_fire_rain_rocket_battery_0	hu1e_sword	wh3_main_cth_infantry_heavy_blood_dismembers	24	34	64	61	wh3_main_cth_mnt_oxen_draught_artillery	2	wh3_main_cth_jade_warrior_sword		6	wh_missile_block_35_wood	wh3_main_cth_art_fire_rain_rocket_battery_0_ete	wh_main_artillery	trained	wh3_main_cth_art_grand_cannon_articulation	wh3_main_cth_art_fire_rain_rocket_battery	false	40.0000	1500.0000	wh3_main_cth_art_fire_rain_rocket_battery_0_ete	60	80	0	vo_sel_cth_rocket_battery	vo_sel_artillery	vo_sel_culture	1.0000	small	0	64	0	0	12	0	0	0	ranged_indirect_arty	false	false	false	false	medium	medium	domination_artillery		wh3_main_cth_art_fire_rain_rocket_battery	artillery	1.0000	1.0000	false	false
wh3_main_cth_cav_jade_longma_riders_0_ete	10	wh2_main_plate_80	2100	war_beast	65	cav_shk	wh3_main_unit_long_text_cth_cav_jade_longma_riders_0	hu1e_dlc24_bc2_celestial_lion_celestial_general	wh_main_cavalry_rider_standard_blood	50	36	80	4068	wh3_dlc24_cth_mnt_celestial_lion	4	wh3_dlc24_cth_celestial_general_hammer_lion		1	none	wh3_main_cth_cav_jade_longma_riders_0_ete	wh_dlc07_brt_royal_hippogryph_knights	trained			true	40.0000	1500.0000	wh3_main_cth_cav_jade_longma_riders_0_ete	60	80	0	vo_sel_cavalry	vo_sel_cth_dragon_guard	vo_sel_culture	1.0000	large	0	0	0	0	0	0	0	0	flying_melee_flanker_shock_highvalue	false	false	false	false	cant_capture	cant_capture	cant_capture			melee	1.0000	1.0000	false	false
wh3_main_cth_inf_dragon_guard_0_ete	10	wh2_main_chainmail_110	2100	inf_melee	30	inf_mel	wh3_main_unit_long_text_cth_inf_dragon_guard_0	hu1e_halberd	wh3_dlc24_cth_cha_hum_celestial_general_yang_blood	50	45	78	3420		0	wh2_main_hef_noble_halberd		1	none	wh3_main_cth_inf_dragon_guard_0_ete	wh3_main_cth_crane_gunners	trained			true	40.0000	1500.0000	wh3_main_cth_inf_dragon_guard_0_ete	60	80	0	vo_sel_cth_dragon_guard	vo_sel_melee	vo_sel_culture	1.0000	small	0	0	0	0	0	0	0	0	melee_anti_large	false	true	false	false	medium	medium	domination_infantry_elite			melee	1.0000	1.0000	false	false
wh3_main_cth_inf_jade_warrior_crossbowmen_0_ete	10	wh2_main_chainmail_95	2100	inf_ranged	25	inf_mis	wh3_main_unit_long_text_cth_inf_jade_warrior_crossbowmen_0	hu1e_dlc24_gatemaster_sword_and_shield	wh_main_infantry_standard_slow_hero_blood_dismembers	46	50	70	3120		0	wh3_dlc24_cth_gate_master_sword	wh3_dlc24_cth_gate_master_crossbow	1	wh_missile_block_35_metal	wh3_main_cth_inf_jade_warrior_crossbowmen_0_ete	wh3_main_cth_crane_gunners	trained			true	40.0000	1500.0000	wh3_main_cth_inf_jade_warrior_crossbowmen_0_ete	60	80	0	vo_sel_cth_jade_warrior_crossbows	vo_sel_crossbowmen	vo_sel_culture	1.0000	small	0	22	0	0	0	0	0	0	ranged_no_skirmish	true	true	false	false	medium	medium	domination_infantry			archer	1.0000	1.0000	false	false
wh3_main_cth_inf_peasant_spearmen_1_ete	10	wh2_main_leather_15	2100	inf_melee	15	inf_mel	wh3_main_unit_long_text_cth_peasants	hu1e_sword_lord	wh_main_infantry_standard_slow_hero_blood_dismembers	40	25	55	2412		0	wh3_main_tze_staff_cultist		1	none	wh3_main_cth_inf_peasant_spearmen_1_ete	wh_main_cavalry_ordered	trained			true	40.0000	1500.0000	wh3_main_cth_inf_peasant_spearmen_1_ete	60	80	0	vo_sel_default	vo_sel_melee	vo_sel_culture	1.0000	small	0	0	0	0	0	0	0	0	melee_mage_highvalue	false	true	false	false	medium	medium	domination_infantry			melee	1.0000	1.0000	false	false
wh3_main_cth_mon_terracotta_sentinel_0_ete	10	wh2_main_body_100	2100	inf_melee	40	inf_mel	wh3_main_unit_long_text_cth_mon_terracotta_sentinel_0	gi1b_terracotta_sentinel_glaive	wh3_main_cth_terracotta_sentinel	65	30	60	6212		0	wh3_main_cth_terracotta_sentinel		1	none	wh3_main_cth_mon_terracotta_sentinel_0_ete	wh_dlc08_nor_mammoth_herd_ror	trained			true	40.0000	1500.0000	wh3_main_cth_mon_terracotta_sentinel_0_ete	60	80	0	vo_sel_default	vo_sel_melee	vo_sel_culture	1.0000	large	0	0	0	0	0	0	0	0	melee_gatecrusher	false	false	false	false	medium	medium	domination_monsters			melee	1.0000	1.0000	false	false
wh3_main_kho_cav_bloodcrushers_0_ete	10	wh2_main_heavy_metal_100	2100	cavalry	65	cav_shk	wh3_main_unit_long_text_kho_cav_bloodcrushers_0	hu6f_wh3_herald_hq4_juggernaught_2handed_sword	wh3_main_kho_cha_bloodreaper_hero_blood_dismembers	55	35	65	3840	wh3_dlc20_chs_mnt_juggernaut_lord	4	wh3_main_kho_bloodreaper_juggernaut		1	none	wh3_main_kho_cav_bloodcrushers_0_ete	wh3_main_ogr_mournfangs	trained			true	40.0000	1500.0000	wh3_main_kho_cav_bloodcrushers_0_ete	60	80	0	vo_sel_default	vo_sel_cavalry	vo_sel_culture	1.0000	large	0	0	0	35	0	20	0	0	melee_flanker_shock	false	false	false	false	low	low	domination_cav			melee	1.0000	1.0000	false	false
wh3_main_kho_inf_bloodletters_1_ete	10	wh2_main_body_40	2100	inf_melee	45	inf_mel	wh3_main_unit_long_text_kho_inf_bloodletters_1	hu6f_wh3_bloodreaper_2handed_sword	wh3_main_kho_cha_bloodreaper_hero_blood_dismembers	55	35	60	3440		0	wh3_main_kho_bloodreaper_2handed_sword		1	none	wh3_main_sla_inf_daemonette_1_ete	wh3_main_cth_crane_gunners	trained			true	40.0000	1500.0000	wh3_main_kho_inf_bloodletters_1_ete	60	80	0	vo_sel_default	vo_sel_melee	vo_sel_culture	1.0000	small	0	0	0	35	0	20	0	0	melee_highvalue	false	true	false	false	medium	medium	domination_infantry_elite			melee	1.0000	1.0000	false	false
wh3_main_kho_mon_khornataurs_1_ete	10	wh2_main_body_70	2100	inf_melee	60	inf_mel	wh3_dlc26_unit_long_text_kho_mon_slaughterbrute	hc4_dlc26_slaughterbrute	wh3_dlc26_kho_mon_slaughterbrute	65	45	50	7880		0	wh3_dlc26_kho_slaughterbrute_claws		1	none	wh3_main_kho_mon_khornataurs_1_ete	wh_dlc08_nor_mammoth_herd_ror	trained			true	40.0000	1500.0000	wh3_main_kho_mon_khornataurs_1_ete	60	80	0	vo_sel_default	vo_sel_melee	vo_sel_culture	1.0000	large	0	0	0	35	0	0	10	0	melee_highvalue	false	true	false	false	medium	medium	domination_monsters			melee	1.0000	1.0000	false	false
wh3_main_kho_mon_soul_grinder_0_ete	10	wh2_main_heavy_metal_90	2100	inf_ranged	50	spcl	wh3_main_unit_long_text_kho_mon_soul_grinder_0	hc7_wh3_soul_grinder	wh3_main_monster_kho_soul_grinder_blood	55	35	55	5180		0	wh3_main_kho_soul_grinder	wh3_main_kho_soul_grinder_cannon	1	none	wh3_main_kho_mon_soul_grinder_0_ete	wh_dlc08_nor_mammoth_herd_ror	trained			true	40.0000	1500.0000	wh3_main_kho_mon_soul_grinder_0_ete	60	80	0	vo_sel_default	vo_sel_melee	vo_sel_culture	1.0000	large	0	40	0	35	0	20	0	0	hybrid_gatecrusher	false	false	false	false	medium	medium	domination_monsters			artillery	1.0000	1.0000	false	false
wh3_main_ksl_cav_gryphon_legion_0_ete	10	wh2_main_plate_105	2100	war_beast	75	cav_shk	wh3_main_unit_long_text_ksl_cav_gryphon_legion_0	hu1c_wh3_kislev_hr1_warhorse_lance_and_shield_gryphon	wh_main_war_beast_rider_standard_blood	45	40	75	3660	wh3_main_ksl_mnt_horse_heavy_lord	4	wh_main_brt_sword_hero		1	wh_missile_block_35_metal	wh3_main_ksl_cav_gryphon_legion_0_ete	wh_main_monstrous_cavalry	trained			true	40.0000	1500.0000	wh3_main_ksl_cav_gryphon_legion_0_ete	60	80	0	vo_sel_ksl_gryphon_legion	vo_sel_generic	vo_sel_culture	1.0000	large	0	0	0	0	0	0	0	0	melee_flanker_shock_highvalue	false	false	false	false	low	low	domination_cav			melee	1.0000	1.0000	false	false
wh3_main_ksl_cav_war_bear_riders_1_ete	10	wh2_main_plate_115	2100	war_beast	65	cav_mel	wh3_main_unit_long_text_ksl_cav_war_bear_riders_1	hu1c_wh3_kislev_be1_warbear_dual_axe	wh_main_war_beast_rider_standard_blood	55	45	75	4008	wh3_main_ksl_mnt_war_bear_heavy_ete	4	wh3_main_ksl_war_bear_boyar		1	none	wh3_main_ksl_cav_war_bear_riders_1_ete	wh3_main_ogr_mournfangs	trained			true	40.0000	1500.0000	wh3_main_ksl_cav_war_bear_riders_1_ete	60	80	0	vo_sel_ksl_war_bear_riders	vo_sel_generic	vo_sel_culture	1.0000	large	0	0	0	0	0	0	0	0	melee_flanker_shock_highvalue	false	false	false	false	low	low	domination_cav			melee	1.0000	1.0000	false	false
wh3_main_ksl_inf_armoured_kossars_0_ete	10	wh2_main_plate_85	2100	inf_ranged	20	inf_mis	wh3_main_unit_long_text_ksl_inf_armoured_kossars_0	hu1c_wh3_kislev_pistol_axe_and_shield	wh3_main_infantry_boyar_hero_blood_dismembers	45	55	70	2960		0	wh3_main_ksl_axe_ataman	wh3_main_ksl_ataman_pistol	1	wh_missile_block_55_metal	wh3_main_ksl_inf_armoured_kossars_0_ete	wh_main_cavalry_ordered	trained			true	40.0000	1500.0000	wh3_main_ksl_inf_armoured_kossars_0_ete	60	80	0	vo_sel_ksl_armoured_kossars	vo_sel_generic	vo_sel_generic	1.0000	small	0	6	0	0	0	0	0	0	hybrid_melee	false	true	false	false	medium	medium	domination_infantry			archer	1.0000	1.0000	false	false
wh3_main_ksl_inf_ice_guard_0_ete	10	wh2_main_plate_60	2100	inf_ranged	16	inf_mis	wh3_main_unit_long_text_ksl_inf_ice_guard_0	hu1_wh3_kislev_glaive_and_bow	wh3_dlc23_ulrika_standard_blood	40	55	75	3160		0	wh2_dlc10_hef_handmaiden_spear_ksl	wh3_dlc24_ksl_bow_katarin_sled	1	none	wh3_main_ksl_inf_ice_guard_0_ete	wh_main_infantry_chaos_chosen	trained			false	40.0000	1500.0000	wh3_main_ksl_inf_ice_guard_0_ete	60	80	0	vo_sel_ksl_ice_guard	vo_sel_generic	vo_sel_generic	1.0000	small	0	22	0	15	0	10	0	0	hybrid_melee	true	true	false	false	medium	medium	domination_infantry			archer	1.0000	1.0000	false	false
wh3_main_ksl_inf_kossars_2_ete	10	wh_main_body_0	2100	inf_melee	20	spcl	wh3_main_unit_long_text_ksl_inf_kossars_0	gr1_grail_reliquae	wh_dlc07_brt_inf_grail_reliquae_blood	24	28	90	3466		0	wh_dlc07_brt_grail_reliquae_ksl		1	none	wh3_main_ksl_inf_kossars_2_ete	wh_main_hero	trained			true	40.0000	1500.0000	wh3_main_ksl_inf_kossars_2_ete	60	80	0	vo_sel_default	vo_sel_generic	vo_sel_generic_short	1.0000	large	0	0	0	0	0	25	0	0	melee_highvalue	false	true	false	false	medium	medium	domination_monsters			melee	1.0000	1.0000	false	false
wh3_main_ksl_inf_streltsi_0_ete	10	wh2_main_plate_75	2100	inf_ranged	24	inf_mis	wh3_main_unit_long_text_ksl_inf_streltsi_0	hu1c_wh3_kislev_gun_halberd	wh_main_infantry_standard_hero_blood	45	40	75	3160		0	wh3_dlc24_ksl_druzhina_great_axe_ete_2	wh_main_dwf_master_engineer_rifle	1	none	wh3_main_ksl_inf_streltsi_0_ete	wh3_main_kislev_infantry_2handed	trained			true	40.0000	1500.0000	wh3_main_ksl_inf_streltsi_0_ete	60	80	0	vo_sel_ksl_streltsi	vo_sel_generic	vo_sel_generic	1.0000	small	0	14	0	0	0	0	0	0	hybrid	true	true	false	false	medium	medium	domination_infantry			archer	1.0000	1.0000	false	false
wh3_main_ksl_inf_tzar_guard_0_ete	0	wh2_main_plate_100	2100	inf_melee	35	inf_mel	wh3_main_unit_long_text_ksl_inf_tzar_guard_1	hu1c_wh3_kislev_tsar_guard_2handed_sword	wh3_main_infantry_boyar_hero_blood_dismembers	65	50	80	3260		0	wh2_dlc14_brt_repanse_sword_great		1	none	wh3_main_ksl_inf_tzar_guard_0_ete	wh3_main_kislev_infantry_2handed	trained			true	40.0000	1500.0000	wh3_main_ksl_inf_tzar_guard_0_ete	60	80	0	vo_sel_ksl_tsar_guard	vo_sel_generic	vo_sel_generic	1.0000	small	0	0	0	0	0	0	0	0	melee	false	true	false	false	medium	medium	domination_infantry			melee	1.0000	1.0000	false	false
wh3_main_ksl_veh_heavy_war_sled_0_ete	10	wh2_main_plate_110	2100	war_machine	46	chariot	wh3_main_unit_long_text_ksl_veh_heavy_war_sled_0	hu1c_wh3_kislev_wm_warsled01_driver	wh_main_cavalry_rider_standard_blood	38	26	70	1200	wh3_main_ksl_mnt_war_bear_draught_war_sled_heavy	2	wh3_main_ksl_bear_draught_sled	wh3_main_ksl_sled_rifle	1	none	wh3_main_ksl_veh_heavy_war_sled_0_ete	wh_main_sled	trained	wh3_main_vehicle_heavy_war_sled	wh3_main_ksl_veh_war_sled_heavy	true	40.0000	1500.0000	wh3_main_ksl_veh_heavy_war_sled_0_ete	60	80	0	vo_sel_ksl_heavy_war_sled	vo_sel_generic	vo_sel_culture	1.0000	large	0	60	0	0	12	0	0	0	hybrid_flanker_shock_harasser_highvalue	true	false	false	false	low	low	domination_cav			skirmish	1.0000	1.0000	false	false
wh3_main_ksl_veh_little_grom_0_ete	10	wh2_main_plate_105	2100	war_machine	25	chariot	wh3_main_unit_long_text_ksl_veh_little_grom_0	hu1c_wh3_kislev_wm_warsled01_driver	wh_main_infantry_standard_blood_dismembers	40	28	70	5180	wh3_main_ksl_mnt_war_bear_draught_little_grom	2	wh3_main_ksl_bear_draught_little_grom	wh3_main_ksl_little_grom_cannon_ball	1	none	wh3_main_ksl_veh_little_grom_0_ete	wh_main_artillery	trained	wh3_main_vehicle_little_grom	wh3_main_ksl_veh_little_grom	true	40.0000	1500.0000	wh3_main_ksl_veh_little_grom_0_ete	60	80	0	vo_sel_ksl_little_grom	vo_sel_generic	vo_sel_culture	1.0000	large	0	16	0	0	3	0	0	0	ranged_indirect_arty	false	false	false	false	low	low	domination_cav		wh3_main_ksl_art_little_grom	artillery	1.0000	1.0000	false	false
wh3_main_nur_inf_forsaken_0_ete	10	wh2_main_body_85	2100	inf_melee	40	inf_mel	wh3_dlc20_unit_long_text_chs_forsaken_mnur	hu1l_dlc25_theodore_bruckner_sword	wh3_main_nur_infantry_forsaken_blood_dismembers_ete	55	40	70	3332		0	wh3_dlc25_emp_theodore_sword_nur		1	none	wh_dlc01_chs_inf_forsaken_0_ete	wh_main_cavalry_very_chaotic	trained			true	40.0000	1500.0000	wh3_main_nur_inf_forsaken_0_ete	60	80	0	vo_sel_melee	vo_sel_melee	vo_sel_culture	1.0000	small	0	0	0	0	0	0	0	0	melee	false	true	false	false	medium	medium	domination_infantry			melee	1.0000	1.0000	false	false
wh3_main_nur_inf_plaguebearers_1_ete	10	wh2_main_body_30	2100	inf_melee	20	inf_mel	wh3_main_unit_long_text_nur_inf_plaguebearers_1	hu4d_wh3_herald_of_nurgle_sword	wh3_main_nur_inf_plagueridden_hero_blood_dismembers	32	47	60	4000		0	wh3_main_nur_sword_plagueridden_ete		1	none	wh3_main_sla_inf_daemonette_1_ete	wh3_main_cth_crane_gunners	trained			true	40.0000	1500.0000	wh3_main_nur_inf_plaguebearers_1_ete	60	80	0	vo_sel_nur_plaguebearers	vo_sel_generic	vo_sel_culture	1.0000	small	0	0	0	0	0	20	0	0	melee_highvalue	false	true	false	false	medium	medium	domination_infantry_elite			melee	1.0000	1.0000	false	false
wh3_main_nur_mon_beast_of_nurgle_0_ete	0	wh2_main_body_50	2100	inf_melee	22	inf_mel	wh3_main_unit_long_text_nur_mon_beast_of_nurgle_0	hc8_wh3_beast_of_nurgle	wh3_main_nur_mon_beast_of_nurgle	42	34	60	4980		0	wh3_main_nur_beast_of_nurgle		1	none	wh3_main_nur_mon_beast_of_nurgle_0_ete	wh_dlc08_nor_mammoth_herd_ror	trained			true	40.0000	1500.0000	wh3_main_nur_mon_beast_of_nurgle_0_ete	60	80	0	vo_sel_default	vo_sel_generic	vo_sel_culture	1.0000	large	0	0	0	0	0	20	0	0	melee_gatecrusher_highvalue	false	false	false	false	medium	medium	domination_monsters			melee	1.0000	1.0000	false	false
wh3_main_ogr_cav_crushers_0_ete	10	wh2_main_heavy_metal_130	2100	cavalry	80	inf_mel	wh3_main_ogr_cav_crushers_0	hu13_wh3_ogre_hq2_mournfang_2handed_sword	wh3_main_ogr_monster_ogre_blood	44	30	75	4524	wh3_main_ogr_mnt_rhinox	4	wh3_main_ogr_hammer_sword_tyrant_ete_ror		1	none	wh3_main_ogr_cav_crushers_0_ete	wh3_main_ogr_mournfangs	trained			true	40.0000	1500.0000	wh3_main_ogr_cav_crushers_0_ete	60	80	0	vo_sel_ogr_crushers	vo_sel_melee	vo_sel_culture	1.0000	large	0	0	0	0	0	0	0	0	melee_gatecrusher_flanker_shock	false	false	false	false	medium	medium	domination_cav			melee	1.0000	1.0000	false	false
wh3_main_ogr_inf_ironguts_0_ete	10	wh2_main_heavy_metal_120	2100	inf_melee	50	inf_mel	wh3_main_ogr_inf_ironguts_0	hu13_wh3_ogre_2handed_sword	wh3_dlc26_ogr_bruiser	55	32	75	4108		0	wh3_dlc26_ogr_bruiser_wristblade		1	none	wh3_main_ogr_inf_ironguts_0_ete	wh3_main_ogr_ironguts	trained			true	40.0000	1500.0000	wh3_main_ogr_inf_ironguts_0_ete	60	80	0	vo_sel_ogr_ironguts	vo_sel_melee	vo_sel_culture	1.0000	large	0	0	0	0	0	0	0	0	melee_gatecrusher_shock	false	true	false	false	medium	medium	domination_infantry			melee	1.0000	1.0000	false	false
wh3_main_ogr_inf_maneaters_2_ete	10	wh2_main_body_40	2100	inf_melee	55	inf_mel	wh3_dlc26_unit_long_text_ogr_inf_maneaters	hu13_wh3_ogre_2handed_hammer	wh3_dlc26_ogr_cha_paymaster	45	40	75	4408		0	wh3_dlc26_ogr_ogre_paymaster_ete		1	none	wh3_main_ogr_inf_maneaters_2_ete	wh3_main_ogr_maneaters_great_weapons	trained			true	40.0000	1500.0000	wh3_main_ogr_inf_maneaters_2_ete	60	80	0	vo_sel_ogr_maneaters	vo_sel_melee	vo_sel_culture	1.0000	large	0	0	0	0	0	5	0	0	melee_gatecrusher_shock	false	true	false	false	medium	medium	domination_infantry			melee	1.0000	1.0000	false	false
wh3_main_ogr_inf_maneaters_3_ete	10	wh2_main_body_40	2100	inf_ranged	50	inf_mis	wh3_dlc26_unit_long_text_ogr_inf_maneaters	hu13_wh3_ogre_sword_and_pistol	wh3_dlc26_ogr_cha_paymaster	40	45	70	4408		0	wh3_dlc26_ogr_bruiser_wristblade_ete	wh2_dlc11_gunnery_wight_rifle_bullet_blunderbuss	1	none	wh3_main_ogr_inf_maneaters_3_ete	wh_main_monstrous_trolls	trained			true	40.0000	1500.0000	wh3_main_ogr_inf_maneaters_3_ete	60	80	0	vo_sel_ogr_maneater_pistols	vo_sel_ogr_maneaters	vo_sel_culture	1.0000	large	0	12	0	0	0	0	0	0	hybrid_gatecrusher	true	true	false	false	medium	medium	domination_infantry			archer	1.0000	1.0000	false	false
wh3_main_ogr_inf_ogres_0_ete	10	wh2_main_body_15	2100	inf_melee	40	inf_mel	wh3_main_ogr_inf_ogres_0	hu13_dlc26_bruiser_mace_and_ironfist	wh3_main_ogr_monster_ogre_butcher_blood	40	48	70	3108		0	wh3_main_ogr_hammer_slaughtermaster		1	wh_missile_block_30_metal	wh3_main_ogr_inf_ogres_0_ete	wh3_main_ogr_mournfangs	trained			true	40.0000	1500.0000	wh3_main_ogr_inf_ogres_0_ete	60	80	0	vo_sel_default	vo_sel_melee	vo_sel_culture	1.0000	large	0	0	0	0	0	0	0	0	melee_gatecrusher_shock	false	true	false	false	medium	medium	domination_infantry			melee	1.0000	1.0000	false	false
wh3_main_ogr_mon_giant_0_ete	10	wh2_main_body_20	2100	inf_melee	37	inf_mel	wh3_main_ogr_mon_giant_0	hu4_giant_club	wh_main_monster_giant_blood	55	30	60	8612		0	wh_main_club_giant		1	none	wh3_main_ogr_mon_giant_0_ete	wh_main_chariot	trained			true	40.0000	1500.0000	wh_main_grn_mon_giant_ete	60	80	0	vo_sel_default	vo_sel_melee	vo_sel_culture	1.0000	large	0	0	0	0	0	10	10	0	melee_gatecrusher	false	false	false	false	medium	medium	domination_monsters			melee	1.0000	1.0000	false	false
wh3_main_ogr_mon_gorgers_0_ete	10	wh_main_body_0	2100	inf_melee	42	inf_mel	wh3_main_ogr_mon_gorgers_0	hu8d_wh3_gorger	wh3_main_ogr_monster_gorger_blood	44	28	100	4208		0	wh2_dlc09_tmb_scorpion_claws		1	none	wh3_main_ogr_mon_gorgers_0_ete	wh3_main_gorgers	trained			true	40.0000	1500.0000	wh3_main_ogr_mon_gorgers_0_ete	60	80	0	vo_sel_default	vo_sel_melee	vo_sel_culture	1.0000	large	0	0	0	0	0	15	0	0	melee_gatecrusher	false	true	false	false	medium	medium	domination_infantry			melee	1.0000	1.0000	false	false
wh3_main_ogr_mon_sabretusk_pack_0_ete	10	wh2_main_leather_30	2100	inf_melee	36	spcl	wh3_main_ogr_mon_sabretusk_pack_0	bc4_wh3_sabretusk	wh3_main_ogr_mon_sabretusk_blood_ete	38	28	38	143		0	wh3_main_ogr_sabretusk_claw		6	none	wh3_main_ogr_mon_sabretusk_pack_0_ete	wh_main_war_beasts	trained			true	40.0000	1500.0000	wh3_main_ogr_mon_sabretusk_pack_0_ete	60	80	0	vo_sel_beastmen_razorgor	vo_sel_default	vo_sel_culture	1.0000	large	0	0	0	0	0	0	0	0	melee_flanker_shock	false	false	false	false	low	low	domination_cav			melee	1.0000	1.0000	false	false
wh3_main_ogr_mon_stonehorn_0_ete	10	wh2_main_body_110	2100	war_beast	70	inf_mel	wh3_main_ogr_mon_stonehorn_0	hu13_wh3_hq3b_stonehorn_spear	wh3_main_ogr_monster_ogre_blood	44	32	65	6300	wh3_main_ogr_mnt_stonehorn	4	wh3_main_ogr_stonehorn		1	none	wh3_main_ogr_mon_stonehorn_0_ete	wh_dlc08_nor_mammoth_herd_ror	trained			true	40.0000	1500.0000	wh3_main_ogr_mon_stonehorn_0_ete	60	80	0	vo_sel_default	vo_sel_generic	vo_sel_culture	1.0000	large	0	0	0	0	0	0	10	0	melee_gatecrusher_shock	false	false	false	false	medium	medium	domination_monsters			melee	1.0000	1.0000	false	false
wh3_main_ogr_veh_gnoblar_scraplauncher_0_ete	10	wh2_main_heavy_metal_80	2100	war_machine	48	chariot	wh3_main_ogr_veh_gnoblar_scraplauncher_0	hu5_goblin_spear_and_shield	wh_main_infantry_standard_blood_dismembers	26	16	55	3880	wh3_main_ogr_veh_rhinox_draft	1	wh3_main_ogr_rhinox_draught_chariot	wh3_main_ogr_veh_gnoblar_scraplauncher	1	none	wh3_main_ogr_veh_gnoblar_scraplauncher_0_ete	wh_main_chariot	trained	wh3_main_ogr_gnoblar_scraplauncher_ironblaster	wh3_main_ogr_scrap_launcher	true	40.0000	1500.0000	wh3_main_ogr_veh_gnoblar_scraplauncher_0_ete	60	80	0	vo_sel_ogr_gnoblar_scraplauncher	vo_sel_ranged	vo_sel_generic	1.0000	large	0	12	0	0	4	0	0	0	ranged_direct_arty	false	false	false	false	medium	medium	domination_cav		wh3_main_ogr_veh_gnoblar_scraplauncher	artillery	1.0000	1.0000	false	false
wh3_main_ogr_veh_ironblaster_0_ete	10	wh2_main_heavy_metal_90	2100	war_machine	48	chariot	wh3_main_ogr_veh_ironblaster	hu13_wh3_ogre_wm_ironblaster_invisible_01	wh_main_infantry_standard_blood_dismembers	26	20	60	4080	wh3_main_ogr_veh_rhinox_draft	1	wh3_main_ogr_rhinox_draught_chariot	wh3_main_ogr_veh_ironblaster	1	none	wh3_main_ogr_veh_ironblaster_0_ete	wh_main_chariot	trained	wh3_main_ogr_gnoblar_scraplauncher_ironblaster	wh3_main_ogr_ironblaster	true	40.0000	1500.0000	wh3_main_ogr_veh_ironblaster_0_ete	60	80	0	vo_sel_default	vo_sel_culture	vo_sel_culture	1.0000	large	0	12	0	0	4	0	0	0	ranged_direct_arty	false	false	false	false	medium	medium	domination_cav		wh3_main_ogr_veh_ironblaster	artillery	1.0000	1.0000	false	false
wh3_main_sla_cav_heartseekers_of_slaanesh_0_ete	10	wh2_main_body_15	2100	war_beast	50	cav_shk	wh3_main_unit_long_text_sla_cav_heartseekers_of_slaanesh_0	hu16_wh3_slaanesh_rp1_heartseekers_of_slaanesh	wh_main_cavalry_rider_standard_blood	55	50	65	3160	wh3_main_sla_mnt_steed_of_slaanesh_hero	4	wh3_main_sla_cha_alluress_steed_claw		1	none	wh3_main_sla_cav_heartseekers_of_slaanesh_0_ete	wh2_dlc09_necroserpents	trained			true	40.0000	1500.0000	wh3_main_sla_cav_heartseekers_of_slaanesh_0_ete	60	80	0	vo_sel_sla_heartseekers	vo_sel_cavalry	vo_sel_culture	1.0000	large	0	0	0	0	0	20	0	0	melee_flanker_shock	false	false	false	false	low	low	domination_cav			melee	1.0000	1.0000	false	false
wh3_main_sla_inf_daemonette_1_ete	10	wh2_main_body_15	2100	inf_melee	40	inf_mel	wh3_main_unit_long_text_sla_inf_daemonette_1	hu16_wh3_daemonette_exalted	wh3_main_sla_inf_daemonette_blood_dismembers	50	50	60	2960		0	wh3_main_sla_cha_alluress_claw		1	none	wh3_main_sla_inf_daemonette_1_ete	wh3_main_cth_crane_gunners	trained			false	40.0000	1500.0000	wh3_main_sla_inf_daemonette_1_ete	60	80	0	vo_sel_sla_exalted_daemonettes	vo_sel_melee	vo_sel_culture	1.0000	small	0	0	0	0	0	20	0	0	melee_highvalue	false	true	false	false	medium	medium	domination_infantry_elite			melee	1.0000	1.0000	false	false
wh3_main_sla_mon_soul_grinder_0_ete	10	wh2_main_heavy_metal_90	2100	inf_melee	40	inf_mel	wh3_main_unit_long_text_sla_mon_soul_grinder_0	hc7_wh3_slaanesh_soul_grinder	wh3_main_monster_sla_soul_grinder_blood	55	35	55	5180		0	wh3_main_sla_soul_grinder		1	none	wh3_main_sla_mon_soul_grinder_0_ete	wh_dlc08_nor_mammoth_herd_ror	trained			true	40.0000	1500.0000	wh3_main_sla_mon_soul_grinder_0_ete	60	80	0	vo_sel_default	vo_sel_melee	vo_sel_culture	1.0000	large	0	0	0	0	0	20	0	0	melee_gatecrusher	false	true	false	false	medium	medium	domination_monsters			melee	1.0000	1.0000	false	false
wh3_main_sla_veh_exalted_seeker_chariot_0_ete	10	wh2_main_plate_70	2100	war_machine	75	chariot	wh3_main_unit_long_text_sla_veh_exalted_seeker_chariot_0	hu16_wh3_daemonette_wm_seeker_chariot01_exalted	wh_main_cavalry_rider_standard_blood	34	32	60	4260	wh3_main_sla_mnt_steed_of_slaanesh_draught_exalted	4	wh3_main_sla_exalted_seeker_chariot		1	none	wh3_main_sla_veh_exalted_seeker_chariot_0_ete	wh3_main_hellflayer	trained	wh3_main_vehicle_sla_exalted_seeker_chariot	wh3_main_sla_exalted_seeker_chariot	true	40.0000	1500.0000	wh3_main_sla_veh_exalted_seeker_chariot_0_ete	60	80	0	vo_sel_sla_seekers	vo_sel_sla_exalted_daemonettes	vo_sel_culture	1.0000	large	0	0	0	0	4	20	0	0	melee_flanker_shock	false	false	false	false	low	low	domination_cav			melee	1.0000	1.0000	false	false
wh3_main_tze_inf_forsaken_0_ete	10	wh2_main_body_85	2100	inf_melee	40	inf_mel	wh3_dlc20_unit_long_text_chs_forsaken_mtze	hu1l_dlc25_theodore_bruckner_sword	wh_dlc01_chs_infantry_forsaken_blood_dismembers_ete	60	35	70	3052		0	wh3_dlc25_emp_theodore_sword_tze		1	none	wh_dlc01_chs_inf_forsaken_0_ete	wh_main_cavalry_very_chaotic	trained			true	40.0000	1500.0000	wh3_main_tze_inf_forsaken_0_ete	60	80	0	vo_sel_melee	vo_sel_melee	vo_sel_culture	1.0000	small	0	0	0	0	0	0	0	0	melee	false	true	false	false	medium	medium	domination_infantry			melee	1.0000	1.0000	false	false
wh3_main_tze_mon_soul_grinder_0_ete	10	wh2_main_heavy_metal_90	2100	inf_ranged	30	spcl	wh3_main_unit_long_text_tze_mon_soul_grinder_0	hc7_wh3_tzeentch_soul_grinder	wh3_main_monster_tze_soul_grinder_blood	42	35	55	5180		0	wh3_main_tze_soul_grinder	wh3_main_tze_soul_grinder_bolt	1	none	wh3_main_tze_mon_soul_grinder_0_ete	wh_dlc08_nor_mammoth_herd_ror	trained			true	40.0000	1500.0000	wh3_main_tze_mon_soul_grinder_0_ete	60	80	0	vo_sel_default	vo_sel_default	vo_sel_culture	1.0000	large	0	75	0	0	0	20	0	0	ranged_no_skirmish_gatecrusher	false	true	false	false	medium	medium	domination_monsters			artillery	1.0000	1.0000	false	false
wh3_main_tze_veh_burning_chariot_0_ete	10	wh2_main_body_20	2100	war_beast	35	chariot	wh3_main_unit_long_text_tze_veh_burning_chariot_0	gh3_wh3_flamer_burningchariot01_exalted	wh3_main_tze_mon_exalted_flamer	35	28	60	3064	wh3_main_tze_burning_chariot	4	wh3_main_tze_burning_chariot_exalted_flamer	wh3_main_tze_burning_chariot_exalted_flamer_warpflame	1	none	wh3_main_tze_veh_burning_chariot_0_ete	wh_dlc08_nor_mammoth_herd_ror	trained			true	40.0000	1500.0000	wh3_main_tze_veh_burning_chariot_0	60	80	0	vo_sel_default	vo_sel_default	vo_sel_culture	1.0000	large	0	90	0	0	0	20	0	0	flying_ranged_harasser_flanker	true	false	false	false	cant_capture	cant_capture	cant_capture			skirmish	1.0000	1.0000	false	false
wh3_main_vmp_blood_knights_sword_shield_ete	10	wh2_main_plate_100	2100	cavalry	50	cav_shk	wh_dlc02_unit_long_text_vmp_blood_knights	hu1_bretonnian_hr1_warhorse_2handed_sword	wh_main_infantry_standard_large_blood	50	40	65	4264	wh2_dlc11_vmp_mnt_barded_nightmare_blood_dragon_hero	4	wh_main_vmp_sword_hero_ete		1	none	wh3_main_vmp_blood_knights_sword_shield_ete	wh_main_cavalry_chaotic	trained			true	40.0000	1500.0000	wh3_main_vmp_blood_knights_sword_shield_ete	60	80	0	vo_sel_vampire_bloodknight	vo_sel_cavalry	vo_sel_culture	1.0000	large	0	0	0	0	0	0	0	0	melee_flanker_shock	false	false	false	false	low	low	domination_cav			melee	1.0000	1.0000	false	false
wh_dlc01_chs_inf_chosen_2_ete	10	wh2_main_heavy_metal_100	2100	inf_melee	15	inf_mel	wh3_dlc20_unit_long_text_chs_chosen_all_und	hu1c_chaos_halberd	wh3_dlc20_chs_cha_lord_hero	45	50	75	3060		0	wh2_dlc11_cst_count_noctilus_halberd		1	none	wh_dlc01_chs_inf_chosen_2_ete	wh_main_cavalry_very_chaotic	trained			true	40.0000	1500.0000	wh_dlc01_chs_inf_chosen_2_ete	60	80	0	vo_sel_chaos_chosen	vo_sel_melee	vo_sel_culture	1.0000	small	0	0	0	0	0	0	0	0	melee_anti_large	false	true	false	false	medium	medium	domination_infantry			melee	1.0000	1.0000	false	false
wh_dlc01_chs_inf_forsaken_0_ete	10	wh2_main_body_85	2100	inf_melee	40	inf_mel	wh3_main_unit_long_text_tze_inf_forsaken_0	hu1l_dlc25_theodore_bruckner_sword	wh_dlc01_chs_infantry_forsaken_blood_dismembers_ete	60	35	70	3052		0	wh3_dlc25_emp_theodore_sword_sla		1	none	wh_dlc01_chs_inf_forsaken_0_ete	wh_main_cavalry_very_chaotic	trained			true	40.0000	1500.0000	wh_dlc01_chs_inf_forsaken_0_ete	60	80	0	vo_sel_melee	vo_sel_melee	vo_sel_culture	1.0000	small	0	0	0	0	0	0	0	0	melee	false	true	false	false	medium	medium	domination_infantry			melee	1.0000	1.0000	false	false
wh_dlc01_chs_mon_dragon_ogre_ete	10	wh2_main_body_60	2100	inf_melee	52	inf_mel	wh_main_unit_long_text_chs_dragon_ogre	ce2_shaggoth_2handed_axe	wh_dlc01_chs_dragon_ogre_shaggoth_blood	58	44	75	5580		0	wh_dlc01_chs_dragon_ogre_shaggoth		1	none	wh_dlc01_chs_mon_dragon_ogre_ete	wh_dlc08_nor_mammoth_herd_ror	trained			true	40.0000	1500.0000	wh_dlc01_chs_mon_dragon_ogre_ete	60	80	0	vo_sel_default	vo_sel_melee	vo_sel_culture	1.0000	large	0	0	0	0	0	0	25	0	melee_gatecrusher	false	true	false	false	medium	medium	domination_monsters			melee	1.0000	1.0000	false	false
wh_dlc01_chs_mon_trolls_1_ete_throgg	10	wh2_main_body_55	2100	inf_melee	50	inf_mel	wh_dlc08_unit_long_text_nor_norscan_ice_trolls	hu4c_dlc15_stone_troll_2h_club	wh_dlc08_monster_throgg_blood	60	35	45	3838		0	wh_dlc08_club_troll_throgg_ete_3		1	none	wh_dlc01_chs_mon_trolls_1_ete_throgg	wh3_main_ogr_mournfangs	trained			true	40.0000	1500.0000	wh_main_grn_mon_trolls_ete	60	80	0	vo_sel_default	vo_sel_melee	vo_sel_culture	1.0000	large	0	0	0	0	0	0	0	0	melee_gatecrusher	false	true	false	false	medium	medium	domination_monsters			melee	1.0000	1.0000	false	false
wh_dlc03_bst_inf_centigors_2_ete	10	wh2_main_heavy_metal_80	2100	inf_melee	60	inf_mis	wh_dlc03_unit_long_text_bst_centigors	ce1_centigor_spear_and_throwing_axes	wh_dlc03_bst_cav_centigor_blood	40	30	70	3048		0	wh_dlc07_brt_alberic_sword	wh_dlc03_bst_centigor_throwing_axe_ete	1	none	wh_dlc03_bst_inf_centigors_2_ete	wh3_main_ogr_mournfangs	trained			true	40.0000	1500.0000	wh_dlc03_bst_inf_centigors_2_ete	60	80	0	vo_sel_beastmen_centigors	vo_sel_default	vo_sel_culture	1.0000	large	0	8	0	0	0	0	0	0	ranged_highvalue	true	false	false	false	low	low	domination_cav			melee	1.0000	1.0000	false	false
wh_dlc03_bst_inf_cygor_0_ete	10	wh2_main_leather_50	2100	inf_ranged	28	spcl	wh_dlc03_unit_long_text_bst_cygor	hu11_cygor	wh_main_monster_giant_blood	44	25	60	4192		0	wh_dlc03_bst_cygor	wh_dlc03_bst_cygor_rock	1	none	wh_dlc03_bst_inf_cygor_0_ete	wh_dlc08_nor_mammoth_herd_ror	trained			true	40.0000	1500.0000	wh_dlc03_bst_inf_cygor_0_ete	60	80	0	vo_sel_beastmen_gors	vo_sel_default	vo_sel_culture	1.0000	large_bst	0	18	0	25	0	0	0	0	ranged_no_skirmish_gatecrusher	false	false	false	false	medium	medium	domination_monsters			artillery	1.0000	1.0000	false	false
wh_dlc03_bst_inf_gor_herd_0_ete	10	wh2_main_leather_15	2100	inf_melee	38	inf_mel	wh_dlc03_unit_long_text_bst_gor_herd	hu6_gor_staff_and_sword	wh2_dlc16_bst_cha_gor_hero_blood_dismember_low_kb_resist	30	28	75	2460		0	wh_dlc03_bst_staff_bray_shaman		1	none	wh_dlc03_bst_inf_gor_herd_0_ete	wh_main_cavalry_ordered	trained			true	40.0000	1500.0000	wh_dlc03_bst_inf_gor_herd_0_ete	60	80	0	vo_sel_default	vo_sel_culture	vo_sel_culture	1.0000	small	0	0	0	0	0	0	0	0	mage_highvalue	false	true	false	false	medium	medium	domination_infantry			melee	1.0000	1.0000	false	false
wh_dlc03_bst_inf_gor_herd_1_ete	10	wh2_main_leather_40	2100	inf_melee	50	inf_mel	wh_dlc03_unit_long_text_bst_gor_herd	hu6_gor_axe_and_shield	wh_dlc03_bst_cha_gor_hero_blood_dismember	50	40	60	3148		0	wh2_dlc17_bst_wargor_mace		1	wh_missile_block_55_wood	wh_dlc03_bst_inf_gor_herd_1_ete	wh_main_cavalry_ordered	trained			true	40.0000	1500.0000	wh_dlc03_bst_inf_gor_herd_1_ete	60	80	0	vo_sel_beastmen_gors	vo_sel_default	vo_sel_culture	1.0000	small	0	0	0	0	0	0	0	0	melee	false	true	false	false	medium	medium	domination_infantry			melee	1.0000	1.0000	false	false
wh_dlc03_bst_inf_minotaurs_0_ete	10	wh2_main_heavy_metal_100	2100	inf_melee	46	inf_mel	wh_dlc03_unit_long_text_bst_minotaur	hu12_minotaur_axe	wh_dlc03_bst_cha_gorebull_blood	39	28	70	3660		0	wh_dlc03_bst_gor_axe_gorebull_ete		1	none	wh_dlc03_bst_inf_minotaurs_0_ete	wh3_main_ogr_mournfangs	trained			true	40.0000	1500.0000	wh_dlc03_bst_inf_minotaurs_0_ete	60	80	0	vo_sel_beastmen_minotaurs	vo_sel_default	vo_sel_culture	1.0000	large_bst	0	0	0	0	0	0	0	0	melee_gatecrusher_highvalue	false	true	false	false	medium	medium	domination_monsters			melee	1.0000	1.0000	false	false
wh_dlc03_bst_mon_giant_0_ete	10	wh2_main_body_50	2100	inf_melee	37	inf_mel	wh_dlc03_unit_long_text_bst_giants	hu4_beastmen_giant_club	wh_main_monster_giant_blood	50	30	66	8612		0	wh_main_club_giant		1	none	wh_dlc03_bst_mon_giant_0_ete	wh3_main_ogr_mournfangs	trained			true	40.0000	1500.0000	wh_dlc03_bst_mon_giant_0_ete	60	80	0	vo_sel_default	vo_sel_default	vo_sel_culture	1.0000	large_bst	0	0	0	0	0	0	0	0	melee_gatecrusher	false	false	false	false	medium	medium	domination_monsters			melee	1.0000	1.0000	false	false
wh_dlc04_emp_inf_flagellants_0_ete	10	wh_main_body_0	2100	inf_melee	26	inf_mel	wh_dlc04_unit_long_text_emp_flagellants	hu1c_norsca_dual_axe_emp	wh_main_infantry_standard_hero_blood_dismembers	65	30	100	4060		0	wh3_dlc20_chs_cha_exalted_hero_mkho_dual_axe_ete		1	none	wh_dlc04_emp_inf_flagellants_0_ete	wh_main_monstrous_cavalry	trained			true	40.0000	1500.0000	wh_dlc04_emp_inf_flagellants_0_ete	60	80	0	vo_sel_empire_flagellents	vo_sel_generic	vo_sel_generic_short	1.0000	small	0	0	0	0	0	15	0	0	melee	false	true	false	false	medium	medium	domination_infantry				1.0000	1.0000	false	false
wh_dlc04_emp_inf_free_company_militia_0_ete	10	wh2_main_plate_40	2100	inf_ranged	18	inf_mis	wh_dlc04_unit_long_text_emp_free_company_militia	hu1_empire_sword_and_pistol	wh2_main_infantry_standard_hero_360_blood_dismembers	38	38	65	3380		0	wh2_dlc09_tmb_sword_hero	wh2_dlc11_cst_vampire_fleet_captain_pistol	1	none	wh_dlc04_emp_inf_free_company_militia_0_ete	wh_main_monstrous_cavalry	trained			true	40.0000	1500.0000	wh_dlc04_emp_inf_free_company_militia_0_ete	60	80	0	vo_sel_empire_free_company	vo_sel_empire_militia	vo_sel_generic_short	1.0000	small	0	16	0	0	0	0	0	0	hybrid_melee	true	true	false	false	medium	medium	domination_infantry				1.0000	1.0000	false	false
wh_dlc05_bst_mon_harpies_0_ete	10	wh2_main_leather_15	2100	inf_melee	20	inf_mel	wh_dlc05_unit_long_text_bst_harpies	hu10b_harpy	wh_dlc05_bst_inf_harpy_ete	22	38	47	68		0	wh_dlc05_bst_harpy_claws		9	none	wh_dlc05_bst_mon_harpies_0_ete	wh2_main_inf_chaotic_formation_tight	trained			false	40.0000	1500.0000	wh_dlc05_bst_mon_harpies_0_ete	60	80	0	vo_sel_default	vo_sel_melee	vo_sel_culture	1.0000	small	0	0	0	0	0	0	0	0	flying_melee_flanker	false	false	false	false	cant_capture	cant_capture	cant_capture			melee	1.0000	1.0000	false	false
wh_dlc05_wef_inf_eternal_guard_0_ete	10	wh2_main_body_15	2100	inf_melee	20	inf_mel	wh_dlc05_unit_long_text_wef_eternal_guard	hu1b_elf_spellsinger_sword	wh_dlc05_wef_spellsinger_blood_dismembers	33	34	75	2460		0	wh_dlc05_wef_sword_wizard_ete		1	none	wh_dlc05_wef_inf_eternal_guard_0_ete	wh3_main_cth_crane_gunners	trained			true	40.0000	1500.0000	wh_dlc05_wef_inf_eternal_guard_0_ete	60	80	0	vo_sel_default	vo_sel_generic	vo_sel_generic_short	1.0000	elves_wef	0	0	0	0	0	0	0	0	mage_highvalue	false	true	false	false	medium	medium	domination_infantry			melee	1.0000	1.0000	false	false
wh_dlc05_wef_inf_eternal_guard_1_ete	10	wh2_main_chainmail_60	2100	inf_melee	20	inf_mel	wh_dlc05_unit_long_text_wef_eternal_guard	hu1d_dlc14_master_spear_and_shield	wh2_main_def_infantry_hero_blood	40	55	70	3080		0	wh2_twa02_wef_glade_captain_spear_ete		1	wh_missile_block_55_wood	wh_dlc05_wef_inf_eternal_guard_1_ete	wh3_main_cth_crane_gunners	trained			true	40.0000	1500.0000	wh_dlc05_wef_inf_eternal_guard_1_ete	60	80	0	vo_sel_wood_elves_eternal_guard	vo_sel_default	vo_sel_generic_short	1.0000	elves_wef	0	0	0	0	0	0	0	0	melee_anti_large	false	true	false	false	medium	medium	domination_infantry			melee	1.0000	1.0000	false	false
wh_dlc05_wef_inf_waywatchers_0_ete	20	wh2_main_chainmail_40	2100	inf_ranged	28	inf_mis	wh_dlc05_unit_long_text_wef_waywatchers	hu1d_waystalker_dual_sword_bow	wh_dlc05_wef_way_stalker_blood_dismembers	55	45	50	2880		0	wh_dlc05_wef_sword_hero_waystalker	wh_dlc05_wef_glade_lord_bow	1	none	wh_dlc05_wef_inf_waywatchers_0_ete	wh3_main_cth_crane_gunners	trained			true	40.0000	1500.0000	wh_dlc05_wef_inf_waywatchers_0_ete	60	80	0	vo_sel_wood_elves_waywatchers	vo_sel_wood_elves_missile_archers	vo_sel_wood_elves_missile_generic	1.0000	elves_wef	0	23	0	0	0	0	0	0	ranged_stalkers_harasser_highvalue	true	true	false	false	medium	medium	domination_infantry			skirmish	1.0000	1.0000	false	false
wh_dlc05_wef_mon_treeman_0_ete	0	wh2_main_body_110	2100	inf_melee	30	inf_mel	wh_dlc05_unit_long_text_wef_treemen	hu21_treeman	wh_dlc05_wef_inf_treeman	52	56	90	6820		0	wh_dlc05_wef_treeman_claws		1	none	wh_dlc05_wef_mon_treeman_0_ete	wh_dlc08_nor_mammoth_herd_ror	trained			true	40.0000	1500.0000	wh_dlc05_wef_mon_treeman_0_ete	60	80	0	vo_sel_default	vo_sel_melee	vo_sel_culture	0.5000	elves_wef_large	0	0	-25	0	0	20	0	0	melee_gatecrusher_highvalue	false	true	false	false	medium	medium	domination_monsters			melee	1.0000	1.0000	false	false
wh_dlc06_chs_inf_aspiring_champions_0_ete	10	wh2_main_heavy_metal_120	2100	inf_melee	45	inf_mel	wh3_dlc20_unit_long_text_chs_aspiring_champions	hu1c_archaon_sword_and_shield_ete	wh3_dlc20_chs_cha_lord_hero	60	50	80	3260		0	wh_main_chs_sword_lord_ete		1	wh_missile_block_55_metal	wh_dlc06_chs_inf_aspiring_champions_0_ete	wh_main_cavalry_very_chaotic	trained			true	40.0000	1500.0000	wh_dlc06_chs_inf_aspiring_champions_0_ete	60	80	0	vo_sel_generic	vo_sel_generic	vo_sel_generic	1.0000	small	0	0	0	0	0	0	0	0	melee	false	true	false	false	medium	medium	domination_infantry			melee	1.0000	1.0000	false	false
wh_dlc06_dwf_inf_bugmans_rangers_0_ete	10	wh2_main_chainmail_40	2100	inf_ranged	20	inf_mis	wh_main_unit_long_text_dwf_rangers	hu3_dlc23_blunderbuss_axe_shield	wh3_dlc25_dwf_cha_malakai_makaisson_blood	45	50	75	3280		0	wh_main_dwf_axe_hero	wh2_dlc17_dwf_master_engineer_grudge_raker_bullet	1	none	wh_dlc06_dwf_inf_bugmans_rangers_0_ete	wh_main_monstrous_cavalry	trained			true	40.0000	1500.0000	wh_dlc06_dwf_inf_bugmans_rangers_0_ete	60	80	0	vo_sel_missile	vo_sel_generic	vo_sel_generic_short	1.0000	small	0	20	0	35	0	0	0	0	ranged_stalkers_no_skirmish	false	true	false	false	medium	medium	domination_infantry				1.0000	1.0000	false	false
wh_dlc06_dwf_inf_rangers_0_ete	10	wh2_main_chainmail_40	2100	inf_ranged	25	inf_mis	wh_main_unit_long_text_dwf_rangers	hu3_dwarf_2handed_hammer_and_rifle	wh3_dlc25_dwf_cha_malakai_makaisson_blood	40	32	70	3280		0	wh_main_dwf_master_engineer_hammer	wh_main_dwf_master_engineer_rifle	1	none	wh_dlc06_dwf_inf_rangers_0_ete	wh_main_monstrous_cavalry	trained			true	40.0000	1500.0000	wh_dlc06_dwf_inf_rangers_0_ete	60	80	0	vo_sel_missile	vo_sel_generic	vo_sel_generic_short	1.0000	small	0	20	0	35	0	0	0	0	ranged_stalkers_no_skirmish	true	true	false	false	medium	medium	domination_infantry				1.0000	1.0000	false	false
wh_dlc06_grn_inf_nasty_skulkers_0_ete	10	wh2_main_chainmail_50	2100	inf_melee	40	inf_mel	wh_main_unit_long_text_grn_nasty_skulkers	hu5_goblin_dual_sword	wh_main_grn_cha_goblin_hero_blood_dismembers	50	60	56	2493		0	wh2_dlc14_skv_master_assassin_claw_blade		1	none	wh_dlc06_grn_inf_nasty_skulkers_0_ete	wh_dlc06_grn_Krimson	trained			true	40.0000	1500.0000	wh_dlc06_grn_inf_nasty_skulkers_0_ete	60	80	0	vo_sel_goblin_nasty_skulkers	vo_sel_melee	vo_sel_goblin_goblins	0.8000	small	0	0	0	0	0	15	0	0	melee_stalkers	false	true	false	false	medium	medium	domination_infantry			melee	1.0000	1.0000	false	false
wh_dlc06_grn_inf_squig_herd_0_ete	10	wh2_main_leather_50	2100	inf_melee	40	inf_mel	wh_main_unit_long_text_grn_night_goblin_squig_herd	rp2_squig_herd	wh_dlc06_grn_inf_squig	26	20	50	106		0	wh_dlc06_grn_squig_maw		4	none	wh_dlc06_grn_inf_squig_herd_0_ete	wh_main_infantry_large_very_chaotic	trained			true	40.0000	1500.0000	wh_dlc06_grn_inf_squig_herd_0_ete	60	80	0	vo_sel_goblin_squig_herd	vo_sel_squig	vo_sel_culture	0.8000	large	0	0	0	0	0	0	0	0	melee	false	true	false	false	medium	medium	domination_cav			melee	1.0000	1.0000	false	false
wh_dlc07_brt_cav_knights_errant_0_ete	10	wh2_main_plate_80	2100	cavalry	55	cav_shk	wh_dlc07_unit_long_text_brt_knights_errant	hu1_empire_hr1_warhorse_lance_sword_shield	wh_main_cavalry_rider_standard_blood	40	40	65	3580	wh_main_brt_mnt_warhorse_hero_ete	4	wh_main_brt_sword_hero_ete_2		1	wh_missile_block_35_wood	wh_dlc07_brt_cav_knights_errant_0_ete	wh_main_cavalry_ordered	trained			true	40.0000	1500.0000	wh_dlc07_brt_cav_knights_errant_0_ete	60	80	0	vo_sel_bretonnian_knights_errant	vo_sel_cavalry	vo_sel_culture	1.0000	large	0	0	0	0	0	0	0	0	melee_flanker_shock	false	false	false	false	low	low	domination_cav			melee	1.0000	1.0000	false	false
wh_dlc07_brt_cav_questing_knights_0_ete	10	wh2_main_plate_95	2100	cavalry	70	cav_shk	wh_dlc07_unit_long_text_brt_questing_knights	hu1_dlc14_hr1_warhorse_repanse_2handed_sword	wh_main_cavalry_rider_standard_blood	50	45	75	3760	wh_main_brt_mnt_warhorse_hero_ete_2	4	wh_main_brt_sword_hero_ete		1	none	wh_dlc07_brt_cav_questing_knights_0_ete	wh_main_cavalry_ordered	trained			true	40.0000	1500.0000	wh_dlc07_brt_cav_questing_knights_0_ete	60	80	0	vo_sel_bretonnian_questing_knights	vo_sel_cavalry	vo_sel_culture	1.0000	large	0	0	0	0	0	0	0	0	melee_flanker_shock	false	false	false	false	low	low	domination_cav				1.0000	1.0000	false	false
wh_dlc07_brt_cav_royal_hippogryph_knights_0_ete	10	wh2_main_plate_90	2100	war_beast	75	cav_shk	wh_main_unit_long_text_brt_royal_hippogryph_knights	hu1_bretonnian_bc2b_hippogryph_wb_alberic	wh_main_cavalry_rider_standard_blood	52	35	80	4088	wh_main_brt_mnt_hippogryph_lords_faction_colours	4	wh_dlc07_brt_hippogryph_knight_ete		1	wh_missile_block_35_metal	wh_dlc07_brt_cav_royal_hippogryph_knights_0_ete	wh_dlc07_brt_royal_hippogryph_knights	trained			true	40.0000	1500.0000	wh_dlc07_brt_cav_royal_hippogryph_knights_0_ete	60	80	0	vo_sel_cavalry	vo_sel_cavalry	vo_sel_culture	1.0000	large	0	0	0	0	0	0	0	0	flying_melee_flanker_shock	false	false	false	false	cant_capture	cant_capture	cant_capture				1.0000	1.0000	false	false
wh_dlc07_brt_inf_battle_pilgrims_0_ete	10	wh2_main_plate_85	2100	inf_melee	35	inf_mel	wh_dlc07_unit_long_text_brt_battle_pilgrims	hu1_empire_2handed_sword	wh_main_infantry_standard_hero_blood_dismembers	65	40	68	3380		0	wh2_pro08_neu_felix_sword		1	none	wh_dlc07_brt_inf_battle_pilgrims_0_ete	wh_main_monstrous_cavalry	trained			true	40.0000	1500.0000	wh_dlc07_brt_inf_battle_pilgrims_0_ete	60	80	0	vo_sel_bretonnian_battle_pilgrim	vo_sel_melee	vo_sel_culture	1.0000	small	0	0	0	0	0	0	0	0	melee	false	true	false	false	medium	medium	domination_infantry				1.0000	1.0000	false	false
wh_dlc07_brt_inf_foot_squires_0_ete	10	wh2_main_plate_90	2100	cavalry	25	cav_mel	wh_dlc07_unit_long_text_brt_foot_squires	hu1_empire_sword_and_shield	wh_main_infantry_standard_hero_blood_dismembers	36	36	63	3180		0	wh_main_emp_sword_hero		1	wh_missile_block_35_wood	wh_dlc07_brt_inf_foot_squires_0_ete	wh_main_monstrous_cavalry	trained			true	40.0000	1500.0000	wh_dlc07_brt_inf_foot_squires_0_ete	60	80	0	vo_sel_bretonnian_foot_squires	vo_sel_melee	vo_sel_culture	1.0000	small	0	0	0	0	0	0	0	0	melee	false	true	false	false	medium	medium	domination_infantry				1.0000	1.0000	false	false
wh_dlc07_brt_inf_peasant_mob_0_ete	10	wh2_main_leather_15	2100	inf_melee	15	inf_mel	wh_main_unit_long_text_brt_peasant_mob	hu1b_bretonnian_staff_and_sword	wh2_dlc16_infantry_standard_fast_hero_blood_dismembers_low_kb_resist	34	22	70	2412		0	wh3_main_tze_staff_cultist		1	none	wh_dlc07_brt_inf_peasant_mob_0_ete	wh_main_cavalry_ordered	trained			false	40.0000	1500.0000	wh_dlc07_brt_inf_peasant_mob_0_ete	60	80	0	vo_sel_default	vo_sel_generic	vo_sel_culture	1.0000	small	0	0	0	0	0	0	0	0	mage_highvalue	false	true	false	false	medium	medium	domination_infantry_elite			melee	1.0000	1.0000	false	false
wh_dlc08_nor_inf_marauder_champions_0_ete	0	wh2_main_plate_80	2100	inf_melee	55	inf_mel	wh_dlc08_unit_long_text_nor_marauder_champions	hu1c_chaos_axe_and_shield	wh_main_nor_infantry_standard_large_fast_hero_blood_dismembers	55	45	70	3060		0	wh_dlc08_nor_axe_champion_ete		1	wh_missile_block_35_wood	wh_dlc08_nor_inf_marauder_champions_0_ete	wh3_main_cth_crane_gunners	trained			true	40.0000	1500.0000	wh_dlc08_nor_inf_marauder_champions_0_ete	60	80	0	vo_sel_nor_marauder_champions	vo_sel_generic	vo_sel_generic_short	1.0000	small	0	0	0	0	0	0	0	0	melee	false	true	false	false	medium	medium	domination_infantry			melee	1.0000	1.0000	false	false
wh_dlc08_nor_mon_fimir_0_ete	10	wh2_main_heavy_metal_65	2100	inf_melee	25	inf_mel	wh_dlc08_unit_long_text_nor_fimir_warriors	hu7d_fimir_2handed_staff	wh2_dlc16_monster_fimir_balefiend_hero_blood	35	35	70	4032		0	wh_dlc08_nor_fimir_balefiend_staff		1	none	wh_dlc08_nor_mon_fimir_0_ete	wh_main_monstrous_trolls	trained			true	40.0000	1500.0000	wh_dlc08_nor_mon_fimir_0_ete	60	80	0	vo_sel_default	vo_sel_generic	vo_sel_generic_short	1.0000	large	0	0	0	0	0	0	25	0	melee_gatecrusher	false	true	false	false	medium	medium	domination_monsters			melee	1.0000	1.0000	false	false
wh_dlc08_nor_mon_fimir_1_ete	10	wh2_main_chainmail_110	2100	inf_melee	35	inf_mel	wh_dlc08_unit_long_text_nor_fimir_warriors	hu7d_fimir_ror_dual_axes	wh3_dlc27_nor_cha_fimir_noble	52	30	65	4432		0	wh3_dlc27_nor_cha_fimir_noble_mace_ete		1	none	wh_dlc08_nor_mon_fimir_1_ete	wh3_main_cth_crane_gunners	trained			true	40.0000	1500.0000	wh_dlc08_nor_mon_fimir_1_ete	60	80	0	vo_sel_default	vo_sel_generic	vo_sel_generic_short	1.0000	large	0	0	0	0	0	0	25	0	melee_gatecrusher	false	true	false	false	medium	medium	domination_monsters			melee	1.0000	1.0000	false	false
wh_dlc08_nor_mon_norscan_giant_0_ete	10	wh2_main_leather_20	2100	inf_melee	37	inf_mel	wh_dlc08_unit_long_text_nor_norscan_giant	hu4_norscan_giant_club	wh_main_monster_giant_blood	50	30	66	8612		0	wh_main_club_giant		1	none	wh_dlc08_nor_mon_norscan_giant_0_ete	wh_main_chariot	trained			true	40.0000	1500.0000	wh_main_grn_mon_giant_ete	60	80	0	vo_sel_default	vo_sel_default	vo_sel_culture	1.0000	large	0	0	0	0	0	10	10	0	melee_gatecrusher	false	false	false	false	medium	medium	domination_monsters			melee	1.0000	1.0000	false	false
wh_dlc08_nor_mon_skinwolves_1_ete	10	wh2_main_heavy_metal_70	2100	inf_melee	40	inf_mel	wh_dlc08_unit_long_text_nor_skin_wolves	hu8_skin_wolf	wh_dlc08_nor_skin_wolf_werekin_blood	45	32	60	4032		0	wh_dlc08_nor_werekin_claws		1	none	wh_dlc08_nor_mon_skinwolves_1_ete	wh_main_monstrous_trolls	trained			true	40.0000	1500.0000	wh_dlc08_nor_mon_skinwolves_1_ete	60	80	0	vo_sel_generic	vo_sel_generic	vo_sel_generic_short	1.0000	large	0	0	0	0	0	20	0	0	melee_highvalue	false	true	false	false	medium	medium	domination_monsters			melee	1.0000	1.0000	false	false
wh_main_brt_art_field_trebuchet_ete	10	wh2_main_leather_30	2100	artillery	10	art_fld	wh_main_unit_long_text_brt_field_trebuchet	hu1_empire_hammer	wh_main_infantry_standard_blood_dismembers	27	26	45	57		0	wh_dlc07_brt_sword		8	none	wh_main_brt_art_field_trebuchet_ete	wh_main_artillery	trained		wh_main_brt_art_field_trebuchet	true	40.0000	1500.0000	wh_main_brt_art_field_trebuchet	60	80	0	vo_sel_bretonnian_field_trebuchet	vo_sel_artillery	vo_sel_culture	1.0000	small	0	18	0	0	12	0	0	0	ranged_indirect_arty	false	false	false	false	medium	medium	domination_artillery		brt_field_trebuchet	artillery	1.0000	1.0000	false	false
wh_main_chs_art_hellcannon_ete	10	wh2_main_plate_100	2100	artillery	12	art_fld	wh_main_unit_long_text_chs_hellcannon	hu3_dwarf_hammer	wh3_dlc23_chd_inf_infernal_guard	32	48	80	82		0	wh3_dlc23_chd_infernal_guard_axe		3	none	wh_main_chs_art_hellcannon_ete	wh_main_artillery	trained		wh_main_chs_art_hellcannon	true	40.0000	1500.0000	wh_main_chs_art_hellcannon_ete	60	80	0	vo_sel_chd_hellcannon	vo_sel_artillery	vo_sel_culture	1.0000	small	0	20	0	0	3	0	0	0	ranged_indirect_arty	false	false	false	false	medium	medium	domination_artillery		chs_hellcannon	artillery	1.0000	1.0000	false	false
wh_main_chs_cav_chaos_knights_0_ete	10	wh2_main_heavy_metal_120	2100	war_beast	45	cav_mel	wh3_dlc20_unit_long_text_chs_chaos_knights_all_und	hu1c_wh3_dlc20_hr1_glhh_2handed_axe	wh3_dlc20_chaos_knight_rider_blood	65	38	75	3664	wh3_dlc20_chs_mnt_chaos_steed_lords	4	wh_main_chs_sword_chaos_knight_ete		1	none	wh_main_chs_cav_chaos_knights_0_ete	wh2_dlc09_necroserpents	trained			true	40.0000	1500.0000	wh_main_chs_cav_chaos_knights_0_ete	60	80	0	vo_sel_chaos_knights	vo_sel_cavalry	vo_sel_culture	1.0000	large	0	0	0	0	0	0	0	0	melee_cav_shock_highvalue	false	false	false	false	medium	medium	domination_cav			melee	1.0000	1.0000	false	false
wh_main_chs_inf_chaos_warriors_0_ete	10	wh2_main_heavy_metal_80	2100	inf_melee	20	inf_mel	wh3_dlc20_unit_long_text_chs_chaos_warriors_all_und	hu1c_chaos_staff_and_sword	wh3_dlc20_chs_cha_lord_hero	42	40	70	2812		0	wh_main_chs_sword_caster_hero		1	none	wh_main_chs_inf_chaos_warriors_0_ete	wh_main_cavalry_very_chaotic	trained			true	40.0000	1500.0000	wh_main_chs_inf_chaos_warriors_0_ete	60	80	0	vo_sel_chaos_warriors	vo_sel_melee	vo_sel_culture	1.0000	small	0	0	0	0	0	0	0	0	melee	false	true	false	false	medium	medium	domination_infantry			melee	1.0000	1.0000	false	false
wh_main_dwf_art_grudge_thrower_ete	10	wh2_main_chainmail_40	2100	artillery	12	art_fld	wh_main_unit_long_text_dwf_grudge_thrower	hu3_dwarf_hammer	wh_main_dwf_inf_dwarfs_crew_blood_dismembers	22	32	70	76		0	wh_main_dwf_axe_ironbreakers		4	none	wh_main_dwf_art_grudge_thrower_ete	wh_main_monstrous_cavalry	trained		wh_main_dwf_art_grudge_thrower	true	40.0000	1500.0000	wh_main_dwf_art_grudge_thrower	60	80	0	vo_sel_grudge_thrower	vo_sel_artillery	vo_sel_generic	1.0000	small	0	18	0	35	12	0	0	0	ranged_indirect_arty	false	false	false	false	medium	medium	domination_artillery		dwf_grudge_thrower		1.0000	1.0000	false	false
wh_main_dwf_inf_hammerers_ete	10	wh2_main_chainmail_100	2100	inf_melee	40	inf_mel	wh_main_unit_long_text_dwf_hammerers	hu3_dwarf_2handed_hammer_infantry_hammerer	wh_main_dwf_cha_dwarf_hero_blood_dismembers	60	50	85	3660		0	wh_main_dwf_axe_hero_lord_ete		1	none	wh_main_dwf_inf_hammerers_ete	wh_main_monstrous_cavalry	trained			true	40.0000	1500.0000	wh_main_dwf_inf_hammerers_ete	60	80	0	vo_sel_hammerers	vo_sel_generic	vo_sel_generic_short	1.0000	small	0	0	0	35	0	0	0	0	melee	false	true	false	false	medium	medium	domination_infantry				1.0000	1.0000	false	false
wh_main_dwf_inf_ironbreakers_ete	10	wh2_main_heavy_metal_130	2100	inf_melee	10	inf_mel	wh_main_unit_long_text_dwf_ironbreakers	hu3_dwarf_axe_shield_and_blasting_charges	wh_main_dwf_cha_dwarf_hero_blood_dismembers	50	50	85	4160		0	wh_main_dwf_axe_hero_lord	wh_dwf_ironbreakers_cinderblast_bomb_ete	1	wh_missile_block_70_metal	wh_main_dwf_inf_ironbreakers_ete	wh_main_monstrous_cavalry	trained			true	40.0000	1500.0000	wh_main_dwf_inf_ironbreakers_ete	60	80	18	vo_sel_ironbreakers	vo_sel_generic	vo_sel_generic_short	1.0000	small	0	2	0	35	0	0	0	0	hybrid_melee	false	true	false	false	medium	medium	domination_infantry			archer	1.0000	1.0000	false	false
wh_main_dwf_inf_longbeards_ete	10	wh2_main_chainmail_100	2100	inf_melee	30	inf_mel	wh_main_unit_long_text_dwf_longbeards	hu3_dwarf_axe_and_shield_thane	wh_main_dwf_cha_dwarf_hero_blood_dismembers	66	62	75	3660		0	wh_main_dwf_axe_hero		1	wh_missile_block_55_wood	wh_main_dwf_inf_longbeards_ete	wh_main_monstrous_cavalry	trained			true	40.0000	1500.0000	wh_main_dwf_inf_longbeards_ete	60	80	0	vo_sel_longbeards	vo_sel_generic	vo_sel_generic_short	1.0000	small	0	0	0	35	0	0	0	0	melee	false	true	false	false	medium	medium	domination_infantry				1.0000	1.0000	false	false
wh_main_dwf_inf_slayers_ete	10	wh_main_body_0	2100	inf_melee	50	inf_mel	wh_main_unit_long_text_dwf_slayers	hu3_dlc25_garagrim_dual_axe	wh3_dlc25_dwf_cha_dwarf_slayer_hero_blood_dismembers	55	45	100	3494		0	wh3_dlc25_dwf_garagrim_axe_dual_ete		1	none	wh_main_dwf_inf_slayers_ete	wh_main_monstrous_cavalry	trained			true	40.0000	1500.0000	wh_main_dwf_inf_slayers_ete	60	80	0	vo_sel_slayers	vo_sel_generic	vo_sel_generic_short	1.0000	small	0	0	0	35	0	15	0	0	melee_anti_large	false	true	false	false	medium	medium	domination_infantry				1.0000	1.0000	false	false
wh_main_dwf_veh_gyrobomber_ete	10	wh2_main_plate_100	2100	inf_ranged	30	inf_mis	wh_main_unit_long_text_dwf_gyrobombers	wm_gyrobomber01	wh_main_dwf_flying_gyrobomber	40	4	64	854		0	wh_main_dwf_gyrobomber	wh_main_dwf_clatter_gun	1	none	wh_main_dwf_veh_gyrobomber_ete	wh_main_war_machines	trained			true	40.0000	1500.0000	wh_main_dwf_veh_gyrobomber	60	80	0	vo_sel_gyrobomber	vo_sel_flying	vo_sel_flying_short	1.0000	large	0	176	0	35	0	0	0	0	gyrocopter	true	false	false	false	cant_capture	cant_capture	cant_capture			archer	1.0000	1.0000	false	false
wh_main_emp_art_helstorm_rocket_battery_ete	10	wh2_main_chainmail_30	2100	artillery	14	art_fld	wh_main_unit_long_text_emp_helstorm_rocket_battery	hu1_empire_helstorm_crew	wh_main_infantry_standard_blood_dismembers	32	24	60	61		0	wh_main_emp_sword		6	none	wh_main_emp_art_mortar_ete	wh_main_artillery_small	trained		wh_main_emp_art_helstorm_rocket_battery	true	40.0000	1500.0000	wh_main_emp_art_helstorm_rocket_battery	60	80	0	vo_sel_helstorm	vo_sel_artillery	vo_sel_culture	1.0000	small	0	48	0	0	12	0	0	0	ranged_indirect_arty	false	false	false	false	medium	medium	domination_artillery		emp_helstorm_rocket_battery	artillery	1.0000	1.0000	false	false
wh_main_emp_art_mortar_ete	10	wh2_main_chainmail_30	2100	artillery	14	art_fld	wh_main_unit_long_text_emp_mortar	hu1_empire_helstorm_crew	wh_main_infantry_standard_blood_dismembers	32	24	60	61		0	wh_main_emp_sword		6	none	wh_main_emp_art_mortar_ete	wh_main_artillery_small	trained		wh_main_emp_art_mortar	true	40.0000	1500.0000	wh_main_emp_art_mortar	60	80	0	vo_sel_mortar	vo_sel_artillery	vo_sel_culture	1.0000	small	0	16	0	0	12	0	0	0	ranged_indirect_arty	false	true	false	false	medium	medium	domination_artillery		emp_mortar	artillery	1.0000	1.0000	false	false
wh_main_emp_cav_demigryph_knights_0_ete	10	wh2_main_plate_90	2100	cavalry	70	cav_shk	wh_main_unit_long_text_emp_demigryph_knights	hu1_empire_bc2_demigryph_lance_sword_shield	wh_main_cavalry_rider_standard_blood	48	40	75	3848	wh_main_emp_mnt_demigryph_ete	4	wh2_dlc14_brt_cha_henri_le_massif_hippogryph		1	wh_missile_block_30_metal	wh_main_emp_cav_demigryph_knights_0_ete	wh_main_monstrous_cavalry	trained			true	40.0000	1500.0000	wh_main_emp_cav_demigryph_knights_0_ete	60	80	0	vo_sel_demigryph_knights	vo_sel_cavalry	vo_sel_culture	1.0000	large	0	0	0	0	0	0	0	0	melee_flanker_shock	false	false	false	false	low	low	domination_cav				1.0000	1.0000	false	false
wh_main_emp_inf_greatswords_ete	10	wh2_main_plate_95	2100	inf_melee	40	inf_mel	wh_main_unit_long_text_emp_great_swords	hu1_pr7_felix_2h_sword	wh_main_infantry_standard_hero_blood_dismembers	50	40	70	3380		0	wh2_main_hef_loremaster_of_hoeth		1	none	wh_main_emp_inf_greatswords_ete	wh_main_monstrous_cavalry	trained			true	40.0000	1500.0000	wh_main_emp_inf_greatswords_ete	60	80	0	vo_sel_greatswords	vo_sel_melee	vo_sel_culture	1.0000	small	0	0	0	0	0	0	0	0	melee	false	true	false	false	medium	medium	domination_infantry				1.0000	1.0000	false	false
wh_main_emp_inf_swordsmen_ete	10	wh2_main_leather_15	2100	inf_melee	15	inf_mel	wh_main_unit_long_text_emp_state_troops	hu1_empire_staff_and_sword	wh_main_infantry_standard_wizard_blood_dismembers	25	30	55	2412		0	wh3_main_tze_staff_cultist		1	none	wh_main_emp_inf_swordsmen_ete	wh_main_cavalry_ordered	trained			true	40.0000	1500.0000	wh_main_emp_inf_swordsmen_ete	60	80	0	vo_sel_swordsmen	vo_sel_melee	vo_sel_culture	1.0000	small	0	0	0	0	0	0	0	0	mage_highvalue	false	true	false	false	medium	medium	domination_infantry			melee	1.0000	1.0000	false	false
wh_main_emp_veh_steam_tank_ete	10	wh2_main_heavy_metal_160	2100	war_machine	80	chariot	wh_main_unit_long_text_emp_steam_tank	wm_steam_tank01	wh_main_emp_veh_steam_tank	36	20	100	6552	emp_hidden_mount_steam_tank	1	wh_main_steamtank	wh_main_emp_steam_tank_cannon_ball	1	wh_missile_block_65_metal	wh_main_emp_veh_steam_tank_ete	wh_main_war_machines	trained	wh3_dlc25_emp_veh_steam_tank	wh_main_emp_veh_steam_tank	true	40.0000	1500.0000	wh_main_emp_veh_steam_tank_driver_ete	60	80	0	vo_sel_steam_tank	vo_sel_generic	vo_sel_generic_short	1.0000	large	40	30	0	0	4	0	0	0	ranged_direct_highvalue	false	false	false	false	medium	medium	domination_cav			artillery	1.0000	1.0000	false	false
wh_main_grn_art_doom_diver_catapult_ete	10	wh2_main_leather_25	2100	artillery	12	art_fld	wh_main_unit_long_text_grn_doom_diver_catapult	hu5_goblin_sword	wh2_dlc16_grn_inf_goblin_crew_blood_dismembers	24	18	50	48		0	wh_main_grn_goblin_sword		3	none	wh_main_grn_art_doom_diver_catapult_ete	wh_main_artillery	trained		wh_main_grn_art_doom_diver_catapult	true	40.0000	1500.0000	wh_main_grn_art_doom_diver_catapult_ete	60	80	0	vo_sel_goblin_doom_diver	vo_sel_artillery	vo_sel_culture	1.0000	small	0	10	0	0	12	0	0	0	ranged_indirect_arty	false	false	false	false	medium	medium	domination_artillery		grn_doom_diver	artillery	1.0000	1.0000	false	false
wh_main_grn_cav_orc_boar_boy_big_uns_ete	10	wh2_main_heavy_metal_70	2100	cavalry	80	cav_shk	wh_main_unit_long_text_grn_orc_boar_boyz_big_uns	hu2_orc_bo1_warboar_sword_and_shield	wh_main_grn_cha_orc_hero_blood_dismembers	55	35	70	3668	wh_main_grn_mnt_warboar_warboss	4	wh_main_grn_choppa_hero_ete_boar		1	none	wh_main_grn_cav_orc_boar_boy_big_uns_ete	wh_main_monstrous_trolls	trained			true	40.0000	1500.0000	wh_main_grn_cav_orc_boar_boy_big_uns_ete	60	80	0	vo_sel_boar_boy_biguns	vo_sel_cavalry	vo_sel_goblin_goblins	1.0000	large	0	0	0	0	0	0	0	0	melee_flanker_shock	false	false	false	false	low	low	domination_cav			melee	1.0000	1.0000	false	false
wh_main_grn_cav_savage_orc_boar_boy_big_uns_ete	10	wh_main_body_0	2100	cavalry	80	cav_shk	wh_main_unit_long_text_grn_savage_orc_boar_boy_big_uns	hu2_orc_bo1_warboar_dual_swords	wh_main_grn_inf_orc_boar_rider_blood	60	30	70	3668	wh3_dlc26_grn_mnt_warboar_no_saddle_shaman_ete	4	wh_main_grn_choppa_hero_ete_boar		1	none	wh_main_grn_cav_savage_orc_boar_boy_big_uns_ete	wh_main_monstrous_trolls	trained			true	40.0000	1500.0000	wh_main_grn_cav_savage_orc_boar_boy_big_uns_ete	60	80	0	vo_sel_savage_boar_boyz	vo_sel_cavalry	vo_sel_goblin_goblins	1.0000	large	0	0	0	0	0	30	0	0	melee_flanker_shock	false	false	false	false	low	low	domination_cav			melee	1.0000	1.0000	false	false
wh_main_grn_inf_black_orcs_ete	10	wh2_main_heavy_metal_110	2100	inf_melee	50	inf_mel	wh_main_unit_long_text_grn_black_orcs	hu2_orc_sword_and_axe	wh_main_grn_inf_black_orcs_blood_dismembers	60	40	75	3668		0	wh_main_grn_black_orc_hero_ete		1	none	wh_main_grn_inf_black_orcs_ete	wh_main_monstrous_trolls	trained			true	40.0000	1500.0000	wh_main_grn_inf_black_orcs_ete	60	80	0	vo_sel_black_orcs	vo_sel_melee	vo_sel_culture	1.0000	small	0	0	0	0	0	0	0	0	melee	false	true	false	false	medium	medium	domination_infantry			melee	1.0000	1.0000	false	false
wh_main_grn_inf_orc_big_uns_ete	10	wh2_main_heavy_metal_70	2100	inf_melee	55	inf_mel	wh_main_unit_long_text_grn_orc_big_uns	hu2_orc_2handed_axe	wh_main_grn_cha_orc_hero_blood_dismembers	55	35	70	3168		0	wh_main_grn_choppa_hero_ete		1	none	wh_main_grn_inf_orc_big_uns_ete	wh_main_monstrous_trolls	trained			true	40.0000	1500.0000	wh_main_grn_inf_orc_big_uns_ete	60	80	0	vo_sel_biguns	vo_sel_melee	vo_sel_culture	1.0000	small	0	0	0	0	0	0	0	0	melee_anti_large	false	true	false	false	medium	medium	domination_infantry			melee	1.0000	1.0000	false	false
wh_main_grn_inf_orc_boyz_ete	10	wh2_main_plate_55	2100	inf_melee	35	inf_mel	wh_main_unit_long_text_grn_orc_boyz	hu2_dlc26_gorbad_axe	wh2_dlc16_grn_cha_black_orc_hero_blood_dismembers	45	30	65	2670		0	wh_main_dwf_axe_hero		1	none	wh_main_grn_inf_orc_boyz_ete	wh_main_monstrous_trolls	trained			true	40.0000	1500.0000	wh_main_grn_inf_orc_boyz_ete	60	80	0	vo_sel_boyz	vo_sel_melee	vo_sel_culture	1.0000	small	0	0	0	0	0	0	0	0	melee	false	true	false	false	medium	medium	domination_infantry			melee	1.0000	1.0000	false	false
wh_main_grn_inf_savage_orc_big_uns_ete	10	wh_main_body_0	2100	inf_melee	60	inf_mel	wh_main_unit_long_text_grn_savage_orc_big_uns	hu2_orc_2handed_axe	wh3_dlc26_grn_cha_orc_hero_savage_orc_blood_dismemberas	63	27	75	3368		0	wh_main_grn_choppa_hero_ete		1	none	wh_main_grn_inf_savage_orc_big_uns_ete	wh_main_monstrous_trolls	trained			true	40.0000	1500.0000	wh_main_grn_inf_savage_orc_big_uns_ete	60	80	0	vo_sel_biguns	vo_sel_melee	vo_sel_culture	1.0000	small	0	0	0	0	0	25	0	0	melee_anti_large	false	true	false	false	medium	medium	domination_infantry			melee	1.0000	1.0000	false	false
wh_main_grn_mon_giant_ete	10	wh2_main_body_20	2100	inf_melee	37	inf_mel	wh_main_unit_long_text_grn_giant	hu4_giant_club	wh_main_monster_giant_blood	50	30	66	8612		0	wh_main_club_giant		1	none	wh_main_grn_mon_giant_ete	wh_main_chariot	trained			true	40.0000	1500.0000	wh_main_grn_mon_giant_ete	60	80	0	vo_sel_default	vo_sel_melee	vo_sel_culture	1.0000	large	0	0	0	0	0	10	10	0	melee_gatecrusher	false	false	false	false	medium	medium	domination_monsters			melee	1.0000	1.0000	false	false
wh_main_grn_mon_trolls_ete	10	wh2_main_body_85	2100	inf_melee	50	inf_mel	wh_main_unit_long_text_grn_trolls	hu4c_throgg_2handed_hammer	wh_dlc08_monster_throgg_blood	60	35	45	3838		0	wh_dlc08_club_troll_throgg_ete_2		1	none	wh_main_grn_mon_trolls_ete	wh3_main_ogr_mournfangs	trained			true	40.0000	1500.0000	wh_main_grn_mon_trolls_ete	60	80	0	vo_sel_default	vo_sel_melee	vo_sel_culture	1.0000	large	0	0	0	0	0	0	0	0	melee_gatecrusher	false	true	false	false	medium	medium	domination_monsters			melee	1.0000	1.0000	false	false
wh_main_vmp_inf_cairn_wraiths_ete	10	wh2_main_plate_60	2100	inf_melee	25	inf_mel	wh_main_unit_long_text_vmp_vampire	hu1b_vampire_sword	wh2_dlc16_infantry_standard_fast_hero_blood_dismembers_low_kb_resist	60	40	50	2864		0	wh_main_vmp_sword_hero_vampire_ete		1	none	wh_main_vmp_inf_cairn_wraiths_ete	wh_main_cavalry_ordered	trained			true	40.0000	1500.0000	wh_main_vmp_inf_cairn_wraiths_ete	60	80	0	vo_sel_default	vo_sel_melee	vo_sel_culture	1.0000	small	0	0	0	0	0	0	0	0	mage_highvalue	false	true	false	false	medium	medium	domination_infantry			melee	1.0000	1.0000	false	false
wh_main_vmp_inf_grave_guard_1_ete	10	wh2_main_plate_90	2100	inf_melee	15	inf_mel	wh_main_unit_long_text_vmp_grave_guard	hu1_wight_king_sword_and_shield	wh_main_vmp_inf_wight	44	48	50	3888		0	wh2_main_hef_prince_sword		1	wh_missile_block_55_wood	wh_main_vmp_inf_grave_guard_1_ete	wh3_main_cth_crane_gunners	trained			true	40.0000	1500.0000	wh_main_vmp_inf_grave_guard_1_ete	60	80	0	vo_sel_default	vo_sel_melee	vo_sel_culture	1.0000	small	0	0	0	0	0	0	0	0	melee	false	true	false	false	medium	medium	domination_infantry			melee	1.0000	1.0000	false	false
wh_main_vmp_mon_vargheists_ete	10	wh_main_body_0	2100	inf_melee	26	inf_mel	wh_main_unit_long_text_vmp_vargheists	hu8b_vargheist	wh_main_flying_vargheists_blood_ete	35	25	54	327		0	wh_main_vmp_claws_vargheist		5	none	wh_main_vmp_mon_vargheists_ete	wh_main_monstrous_trolls	trained			true	40.0000	1500.0000	wh_main_vmp_mon_vargheists_ete	60	80	0	vo_sel_default	vo_sel_melee	vo_sel_culture	1.0000	large	0	0	0	0	0	10	0	0	flying_melee_flanker_undead	false	false	false	false	cant_capture	cant_capture	cant_capture			melee	1.0000	1.0000	false	false
