effect_bundle_key	effect_key	effect_scope	value	advancement_stage
#effect_bundles_to_effects_junctions_tables;3;db/effect_bundles_to_effects_junctions_tables/land_encounters_and_points_of_interest				
land_enc_effect_abandoned_camp	wh_main_effect_force_all_campaign_replenishment_rate	character_to_force_own	5.0000	end_turn_completed
land_enc_effect_hidden_temple	wh_main_effect_force_stat_ward_save	character_to_force_own	5.0000	end_turn_completed
land_enc_effect_hidden_temple	wh3_main_effect_character_experience_per_turn_hidden	force_to_general_own	250.0000	start_turn_completed
land_enc_effect_hidden_temple	wh3_main_effect_character_experience_per_turn	force_to_character_own	250.0000	start_turn_completed
land_enc_effect_legendary_bard	wh_main_effect_building_construction_cost_mod	faction_to_province_own	-25.0000	start_turn_completed
land_enc_effect_legendary_bard	wh_main_effect_economy_gdp_mod_all	faction_to_province_own	5.0000	start_turn_completed
land_enc_effect_whispers_of_the_gods	wh2_dlc10_effect_attribute_enable_perfect_vigour	force_to_force_own	1.0000	start_turn_completed
land_enc_effect_whispers_of_the_gods	wh_main_effect_attribute_enable_unbreakable	force_to_force_own	1.0000	start_turn_completed
land_enc_effect_whispers_of_the_gods	wh3_main_effect_character_experience_per_turn_hidden	force_to_general_own	250.0000	start_turn_completed
land_enc_effect_whispers_of_the_gods	wh3_main_effect_character_experience_per_turn	force_to_character_own	250.0000	start_turn_completed
land_enc_effect_the_explorer	wh_main_effect_force_army_campaign_ambush_defence_success_chance	character_to_force_own	15.0000	start_turn_completed
land_enc_effect_the_explorer	wh_main_effect_force_all_campaign_movement_range	character_to_force_own	15.0000	start_turn_completed
land_enc_effect_battle_won_incursion_hef	wh_main_effect_character_stat_missile_resistance	character_to_force_own	16.0000	start_turn_completed
land_enc_effect_battle_won_incursion_hef	wh_main_effect_attribute_enable_stalk	character_to_force_own	1.0000	start_turn_completed
land_enc_effect_battle_won_incursion_lzd	wh_main_effect_force_stat_ward_save	character_to_force_own	8.0000	start_turn_completed
land_enc_effect_battle_won_incursion_lzd	wh_main_effect_character_stat_melee_defence	character_to_force_own	16.0000	start_turn_completed
land_enc_effect_battle_won_incursion_vco	wh_main_effect_force_all_campaign_replenishment_rate	character_to_force_own	16.0000	start_turn_completed
land_enc_effect_battle_won_incursion_vco	wh2_main_effect_ability_enable_regeneration	character_to_force_own	1.0000	start_turn_completed
land_enc_effect_battle_avoided_incursion	wh_main_effect_character_stat_speed	character_to_force_own	16.0000	start_turn_completed
land_enc_effect_battle_avoided_incursion	wh_main_effect_public_order_faction	character_to_province_own	-8.0000	start_turn_completed
land_enc_effect_battle_won_surprise_bst	wh_main_effect_character_stat_physical_resistance	character_to_force_own	8.0000	start_turn_completed
land_enc_effect_battle_won_surprise_bst	wh_main_effect_force_stat_melee_defence	character_to_force_own	16.0000	start_turn_completed
land_enc_effect_battle_won_surprise_skv	wh_main_effect_force_all_campaign_replenishment_rate	character_to_force_own	16.0000	start_turn_completed
land_enc_effect_battle_won_surprise_skv	wh2_dlc09_edict_tmb_force_army_campaign_ambush_success_chance_buff	character_to_force_own	16.0000	start_turn_completed
land_enc_effect_battle_won_surprise_skv	wh_main_effect_force_army_campaign_ambush_defence_success_chance	character_to_force_own	16.0000	start_turn_completed
land_enc_effect_battle_avoided_surprise	wh_main_effect_force_army_campaign_ambush_defence_success_chance	character_to_force_own	24.0000	start_turn_completed
land_enc_effect_battle_avoided_surprise	wh_main_effect_attribute_enable_vanguard_deployment	character_to_force_own	8.0000	start_turn_completed
land_enc_effect_battle_avoided_surprise	wh_main_effect_force_stat_ward_save	character_to_force_own	8.0000	start_turn_completed
land_enc_effect_battle_avoided_battlefield	wh_main_effect_force_all_campaign_movement_range	character_to_force_own	16.0000	start_turn_completed
land_enc_effect_battle_avoided_battlefield	wh_main_effect_character_stat_melee_defence	character_to_force_own	8.0000	start_turn_completed
land_enc_effect_battle_won_daemonic_gift_khorne_already_granted	wh_main_effect_force_stat_melee_attack	character_to_force_own	16.0000	start_turn_completed
land_enc_effect_battle_won_daemonic_gift_khorne_already_granted	wh2_main_effect_character_stat_enable_flaming_attacks	character_to_force_own	1.0000	start_turn_completed
land_enc_effect_battle_won_daemonic_gift_khorne_already_granted	land_enc_diplomatic_relations_exiles_of_khorne	faction_to_faction_own_unseen	40.0000	start_turn_completed
land_enc_effect_battle_avoided_daemonic_gift_khorne	wh_main_effect_force_stat_melee_attack	character_to_force_own	16.0000	start_turn_completed
land_enc_effect_battle_avoided_daemonic_gift_khorne	wh_main_effect_force_stat_weapon_strength	character_to_force_own	16.0000	start_turn_completed
land_enc_effect_battle_avoided_daemonic_gift_khorne	wh_main_effect_character_stat_melee_defence	character_to_force_own	-24.0000	start_turn_completed
land_enc_effect_battle_avoided_daemonic_gift_khorne	wh2_main_effect_character_stat_enable_flaming_attacks	character_to_force_own	1.0000	start_turn_completed
land_enc_effect_battle_avoided_daemonic_gift_khorne	wh3_main_effect_corruption_khorne_events	character_to_province_any	14.0000	start_turn_completed
land_enc_effect_battle_won_daemonic_gift_slaanesh_already_granted	wh_main_effect_force_stat_melee_attack	character_to_force_own	18.0000	start_turn_completed
land_enc_effect_battle_won_daemonic_gift_slaanesh_already_granted	wh_dlc08_effect_ability_enable_frenzy	force_to_force_own	1.0000	start_turn_completed
land_enc_effect_battle_won_daemonic_gift_slaanesh_already_granted	land_enc_diplomatic_relations_seducers_of_slaanesh	faction_to_faction_own_unseen	40.0000	start_turn_completed
land_enc_effect_battle_avoided_daemonic_gift_slaanesh	wh_main_effect_force_stat_melee_attack	character_to_force_own	24.0000	start_turn_completed
land_enc_effect_battle_avoided_daemonic_gift_slaanesh	wh_main_effect_character_stat_melee_defence	character_to_force_own	-8.0000	start_turn_completed
land_enc_effect_battle_avoided_daemonic_gift_slaanesh	wh_main_effect_character_stat_speed	character_to_force_own	-18.0000	start_turn_completed
land_enc_effect_battle_avoided_daemonic_gift_slaanesh	wh_dlc08_effect_ability_enable_frenzy	force_to_force_own	1.0000	start_turn_completed
land_enc_effect_battle_avoided_daemonic_gift_slaanesh	wh3_main_effect_corruption_slaanesh_events	character_to_province_any	16.0000	start_turn_completed
land_enc_effect_battle_clean_up_event	wh3_main_effect_character_experience_per_turn_hidden	force_to_general_own	100.0000	start_turn_completed
land_enc_effect_battle_clean_up_event	wh3_main_effect_character_experience_per_turn	force_to_character_own	100.0000	start_turn_completed
land_enc_effect_battle_clean_up_event	wh_main_effect_force_stat_ward_save	character_to_force_own	4.0000	end_turn_completed
land_enc_effect_battle_clean_up_event	wh_main_effect_character_stat_melee_defence	character_to_force_own	8.0000	start_turn_completed
land_enc_effect_battle_won_incursion_neutral	wh_main_effect_character_stat_missile_resistance	character_to_force_own	16.0000	start_turn_completed
land_enc_effect_battle_won_incursion_neutral	wh_main_effect_attribute_enable_stalk	character_to_force_own	1.0000	start_turn_completed
land_enc_effect_battle_won_surprise_neutral	wh_main_effect_force_all_campaign_replenishment_rate	character_to_force_own	16.0000	start_turn_completed
land_enc_effect_battle_won_surprise_neutral	wh2_dlc09_edict_tmb_force_army_campaign_ambush_success_chance_buff	character_to_force_own	16.0000	start_turn_completed
land_enc_effect_battle_won_surprise_neutral	wh_main_effect_force_army_campaign_ambush_defence_success_chance	character_to_force_own	16.0000	start_turn_completed
land_enc_effect_tower_drained	wh_main_effect_force_stat_melee_attack	force_to_force_own	-5.0000	start_turn_completed
land_enc_effect_tower_drained	wh_main_effect_force_stat_leadership	force_to_force_own	-5.0000	start_turn_completed
land_enc_effect_tower_hellforge	wh_main_effect_force_stat_melee_attack	force_to_force_own	10.0000	start_turn_completed
land_enc_effect_tower_hellforge	wh_main_effect_force_stat_melee_defence	force_to_force_own	10.0000	start_turn_completed
land_enc_effect_tower_hellforge	wh_main_effect_force_stat_leadership	force_to_force_own	10.0000	start_turn_completed
land_enc_effect_tower_hellforge	wh_main_effect_force_stat_armour	force_to_force_own	10.0000	start_turn_completed
land_enc_effect_tower_hellforge	wh_main_effect_force_stat_weapon_strength	force_to_force_own	10.0000	start_turn_completed
land_enc_effect_tower_hellforge	wh_main_effect_force_stat_charge_bonus_pct	force_to_force_own	10.0000	start_turn_completed
land_enc_effect_tower_hellforge	wh_main_effect_force_stat_speed	force_to_force_own	10.0000	start_turn_completed
land_enc_effect_tower_hellforge	wh_main_effect_force_stat_missile_damage	force_to_force_own	10.0000	start_turn_completed
land_enc_effect_tower_hellforge	wh_main_effect_force_stat_range	force_to_force_own	10.0000	start_turn_completed
land_enc_effect_tower_hellforge	wh_main_effect_force_stat_ammunition	force_to_force_own	10.0000	start_turn_completed
land_enc_effect_tower_dark_bargain	land_enc_effect_tower_dark_bargain_owed	force_to_force_own	5.0000	start_turn_completed
land_enc_effect_tower_fire_kissed_blades	wh2_main_effect_character_stat_enable_flaming_attacks	force_to_force_own	1.0000	start_turn_completed
land_enc_effect_tower_enchanted_steel	wh_main_effect_force_stat_enable_magic_attacks	force_to_force_own	1.0000	start_turn_completed
land_enc_effect_tower_glass_cannon	wh_main_effect_force_stat_melee_attack	force_to_force_own	20.0000	start_turn_completed
land_enc_effect_tower_glass_cannon	wh_main_effect_force_stat_weapon_strength	force_to_force_own	20.0000	start_turn_completed
land_enc_effect_tower_glass_cannon	wh_main_effect_force_stat_melee_defence	force_to_force_own	-20.0000	start_turn_completed
land_enc_effect_tower_glass_cannon	wh_main_effect_force_stat_armour	force_to_force_own	-20.0000	start_turn_completed
land_enc_effect_tower_plague_bearer	wh_main_effect_campaign_enable_attrition	force_to_force_own	10.0000	start_turn_completed
land_enc_effect_tower_camping	wh_main_effect_force_all_campaign_movement_range	force_to_force_own	-100.0000	start_turn_completed
land_enc_effect_tower_tower_artillery	wh2_dlc11_effect_army_ability_enable_zhufbar_42_pounders	force_to_force_own	1.0000	start_turn_completed
land_enc_effect_tower_vortex_scroll_storm_of_fire	wh3_main_effect_army_ability_enable_storm_of_fire	force_to_force_own	1.0000	start_turn_completed
land_enc_effect_tower_vortex_scroll_wraith_storm	wh2_dlc11_effect_army_ability_enable_wraith_storm	force_to_force_own	1.0000	start_turn_completed
land_enc_effect_tower_vortex_scroll_soul_storm	wh2_main_effect_army_ability_enable_soul_storm	force_to_force_own	1.0000	start_turn_completed
land_enc_effect_tower_scaling_blessing_1	wh_main_effect_force_stat_melee_attack	force_to_force_own	8.0000	start_turn_completed
land_enc_effect_tower_scaling_blessing_1	wh_main_effect_force_stat_melee_defence	force_to_force_own	8.0000	start_turn_completed
land_enc_effect_tower_scaling_blessing_1	wh_main_effect_force_stat_leadership	force_to_force_own	8.0000	start_turn_completed
land_enc_effect_tower_scaling_blessing_2	wh_main_effect_force_stat_melee_attack	force_to_force_own	11.0000	start_turn_completed
land_enc_effect_tower_scaling_blessing_2	wh_main_effect_force_stat_melee_defence	force_to_force_own	11.0000	start_turn_completed
land_enc_effect_tower_scaling_blessing_2	wh_main_effect_force_stat_leadership	force_to_force_own	11.0000	start_turn_completed
land_enc_effect_tower_scaling_blessing_3	wh_main_effect_force_stat_melee_attack	force_to_force_own	14.0000	start_turn_completed
land_enc_effect_tower_scaling_blessing_3	wh_main_effect_force_stat_melee_defence	force_to_force_own	14.0000	start_turn_completed
land_enc_effect_tower_scaling_blessing_3	wh_main_effect_force_stat_leadership	force_to_force_own	14.0000	start_turn_completed
land_enc_effect_tower_scaling_blessing_4	wh_main_effect_force_stat_melee_attack	force_to_force_own	17.0000	start_turn_completed
land_enc_effect_tower_scaling_blessing_4	wh_main_effect_force_stat_melee_defence	force_to_force_own	17.0000	start_turn_completed
land_enc_effect_tower_scaling_blessing_4	wh_main_effect_force_stat_leadership	force_to_force_own	17.0000	start_turn_completed
land_enc_effect_tower_research_scrolls	wh_main_effect_technology_research_rate_mod	faction_to_faction_own	25.0000	start_turn_completed
land_enc_effect_tower_recruitment_cache	wh_main_effect_force_all_campaign_recruitment_cost_all	faction_to_force_own	-25.0000	start_turn_completed
land_enc_effect_tavern_patron_1	wh_main_effect_economy_gdp_mod_all	faction_to_region_own	5.0000	start_turn_completed
land_enc_effect_tavern_patron_1	wh_main_effect_economy_trade_tariff_mod	faction_to_faction_own	5.0000	start_turn_completed
land_enc_effect_tavern_patron_1	wh_main_effect_force_stat_leadership	faction_to_force_own	5.0000	start_turn_completed
land_enc_effect_tavern_patron_1	wh_main_effect_force_stat_speed	faction_to_force_own	5.0000	start_turn_completed
land_enc_effect_tavern_patron_1	wh2_dlc14_effect_force_charge_bonus_add	faction_to_force_own	5.0000	start_turn_completed
land_enc_effect_tavern_patron_2	wh_main_effect_economy_gdp_mod_all	faction_to_region_own	10.0000	start_turn_completed
land_enc_effect_tavern_patron_2	wh_main_effect_economy_trade_tariff_mod	faction_to_faction_own	10.0000	start_turn_completed
land_enc_effect_tavern_patron_2	wh_main_effect_force_stat_leadership	faction_to_force_own	10.0000	start_turn_completed
land_enc_effect_tavern_patron_2	wh_main_effect_force_stat_speed	faction_to_force_own	10.0000	start_turn_completed
land_enc_effect_tavern_patron_2	wh2_dlc14_effect_force_charge_bonus_add	faction_to_force_own	10.0000	start_turn_completed
land_enc_effect_smithy_patron_1	wh_main_effect_force_stat_melee_attack	faction_to_force_own	5.0000	start_turn_completed
land_enc_effect_smithy_patron_1	wh_main_effect_force_stat_melee_defence	faction_to_force_own	5.0000	start_turn_completed
land_enc_effect_smithy_patron_1	wh_main_effect_force_stat_range	faction_to_force_own	5.0000	start_turn_completed
land_enc_effect_smithy_patron_1	wh_main_effect_force_stat_missile_damage	faction_to_force_own	5.0000	start_turn_completed
land_enc_effect_smithy_patron_1	wh_main_effect_force_stat_weapon_strength	faction_to_force_own	5.0000	start_turn_completed
land_enc_effect_smithy_patron_2	wh_main_effect_force_stat_melee_attack	faction_to_force_own	10.0000	start_turn_completed
land_enc_effect_smithy_patron_2	wh_main_effect_force_stat_melee_defence	faction_to_force_own	10.0000	start_turn_completed
land_enc_effect_smithy_patron_2	wh_main_effect_force_stat_range	faction_to_force_own	10.0000	start_turn_completed
land_enc_effect_smithy_patron_2	wh_main_effect_force_stat_missile_damage	faction_to_force_own	10.0000	start_turn_completed
land_enc_effect_smithy_patron_2	wh_main_effect_force_stat_weapon_strength	faction_to_force_own	10.0000	start_turn_completed
land_enc_effect_tavern_patron_1	wh3_main_effect_character_experience_per_turn	faction_to_character_own	250.0000	start_turn_completed
land_enc_effect_tavern_patron_2	wh3_main_effect_character_experience_per_turn	faction_to_character_own	500.0000	start_turn_completed
land_enc_effect_spot_reinforcement_time_25	wh3_main_effect_own_reinforcement_time_percentage_mod	force_to_force_own	-25.0000	start_turn_completed
land_enc_effect_spot_reinforcement_time_50	wh3_main_effect_own_reinforcement_time_percentage_mod	force_to_force_own	-50.0000	start_turn_completed
land_enc_effect_spot_reinforcement_time_75	wh3_main_effect_own_reinforcement_time_percentage_mod	force_to_force_own	-75.0000	start_turn_completed
land_enc_effect_spot_camping	wh_main_effect_force_all_campaign_movement_range	force_to_force_own	-100.0000	start_turn_completed
land_enc_effect_spot_strip_the_valuables	wh_main_effect_force_stat_leadership	force_to_force_own	-15.0000	start_turn_completed
land_enc_effect_spot_strip_the_valuables	wh_main_effect_force_stat_speed	force_to_force_own	-10.0000	start_turn_completed
land_enc_effect_spot_bless_the_banners_easy	wh_main_effect_force_stat_melee_attack	force_to_force_own	5.0000	start_turn_completed
land_enc_effect_spot_bless_the_banners_easy	wh_main_effect_force_stat_leadership	force_to_force_own	5.0000	start_turn_completed
land_enc_effect_spot_bless_the_banners_medium	wh_main_effect_force_stat_melee_attack	force_to_force_own	10.0000	start_turn_completed
land_enc_effect_spot_bless_the_banners_medium	wh_main_effect_force_stat_leadership	force_to_force_own	10.0000	start_turn_completed
land_enc_effect_spot_bless_the_banners_hard	wh_main_effect_force_stat_melee_attack	force_to_force_own	15.0000	start_turn_completed
land_enc_effect_spot_bless_the_banners_hard	wh_main_effect_force_stat_leadership	force_to_force_own	15.0000	start_turn_completed
land_enc_effect_spot_stoneskin_easy	wh_main_effect_force_stat_physical_resistance	force_to_force_own	5.0000	start_turn_completed
land_enc_effect_spot_stoneskin_medium	wh_main_effect_force_stat_physical_resistance	force_to_force_own	10.0000	start_turn_completed
land_enc_effect_spot_stoneskin_hard	wh_main_effect_force_stat_physical_resistance	force_to_force_own	15.0000	start_turn_completed
land_enc_effect_spot_ancient_tactics	wh2_dlc14_effect_force_charge_bonus_add	force_to_force_own	5.0000	start_turn_completed
land_enc_effect_spot_ancient_tactics	wh_main_effect_force_stat_speed	force_to_force_own	5.0000	start_turn_completed
land_enc_effect_spot_touch_the_relic_frailty	wh_main_effect_force_stat_melee_defence	force_to_force_own	-10.0000	start_turn_completed
land_enc_effect_spot_touch_the_relic_frailty	wh_main_effect_force_stat_armour	force_to_force_own	-10.0000	start_turn_completed
land_enc_effect_spot_leave_an_offering_easy	wh_main_effect_force_stat_ward_save	force_to_force_own	5.0000	start_turn_completed
land_enc_effect_spot_leave_an_offering_medium	wh_main_effect_force_stat_ward_save	force_to_force_own	10.0000	start_turn_completed
land_enc_effect_spot_leave_an_offering_hard	wh_main_effect_force_stat_ward_save	force_to_force_own	15.0000	start_turn_completed
land_enc_effect_spot_enchanted_steel	wh_main_effect_force_stat_enable_magic_attacks	force_to_force_own	1.0000	start_turn_completed
land_enc_effect_spot_bloodstained_blades	wh_main_effect_force_stat_melee_attack	force_to_force_own	20.0000	start_turn_completed
land_enc_effect_spot_bloodstained_blades	wh_main_effect_force_stat_melee_defence	force_to_force_own	-20.0000	start_turn_completed
land_enc_effect_spot_buy_supplies	wh_main_effect_force_army_campaign_attrition_all_immunity	force_to_force_own	1.0000	start_turn_completed
land_enc_effect_spot_recruitment_cache_easy	wh_main_effect_force_all_campaign_recruitment_cost_all	faction_to_force_own	-10.0000	start_turn_completed
land_enc_effect_spot_recruitment_cache_medium	wh_main_effect_force_all_campaign_recruitment_cost_all	faction_to_force_own	-20.0000	start_turn_completed
land_enc_effect_spot_recruitment_cache_hard	wh_main_effect_force_all_campaign_recruitment_cost_all	faction_to_force_own	-30.0000	start_turn_completed
land_enc_effect_spot_share_the_find	wh_main_effect_technology_research_rate_mod	faction_to_faction_own	15.0000	start_turn_completed
land_enc_effect_spot_curse_a_distant_king_easy	wh_main_effect_economy_gdp_mod_all	faction_to_region_own	-5.0000	start_turn_completed
land_enc_effect_spot_curse_a_distant_king_medium	wh_main_effect_economy_gdp_mod_all	faction_to_region_own	-10.0000	start_turn_completed
land_enc_effect_spot_curse_a_distant_king_hard	wh_main_effect_economy_gdp_mod_all	faction_to_region_own	-15.0000	start_turn_completed
land_enc_effect_spot_garrison_drill	wh_main_effect_force_stat_melee_attack	region_to_force_own_regionwide_if_garrison	10.0000	start_turn_completed
land_enc_effect_spot_garrison_drill	wh_main_effect_force_stat_melee_defence	region_to_force_own_regionwide_if_garrison	10.0000	start_turn_completed
land_enc_effect_spot_garrison_drill	wh_main_effect_force_stat_leadership	region_to_force_own_regionwide_if_garrison	10.0000	start_turn_completed
land_enc_effect_spot_poison_their_wells_easy	wh_main_effect_province_growth_events	region_to_province_own	-10.0000	start_turn_completed
land_enc_effect_spot_poison_their_wells_easy	wh_main_effect_campaign_enable_attrition	region_to_force_own	1.0000	start_turn_completed
land_enc_effect_spot_poison_their_wells_medium	wh_main_effect_province_growth_events	region_to_province_own	-20.0000	start_turn_completed
land_enc_effect_spot_poison_their_wells_medium	wh_main_effect_campaign_enable_attrition	region_to_force_own	1.0000	start_turn_completed
land_enc_effect_spot_poison_their_wells_hard	wh_main_effect_province_growth_events	region_to_province_own	-30.0000	start_turn_completed
land_enc_effect_spot_poison_their_wells_hard	wh_main_effect_campaign_enable_attrition	region_to_force_own	1.0000	start_turn_completed
land_enc_effect_spot_sap_their_garrison	wh_main_effect_force_stat_leadership	region_to_force_own_regionwide_if_garrison	-10.0000	start_turn_completed
land_enc_effect_spot_spread_the_plague	wh_main_effect_public_order_events	region_to_province_own	-5.0000	start_turn_completed
land_enc_effect_spot_spread_the_plague	wh_main_effect_province_growth_events	region_to_province_own	-10.0000	start_turn_completed
land_enc_effect_spot_quell_the_unrest	wh_main_effect_public_order_events	province_to_province_own	5.0000	start_turn_completed
land_enc_effect_spot_bountiful_harvest_easy	wh_main_effect_province_growth_events	province_to_province_own	10.0000	start_turn_completed
land_enc_effect_spot_bountiful_harvest_easy	wh_main_effect_economy_gdp_mod_all	province_to_region_own	5.0000	start_turn_completed
land_enc_effect_spot_bountiful_harvest_medium	wh_main_effect_province_growth_events	province_to_province_own	20.0000	start_turn_completed
land_enc_effect_spot_bountiful_harvest_medium	wh_main_effect_economy_gdp_mod_all	province_to_region_own	10.0000	start_turn_completed
land_enc_effect_spot_bountiful_harvest_hard	wh_main_effect_province_growth_events	province_to_province_own	30.0000	start_turn_completed
land_enc_effect_spot_bountiful_harvest_hard	wh_main_effect_economy_gdp_mod_all	province_to_region_own	15.0000	start_turn_completed
land_enc_effect_spot_stir_their_rebels_easy	wh_main_effect_public_order_events	province_to_province_own	-10.0000	start_turn_completed
land_enc_effect_spot_stir_their_rebels_medium	wh_main_effect_public_order_events	province_to_province_own	-15.0000	start_turn_completed
land_enc_effect_spot_stir_their_rebels_hard	wh_main_effect_public_order_events	province_to_province_own	-20.0000	start_turn_completed
land_enc_effect_spot_press_on	wh_main_effect_force_all_campaign_movement_range	force_to_force_own	50.0000	start_turn_completed
land_enc_effect_spot_victory_feast_easy	wh_main_effect_force_stat_leadership	force_to_force_own	5.0000	start_turn_completed
land_enc_effect_spot_victory_feast_easy	wh_main_effect_force_stat_melee_attack	force_to_force_own	5.0000	start_turn_completed
land_enc_effect_spot_victory_feast_medium	wh_main_effect_force_stat_leadership	force_to_force_own	10.0000	start_turn_completed
land_enc_effect_spot_victory_feast_medium	wh_main_effect_force_stat_melee_attack	force_to_force_own	10.0000	start_turn_completed
land_enc_effect_spot_victory_feast_hard	wh_main_effect_force_stat_leadership	force_to_force_own	15.0000	start_turn_completed
land_enc_effect_spot_victory_feast_hard	wh_main_effect_force_stat_melee_attack	force_to_force_own	15.0000	start_turn_completed
land_enc_effect_spot_dark_offering	wh_main_effect_force_stat_ward_save	force_to_force_own	5.0000	start_turn_completed
land_enc_effect_spot_tavern_fighting_spirits_easy	wh_main_effect_force_stat_melee_attack	force_to_force_own	5.0000	start_turn_completed
land_enc_effect_spot_tavern_fighting_spirits_easy	wh_main_effect_force_stat_melee_defence	force_to_force_own	5.0000	start_turn_completed
land_enc_effect_spot_tavern_fighting_spirits_medium	wh_main_effect_force_stat_melee_attack	force_to_force_own	10.0000	start_turn_completed
land_enc_effect_spot_tavern_fighting_spirits_medium	wh_main_effect_force_stat_melee_defence	force_to_force_own	10.0000	start_turn_completed
land_enc_effect_spot_tavern_fighting_spirits_hard	wh_main_effect_force_stat_melee_attack	force_to_force_own	15.0000	start_turn_completed
land_enc_effect_spot_tavern_fighting_spirits_hard	wh_main_effect_force_stat_melee_defence	force_to_force_own	15.0000	start_turn_completed
land_enc_effect_spot_tavern_shieldbrew_easy	wh_main_effect_force_stat_melee_defence	force_to_force_own	5.0000	start_turn_completed
land_enc_effect_spot_tavern_shieldbrew_easy	wh_main_effect_force_stat_armour	force_to_force_own	10.0000	start_turn_completed
land_enc_effect_spot_tavern_shieldbrew_medium	wh_main_effect_force_stat_melee_defence	force_to_force_own	10.0000	start_turn_completed
land_enc_effect_spot_tavern_shieldbrew_medium	wh_main_effect_force_stat_armour	force_to_force_own	15.0000	start_turn_completed
land_enc_effect_spot_tavern_shieldbrew_hard	wh_main_effect_force_stat_melee_defence	force_to_force_own	15.0000	start_turn_completed
land_enc_effect_spot_tavern_shieldbrew_hard	wh_main_effect_force_stat_armour	force_to_force_own	20.0000	start_turn_completed
land_enc_effect_spot_tavern_firewater_easy	wh_main_effect_force_stat_speed	force_to_force_own	5.0000	start_turn_completed
land_enc_effect_spot_tavern_firewater_easy	wh2_dlc14_effect_force_charge_bonus_add	force_to_force_own	6.0000	start_turn_completed
land_enc_effect_spot_tavern_firewater_medium	wh_main_effect_force_stat_speed	force_to_force_own	10.0000	start_turn_completed
land_enc_effect_spot_tavern_firewater_medium	wh2_dlc14_effect_force_charge_bonus_add	force_to_force_own	10.0000	start_turn_completed
land_enc_effect_spot_tavern_firewater_hard	wh_main_effect_force_stat_speed	force_to_force_own	15.0000	start_turn_completed
land_enc_effect_spot_tavern_firewater_hard	wh2_dlc14_effect_force_charge_bonus_add	force_to_force_own	14.0000	start_turn_completed
land_enc_effect_spot_tavern_marksmans_draught_easy	wh_main_effect_force_stat_missile_damage	force_to_force_own	8.0000	start_turn_completed
land_enc_effect_spot_tavern_marksmans_draught_easy	wh_main_effect_force_stat_reload_time_reduction	force_to_force_own	10.0000	start_turn_completed
land_enc_effect_spot_tavern_marksmans_draught_medium	wh_main_effect_force_stat_missile_damage	force_to_force_own	12.0000	start_turn_completed
land_enc_effect_spot_tavern_marksmans_draught_medium	wh_main_effect_force_stat_reload_time_reduction	force_to_force_own	15.0000	start_turn_completed
land_enc_effect_spot_tavern_marksmans_draught_hard	wh_main_effect_force_stat_missile_damage	force_to_force_own	16.0000	start_turn_completed
land_enc_effect_spot_tavern_marksmans_draught_hard	wh_main_effect_force_stat_reload_time_reduction	force_to_force_own	20.0000	start_turn_completed
land_enc_effect_spot_tavern_mystery_brew_easy	wh_main_effect_force_stat_melee_attack	force_to_force_own	12.0000	start_turn_completed
land_enc_effect_spot_tavern_mystery_brew_easy	wh_main_effect_force_stat_leadership	force_to_force_own	12.0000	start_turn_completed
land_enc_effect_spot_tavern_mystery_brew_medium	wh_main_effect_force_stat_melee_attack	force_to_force_own	16.0000	start_turn_completed
land_enc_effect_spot_tavern_mystery_brew_medium	wh_main_effect_force_stat_leadership	force_to_force_own	16.0000	start_turn_completed
land_enc_effect_spot_tavern_mystery_brew_hard	wh_main_effect_force_stat_melee_attack	force_to_force_own	20.0000	start_turn_completed
land_enc_effect_spot_tavern_mystery_brew_hard	wh_main_effect_force_stat_leadership	force_to_force_own	20.0000	start_turn_completed
land_enc_effect_spot_tavern_hangover	wh_main_effect_force_stat_leadership	force_to_force_own	-10.0000	start_turn_completed
land_enc_effect_spot_tavern_hangover	wh_main_effect_force_stat_speed	force_to_force_own	-10.0000	start_turn_completed
land_enc_effect_tower_war_rites_easy	wh_main_effect_force_stat_melee_attack	force_to_force_own	5.0000	start_turn_completed
land_enc_effect_tower_war_rites_easy	wh_main_effect_force_stat_melee_defence	force_to_force_own	5.0000	start_turn_completed
land_enc_effect_tower_war_rites_easy	wh_main_effect_force_stat_leadership	force_to_force_own	5.0000	start_turn_completed
land_enc_effect_tower_war_rites_medium	wh_main_effect_force_stat_melee_attack	force_to_force_own	10.0000	start_turn_completed
land_enc_effect_tower_war_rites_medium	wh_main_effect_force_stat_melee_defence	force_to_force_own	10.0000	start_turn_completed
land_enc_effect_tower_war_rites_medium	wh_main_effect_force_stat_leadership	force_to_force_own	10.0000	start_turn_completed
land_enc_effect_tower_war_rites_hard	wh_main_effect_force_stat_melee_attack	force_to_force_own	15.0000	start_turn_completed
land_enc_effect_tower_war_rites_hard	wh_main_effect_force_stat_melee_defence	force_to_force_own	15.0000	start_turn_completed
land_enc_effect_tower_war_rites_hard	wh_main_effect_force_stat_leadership	force_to_force_own	15.0000	start_turn_completed
land_enc_effect_tower_whetstones_and_oil_easy	wh_main_effect_force_stat_weapon_strength	force_to_force_own	5.0000	start_turn_completed
land_enc_effect_tower_whetstones_and_oil_easy	wh_main_effect_force_stat_ap_damage	force_to_force_own	5.0000	start_turn_completed
land_enc_effect_tower_whetstones_and_oil_medium	wh_main_effect_force_stat_weapon_strength	force_to_force_own	10.0000	start_turn_completed
land_enc_effect_tower_whetstones_and_oil_medium	wh_main_effect_force_stat_ap_damage	force_to_force_own	10.0000	start_turn_completed
land_enc_effect_tower_whetstones_and_oil_hard	wh_main_effect_force_stat_weapon_strength	force_to_force_own	15.0000	start_turn_completed
land_enc_effect_tower_whetstones_and_oil_hard	wh_main_effect_force_stat_ap_damage	force_to_force_own	15.0000	start_turn_completed
land_enc_effect_tower_warding_sigils_easy	wh_main_effect_force_stat_ward_save	force_to_force_own	5.0000	start_turn_completed
land_enc_effect_tower_warding_sigils_medium	wh_main_effect_force_stat_ward_save	force_to_force_own	10.0000	start_turn_completed
land_enc_effect_tower_warding_sigils_hard	wh_main_effect_force_stat_ward_save	force_to_force_own	15.0000	start_turn_completed
land_enc_effect_tower_quartermasters_cache_easy	wh_main_effect_force_stat_ammunition	force_to_force_own	25.0000	start_turn_completed
land_enc_effect_tower_quartermasters_cache_easy	wh_main_effect_force_stat_reload_time_reduction	force_to_force_own	15.0000	start_turn_completed
land_enc_effect_tower_quartermasters_cache_medium	wh_main_effect_force_stat_ammunition	force_to_force_own	50.0000	start_turn_completed
land_enc_effect_tower_quartermasters_cache_medium	wh_main_effect_force_stat_reload_time_reduction	force_to_force_own	25.0000	start_turn_completed
land_enc_effect_tower_quartermasters_cache_hard	wh_main_effect_force_stat_ammunition	force_to_force_own	75.0000	start_turn_completed
land_enc_effect_tower_quartermasters_cache_hard	wh_main_effect_force_stat_reload_time_reduction	force_to_force_own	35.0000	start_turn_completed
land_enc_effect_tower_drill_sergeant_easy	wh_main_effect_force_stat_speed	force_to_force_own	5.0000	start_turn_completed
land_enc_effect_tower_drill_sergeant_easy	wh2_dlc14_effect_force_charge_bonus_add	force_to_force_own	5.0000	start_turn_completed
land_enc_effect_tower_drill_sergeant_medium	wh_main_effect_force_stat_speed	force_to_force_own	10.0000	start_turn_completed
land_enc_effect_tower_drill_sergeant_medium	wh2_dlc14_effect_force_charge_bonus_add	force_to_force_own	10.0000	start_turn_completed
land_enc_effect_tower_drill_sergeant_hard	wh_main_effect_force_stat_speed	force_to_force_own	15.0000	start_turn_completed
land_enc_effect_tower_drill_sergeant_hard	wh2_dlc14_effect_force_charge_bonus_add	force_to_force_own	15.0000	start_turn_completed
land_enc_effect_tower_iron_resolve_easy	wh_main_effect_force_stat_leadership	force_to_force_own	10.0000	start_turn_completed
land_enc_effect_tower_iron_resolve_easy	wh_main_effect_attribute_enable_immune_to_psychology	force_to_force_own	1.0000	start_turn_completed
land_enc_effect_tower_iron_resolve_medium	wh_main_effect_force_stat_leadership	force_to_force_own	20.0000	start_turn_completed
land_enc_effect_tower_iron_resolve_medium	wh_main_effect_attribute_enable_immune_to_psychology	force_to_force_own	1.0000	start_turn_completed
land_enc_effect_tower_iron_resolve_hard	wh_main_effect_force_stat_leadership	force_to_force_own	30.0000	start_turn_completed
land_enc_effect_tower_iron_resolve_hard	wh_main_effect_attribute_enable_immune_to_psychology	force_to_force_own	1.0000	start_turn_completed
land_enc_effect_tower_stoneskin_easy	wh_main_effect_force_stat_physical_resistance	force_to_force_own	5.0000	start_turn_completed
land_enc_effect_tower_stoneskin_medium	wh_main_effect_force_stat_physical_resistance	force_to_force_own	10.0000	start_turn_completed
land_enc_effect_tower_stoneskin_hard	wh_main_effect_force_stat_physical_resistance	force_to_force_own	15.0000	start_turn_completed
land_enc_effect_tower_call_the_winds_easy	wh3_main_effect_winds_of_magic_pool_min	force_to_force_own	20.0000	start_turn_completed
land_enc_effect_tower_call_the_winds_easy	wh3_main_effect_winds_of_magic_pool_cap	force_to_force_own	20.0000	start_turn_completed
land_enc_effect_tower_call_the_winds_medium	wh3_main_effect_winds_of_magic_pool_min	force_to_force_own	30.0000	start_turn_completed
land_enc_effect_tower_call_the_winds_medium	wh3_main_effect_winds_of_magic_pool_cap	force_to_force_own	30.0000	start_turn_completed
land_enc_effect_tower_call_the_winds_hard	wh3_main_effect_winds_of_magic_pool_min	force_to_force_own	40.0000	start_turn_completed
land_enc_effect_tower_call_the_winds_hard	wh3_main_effect_winds_of_magic_pool_cap	force_to_force_own	40.0000	start_turn_completed
land_enc_effect_tower_break_their_spirit_easy	wh_main_effect_force_stat_leadership	force_to_force_own	-10.0000	start_turn_completed
land_enc_effect_tower_break_their_spirit_medium	wh_main_effect_force_stat_leadership	force_to_force_own	-15.0000	start_turn_completed
land_enc_effect_tower_break_their_spirit_hard	wh_main_effect_force_stat_leadership	force_to_force_own	-20.0000	start_turn_completed
land_enc_effect_tower_curse_their_blades_easy	wh_main_effect_force_stat_melee_attack	force_to_force_own	-10.0000	start_turn_completed
land_enc_effect_tower_curse_their_blades_medium	wh_main_effect_force_stat_melee_attack	force_to_force_own	-15.0000	start_turn_completed
land_enc_effect_tower_curse_their_blades_hard	wh_main_effect_force_stat_melee_attack	force_to_force_own	-20.0000	start_turn_completed
land_enc_effect_tower_spike_the_guns_easy	wh_main_effect_force_stat_ammunition	force_to_force_own	-30.0000	start_turn_completed
land_enc_effect_tower_spike_the_guns_medium	wh_main_effect_force_stat_ammunition	force_to_force_own	-40.0000	start_turn_completed
land_enc_effect_tower_spike_the_guns_hard	wh_main_effect_force_stat_ammunition	force_to_force_own	-50.0000	start_turn_completed
land_enc_effect_tower_last_ditch_oath	wh_main_effect_force_stat_leadership	force_to_force_own	-10.0000	start_turn_completed
land_enc_effect_tower_lame_their_mounts_easy	wh3_dlc27_effect_force_stat_speed_cavalry_chariots	force_to_force_own	-15.0000	start_turn_completed
land_enc_effect_tower_lame_their_mounts_medium	wh3_dlc27_effect_force_stat_speed_cavalry_chariots	force_to_force_own	-20.0000	start_turn_completed
land_enc_effect_tower_lame_their_mounts_hard	wh3_dlc27_effect_force_stat_speed_cavalry_chariots	force_to_force_own	-25.0000	start_turn_completed
land_enc_effect_tower_hunters_snares_easy	wh3_dlc27_effect_force_stat_charge_bonus_cavalry_chariots_add	force_to_force_own	-15.0000	start_turn_completed
land_enc_effect_tower_hunters_snares_medium	wh3_dlc27_effect_force_stat_charge_bonus_cavalry_chariots_add	force_to_force_own	-20.0000	start_turn_completed
land_enc_effect_tower_hunters_snares_hard	wh3_dlc27_effect_force_stat_charge_bonus_cavalry_chariots_add	force_to_force_own	-25.0000	start_turn_completed
land_enc_effect_tower_towers_favour_easy	wh_main_effect_economy_gdp_mod_all	faction_to_region_own	5.0000	start_turn_completed
land_enc_effect_tower_towers_favour_medium	wh_main_effect_economy_gdp_mod_all	faction_to_region_own	10.0000	start_turn_completed
land_enc_effect_tower_towers_favour_hard	wh_main_effect_economy_gdp_mod_all	faction_to_region_own	15.0000	start_turn_completed
land_enc_effect_spot_modifier_hallowed_ours	wh_main_effect_force_stat_leadership	force_to_force_own	10.0000	start_turn_completed
land_enc_effect_spot_modifier_cursed_earth_ours	wh_main_effect_force_stat_leadership	force_to_force_own	-10.0000	start_turn_completed
land_enc_effect_spot_modifier_blood_moon_ours	wh_main_effect_force_stat_melee_attack	force_to_force_own	10.0000	start_turn_completed
land_enc_effect_spot_modifier_blood_moon_enemy	wh_main_effect_force_stat_melee_attack	force_to_force_own	10.0000	start_turn_completed
land_enc_effect_spot_modifier_blood_moon_allies	wh_main_effect_force_stat_melee_attack	force_to_force_own	10.0000	start_turn_completed
land_enc_effect_spot_modifier_iron_hides_ours	wh_main_effect_force_stat_physical_resistance	force_to_force_own	5.0000	start_turn_completed
land_enc_effect_spot_modifier_iron_hides_enemy	wh_main_effect_force_stat_physical_resistance	force_to_force_own	5.0000	start_turn_completed
land_enc_effect_spot_modifier_iron_hides_allies	wh_main_effect_force_stat_physical_resistance	force_to_force_own	5.0000	start_turn_completed
land_enc_effect_spot_modifier_swift_winds_ours	wh_main_effect_force_stat_speed	force_to_force_own	20.0000	start_turn_completed
land_enc_effect_spot_modifier_swift_winds_enemy	wh_main_effect_force_stat_speed	force_to_force_own	20.0000	start_turn_completed
land_enc_effect_spot_modifier_swift_winds_allies	wh_main_effect_force_stat_speed	force_to_force_own	20.0000	start_turn_completed
land_enc_effect_spot_modifier_heavy_ground_ours	wh_main_effect_force_stat_speed	force_to_force_own	-10.0000	start_turn_completed
land_enc_effect_spot_modifier_heavy_ground_enemy	wh_main_effect_force_stat_speed	force_to_force_own	-10.0000	start_turn_completed
land_enc_effect_spot_modifier_heavy_ground_allies	wh_main_effect_force_stat_speed	force_to_force_own	-10.0000	start_turn_completed
land_enc_effect_spot_modifier_thunder_charge_ours	wh2_dlc14_effect_force_charge_bonus_add	force_to_force_own	25.0000	start_turn_completed
land_enc_effect_spot_modifier_thunder_charge_enemy	wh2_dlc14_effect_force_charge_bonus_add	force_to_force_own	25.0000	start_turn_completed
land_enc_effect_spot_modifier_thunder_charge_allies	wh2_dlc14_effect_force_charge_bonus_add	force_to_force_own	25.0000	start_turn_completed
land_enc_effect_spot_modifier_brittle_enemy	wh_main_effect_force_stat_weapon_strength	force_to_force_own	-10.0000	start_turn_completed
land_enc_effect_spot_modifier_wards_enemy	wh_main_effect_force_stat_ward_save	force_to_force_own	5.0000	start_turn_completed
land_enc_effect_spot_modifier_gale_ours	wh_main_effect_force_stat_range	force_to_force_own	-25.0000	start_turn_completed
land_enc_effect_spot_modifier_gale_enemy	wh_main_effect_force_stat_range	force_to_force_own	-25.0000	start_turn_completed
land_enc_effect_spot_modifier_gale_allies	wh_main_effect_force_stat_range	force_to_force_own	-25.0000	start_turn_completed
land_enc_effect_spot_modifier_winds_surge_ours	wh3_main_effect_winds_of_magic_pool_min	force_to_force_own	30.0000	start_turn_completed
land_enc_effect_spot_modifier_winds_surge_ours	wh3_main_effect_winds_of_magic_pool_cap	force_to_force_own	30.0000	start_turn_completed
land_enc_effect_spot_modifier_winds_surge_enemy	wh3_main_effect_winds_of_magic_pool_min	force_to_force_own	30.0000	start_turn_completed
land_enc_effect_spot_modifier_winds_surge_enemy	wh3_main_effect_winds_of_magic_pool_cap	force_to_force_own	30.0000	start_turn_completed
land_enc_effect_spot_modifier_winds_surge_allies	wh3_main_effect_winds_of_magic_pool_min	force_to_force_own	30.0000	start_turn_completed
land_enc_effect_spot_modifier_winds_surge_allies	wh3_main_effect_winds_of_magic_pool_cap	force_to_force_own	30.0000	start_turn_completed
land_enc_effect_spot_modifier_exhausting_ours	wh_main_effect_force_stat_vigour_loss_reduction	force_to_force_own	-10.0000	start_turn_completed
land_enc_effect_spot_modifier_exhausting_enemy	wh_main_effect_force_stat_vigour_loss_reduction	force_to_force_own	-10.0000	start_turn_completed
land_enc_effect_spot_modifier_exhausting_allies	wh_main_effect_force_stat_vigour_loss_reduction	force_to_force_own	-10.0000	start_turn_completed
land_enc_effect_spot_modifier_frenzy_enemy	wh3_dlc27_effect_ability_enable_frenzy_all	force_to_force_own	1.0000	start_turn_completed
land_enc_effect_spot_modifier_berserkers_ours	wh3_dlc27_effect_ability_enable_berserk_all_units	force_to_force_own	1.0000	start_turn_completed
land_enc_effect_spot_modifier_regen_enemy_enemy	land_enc_effect_ability_enable_regeneration_all_units	force_to_force_own	1.0000	start_turn_completed
land_enc_effect_spot_modifier_regen_ours_ours	land_enc_effect_ability_enable_regeneration_all_units	force_to_force_own	1.0000	start_turn_completed
land_enc_effect_spot_modifier_killing_blow_ours	land_enc_effect_ability_enable_deathblow_all_units	force_to_force_own	1.0000	start_turn_completed
land_enc_effect_spot_modifier_strength_numbers_enemy	land_enc_effect_ability_enable_strength_in_numbers_all_units	force_to_force_own	1.0000	start_turn_completed
land_enc_effect_spot_modifier_feasting_ours	wh3_dlc27_effect_ability_feasting_on_fear_all_units	force_to_force_own	1.0000	start_turn_completed
land_enc_effect_spot_modifier_flies_ours	land_enc_effect_ability_enable_cloud_of_flies_all_units	force_to_force_own	1.0000	start_turn_completed
land_enc_effect_spot_modifier_flies_enemy	land_enc_effect_ability_enable_cloud_of_flies_all_units	force_to_force_own	1.0000	start_turn_completed
land_enc_effect_spot_modifier_flies_allies	land_enc_effect_ability_enable_cloud_of_flies_all_units	force_to_force_own	1.0000	start_turn_completed
land_enc_effect_spot_modifier_immolation_enemy	land_enc_effect_ability_enable_aura_of_immolation_all_units	force_to_force_own	1.0000	start_turn_completed
land_enc_effect_spot_modifier_too_horrible_enemy	land_enc_effect_ability_enable_too_horrible_to_die_all_units	force_to_force_own	1.0000	start_turn_completed
land_enc_effect_spot_modifier_pleasure_pain_ours	wh3_dlc27_effect_ability_enable_pleasure_through_pain_all_units	force_to_force_own	1.0000	start_turn_completed
land_enc_effect_spot_modifier_pleasure_pain_enemy	wh3_dlc27_effect_ability_enable_pleasure_through_pain_all_units	force_to_force_own	1.0000	start_turn_completed
land_enc_effect_spot_modifier_pleasure_pain_allies	wh3_dlc27_effect_ability_enable_pleasure_through_pain_all_units	force_to_force_own	1.0000	start_turn_completed
land_enc_effect_spot_modifier_gorefeast_enemy	land_enc_effect_ability_enable_gorefeast_all_units	force_to_force_own	1.0000	start_turn_completed
land_enc_effect_spot_modifier_unholy_vigour_ours	land_enc_effect_ability_enable_unholy_vigour_all_units	force_to_force_own	1.0000	start_turn_completed
land_enc_effect_spot_modifier_silence_enemy_enemy	wh3_main_effect_attribute_enable_silenced_enemy	force_to_force_own	1.0000	start_turn_completed
land_enc_effect_spot_modifier_silence_all_ours	wh3_main_effect_attribute_enable_silenced_enemy	force_to_force_own	1.0000	start_turn_completed
land_enc_effect_spot_modifier_silence_all_enemy	wh3_main_effect_attribute_enable_silenced_enemy	force_to_force_own	1.0000	start_turn_completed
land_enc_effect_spot_modifier_silence_all_allies	wh3_main_effect_attribute_enable_silenced_enemy	force_to_force_own	1.0000	start_turn_completed
land_enc_effect_spot_modifier_glorious_ours	wh3_dlc27_effect_attribute_enable_glorious_charge_cavalry_chaiots	force_to_force_own	1.0000	start_turn_completed
land_enc_effect_spot_dividends_250	land_enc_effect_tower_dividends_income	faction_to_faction_own	250.0000	start_turn_completed
land_enc_effect_spot_dividends_350	land_enc_effect_tower_dividends_income	faction_to_faction_own	350.0000	start_turn_completed
land_enc_effect_spot_dividends_450	land_enc_effect_tower_dividends_income	faction_to_faction_own	450.0000	start_turn_completed
land_enc_effect_spot_dividends_500	land_enc_effect_tower_dividends_income	faction_to_faction_own	500.0000	start_turn_completed
land_enc_effect_lib_onhit_blinded	land_enc_lib_fx_blinded_hits	force_to_force_own	1.0000	start_turn_completed
land_enc_effect_lib_onhit_leech	land_enc_lib_fx_leech_hits	force_to_force_own	1.0000	start_turn_completed
land_enc_effect_lib_ctx_defending	land_enc_lib_fx_melee_attack_defending	force_to_force_own	10.0000	start_turn_completed
land_enc_effect_lib_ctx_defending	land_enc_lib_fx_regeneration_defending	force_to_force_own	1.0000	start_turn_completed
land_enc_effect_lib_ctx_attacking	land_enc_lib_fx_speed_attacking	force_to_force_own	20.0000	start_turn_completed
land_enc_effect_lib_ctx_attacking	land_enc_lib_fx_unbreakable_attacking	force_to_force_own	1.0000	start_turn_completed
land_enc_effect_lib_ctx_attacking	wh3_dlc25_effect_force_stat_unbreakable_vs_undead	force_to_force_own	1.0000	start_turn_completed
land_enc_effect_lib_lore	land_enc_lib_fx_lore_fire_cost	force_to_force_own	-50.0000	start_turn_completed
land_enc_effect_lib_lore	wh2_dlc12_effect_magic_cooldown_all_lores	force_to_force_own	-25.0000	start_turn_completed
land_enc_effect_lib_army_spell	land_enc_lib_fx_comet_army_ability	force_to_force_own	1.0000	start_turn_completed
land_enc_effect_lib_army_spell	land_enc_lib_fx_comet_army_ability_uses	force_to_force_own	1.0000	start_turn_completed
land_enc_effect_lib_stances	land_enc_lib_fx_march_blocked	force_to_force_own	1.0000	start_turn_completed
land_enc_effect_lib_stances	land_enc_lib_fx_ambush_stance_cost	force_to_force_own	100.0000	start_turn_completed
land_enc_effect_lib_tired	wh_main_effect_force_campaign_stance_begin_fatigued_4_tired	force_to_force_own	4.0000	start_turn_completed
land_enc_effect_lib_magic	wh3_main_effect_battle_barrier_health_add	force_to_force_own	500.0000	start_turn_completed
land_enc_effect_lib_magic	wh_main_effect_character_stat_miscast	force_to_force_own	25.0000	start_turn_completed
land_enc_effect_lib_magic	wh3_main_effect_spell_mastery	force_to_force_own	20.0000	start_turn_completed
land_enc_effect_lib_campaign_curse	wh_main_effect_force_all_campaign_upkeep	force_to_force_own	50.0000	start_turn_completed
land_enc_effect_lib_campaign_curse	wh_main_effect_force_all_campaign_post_battle_loot_mod	force_to_force_own	-50.0000	start_turn_completed
land_enc_effect_lib_campaign_curse	wh_main_effect_agent_field_line_of_sight_mod	force_to_general_own	-50.0000	start_turn_completed
land_enc_effect_lib_campaign_curse	wh_main_effect_force_all_campaign_replenishment_rate	force_to_force_own	-100.0000	start_turn_completed
land_enc_effect_boon_bloodsworn_1	wh_main_effect_force_stat_melee_attack	character_to_force_own	3.0000	start_turn_completed
land_enc_effect_boon_bloodsworn_2	wh_main_effect_force_stat_melee_attack	character_to_force_own	6.0000	start_turn_completed
land_enc_effect_boon_bloodsworn_3	wh_main_effect_force_stat_melee_attack	character_to_force_own	9.0000	start_turn_completed
land_enc_effect_boon_bloodsworn_4	wh_main_effect_force_stat_melee_attack	character_to_force_own	12.0000	start_turn_completed
land_enc_effect_boon_bloodsworn_5	wh_main_effect_force_stat_melee_attack	character_to_force_own	15.0000	start_turn_completed
land_enc_effect_boon_bloodsworn_5	wh3_dlc27_effect_ability_enable_frenzy_all	character_to_force_own	1.0000	start_turn_completed
land_enc_effect_boon_ironhide_1	wh_main_effect_force_stat_physical_resistance	character_to_force_own	3.0000	start_turn_completed
land_enc_effect_boon_ironhide_2	wh_main_effect_force_stat_physical_resistance	character_to_force_own	6.0000	start_turn_completed
land_enc_effect_boon_ironhide_3	wh_main_effect_force_stat_physical_resistance	character_to_force_own	9.0000	start_turn_completed
land_enc_effect_boon_ironhide_4	wh_main_effect_force_stat_physical_resistance	character_to_force_own	12.0000	start_turn_completed
land_enc_effect_boon_ironhide_5	wh_main_effect_force_stat_physical_resistance	character_to_force_own	15.0000	start_turn_completed
land_enc_effect_boon_old_oath_banner_1	wh_main_effect_force_stat_leadership	character_to_force_own	4.0000	start_turn_completed
land_enc_effect_boon_old_oath_banner_2	wh_main_effect_force_stat_leadership	character_to_force_own	8.0000	start_turn_completed
land_enc_effect_boon_old_oath_banner_3	wh_main_effect_force_stat_leadership	character_to_force_own	12.0000	start_turn_completed
land_enc_effect_boon_old_oath_banner_4	wh_main_effect_force_stat_leadership	character_to_force_own	16.0000	start_turn_completed
land_enc_effect_boon_old_oath_banner_5	wh_main_effect_force_stat_leadership	character_to_force_own	20.0000	start_turn_completed
land_enc_effect_boon_old_oath_banner_5	wh_main_effect_character_stat_leadership_aura_size	character_to_character_own	50.0000	start_turn_completed
land_enc_effect_boon_eagle_eyed_1	wh_main_effect_force_stat_range	character_to_force_own	5.0000	start_turn_completed
land_enc_effect_boon_eagle_eyed_2	wh_main_effect_force_stat_range	character_to_force_own	10.0000	start_turn_completed
land_enc_effect_boon_eagle_eyed_3	wh_main_effect_force_stat_range	character_to_force_own	15.0000	start_turn_completed
land_enc_effect_boon_eagle_eyed_3	wh_main_effect_force_stat_ammunition	character_to_force_own	20.0000	start_turn_completed
land_enc_effect_boon_eagle_eyed_4	wh_main_effect_force_stat_range	character_to_force_own	20.0000	start_turn_completed
land_enc_effect_boon_eagle_eyed_4	wh_main_effect_force_stat_ammunition	character_to_force_own	20.0000	start_turn_completed
land_enc_effect_boon_eagle_eyed_5	wh_main_effect_force_stat_range	character_to_force_own	25.0000	start_turn_completed
land_enc_effect_boon_eagle_eyed_5	wh_main_effect_force_stat_ammunition	character_to_force_own	20.0000	start_turn_completed
land_enc_effect_boon_eagle_eyed_5	wh_main_effect_force_stat_missile_damage	character_to_force_own	10.0000	start_turn_completed
land_enc_effect_boon_swift_column_1	wh_main_effect_force_all_campaign_movement_range	character_to_force_own	5.0000	start_turn_completed
land_enc_effect_boon_swift_column_2	wh_main_effect_force_all_campaign_movement_range	character_to_force_own	10.0000	start_turn_completed
land_enc_effect_boon_swift_column_3	wh_main_effect_force_all_campaign_movement_range	character_to_force_own	15.0000	start_turn_completed
land_enc_effect_boon_swift_column_4	wh_main_effect_force_all_campaign_movement_range	character_to_force_own	20.0000	start_turn_completed
land_enc_effect_boon_swift_column_5	wh_main_effect_force_all_campaign_movement_range	character_to_force_own	25.0000	start_turn_completed
land_enc_effect_boon_swift_column_5	wh3_main_effect_force_all_campaign_movement_range_post_battle_win	character_to_character_own	25.0000	start_turn_completed
land_enc_effect_boon_kindled_winds_1	wh2_dlc14_effect_magic_cost_all_lores_percentage	character_to_force_own	-5.0000	start_turn_completed
land_enc_effect_boon_kindled_winds_2	wh2_dlc14_effect_magic_cost_all_lores_percentage	character_to_force_own	-10.0000	start_turn_completed
land_enc_effect_boon_kindled_winds_3	wh2_dlc14_effect_magic_cost_all_lores_percentage	character_to_force_own	-15.0000	start_turn_completed
land_enc_effect_boon_kindled_winds_4	wh2_dlc14_effect_magic_cost_all_lores_percentage	character_to_force_own	-20.0000	start_turn_completed
land_enc_effect_boon_kindled_winds_5	wh2_dlc14_effect_magic_cost_all_lores_percentage	character_to_force_own	-25.0000	start_turn_completed
land_enc_effect_boon_kindled_winds_5	wh2_dlc12_effect_magic_cooldown_all_lores	character_to_force_own	-20.0000	start_turn_completed
land_enc_effect_boon_stormcaller_1	land_enc_lib_fx_comet_army_ability	character_to_force_own	1.0000	start_turn_completed
land_enc_effect_boon_stormcaller_2	land_enc_lib_fx_comet_army_ability	character_to_force_own	1.0000	start_turn_completed
land_enc_effect_boon_stormcaller_2	land_enc_lib_fx_comet_army_ability_uses	character_to_force_own	1.0000	start_turn_completed
land_enc_effect_boon_stormcaller_3	land_enc_lib_fx_comet_army_ability	character_to_force_own	1.0000	start_turn_completed
land_enc_effect_boon_stormcaller_3	land_enc_lib_fx_comet_army_ability_uses	character_to_force_own	2.0000	start_turn_completed
land_enc_effect_boon_stormcaller_4	land_enc_lib_fx_comet_army_ability	character_to_force_own	1.0000	start_turn_completed
land_enc_effect_boon_stormcaller_4	land_enc_lib_fx_comet_army_ability_uses	character_to_force_own	2.0000	start_turn_completed
land_enc_effect_boon_stormcaller_4	wh3_main_effect_spell_mastery	character_to_force_own	10.0000	start_turn_completed
land_enc_effect_boon_stormcaller_5	land_enc_lib_fx_comet_army_ability	character_to_force_own	1.0000	start_turn_completed
land_enc_effect_boon_stormcaller_5	land_enc_lib_fx_comet_army_ability_uses	character_to_force_own	3.0000	start_turn_completed
land_enc_effect_boon_stormcaller_5	wh3_main_effect_spell_mastery	character_to_force_own	20.0000	start_turn_completed
land_enc_effect_boon_stone_rampart_1	land_enc_lib_fx_melee_defence_defending	character_to_force_own	3.0000	start_turn_completed
land_enc_effect_boon_stone_rampart_2	land_enc_lib_fx_melee_defence_defending	character_to_force_own	6.0000	start_turn_completed
land_enc_effect_boon_stone_rampart_3	land_enc_lib_fx_melee_defence_defending	character_to_force_own	9.0000	start_turn_completed
land_enc_effect_boon_stone_rampart_3	land_enc_lib_fx_regeneration_defending	character_to_force_own	1.0000	start_turn_completed
land_enc_effect_boon_stone_rampart_4	land_enc_lib_fx_melee_defence_defending	character_to_force_own	12.0000	start_turn_completed
land_enc_effect_boon_stone_rampart_4	land_enc_lib_fx_regeneration_defending	character_to_force_own	1.0000	start_turn_completed
land_enc_effect_boon_stone_rampart_5	land_enc_lib_fx_melee_defence_defending	character_to_force_own	15.0000	start_turn_completed
land_enc_effect_boon_stone_rampart_5	land_enc_lib_fx_regeneration_defending	character_to_force_own	1.0000	start_turn_completed
land_enc_effect_boon_stone_rampart_5	land_enc_lib_fx_unbreakable_defending	character_to_force_own	1.0000	start_turn_completed
land_enc_effect_boon_storm_forward_1	land_enc_lib_fx_speed_attacking	character_to_force_own	5.0000	start_turn_completed
land_enc_effect_boon_storm_forward_2	land_enc_lib_fx_speed_attacking	character_to_force_own	10.0000	start_turn_completed
land_enc_effect_boon_storm_forward_3	land_enc_lib_fx_speed_attacking	character_to_force_own	15.0000	start_turn_completed
land_enc_effect_boon_storm_forward_4	land_enc_lib_fx_speed_attacking	character_to_force_own	20.0000	start_turn_completed
land_enc_effect_boon_storm_forward_5	land_enc_lib_fx_speed_attacking	character_to_force_own	25.0000	start_turn_completed
land_enc_effect_boon_storm_forward_5	land_enc_lib_fx_unbreakable_attacking	character_to_force_own	1.0000	start_turn_completed
land_enc_effect_boon_plunderer_1	wh_main_effect_force_all_campaign_post_battle_loot_mod	character_to_force_own	10.0000	start_turn_completed
land_enc_effect_boon_plunderer_2	wh_main_effect_force_all_campaign_post_battle_loot_mod	character_to_force_own	20.0000	start_turn_completed
land_enc_effect_boon_plunderer_3	wh_main_effect_force_all_campaign_post_battle_loot_mod	character_to_force_own	30.0000	start_turn_completed
land_enc_effect_boon_plunderer_3	wh_main_effect_force_all_campaign_raid_income	character_to_force_own	25.0000	start_turn_completed
land_enc_effect_boon_plunderer_4	wh_main_effect_force_all_campaign_post_battle_loot_mod	character_to_force_own	40.0000	start_turn_completed
land_enc_effect_boon_plunderer_4	wh_main_effect_force_all_campaign_raid_income	character_to_force_own	25.0000	start_turn_completed
land_enc_effect_boon_plunderer_5	wh_main_effect_force_all_campaign_post_battle_loot_mod	character_to_force_own	50.0000	start_turn_completed
land_enc_effect_boon_plunderer_5	wh_main_effect_force_all_campaign_raid_income	character_to_force_own	25.0000	start_turn_completed
land_enc_effect_boon_plunderer_5	wh_main_effect_character_mod_ancillary_drop	character_to_character_own	15.0000	start_turn_completed
land_enc_effect_boon_quartermaster_1	wh_main_effect_force_all_campaign_upkeep	character_to_force_own	-5.0000	start_turn_completed
land_enc_effect_boon_quartermaster_2	wh_main_effect_force_all_campaign_upkeep	character_to_force_own	-10.0000	start_turn_completed
land_enc_effect_boon_quartermaster_3	wh_main_effect_force_all_campaign_upkeep	character_to_force_own	-15.0000	start_turn_completed
land_enc_effect_boon_quartermaster_4	wh_main_effect_force_all_campaign_upkeep	character_to_force_own	-20.0000	start_turn_completed
land_enc_effect_boon_quartermaster_5	wh_main_effect_force_all_campaign_upkeep	character_to_force_own	-25.0000	start_turn_completed
land_enc_effect_boon_drillmaster_1	wh_main_effect_agent_action_outcome_parent_army_xp_gain	character_to_force_own	50.0000	start_turn_completed
land_enc_effect_boon_drillmaster_2	wh_main_effect_agent_action_outcome_parent_army_xp_gain	character_to_force_own	100.0000	start_turn_completed
land_enc_effect_boon_drillmaster_3	wh_main_effect_agent_action_outcome_parent_army_xp_gain	character_to_force_own	150.0000	start_turn_completed
land_enc_effect_boon_drillmaster_4	wh_main_effect_agent_action_outcome_parent_army_xp_gain	character_to_force_own	200.0000	start_turn_completed
land_enc_effect_boon_drillmaster_5	wh_main_effect_agent_action_outcome_parent_army_xp_gain	character_to_force_own	250.0000	start_turn_completed
land_enc_effect_boon_blinding_strikes_1	land_enc_lib_fx_blinded_hits	character_to_force_own	1.0000	start_turn_completed
land_enc_effect_boon_blinding_strikes_2	land_enc_lib_fx_blinded_hits	character_to_force_own	1.0000	start_turn_completed
land_enc_effect_boon_blinding_strikes_2	wh_main_effect_force_stat_charge_bonus_pct	character_to_force_own	5.0000	start_turn_completed
land_enc_effect_boon_blinding_strikes_3	land_enc_lib_fx_blinded_hits	character_to_force_own	1.0000	start_turn_completed
land_enc_effect_boon_blinding_strikes_3	wh_main_effect_force_stat_charge_bonus_pct	character_to_force_own	10.0000	start_turn_completed
land_enc_effect_boon_blinding_strikes_4	land_enc_lib_fx_blinded_hits	character_to_force_own	1.0000	start_turn_completed
land_enc_effect_boon_blinding_strikes_4	wh_main_effect_force_stat_charge_bonus_pct	character_to_force_own	15.0000	start_turn_completed
land_enc_effect_boon_blinding_strikes_5	land_enc_lib_fx_blinded_hits	character_to_force_own	1.0000	start_turn_completed
land_enc_effect_boon_blinding_strikes_5	wh_main_effect_force_stat_charge_bonus_pct	character_to_force_own	20.0000	start_turn_completed
land_enc_effect_boon_leeching_strikes_1	land_enc_lib_fx_leech_hits	character_to_force_own	1.0000	start_turn_completed
land_enc_effect_boon_leeching_strikes_2	land_enc_lib_fx_leech_hits	character_to_force_own	1.0000	start_turn_completed
land_enc_effect_boon_leeching_strikes_2	wh_main_effect_force_stat_ward_save	character_to_force_own	3.0000	start_turn_completed
land_enc_effect_boon_leeching_strikes_3	land_enc_lib_fx_leech_hits	character_to_force_own	1.0000	start_turn_completed
land_enc_effect_boon_leeching_strikes_3	wh_main_effect_force_stat_ward_save	character_to_force_own	6.0000	start_turn_completed
land_enc_effect_boon_leeching_strikes_4	land_enc_lib_fx_leech_hits	character_to_force_own	1.0000	start_turn_completed
land_enc_effect_boon_leeching_strikes_4	wh_main_effect_force_stat_ward_save	character_to_force_own	9.0000	start_turn_completed
land_enc_effect_boon_leeching_strikes_5	land_enc_lib_fx_leech_hits	character_to_force_own	1.0000	start_turn_completed
land_enc_effect_boon_leeching_strikes_5	wh_main_effect_force_stat_ward_save	character_to_force_own	12.0000	start_turn_completed
land_enc_effect_boon_hunters_path_1	wh_main_effect_attribute_enable_strider	character_to_force_own	1.0000	start_turn_completed
land_enc_effect_boon_hunters_path_2	wh_main_effect_attribute_enable_strider	character_to_force_own	1.0000	start_turn_completed
land_enc_effect_boon_hunters_path_2	wh_main_effect_attribute_enable_stalk	character_to_force_own	1.0000	start_turn_completed
land_enc_effect_boon_hunters_path_3	wh_main_effect_attribute_enable_strider	character_to_force_own	1.0000	start_turn_completed
land_enc_effect_boon_hunters_path_3	wh_main_effect_attribute_enable_stalk	character_to_force_own	1.0000	start_turn_completed
land_enc_effect_boon_hunters_path_3	wh_main_effect_force_army_campaign_ambush_attack_success_chance	character_to_force_own	10.0000	start_turn_completed
land_enc_effect_boon_hunters_path_4	wh_main_effect_attribute_enable_strider	character_to_force_own	1.0000	start_turn_completed
land_enc_effect_boon_hunters_path_4	wh_main_effect_attribute_enable_stalk	character_to_force_own	1.0000	start_turn_completed
land_enc_effect_boon_hunters_path_4	wh_main_effect_force_army_campaign_ambush_attack_success_chance	character_to_force_own	20.0000	start_turn_completed
land_enc_effect_boon_hunters_path_5	wh_main_effect_attribute_enable_strider	character_to_force_own	1.0000	start_turn_completed
land_enc_effect_boon_hunters_path_5	wh_main_effect_attribute_enable_stalk	character_to_force_own	1.0000	start_turn_completed
land_enc_effect_boon_hunters_path_5	wh_main_effect_force_army_campaign_ambush_attack_success_chance	character_to_force_own	20.0000	start_turn_completed
land_enc_effect_boon_hunters_path_5	wh_main_effect_attribute_enable_vanguard_deployment	character_to_force_own	1.0000	start_turn_completed
land_enc_effect_boon_warded_1	wh_main_effect_character_stat_ward_save	character_to_character_own	3.0000	start_turn_completed
land_enc_effect_boon_warded_1	wh3_main_effect_battle_barrier_health_add	character_to_character_own	300.0000	start_turn_completed
land_enc_effect_boon_warded_2	wh_main_effect_character_stat_ward_save	character_to_character_own	6.0000	start_turn_completed
land_enc_effect_boon_warded_2	wh3_main_effect_battle_barrier_health_add	character_to_character_own	600.0000	start_turn_completed
land_enc_effect_boon_warded_3	wh_main_effect_character_stat_ward_save	character_to_character_own	9.0000	start_turn_completed
land_enc_effect_boon_warded_3	wh3_main_effect_battle_barrier_health_add	character_to_character_own	900.0000	start_turn_completed
land_enc_effect_boon_warded_4	wh_main_effect_character_stat_ward_save	character_to_character_own	12.0000	start_turn_completed
land_enc_effect_boon_warded_4	wh3_main_effect_battle_barrier_health_add	character_to_character_own	1200.0000	start_turn_completed
land_enc_effect_boon_warded_5	wh_main_effect_character_stat_ward_save	character_to_character_own	15.0000	start_turn_completed
land_enc_effect_boon_warded_5	wh3_main_effect_battle_barrier_health_add	character_to_character_own	1500.0000	start_turn_completed
land_enc_effect_boon_overflowing_power_1	wh3_main_effect_spell_mastery	character_to_force_own	5.0000	start_turn_completed
land_enc_effect_boon_overflowing_power_1	wh_main_effect_character_stat_miscast	character_to_force_own	10.0000	start_turn_completed
land_enc_effect_boon_overflowing_power_2	wh3_main_effect_spell_mastery	character_to_force_own	10.0000	start_turn_completed
land_enc_effect_boon_overflowing_power_2	wh_main_effect_character_stat_miscast	character_to_force_own	10.0000	start_turn_completed
land_enc_effect_boon_overflowing_power_3	wh3_main_effect_spell_mastery	character_to_force_own	15.0000	start_turn_completed
land_enc_effect_boon_overflowing_power_3	wh_main_effect_character_stat_miscast	character_to_force_own	10.0000	start_turn_completed
land_enc_effect_boon_overflowing_power_4	wh3_main_effect_spell_mastery	character_to_force_own	20.0000	start_turn_completed
land_enc_effect_boon_overflowing_power_4	wh_main_effect_character_stat_miscast	character_to_force_own	10.0000	start_turn_completed
land_enc_effect_boon_overflowing_power_5	wh3_main_effect_spell_mastery	character_to_force_own	25.0000	start_turn_completed
land_enc_effect_boon_overflowing_power_5	wh_main_effect_character_stat_miscast	character_to_force_own	10.0000	start_turn_completed
land_enc_effect_boon_dread_host_1	wh_main_effect_attribute_enable_causes_fear	character_to_force_own	1.0000	start_turn_completed
land_enc_effect_boon_dread_host_2	wh_main_effect_attribute_enable_causes_fear	character_to_force_own	1.0000	start_turn_completed
land_enc_effect_boon_dread_host_2	wh_main_effect_force_stat_leadership	character_to_force_own	5.0000	start_turn_completed
land_enc_effect_boon_dread_host_3	wh_main_effect_attribute_enable_causes_fear	character_to_force_own	1.0000	start_turn_completed
land_enc_effect_boon_dread_host_3	wh_main_effect_force_stat_leadership	character_to_force_own	10.0000	start_turn_completed
land_enc_effect_boon_dread_host_4	wh_main_effect_attribute_enable_causes_terror	character_to_force_own	1.0000	start_turn_completed
land_enc_effect_boon_dread_host_4	wh_main_effect_force_stat_leadership	character_to_force_own	10.0000	start_turn_completed
land_enc_effect_boon_dread_host_5	wh_main_effect_attribute_enable_causes_terror	character_to_force_own	1.0000	start_turn_completed
land_enc_effect_boon_dread_host_5	wh_main_effect_force_stat_leadership	character_to_force_own	15.0000	start_turn_completed
land_enc_effect_boon_bane_beastmen_1	land_enc_lib_fx_weapon_strength_vs_beastmen	character_to_force_own	5.0000	start_turn_completed
land_enc_effect_boon_bane_beastmen_2	land_enc_lib_fx_weapon_strength_vs_beastmen	character_to_force_own	10.0000	start_turn_completed
land_enc_effect_boon_bane_beastmen_3	land_enc_lib_fx_weapon_strength_vs_beastmen	character_to_force_own	15.0000	start_turn_completed
land_enc_effect_boon_bane_beastmen_4	land_enc_lib_fx_weapon_strength_vs_beastmen	character_to_force_own	20.0000	start_turn_completed
land_enc_effect_boon_bane_beastmen_5	land_enc_lib_fx_weapon_strength_vs_beastmen	character_to_force_own	25.0000	start_turn_completed
land_enc_effect_boon_bane_beastmen_5	land_enc_lib_fx_melee_attack_vs_beastmen	character_to_force_own	5.0000	start_turn_completed
land_enc_effect_boon_bane_bretonnia_1	land_enc_lib_fx_weapon_strength_vs_bretonnia	character_to_force_own	5.0000	start_turn_completed
land_enc_effect_boon_bane_bretonnia_2	land_enc_lib_fx_weapon_strength_vs_bretonnia	character_to_force_own	10.0000	start_turn_completed
land_enc_effect_boon_bane_bretonnia_3	land_enc_lib_fx_weapon_strength_vs_bretonnia	character_to_force_own	15.0000	start_turn_completed
land_enc_effect_boon_bane_bretonnia_4	land_enc_lib_fx_weapon_strength_vs_bretonnia	character_to_force_own	20.0000	start_turn_completed
land_enc_effect_boon_bane_bretonnia_5	land_enc_lib_fx_weapon_strength_vs_bretonnia	character_to_force_own	25.0000	start_turn_completed
land_enc_effect_boon_bane_bretonnia_5	land_enc_lib_fx_melee_attack_vs_bretonnia	character_to_force_own	5.0000	start_turn_completed
land_enc_effect_boon_bane_cathay_1	land_enc_lib_fx_weapon_strength_vs_cathay	character_to_force_own	5.0000	start_turn_completed
land_enc_effect_boon_bane_cathay_2	land_enc_lib_fx_weapon_strength_vs_cathay	character_to_force_own	10.0000	start_turn_completed
land_enc_effect_boon_bane_cathay_3	land_enc_lib_fx_weapon_strength_vs_cathay	character_to_force_own	15.0000	start_turn_completed
land_enc_effect_boon_bane_cathay_4	land_enc_lib_fx_weapon_strength_vs_cathay	character_to_force_own	20.0000	start_turn_completed
land_enc_effect_boon_bane_cathay_5	land_enc_lib_fx_weapon_strength_vs_cathay	character_to_force_own	25.0000	start_turn_completed
land_enc_effect_boon_bane_cathay_5	land_enc_lib_fx_melee_attack_vs_cathay	character_to_force_own	5.0000	start_turn_completed
land_enc_effect_boon_bane_chaos_1	land_enc_lib_fx_weapon_strength_vs_chaos	character_to_force_own	5.0000	start_turn_completed
land_enc_effect_boon_bane_chaos_2	land_enc_lib_fx_weapon_strength_vs_chaos	character_to_force_own	10.0000	start_turn_completed
land_enc_effect_boon_bane_chaos_3	land_enc_lib_fx_weapon_strength_vs_chaos	character_to_force_own	15.0000	start_turn_completed
land_enc_effect_boon_bane_chaos_4	land_enc_lib_fx_weapon_strength_vs_chaos	character_to_force_own	20.0000	start_turn_completed
land_enc_effect_boon_bane_chaos_5	land_enc_lib_fx_weapon_strength_vs_chaos	character_to_force_own	25.0000	start_turn_completed
land_enc_effect_boon_bane_chaos_5	land_enc_lib_fx_melee_attack_vs_chaos	character_to_force_own	5.0000	start_turn_completed
land_enc_effect_boon_bane_chaos_dwarfs_1	land_enc_lib_fx_weapon_strength_vs_chaos_dwarfs	character_to_force_own	5.0000	start_turn_completed
land_enc_effect_boon_bane_chaos_dwarfs_2	land_enc_lib_fx_weapon_strength_vs_chaos_dwarfs	character_to_force_own	10.0000	start_turn_completed
land_enc_effect_boon_bane_chaos_dwarfs_3	land_enc_lib_fx_weapon_strength_vs_chaos_dwarfs	character_to_force_own	15.0000	start_turn_completed
land_enc_effect_boon_bane_chaos_dwarfs_4	land_enc_lib_fx_weapon_strength_vs_chaos_dwarfs	character_to_force_own	20.0000	start_turn_completed
land_enc_effect_boon_bane_chaos_dwarfs_5	land_enc_lib_fx_weapon_strength_vs_chaos_dwarfs	character_to_force_own	25.0000	start_turn_completed
land_enc_effect_boon_bane_chaos_dwarfs_5	land_enc_lib_fx_melee_attack_vs_chaos_dwarfs	character_to_force_own	5.0000	start_turn_completed
land_enc_effect_boon_bane_daemons_1	land_enc_lib_fx_weapon_strength_vs_daemons	character_to_force_own	5.0000	start_turn_completed
land_enc_effect_boon_bane_daemons_2	land_enc_lib_fx_weapon_strength_vs_daemons	character_to_force_own	10.0000	start_turn_completed
land_enc_effect_boon_bane_daemons_3	land_enc_lib_fx_weapon_strength_vs_daemons	character_to_force_own	15.0000	start_turn_completed
land_enc_effect_boon_bane_daemons_4	land_enc_lib_fx_weapon_strength_vs_daemons	character_to_force_own	20.0000	start_turn_completed
land_enc_effect_boon_bane_daemons_5	land_enc_lib_fx_weapon_strength_vs_daemons	character_to_force_own	25.0000	start_turn_completed
land_enc_effect_boon_bane_daemons_5	land_enc_lib_fx_melee_attack_vs_daemons	character_to_force_own	5.0000	start_turn_completed
land_enc_effect_boon_bane_dark_elves_1	land_enc_lib_fx_weapon_strength_vs_dark_elves	character_to_force_own	5.0000	start_turn_completed
land_enc_effect_boon_bane_dark_elves_2	land_enc_lib_fx_weapon_strength_vs_dark_elves	character_to_force_own	10.0000	start_turn_completed
land_enc_effect_boon_bane_dark_elves_3	land_enc_lib_fx_weapon_strength_vs_dark_elves	character_to_force_own	15.0000	start_turn_completed
land_enc_effect_boon_bane_dark_elves_4	land_enc_lib_fx_weapon_strength_vs_dark_elves	character_to_force_own	20.0000	start_turn_completed
land_enc_effect_boon_bane_dark_elves_5	land_enc_lib_fx_weapon_strength_vs_dark_elves	character_to_force_own	25.0000	start_turn_completed
land_enc_effect_boon_bane_dark_elves_5	land_enc_lib_fx_melee_attack_vs_dark_elves	character_to_force_own	5.0000	start_turn_completed
land_enc_effect_boon_bane_dwarfs_1	land_enc_lib_fx_weapon_strength_vs_dwarfs	character_to_force_own	5.0000	start_turn_completed
land_enc_effect_boon_bane_dwarfs_2	land_enc_lib_fx_weapon_strength_vs_dwarfs	character_to_force_own	10.0000	start_turn_completed
land_enc_effect_boon_bane_dwarfs_3	land_enc_lib_fx_weapon_strength_vs_dwarfs	character_to_force_own	15.0000	start_turn_completed
land_enc_effect_boon_bane_dwarfs_4	land_enc_lib_fx_weapon_strength_vs_dwarfs	character_to_force_own	20.0000	start_turn_completed
land_enc_effect_boon_bane_dwarfs_5	land_enc_lib_fx_weapon_strength_vs_dwarfs	character_to_force_own	25.0000	start_turn_completed
land_enc_effect_boon_bane_dwarfs_5	land_enc_lib_fx_melee_attack_vs_dwarfs	character_to_force_own	5.0000	start_turn_completed
land_enc_effect_boon_bane_empire_1	land_enc_lib_fx_weapon_strength_vs_empire	character_to_force_own	5.0000	start_turn_completed
land_enc_effect_boon_bane_empire_2	land_enc_lib_fx_weapon_strength_vs_empire	character_to_force_own	10.0000	start_turn_completed
land_enc_effect_boon_bane_empire_3	land_enc_lib_fx_weapon_strength_vs_empire	character_to_force_own	15.0000	start_turn_completed
land_enc_effect_boon_bane_empire_4	land_enc_lib_fx_weapon_strength_vs_empire	character_to_force_own	20.0000	start_turn_completed
land_enc_effect_boon_bane_empire_5	land_enc_lib_fx_weapon_strength_vs_empire	character_to_force_own	25.0000	start_turn_completed
land_enc_effect_boon_bane_empire_5	land_enc_lib_fx_melee_attack_vs_empire	character_to_force_own	5.0000	start_turn_completed
land_enc_effect_boon_bane_greenskins_1	land_enc_lib_fx_weapon_strength_vs_greenskins	character_to_force_own	5.0000	start_turn_completed
land_enc_effect_boon_bane_greenskins_2	land_enc_lib_fx_weapon_strength_vs_greenskins	character_to_force_own	10.0000	start_turn_completed
land_enc_effect_boon_bane_greenskins_3	land_enc_lib_fx_weapon_strength_vs_greenskins	character_to_force_own	15.0000	start_turn_completed
land_enc_effect_boon_bane_greenskins_4	land_enc_lib_fx_weapon_strength_vs_greenskins	character_to_force_own	20.0000	start_turn_completed
land_enc_effect_boon_bane_greenskins_5	land_enc_lib_fx_weapon_strength_vs_greenskins	character_to_force_own	25.0000	start_turn_completed
land_enc_effect_boon_bane_greenskins_5	land_enc_lib_fx_melee_attack_vs_greenskins	character_to_force_own	5.0000	start_turn_completed
land_enc_effect_boon_bane_high_elves_1	land_enc_lib_fx_weapon_strength_vs_high_elves	character_to_force_own	5.0000	start_turn_completed
land_enc_effect_boon_bane_high_elves_2	land_enc_lib_fx_weapon_strength_vs_high_elves	character_to_force_own	10.0000	start_turn_completed
land_enc_effect_boon_bane_high_elves_3	land_enc_lib_fx_weapon_strength_vs_high_elves	character_to_force_own	15.0000	start_turn_completed
land_enc_effect_boon_bane_high_elves_4	land_enc_lib_fx_weapon_strength_vs_high_elves	character_to_force_own	20.0000	start_turn_completed
land_enc_effect_boon_bane_high_elves_5	land_enc_lib_fx_weapon_strength_vs_high_elves	character_to_force_own	25.0000	start_turn_completed
land_enc_effect_boon_bane_high_elves_5	land_enc_lib_fx_melee_attack_vs_high_elves	character_to_force_own	5.0000	start_turn_completed
land_enc_effect_boon_bane_khorne_1	land_enc_lib_fx_weapon_strength_vs_khorne	character_to_force_own	5.0000	start_turn_completed
land_enc_effect_boon_bane_khorne_2	land_enc_lib_fx_weapon_strength_vs_khorne	character_to_force_own	10.0000	start_turn_completed
land_enc_effect_boon_bane_khorne_3	land_enc_lib_fx_weapon_strength_vs_khorne	character_to_force_own	15.0000	start_turn_completed
land_enc_effect_boon_bane_khorne_4	land_enc_lib_fx_weapon_strength_vs_khorne	character_to_force_own	20.0000	start_turn_completed
land_enc_effect_boon_bane_khorne_5	land_enc_lib_fx_weapon_strength_vs_khorne	character_to_force_own	25.0000	start_turn_completed
land_enc_effect_boon_bane_khorne_5	land_enc_lib_fx_melee_attack_vs_khorne	character_to_force_own	5.0000	start_turn_completed
land_enc_effect_boon_bane_kislev_1	land_enc_lib_fx_weapon_strength_vs_kislev	character_to_force_own	5.0000	start_turn_completed
land_enc_effect_boon_bane_kislev_2	land_enc_lib_fx_weapon_strength_vs_kislev	character_to_force_own	10.0000	start_turn_completed
land_enc_effect_boon_bane_kislev_3	land_enc_lib_fx_weapon_strength_vs_kislev	character_to_force_own	15.0000	start_turn_completed
land_enc_effect_boon_bane_kislev_4	land_enc_lib_fx_weapon_strength_vs_kislev	character_to_force_own	20.0000	start_turn_completed
land_enc_effect_boon_bane_kislev_5	land_enc_lib_fx_weapon_strength_vs_kislev	character_to_force_own	25.0000	start_turn_completed
land_enc_effect_boon_bane_kislev_5	land_enc_lib_fx_melee_attack_vs_kislev	character_to_force_own	5.0000	start_turn_completed
land_enc_effect_boon_bane_lizardmen_1	land_enc_lib_fx_weapon_strength_vs_lizardmen	character_to_force_own	5.0000	start_turn_completed
land_enc_effect_boon_bane_lizardmen_2	land_enc_lib_fx_weapon_strength_vs_lizardmen	character_to_force_own	10.0000	start_turn_completed
land_enc_effect_boon_bane_lizardmen_3	land_enc_lib_fx_weapon_strength_vs_lizardmen	character_to_force_own	15.0000	start_turn_completed
land_enc_effect_boon_bane_lizardmen_4	land_enc_lib_fx_weapon_strength_vs_lizardmen	character_to_force_own	20.0000	start_turn_completed
land_enc_effect_boon_bane_lizardmen_5	land_enc_lib_fx_weapon_strength_vs_lizardmen	character_to_force_own	25.0000	start_turn_completed
land_enc_effect_boon_bane_lizardmen_5	land_enc_lib_fx_melee_attack_vs_lizardmen	character_to_force_own	5.0000	start_turn_completed
land_enc_effect_boon_bane_norsca_1	land_enc_lib_fx_weapon_strength_vs_norsca	character_to_force_own	5.0000	start_turn_completed
land_enc_effect_boon_bane_norsca_2	land_enc_lib_fx_weapon_strength_vs_norsca	character_to_force_own	10.0000	start_turn_completed
land_enc_effect_boon_bane_norsca_3	land_enc_lib_fx_weapon_strength_vs_norsca	character_to_force_own	15.0000	start_turn_completed
land_enc_effect_boon_bane_norsca_4	land_enc_lib_fx_weapon_strength_vs_norsca	character_to_force_own	20.0000	start_turn_completed
land_enc_effect_boon_bane_norsca_5	land_enc_lib_fx_weapon_strength_vs_norsca	character_to_force_own	25.0000	start_turn_completed
land_enc_effect_boon_bane_norsca_5	land_enc_lib_fx_melee_attack_vs_norsca	character_to_force_own	5.0000	start_turn_completed
land_enc_effect_boon_bane_nurgle_1	land_enc_lib_fx_weapon_strength_vs_nurgle	character_to_force_own	5.0000	start_turn_completed
land_enc_effect_boon_bane_nurgle_2	land_enc_lib_fx_weapon_strength_vs_nurgle	character_to_force_own	10.0000	start_turn_completed
land_enc_effect_boon_bane_nurgle_3	land_enc_lib_fx_weapon_strength_vs_nurgle	character_to_force_own	15.0000	start_turn_completed
land_enc_effect_boon_bane_nurgle_4	land_enc_lib_fx_weapon_strength_vs_nurgle	character_to_force_own	20.0000	start_turn_completed
land_enc_effect_boon_bane_nurgle_5	land_enc_lib_fx_weapon_strength_vs_nurgle	character_to_force_own	25.0000	start_turn_completed
land_enc_effect_boon_bane_nurgle_5	land_enc_lib_fx_melee_attack_vs_nurgle	character_to_force_own	5.0000	start_turn_completed
land_enc_effect_boon_bane_ogres_1	land_enc_lib_fx_weapon_strength_vs_ogres	character_to_force_own	5.0000	start_turn_completed
land_enc_effect_boon_bane_ogres_2	land_enc_lib_fx_weapon_strength_vs_ogres	character_to_force_own	10.0000	start_turn_completed
land_enc_effect_boon_bane_ogres_3	land_enc_lib_fx_weapon_strength_vs_ogres	character_to_force_own	15.0000	start_turn_completed
land_enc_effect_boon_bane_ogres_4	land_enc_lib_fx_weapon_strength_vs_ogres	character_to_force_own	20.0000	start_turn_completed
land_enc_effect_boon_bane_ogres_5	land_enc_lib_fx_weapon_strength_vs_ogres	character_to_force_own	25.0000	start_turn_completed
land_enc_effect_boon_bane_ogres_5	land_enc_lib_fx_melee_attack_vs_ogres	character_to_force_own	5.0000	start_turn_completed
land_enc_effect_boon_bane_skaven_1	land_enc_lib_fx_weapon_strength_vs_skaven	character_to_force_own	5.0000	start_turn_completed
land_enc_effect_boon_bane_skaven_2	land_enc_lib_fx_weapon_strength_vs_skaven	character_to_force_own	10.0000	start_turn_completed
land_enc_effect_boon_bane_skaven_3	land_enc_lib_fx_weapon_strength_vs_skaven	character_to_force_own	15.0000	start_turn_completed
land_enc_effect_boon_bane_skaven_4	land_enc_lib_fx_weapon_strength_vs_skaven	character_to_force_own	20.0000	start_turn_completed
land_enc_effect_boon_bane_skaven_5	land_enc_lib_fx_weapon_strength_vs_skaven	character_to_force_own	25.0000	start_turn_completed
land_enc_effect_boon_bane_skaven_5	land_enc_lib_fx_melee_attack_vs_skaven	character_to_force_own	5.0000	start_turn_completed
land_enc_effect_boon_bane_slaanesh_1	land_enc_lib_fx_weapon_strength_vs_slaanesh	character_to_force_own	5.0000	start_turn_completed
land_enc_effect_boon_bane_slaanesh_2	land_enc_lib_fx_weapon_strength_vs_slaanesh	character_to_force_own	10.0000	start_turn_completed
land_enc_effect_boon_bane_slaanesh_3	land_enc_lib_fx_weapon_strength_vs_slaanesh	character_to_force_own	15.0000	start_turn_completed
land_enc_effect_boon_bane_slaanesh_4	land_enc_lib_fx_weapon_strength_vs_slaanesh	character_to_force_own	20.0000	start_turn_completed
land_enc_effect_boon_bane_slaanesh_5	land_enc_lib_fx_weapon_strength_vs_slaanesh	character_to_force_own	25.0000	start_turn_completed
land_enc_effect_boon_bane_slaanesh_5	land_enc_lib_fx_melee_attack_vs_slaanesh	character_to_force_own	5.0000	start_turn_completed
land_enc_effect_boon_bane_tomb_kings_1	land_enc_lib_fx_weapon_strength_vs_tomb_kings	character_to_force_own	5.0000	start_turn_completed
land_enc_effect_boon_bane_tomb_kings_2	land_enc_lib_fx_weapon_strength_vs_tomb_kings	character_to_force_own	10.0000	start_turn_completed
land_enc_effect_boon_bane_tomb_kings_3	land_enc_lib_fx_weapon_strength_vs_tomb_kings	character_to_force_own	15.0000	start_turn_completed
land_enc_effect_boon_bane_tomb_kings_4	land_enc_lib_fx_weapon_strength_vs_tomb_kings	character_to_force_own	20.0000	start_turn_completed
land_enc_effect_boon_bane_tomb_kings_5	land_enc_lib_fx_weapon_strength_vs_tomb_kings	character_to_force_own	25.0000	start_turn_completed
land_enc_effect_boon_bane_tomb_kings_5	land_enc_lib_fx_melee_attack_vs_tomb_kings	character_to_force_own	5.0000	start_turn_completed
land_enc_effect_boon_bane_tzeentch_1	land_enc_lib_fx_weapon_strength_vs_tzeentch	character_to_force_own	5.0000	start_turn_completed
land_enc_effect_boon_bane_tzeentch_2	land_enc_lib_fx_weapon_strength_vs_tzeentch	character_to_force_own	10.0000	start_turn_completed
land_enc_effect_boon_bane_tzeentch_3	land_enc_lib_fx_weapon_strength_vs_tzeentch	character_to_force_own	15.0000	start_turn_completed
land_enc_effect_boon_bane_tzeentch_4	land_enc_lib_fx_weapon_strength_vs_tzeentch	character_to_force_own	20.0000	start_turn_completed
land_enc_effect_boon_bane_tzeentch_5	land_enc_lib_fx_weapon_strength_vs_tzeentch	character_to_force_own	25.0000	start_turn_completed
land_enc_effect_boon_bane_tzeentch_5	land_enc_lib_fx_melee_attack_vs_tzeentch	character_to_force_own	5.0000	start_turn_completed
land_enc_effect_boon_bane_vampire_coast_1	land_enc_lib_fx_weapon_strength_vs_vampire_coast	character_to_force_own	5.0000	start_turn_completed
land_enc_effect_boon_bane_vampire_coast_2	land_enc_lib_fx_weapon_strength_vs_vampire_coast	character_to_force_own	10.0000	start_turn_completed
land_enc_effect_boon_bane_vampire_coast_3	land_enc_lib_fx_weapon_strength_vs_vampire_coast	character_to_force_own	15.0000	start_turn_completed
land_enc_effect_boon_bane_vampire_coast_4	land_enc_lib_fx_weapon_strength_vs_vampire_coast	character_to_force_own	20.0000	start_turn_completed
land_enc_effect_boon_bane_vampire_coast_5	land_enc_lib_fx_weapon_strength_vs_vampire_coast	character_to_force_own	25.0000	start_turn_completed
land_enc_effect_boon_bane_vampire_coast_5	land_enc_lib_fx_melee_attack_vs_vampire_coast	character_to_force_own	5.0000	start_turn_completed
land_enc_effect_boon_bane_vampire_counts_1	land_enc_lib_fx_weapon_strength_vs_vampire_counts	character_to_force_own	5.0000	start_turn_completed
land_enc_effect_boon_bane_vampire_counts_2	land_enc_lib_fx_weapon_strength_vs_vampire_counts	character_to_force_own	10.0000	start_turn_completed
land_enc_effect_boon_bane_vampire_counts_3	land_enc_lib_fx_weapon_strength_vs_vampire_counts	character_to_force_own	15.0000	start_turn_completed
land_enc_effect_boon_bane_vampire_counts_4	land_enc_lib_fx_weapon_strength_vs_vampire_counts	character_to_force_own	20.0000	start_turn_completed
land_enc_effect_boon_bane_vampire_counts_5	land_enc_lib_fx_weapon_strength_vs_vampire_counts	character_to_force_own	25.0000	start_turn_completed
land_enc_effect_boon_bane_vampire_counts_5	land_enc_lib_fx_melee_attack_vs_vampire_counts	character_to_force_own	5.0000	start_turn_completed
land_enc_effect_boon_bane_wood_elves_1	land_enc_lib_fx_weapon_strength_vs_wood_elves	character_to_force_own	5.0000	start_turn_completed
land_enc_effect_boon_bane_wood_elves_2	land_enc_lib_fx_weapon_strength_vs_wood_elves	character_to_force_own	10.0000	start_turn_completed
land_enc_effect_boon_bane_wood_elves_3	land_enc_lib_fx_weapon_strength_vs_wood_elves	character_to_force_own	15.0000	start_turn_completed
land_enc_effect_boon_bane_wood_elves_4	land_enc_lib_fx_weapon_strength_vs_wood_elves	character_to_force_own	20.0000	start_turn_completed
land_enc_effect_boon_bane_wood_elves_5	land_enc_lib_fx_weapon_strength_vs_wood_elves	character_to_force_own	25.0000	start_turn_completed
land_enc_effect_boon_bane_wood_elves_5	land_enc_lib_fx_melee_attack_vs_wood_elves	character_to_force_own	5.0000	start_turn_completed
land_enc_effect_boon_death_touched_1	wh_main_effect_attribute_enable_immune_to_psychology	character_to_force_own	1.0000	start_turn_completed
land_enc_effect_boon_death_touched_2	wh_main_effect_attribute_enable_immune_to_psychology	character_to_force_own	1.0000	start_turn_completed
land_enc_effect_boon_death_touched_2	wh_main_effect_attribute_enable_causes_fear	character_to_force_own	1.0000	start_turn_completed
land_enc_effect_boon_death_touched_3	wh_main_effect_attribute_enable_causes_fear	character_to_force_own	1.0000	start_turn_completed
land_enc_effect_boon_death_touched_3	wh_main_effect_force_stat_leadership	character_to_force_own	5.0000	start_turn_completed
land_enc_effect_boon_death_touched_4	wh_main_effect_attribute_enable_causes_fear	character_to_force_own	1.0000	start_turn_completed
land_enc_effect_boon_death_touched_4	wh_main_effect_force_stat_leadership	character_to_force_own	10.0000	start_turn_completed
land_enc_effect_boon_death_touched_5	wh_main_effect_attribute_enable_causes_terror	character_to_force_own	1.0000	start_turn_completed
land_enc_effect_boon_death_touched_5	wh_main_effect_force_stat_leadership	character_to_force_own	10.0000	start_turn_completed
land_enc_effect_boon_tireless_1	wh_main_effect_force_stat_vigour_loss_reduction	character_to_force_own	10.0000	start_turn_completed
land_enc_effect_boon_tireless_2	wh_main_effect_force_stat_vigour_loss_reduction	character_to_force_own	20.0000	start_turn_completed
land_enc_effect_boon_tireless_3	wh_main_effect_force_stat_vigour_loss_reduction	character_to_force_own	30.0000	start_turn_completed
land_enc_effect_boon_tireless_4	wh_main_effect_force_stat_vigour_loss_reduction	character_to_force_own	40.0000	start_turn_completed
land_enc_effect_boon_tireless_5	wh2_dlc10_effect_attribute_enable_perfect_vigour	character_to_force_own	1.0000	start_turn_completed
land_enc_effect_boon_war_chant_1	wh_main_effect_force_stat_melee_attack	character_to_force_own	10.0000	start_turn_completed
land_enc_effect_boon_war_chant_1	wh_main_effect_force_stat_leadership	character_to_force_own	10.0000	start_turn_completed
land_enc_effect_boon_fates_favour_1	wh_main_effect_force_stat_ward_save	character_to_force_own	10.0000	start_turn_completed
land_enc_effect_boon_kings_ransom_1	wh_main_effect_force_all_campaign_post_battle_loot_mod	character_to_force_own	100.0000	start_turn_completed
land_enc_effect_boon_kings_ransom_1	wh_main_effect_force_all_campaign_captives	character_to_force_own	25.0000	start_turn_completed
land_enc_effect_boon_undying_vigil_1	wh_main_effect_attribute_enable_unbreakable	character_to_force_own	1.0000	start_turn_completed
land_enc_effect_curse_haunted_1	wh_main_effect_force_stat_leadership	character_to_force_own	-3.0000	start_turn_completed
land_enc_effect_curse_haunted_2	wh_main_effect_force_stat_leadership	character_to_force_own	-6.0000	start_turn_completed
land_enc_effect_curse_haunted_3	wh_main_effect_force_stat_leadership	character_to_force_own	-9.0000	start_turn_completed
land_enc_effect_curse_haunted_4	wh_main_effect_force_stat_leadership	character_to_force_own	-12.0000	start_turn_completed
land_enc_effect_curse_haunted_5	wh_main_effect_force_stat_leadership	character_to_force_own	-15.0000	start_turn_completed
land_enc_effect_curse_creeping_rust_1	wh_main_effect_force_stat_weapon_strength	character_to_force_own	-3.0000	start_turn_completed
land_enc_effect_curse_creeping_rust_2	wh_main_effect_force_stat_weapon_strength	character_to_force_own	-6.0000	start_turn_completed
land_enc_effect_curse_creeping_rust_3	wh_main_effect_force_stat_weapon_strength	character_to_force_own	-9.0000	start_turn_completed
land_enc_effect_curse_creeping_rust_4	wh_main_effect_force_stat_weapon_strength	character_to_force_own	-12.0000	start_turn_completed
land_enc_effect_curse_creeping_rust_5	wh_main_effect_force_stat_weapon_strength	character_to_force_own	-15.0000	start_turn_completed
land_enc_effect_curse_leaden_march_1	wh_main_effect_force_all_campaign_movement_range	character_to_force_own	-5.0000	start_turn_completed
land_enc_effect_curse_leaden_march_2	wh_main_effect_force_all_campaign_movement_range	character_to_force_own	-10.0000	start_turn_completed
land_enc_effect_curse_leaden_march_3	wh_main_effect_force_all_campaign_movement_range	character_to_force_own	-15.0000	start_turn_completed
land_enc_effect_curse_leaden_march_4	wh_main_effect_force_all_campaign_movement_range	character_to_force_own	-20.0000	start_turn_completed
land_enc_effect_curse_leaden_march_5	wh_main_effect_force_all_campaign_movement_range	character_to_force_own	-25.0000	start_turn_completed
land_enc_effect_curse_leaden_march_5	land_enc_lib_fx_march_blocked	character_to_force_own	1.0000	start_turn_completed
land_enc_effect_curse_bleeding_coffers_1	wh_main_effect_force_all_campaign_upkeep	character_to_force_own	5.0000	start_turn_completed
land_enc_effect_curse_bleeding_coffers_2	wh_main_effect_force_all_campaign_upkeep	character_to_force_own	10.0000	start_turn_completed
land_enc_effect_curse_bleeding_coffers_3	wh_main_effect_force_all_campaign_upkeep	character_to_force_own	15.0000	start_turn_completed
land_enc_effect_curse_bleeding_coffers_4	wh_main_effect_force_all_campaign_upkeep	character_to_force_own	20.0000	start_turn_completed
land_enc_effect_curse_bleeding_coffers_5	wh_main_effect_force_all_campaign_upkeep	character_to_force_own	25.0000	start_turn_completed
land_enc_effect_curse_weary_ranks_1	wh_main_effect_force_stat_vigour_loss_reduction	character_to_force_own	-5.0000	start_turn_completed
land_enc_effect_curse_weary_ranks_2	wh_main_effect_force_stat_vigour_loss_reduction	character_to_force_own	-10.0000	start_turn_completed
land_enc_effect_curse_weary_ranks_3	wh_main_effect_force_stat_vigour_loss_reduction	character_to_force_own	-10.0000	start_turn_completed
land_enc_effect_curse_weary_ranks_3	wh_main_effect_force_campaign_stance_begin_fatigued_3_winded	character_to_force_own	3.0000	start_turn_completed
land_enc_effect_curse_weary_ranks_4	wh_main_effect_force_stat_vigour_loss_reduction	character_to_force_own	-10.0000	start_turn_completed
land_enc_effect_curse_weary_ranks_4	wh_main_effect_force_campaign_stance_begin_fatigued_4_tired	character_to_force_own	4.0000	start_turn_completed
land_enc_effect_curse_weary_ranks_5	wh_main_effect_force_stat_vigour_loss_reduction	character_to_force_own	-15.0000	start_turn_completed
land_enc_effect_curse_weary_ranks_5	wh_main_effect_force_campaign_stance_begin_fatigued_4_tired	character_to_force_own	4.0000	start_turn_completed
land_enc_effect_curse_withered_supply_1	wh_main_effect_force_all_campaign_replenishment_rate	character_to_force_own	-20.0000	start_turn_completed
land_enc_effect_curse_withered_supply_2	wh_main_effect_force_all_campaign_replenishment_rate	character_to_force_own	-40.0000	start_turn_completed
land_enc_effect_curse_withered_supply_3	wh_main_effect_force_all_campaign_replenishment_rate	character_to_force_own	-60.0000	start_turn_completed
land_enc_effect_curse_withered_supply_4	wh_main_effect_force_all_campaign_replenishment_rate	character_to_force_own	-80.0000	start_turn_completed
land_enc_effect_curse_withered_supply_5	wh_main_effect_force_all_campaign_replenishment_rate	character_to_force_own	-100.0000	start_turn_completed
land_enc_effect_curse_withered_supply_5	wh_main_effect_campaign_enable_attrition	character_to_force_own	1.0000	start_turn_completed
land_enc_effect_curse_fogbound_1	wh_main_effect_agent_field_line_of_sight_mod	character_to_character_own	-10.0000	start_turn_completed
land_enc_effect_curse_fogbound_2	wh_main_effect_agent_field_line_of_sight_mod	character_to_character_own	-20.0000	start_turn_completed
land_enc_effect_curse_fogbound_3	wh_main_effect_agent_field_line_of_sight_mod	character_to_character_own	-30.0000	start_turn_completed
land_enc_effect_curse_fogbound_4	wh_main_effect_agent_field_line_of_sight_mod	character_to_character_own	-40.0000	start_turn_completed
land_enc_effect_curse_fogbound_5	wh_main_effect_agent_field_line_of_sight_mod	character_to_character_own	-50.0000	start_turn_completed
land_enc_effect_curse_magpies_curse_1	wh_main_effect_force_all_campaign_post_battle_loot_mod	character_to_force_own	-10.0000	start_turn_completed
land_enc_effect_curse_magpies_curse_2	wh_main_effect_force_all_campaign_post_battle_loot_mod	character_to_force_own	-20.0000	start_turn_completed
land_enc_effect_curse_magpies_curse_3	wh_main_effect_force_all_campaign_post_battle_loot_mod	character_to_force_own	-30.0000	start_turn_completed
land_enc_effect_curse_magpies_curse_4	wh_main_effect_force_all_campaign_post_battle_loot_mod	character_to_force_own	-40.0000	start_turn_completed
land_enc_effect_curse_magpies_curse_5	wh_main_effect_force_all_campaign_post_battle_loot_mod	character_to_force_own	-50.0000	start_turn_completed
land_enc_effect_curse_wild_magic_1	wh_main_effect_character_stat_miscast	character_to_force_own	5.0000	start_turn_completed
land_enc_effect_curse_wild_magic_2	wh_main_effect_character_stat_miscast	character_to_force_own	10.0000	start_turn_completed
land_enc_effect_curse_wild_magic_3	wh_main_effect_character_stat_miscast	character_to_force_own	15.0000	start_turn_completed
land_enc_effect_curse_wild_magic_4	wh_main_effect_character_stat_miscast	character_to_force_own	20.0000	start_turn_completed
land_enc_effect_curse_wild_magic_5	wh_main_effect_character_stat_miscast	character_to_force_own	25.0000	start_turn_completed
land_enc_effect_curse_shunned_by_the_winds_1	wh2_dlc14_effect_magic_cost_all_lores_percentage	character_to_force_own	10.0000	start_turn_completed
land_enc_effect_curse_shunned_by_the_winds_2	wh2_dlc14_effect_magic_cost_all_lores_percentage	character_to_force_own	20.0000	start_turn_completed
land_enc_effect_curse_shunned_by_the_winds_3	wh2_dlc14_effect_magic_cost_all_lores_percentage	character_to_force_own	30.0000	start_turn_completed
land_enc_effect_curse_shunned_by_the_winds_4	wh2_dlc14_effect_magic_cost_all_lores_percentage	character_to_force_own	40.0000	start_turn_completed
land_enc_effect_curse_shunned_by_the_winds_5	wh2_dlc14_effect_magic_cost_all_lores_percentage	character_to_force_own	50.0000	start_turn_completed
land_enc_effect_curse_cowards_mark_1	land_enc_lib_fx_leadership_defending	character_to_force_own	-4.0000	start_turn_completed
land_enc_effect_curse_cowards_mark_2	land_enc_lib_fx_leadership_defending	character_to_force_own	-8.0000	start_turn_completed
land_enc_effect_curse_cowards_mark_3	land_enc_lib_fx_leadership_defending	character_to_force_own	-12.0000	start_turn_completed
land_enc_effect_curse_cowards_mark_4	land_enc_lib_fx_leadership_defending	character_to_force_own	-16.0000	start_turn_completed
land_enc_effect_curse_cowards_mark_5	land_enc_lib_fx_leadership_defending	character_to_force_own	-20.0000	start_turn_completed
land_enc_effect_curse_marked_prey_1	wh_main_effect_force_army_campaign_ambush_defence_success_chance	character_to_force_own	-10.0000	start_turn_completed
land_enc_effect_curse_marked_prey_2	wh_main_effect_force_army_campaign_ambush_defence_success_chance	character_to_force_own	-15.0000	start_turn_completed
land_enc_effect_curse_marked_prey_3	wh_main_effect_force_army_campaign_ambush_defence_success_chance	character_to_force_own	-20.0000	start_turn_completed
land_enc_effect_curse_marked_prey_4	wh_main_effect_force_army_campaign_ambush_defence_success_chance	character_to_force_own	-25.0000	start_turn_completed
land_enc_effect_curse_marked_prey_4	wh_main_effect_agent_action_success_chance_enemy	character_to_character_own	10.0000	start_turn_completed
land_enc_effect_curse_marked_prey_5	wh_main_effect_force_army_campaign_ambush_defence_success_chance	character_to_force_own	-30.0000	start_turn_completed
land_enc_effect_curse_marked_prey_5	wh_main_effect_agent_action_success_chance_enemy	character_to_character_own	15.0000	start_turn_completed
land_enc_effect_curse_brittle_bones_1	wh_main_effect_force_stat_armour	character_to_force_own	-3.0000	start_turn_completed
land_enc_effect_curse_brittle_bones_2	wh_main_effect_force_stat_armour	character_to_force_own	-6.0000	start_turn_completed
land_enc_effect_curse_brittle_bones_3	wh_main_effect_force_stat_armour	character_to_force_own	-9.0000	start_turn_completed
land_enc_effect_curse_brittle_bones_4	wh_main_effect_force_stat_armour	character_to_force_own	-12.0000	start_turn_completed
land_enc_effect_curse_brittle_bones_5	wh_main_effect_force_stat_armour	character_to_force_own	-15.0000	start_turn_completed
land_enc_effect_curse_shaky_aim_1	wh_main_effect_force_stat_missile_damage	character_to_force_own	-5.0000	start_turn_completed
land_enc_effect_curse_shaky_aim_2	wh_main_effect_force_stat_missile_damage	character_to_force_own	-10.0000	start_turn_completed
land_enc_effect_curse_shaky_aim_3	wh_main_effect_force_stat_missile_damage	character_to_force_own	-15.0000	start_turn_completed
land_enc_effect_curse_shaky_aim_4	wh_main_effect_force_stat_missile_damage	character_to_force_own	-20.0000	start_turn_completed
land_enc_effect_curse_shaky_aim_5	wh_main_effect_force_stat_missile_damage	character_to_force_own	-25.0000	start_turn_completed
land_enc_effect_curse_grudge_beastmen_1	wh_dlc03_faction_political_diplomacy_mod_beastmen	character_to_faction	-10.0000	start_turn_completed
land_enc_effect_curse_grudge_beastmen_2	wh_dlc03_faction_political_diplomacy_mod_beastmen	character_to_faction	-20.0000	start_turn_completed
land_enc_effect_curse_grudge_beastmen_3	wh_dlc03_faction_political_diplomacy_mod_beastmen	character_to_faction	-30.0000	start_turn_completed
land_enc_effect_curse_grudge_beastmen_4	wh_dlc03_faction_political_diplomacy_mod_beastmen	character_to_faction	-40.0000	start_turn_completed
land_enc_effect_curse_grudge_beastmen_5	wh_dlc03_faction_political_diplomacy_mod_beastmen	character_to_faction	-50.0000	start_turn_completed
land_enc_effect_curse_grudge_bretonnia_1	wh_dlc05_faction_political_diplomacy_mod_bretonnia	character_to_faction	-10.0000	start_turn_completed
land_enc_effect_curse_grudge_bretonnia_2	wh_dlc05_faction_political_diplomacy_mod_bretonnia	character_to_faction	-20.0000	start_turn_completed
land_enc_effect_curse_grudge_bretonnia_3	wh_dlc05_faction_political_diplomacy_mod_bretonnia	character_to_faction	-30.0000	start_turn_completed
land_enc_effect_curse_grudge_bretonnia_4	wh_dlc05_faction_political_diplomacy_mod_bretonnia	character_to_faction	-40.0000	start_turn_completed
land_enc_effect_curse_grudge_bretonnia_5	wh_dlc05_faction_political_diplomacy_mod_bretonnia	character_to_faction	-50.0000	start_turn_completed
land_enc_effect_curse_grudge_cathay_1	wh3_main_faction_political_diplomacy_mod_cathay	character_to_faction	-10.0000	start_turn_completed
land_enc_effect_curse_grudge_cathay_2	wh3_main_faction_political_diplomacy_mod_cathay	character_to_faction	-20.0000	start_turn_completed
land_enc_effect_curse_grudge_cathay_3	wh3_main_faction_political_diplomacy_mod_cathay	character_to_faction	-30.0000	start_turn_completed
land_enc_effect_curse_grudge_cathay_4	wh3_main_faction_political_diplomacy_mod_cathay	character_to_faction	-40.0000	start_turn_completed
land_enc_effect_curse_grudge_cathay_5	wh3_main_faction_political_diplomacy_mod_cathay	character_to_faction	-50.0000	start_turn_completed
land_enc_effect_curse_grudge_chaos_1	wh_main_faction_political_diplomacy_mod_chaos	character_to_faction	-10.0000	start_turn_completed
land_enc_effect_curse_grudge_chaos_2	wh_main_faction_political_diplomacy_mod_chaos	character_to_faction	-20.0000	start_turn_completed
land_enc_effect_curse_grudge_chaos_3	wh_main_faction_political_diplomacy_mod_chaos	character_to_faction	-30.0000	start_turn_completed
land_enc_effect_curse_grudge_chaos_4	wh_main_faction_political_diplomacy_mod_chaos	character_to_faction	-40.0000	start_turn_completed
land_enc_effect_curse_grudge_chaos_5	wh_main_faction_political_diplomacy_mod_chaos	character_to_faction	-50.0000	start_turn_completed
land_enc_effect_curse_grudge_chaos_dwarfs_1	wh3_dlc23_faction_political_diplomacy_mod_chaos_dwarfs	character_to_faction	-10.0000	start_turn_completed
land_enc_effect_curse_grudge_chaos_dwarfs_2	wh3_dlc23_faction_political_diplomacy_mod_chaos_dwarfs	character_to_faction	-20.0000	start_turn_completed
land_enc_effect_curse_grudge_chaos_dwarfs_3	wh3_dlc23_faction_political_diplomacy_mod_chaos_dwarfs	character_to_faction	-30.0000	start_turn_completed
land_enc_effect_curse_grudge_chaos_dwarfs_4	wh3_dlc23_faction_political_diplomacy_mod_chaos_dwarfs	character_to_faction	-40.0000	start_turn_completed
land_enc_effect_curse_grudge_chaos_dwarfs_5	wh3_dlc23_faction_political_diplomacy_mod_chaos_dwarfs	character_to_faction	-50.0000	start_turn_completed
land_enc_effect_curse_grudge_daemons_1	wh3_main_faction_political_diplomacy_mod_daemons	character_to_faction	-10.0000	start_turn_completed
land_enc_effect_curse_grudge_daemons_2	wh3_main_faction_political_diplomacy_mod_daemons	character_to_faction	-20.0000	start_turn_completed
land_enc_effect_curse_grudge_daemons_3	wh3_main_faction_political_diplomacy_mod_daemons	character_to_faction	-30.0000	start_turn_completed
land_enc_effect_curse_grudge_daemons_4	wh3_main_faction_political_diplomacy_mod_daemons	character_to_faction	-40.0000	start_turn_completed
land_enc_effect_curse_grudge_daemons_5	wh3_main_faction_political_diplomacy_mod_daemons	character_to_faction	-50.0000	start_turn_completed
land_enc_effect_curse_grudge_dark_elves_1	wh2_main_faction_political_diplomacy_mod_dark_elves	character_to_faction	-10.0000	start_turn_completed
land_enc_effect_curse_grudge_dark_elves_2	wh2_main_faction_political_diplomacy_mod_dark_elves	character_to_faction	-20.0000	start_turn_completed
land_enc_effect_curse_grudge_dark_elves_3	wh2_main_faction_political_diplomacy_mod_dark_elves	character_to_faction	-30.0000	start_turn_completed
land_enc_effect_curse_grudge_dark_elves_4	wh2_main_faction_political_diplomacy_mod_dark_elves	character_to_faction	-40.0000	start_turn_completed
land_enc_effect_curse_grudge_dark_elves_5	wh2_main_faction_political_diplomacy_mod_dark_elves	character_to_faction	-50.0000	start_turn_completed
land_enc_effect_curse_grudge_dwarfs_1	wh_main_faction_political_diplomacy_mod_dwarfs	character_to_faction	-10.0000	start_turn_completed
land_enc_effect_curse_grudge_dwarfs_2	wh_main_faction_political_diplomacy_mod_dwarfs	character_to_faction	-20.0000	start_turn_completed
land_enc_effect_curse_grudge_dwarfs_3	wh_main_faction_political_diplomacy_mod_dwarfs	character_to_faction	-30.0000	start_turn_completed
land_enc_effect_curse_grudge_dwarfs_4	wh_main_faction_political_diplomacy_mod_dwarfs	character_to_faction	-40.0000	start_turn_completed
land_enc_effect_curse_grudge_dwarfs_5	wh_main_faction_political_diplomacy_mod_dwarfs	character_to_faction	-50.0000	start_turn_completed
land_enc_effect_curse_grudge_empire_1	wh_main_faction_political_diplomacy_mod_empire	character_to_faction	-10.0000	start_turn_completed
land_enc_effect_curse_grudge_empire_2	wh_main_faction_political_diplomacy_mod_empire	character_to_faction	-20.0000	start_turn_completed
land_enc_effect_curse_grudge_empire_3	wh_main_faction_political_diplomacy_mod_empire	character_to_faction	-30.0000	start_turn_completed
land_enc_effect_curse_grudge_empire_4	wh_main_faction_political_diplomacy_mod_empire	character_to_faction	-40.0000	start_turn_completed
land_enc_effect_curse_grudge_empire_5	wh_main_faction_political_diplomacy_mod_empire	character_to_faction	-50.0000	start_turn_completed
land_enc_effect_curse_grudge_greenskins_1	wh_main_faction_political_diplomacy_mod_greenskins	character_to_faction	-10.0000	start_turn_completed
land_enc_effect_curse_grudge_greenskins_2	wh_main_faction_political_diplomacy_mod_greenskins	character_to_faction	-20.0000	start_turn_completed
land_enc_effect_curse_grudge_greenskins_3	wh_main_faction_political_diplomacy_mod_greenskins	character_to_faction	-30.0000	start_turn_completed
land_enc_effect_curse_grudge_greenskins_4	wh_main_faction_political_diplomacy_mod_greenskins	character_to_faction	-40.0000	start_turn_completed
land_enc_effect_curse_grudge_greenskins_5	wh_main_faction_political_diplomacy_mod_greenskins	character_to_faction	-50.0000	start_turn_completed
land_enc_effect_curse_grudge_high_elves_1	wh2_main_faction_political_diplomacy_mod_high_elves	character_to_faction	-10.0000	start_turn_completed
land_enc_effect_curse_grudge_high_elves_2	wh2_main_faction_political_diplomacy_mod_high_elves	character_to_faction	-20.0000	start_turn_completed
land_enc_effect_curse_grudge_high_elves_3	wh2_main_faction_political_diplomacy_mod_high_elves	character_to_faction	-30.0000	start_turn_completed
land_enc_effect_curse_grudge_high_elves_4	wh2_main_faction_political_diplomacy_mod_high_elves	character_to_faction	-40.0000	start_turn_completed
land_enc_effect_curse_grudge_high_elves_5	wh2_main_faction_political_diplomacy_mod_high_elves	character_to_faction	-50.0000	start_turn_completed
land_enc_effect_curse_grudge_khorne_1	wh3_main_faction_political_diplomacy_mod_khorne	character_to_faction	-10.0000	start_turn_completed
land_enc_effect_curse_grudge_khorne_2	wh3_main_faction_political_diplomacy_mod_khorne	character_to_faction	-20.0000	start_turn_completed
land_enc_effect_curse_grudge_khorne_3	wh3_main_faction_political_diplomacy_mod_khorne	character_to_faction	-30.0000	start_turn_completed
land_enc_effect_curse_grudge_khorne_4	wh3_main_faction_political_diplomacy_mod_khorne	character_to_faction	-40.0000	start_turn_completed
land_enc_effect_curse_grudge_khorne_5	wh3_main_faction_political_diplomacy_mod_khorne	character_to_faction	-50.0000	start_turn_completed
land_enc_effect_curse_grudge_kislev_1	wh3_main_faction_political_diplomacy_mod_kislev	character_to_faction	-10.0000	start_turn_completed
land_enc_effect_curse_grudge_kislev_2	wh3_main_faction_political_diplomacy_mod_kislev	character_to_faction	-20.0000	start_turn_completed
land_enc_effect_curse_grudge_kislev_3	wh3_main_faction_political_diplomacy_mod_kislev	character_to_faction	-30.0000	start_turn_completed
land_enc_effect_curse_grudge_kislev_4	wh3_main_faction_political_diplomacy_mod_kislev	character_to_faction	-40.0000	start_turn_completed
land_enc_effect_curse_grudge_kislev_5	wh3_main_faction_political_diplomacy_mod_kislev	character_to_faction	-50.0000	start_turn_completed
land_enc_effect_curse_grudge_lizardmen_1	wh2_main_faction_political_diplomacy_mod_lizardmen	character_to_faction	-10.0000	start_turn_completed
land_enc_effect_curse_grudge_lizardmen_2	wh2_main_faction_political_diplomacy_mod_lizardmen	character_to_faction	-20.0000	start_turn_completed
land_enc_effect_curse_grudge_lizardmen_3	wh2_main_faction_political_diplomacy_mod_lizardmen	character_to_faction	-30.0000	start_turn_completed
land_enc_effect_curse_grudge_lizardmen_4	wh2_main_faction_political_diplomacy_mod_lizardmen	character_to_faction	-40.0000	start_turn_completed
land_enc_effect_curse_grudge_lizardmen_5	wh2_main_faction_political_diplomacy_mod_lizardmen	character_to_faction	-50.0000	start_turn_completed
land_enc_effect_curse_grudge_norsca_1	wh_main_faction_political_diplomacy_mod_norsca	character_to_faction	-10.0000	start_turn_completed
land_enc_effect_curse_grudge_norsca_2	wh_main_faction_political_diplomacy_mod_norsca	character_to_faction	-20.0000	start_turn_completed
land_enc_effect_curse_grudge_norsca_3	wh_main_faction_political_diplomacy_mod_norsca	character_to_faction	-30.0000	start_turn_completed
land_enc_effect_curse_grudge_norsca_4	wh_main_faction_political_diplomacy_mod_norsca	character_to_faction	-40.0000	start_turn_completed
land_enc_effect_curse_grudge_norsca_5	wh_main_faction_political_diplomacy_mod_norsca	character_to_faction	-50.0000	start_turn_completed
land_enc_effect_curse_grudge_nurgle_1	wh3_main_faction_political_diplomacy_mod_nurgle	character_to_faction	-10.0000	start_turn_completed
land_enc_effect_curse_grudge_nurgle_2	wh3_main_faction_political_diplomacy_mod_nurgle	character_to_faction	-20.0000	start_turn_completed
land_enc_effect_curse_grudge_nurgle_3	wh3_main_faction_political_diplomacy_mod_nurgle	character_to_faction	-30.0000	start_turn_completed
land_enc_effect_curse_grudge_nurgle_4	wh3_main_faction_political_diplomacy_mod_nurgle	character_to_faction	-40.0000	start_turn_completed
land_enc_effect_curse_grudge_nurgle_5	wh3_main_faction_political_diplomacy_mod_nurgle	character_to_faction	-50.0000	start_turn_completed
land_enc_effect_curse_grudge_ogres_1	wh3_main_faction_political_diplomacy_mod_ogre_kingdoms	character_to_faction	-10.0000	start_turn_completed
land_enc_effect_curse_grudge_ogres_2	wh3_main_faction_political_diplomacy_mod_ogre_kingdoms	character_to_faction	-20.0000	start_turn_completed
land_enc_effect_curse_grudge_ogres_3	wh3_main_faction_political_diplomacy_mod_ogre_kingdoms	character_to_faction	-30.0000	start_turn_completed
land_enc_effect_curse_grudge_ogres_4	wh3_main_faction_political_diplomacy_mod_ogre_kingdoms	character_to_faction	-40.0000	start_turn_completed
land_enc_effect_curse_grudge_ogres_5	wh3_main_faction_political_diplomacy_mod_ogre_kingdoms	character_to_faction	-50.0000	start_turn_completed
land_enc_effect_curse_grudge_skaven_1	wh3_main_faction_political_diplomacy_mod_skaven	character_to_faction	-10.0000	start_turn_completed
land_enc_effect_curse_grudge_skaven_2	wh3_main_faction_political_diplomacy_mod_skaven	character_to_faction	-20.0000	start_turn_completed
land_enc_effect_curse_grudge_skaven_3	wh3_main_faction_political_diplomacy_mod_skaven	character_to_faction	-30.0000	start_turn_completed
land_enc_effect_curse_grudge_skaven_4	wh3_main_faction_political_diplomacy_mod_skaven	character_to_faction	-40.0000	start_turn_completed
land_enc_effect_curse_grudge_skaven_5	wh3_main_faction_political_diplomacy_mod_skaven	character_to_faction	-50.0000	start_turn_completed
land_enc_effect_curse_grudge_slaanesh_1	wh3_main_faction_political_diplomacy_mod_slaanesh	character_to_faction	-10.0000	start_turn_completed
land_enc_effect_curse_grudge_slaanesh_2	wh3_main_faction_political_diplomacy_mod_slaanesh	character_to_faction	-20.0000	start_turn_completed
land_enc_effect_curse_grudge_slaanesh_3	wh3_main_faction_political_diplomacy_mod_slaanesh	character_to_faction	-30.0000	start_turn_completed
land_enc_effect_curse_grudge_slaanesh_4	wh3_main_faction_political_diplomacy_mod_slaanesh	character_to_faction	-40.0000	start_turn_completed
land_enc_effect_curse_grudge_slaanesh_5	wh3_main_faction_political_diplomacy_mod_slaanesh	character_to_faction	-50.0000	start_turn_completed
land_enc_effect_curse_grudge_tomb_kings_1	wh2_dlc09_faction_political_diplomacy_mod_tomb_kings	character_to_faction	-10.0000	start_turn_completed
land_enc_effect_curse_grudge_tomb_kings_2	wh2_dlc09_faction_political_diplomacy_mod_tomb_kings	character_to_faction	-20.0000	start_turn_completed
land_enc_effect_curse_grudge_tomb_kings_3	wh2_dlc09_faction_political_diplomacy_mod_tomb_kings	character_to_faction	-30.0000	start_turn_completed
land_enc_effect_curse_grudge_tomb_kings_4	wh2_dlc09_faction_political_diplomacy_mod_tomb_kings	character_to_faction	-40.0000	start_turn_completed
land_enc_effect_curse_grudge_tomb_kings_5	wh2_dlc09_faction_political_diplomacy_mod_tomb_kings	character_to_faction	-50.0000	start_turn_completed
land_enc_effect_curse_grudge_tzeentch_1	wh3_main_faction_political_diplomacy_mod_tzeentch	character_to_faction	-10.0000	start_turn_completed
land_enc_effect_curse_grudge_tzeentch_2	wh3_main_faction_political_diplomacy_mod_tzeentch	character_to_faction	-20.0000	start_turn_completed
land_enc_effect_curse_grudge_tzeentch_3	wh3_main_faction_political_diplomacy_mod_tzeentch	character_to_faction	-30.0000	start_turn_completed
land_enc_effect_curse_grudge_tzeentch_4	wh3_main_faction_political_diplomacy_mod_tzeentch	character_to_faction	-40.0000	start_turn_completed
land_enc_effect_curse_grudge_tzeentch_5	wh3_main_faction_political_diplomacy_mod_tzeentch	character_to_faction	-50.0000	start_turn_completed
land_enc_effect_curse_grudge_vampire_coast_1	wh2_dlc11_faction_political_diplomacy_mod_vampire_coast	character_to_faction	-10.0000	start_turn_completed
land_enc_effect_curse_grudge_vampire_coast_2	wh2_dlc11_faction_political_diplomacy_mod_vampire_coast	character_to_faction	-20.0000	start_turn_completed
land_enc_effect_curse_grudge_vampire_coast_3	wh2_dlc11_faction_political_diplomacy_mod_vampire_coast	character_to_faction	-30.0000	start_turn_completed
land_enc_effect_curse_grudge_vampire_coast_4	wh2_dlc11_faction_political_diplomacy_mod_vampire_coast	character_to_faction	-40.0000	start_turn_completed
land_enc_effect_curse_grudge_vampire_coast_5	wh2_dlc11_faction_political_diplomacy_mod_vampire_coast	character_to_faction	-50.0000	start_turn_completed
land_enc_effect_curse_grudge_vampire_counts_1	wh_main_faction_political_diplomacy_mod_vampire_counts	character_to_faction	-10.0000	start_turn_completed
land_enc_effect_curse_grudge_vampire_counts_2	wh_main_faction_political_diplomacy_mod_vampire_counts	character_to_faction	-20.0000	start_turn_completed
land_enc_effect_curse_grudge_vampire_counts_3	wh_main_faction_political_diplomacy_mod_vampire_counts	character_to_faction	-30.0000	start_turn_completed
land_enc_effect_curse_grudge_vampire_counts_4	wh_main_faction_political_diplomacy_mod_vampire_counts	character_to_faction	-40.0000	start_turn_completed
land_enc_effect_curse_grudge_vampire_counts_5	wh_main_faction_political_diplomacy_mod_vampire_counts	character_to_faction	-50.0000	start_turn_completed
land_enc_effect_curse_grudge_wood_elves_1	wh_dlc05_faction_political_diplomacy_mod_wood_elves	character_to_faction	-10.0000	start_turn_completed
land_enc_effect_curse_grudge_wood_elves_2	wh_dlc05_faction_political_diplomacy_mod_wood_elves	character_to_faction	-20.0000	start_turn_completed
land_enc_effect_curse_grudge_wood_elves_3	wh_dlc05_faction_political_diplomacy_mod_wood_elves	character_to_faction	-30.0000	start_turn_completed
land_enc_effect_curse_grudge_wood_elves_4	wh_dlc05_faction_political_diplomacy_mod_wood_elves	character_to_faction	-40.0000	start_turn_completed
land_enc_effect_curse_grudge_wood_elves_5	wh_dlc05_faction_political_diplomacy_mod_wood_elves	character_to_faction	-50.0000	start_turn_completed
land_enc_effect_curse_glass_jaw_1	wh_main_effect_character_stat_armour	character_to_character_own	-5.0000	start_turn_completed
land_enc_effect_curse_glass_jaw_2	wh_main_effect_character_stat_armour	character_to_character_own	-10.0000	start_turn_completed
land_enc_effect_curse_glass_jaw_3	wh_main_effect_character_stat_armour	character_to_character_own	-15.0000	start_turn_completed
land_enc_effect_curse_glass_jaw_3	wh_main_effect_character_stat_melee_attack	character_to_character_own	-5.0000	start_turn_completed
land_enc_effect_curse_glass_jaw_4	wh_main_effect_character_stat_armour	character_to_character_own	-20.0000	start_turn_completed
land_enc_effect_curse_glass_jaw_4	wh_main_effect_character_stat_melee_attack	character_to_character_own	-5.0000	start_turn_completed
land_enc_effect_curse_glass_jaw_5	wh_main_effect_character_stat_armour	character_to_character_own	-25.0000	start_turn_completed
land_enc_effect_curse_glass_jaw_5	wh_main_effect_character_stat_melee_attack	character_to_character_own	-10.0000	start_turn_completed
land_enc_effect_curse_stumbling_charge_1	wh_main_effect_force_stat_charge_bonus_pct	character_to_force_own	-5.0000	start_turn_completed
land_enc_effect_curse_stumbling_charge_2	wh_main_effect_force_stat_charge_bonus_pct	character_to_force_own	-10.0000	start_turn_completed
land_enc_effect_curse_stumbling_charge_3	wh_main_effect_force_stat_charge_bonus_pct	character_to_force_own	-15.0000	start_turn_completed
land_enc_effect_curse_stumbling_charge_4	wh_main_effect_force_stat_charge_bonus_pct	character_to_force_own	-20.0000	start_turn_completed
land_enc_effect_curse_stumbling_charge_5	wh_main_effect_force_stat_charge_bonus_pct	character_to_force_own	-25.0000	start_turn_completed
land_enc_effect_curse_cursed_coin_1	wh_main_effect_force_all_campaign_recruitment_cost_all	character_to_force_own	5.0000	start_turn_completed
land_enc_effect_curse_cursed_coin_2	wh_main_effect_force_all_campaign_recruitment_cost_all	character_to_force_own	10.0000	start_turn_completed
land_enc_effect_curse_cursed_coin_3	wh_main_effect_force_all_campaign_recruitment_cost_all	character_to_force_own	15.0000	start_turn_completed
land_enc_effect_curse_cursed_coin_4	wh_main_effect_force_all_campaign_recruitment_cost_all	character_to_force_own	20.0000	start_turn_completed
land_enc_effect_curse_cursed_coin_5	wh_main_effect_force_all_campaign_recruitment_cost_all	character_to_force_own	25.0000	start_turn_completed
land_enc_effect_realm_comet_sign	wh3_main_effect_winds_of_magic_events	faction_to_force_own	5.0000	start_turn_completed
land_enc_effect_realm_old_ones_favour	wh_main_effect_technology_research_rate_mod	faction_to_faction_own	15.0000	start_turn_completed
land_enc_effect_realm_golden_age	wh_main_effect_economy_gdp_mod_all	faction_to_province_own	10.0000	start_turn_completed
land_enc_effect_realm_golden_age	wh_main_effect_public_order_faction	faction_to_province_own	10.0000	start_turn_completed
land_enc_effect_realm_dark_gods_wrath	wh3_main_effect_corruption_chaos_events_bad	faction_to_province_own	10.0000	start_turn_completed
land_enc_effect_realm_dark_gods_wrath	wh_main_effect_public_order_faction	faction_to_province_own	-10.0000	start_turn_completed
land_enc_effect_realm_black_plague	wh3_main_effect_province_growth_faction	faction_to_province_own	-10.0000	start_turn_completed
land_enc_effect_realm_pariah	wh_main_faction_political_diplomacy_mod	faction_to_faction_own_unseen	-20.0000	start_turn_completed
