key	text	tooltip
#Loc;1;text/db/land_enc_and_poi_character_traits.loc		
character_trait_levels_onscreen_name_land_enc_trait_tower_climber_1	Tower Climber	false
character_trait_levels_colour_text_land_enc_trait_tower_climber_1	Hard fighting on the tower floors has taught this army to hold its ground.	false
character_trait_levels_explanation_text_land_enc_trait_tower_climber_1	Won 5 floors of the Ancient Towers	false
character_trait_levels_removal_land_enc_trait_tower_climber_1		false
character_trait_levels_onscreen_name_land_enc_trait_tower_climber_2	Seasoned Climber	false
character_trait_levels_colour_text_land_enc_trait_tower_climber_2	Floor after floor, the army fights as one.	false
character_trait_levels_explanation_text_land_enc_trait_tower_climber_2	Won 15 floors of the Ancient Towers	false
character_trait_levels_removal_land_enc_trait_tower_climber_2		false
character_trait_levels_onscreen_name_land_enc_trait_tower_climber_3	Master Climber	false
character_trait_levels_colour_text_land_enc_trait_tower_climber_3	Few towers have any surprises left for this army.	false
character_trait_levels_explanation_text_land_enc_trait_tower_climber_3	Won 30 floors of the Ancient Towers	false
character_trait_levels_removal_land_enc_trait_tower_climber_3		false
character_trait_levels_onscreen_name_land_enc_trait_tower_daemon_marked_1	Daemon-Marked	false
character_trait_levels_colour_text_land_enc_trait_tower_daemon_marked_1	A bargain struck deep in a tower left its mark. Something watches through these eyes.	false
character_trait_levels_explanation_text_land_enc_trait_tower_daemon_marked_1	Struck a dark bargain inside an Ancient Tower	false
character_trait_levels_removal_land_enc_trait_tower_daemon_marked_1		false
character_trait_levels_onscreen_name_land_enc_trait_tower_towerbreaker_1	Towerbreaker	false
character_trait_levels_colour_text_land_enc_trait_tower_towerbreaker_1	Climbed a tower to its Master and broke it. The army would follow this lord anywhere.	false
character_trait_levels_explanation_text_land_enc_trait_tower_towerbreaker_1	Cleared an Ancient Tower after swearing to break it	false
character_trait_levels_removal_land_enc_trait_tower_towerbreaker_1		false
character_trait_levels_onscreen_name_land_enc_trait_spot_shrine_sworn_1	Shrine-Sworn	false
character_trait_levels_colour_text_land_enc_trait_spot_shrine_sworn_1	Swore an oath at a ruined altar, and the army believes it.	false
character_trait_levels_explanation_text_land_enc_trait_spot_shrine_sworn_1	Swore an oath at a ruined shrine	false
character_trait_levels_removal_land_enc_trait_spot_shrine_sworn_1		false
character_trait_levels_onscreen_name_land_enc_trait_spot_trophy_hunter_1	Trophy Hunter	false
character_trait_levels_colour_text_land_enc_trait_spot_trophy_hunter_1	Keeps a trophy from every field won.	false
character_trait_levels_explanation_text_land_enc_trait_spot_trophy_hunter_1	Took a trophy of war	false
character_trait_levels_removal_land_enc_trait_spot_trophy_hunter_1		false
character_trait_levels_onscreen_name_land_enc_trait_spot_trophy_hunter_2	Seasoned Trophy Hunter	false
character_trait_levels_colour_text_land_enc_trait_spot_trophy_hunter_2	The trophies pile up, and so does the army's pride.	false
character_trait_levels_explanation_text_land_enc_trait_spot_trophy_hunter_2	Took 3 trophies of war	false
character_trait_levels_removal_land_enc_trait_spot_trophy_hunter_2		false
character_trait_levels_onscreen_name_land_enc_trait_spot_trophy_hunter_3	Famed Trophy Hunter	false
character_trait_levels_colour_text_land_enc_trait_spot_trophy_hunter_3	Every army in the land has heard of this lord's trophies.	false
character_trait_levels_explanation_text_land_enc_trait_spot_trophy_hunter_3	Took 6 trophies of war	false
character_trait_levels_removal_land_enc_trait_spot_trophy_hunter_3		false
character_trait_levels_onscreen_name_land_enc_trait_boon_bloodsworn_1	Bloodsworn I	false
character_trait_levels_colour_text_land_enc_trait_boon_bloodsworn_1	The lord swore an oath in blood, and the army fights to keep it.	false
character_trait_levels_explanation_text_land_enc_trait_boon_bloodsworn_1	Grows a level for every 5 won battles, up to level 5.	false
character_trait_levels_removal_land_enc_trait_boon_bloodsworn_1		false
character_trait_levels_onscreen_name_land_enc_trait_boon_bloodsworn_2	Bloodsworn II	false
character_trait_levels_colour_text_land_enc_trait_boon_bloodsworn_2	The lord swore an oath in blood, and the army fights to keep it.	false
character_trait_levels_explanation_text_land_enc_trait_boon_bloodsworn_2	Grows a level for every 5 won battles, up to level 5.	false
character_trait_levels_removal_land_enc_trait_boon_bloodsworn_2		false
character_trait_levels_onscreen_name_land_enc_trait_boon_bloodsworn_3	Bloodsworn III	false
character_trait_levels_colour_text_land_enc_trait_boon_bloodsworn_3	The lord swore an oath in blood, and the army fights to keep it.	false
character_trait_levels_explanation_text_land_enc_trait_boon_bloodsworn_3	Grows a level for every 5 won battles, up to level 5.	false
character_trait_levels_removal_land_enc_trait_boon_bloodsworn_3		false
character_trait_levels_onscreen_name_land_enc_trait_boon_bloodsworn_4	Bloodsworn IV	false
character_trait_levels_colour_text_land_enc_trait_boon_bloodsworn_4	The lord swore an oath in blood, and the army fights to keep it.	false
character_trait_levels_explanation_text_land_enc_trait_boon_bloodsworn_4	Grows a level for every 5 won battles, up to level 5.	false
character_trait_levels_removal_land_enc_trait_boon_bloodsworn_4		false
character_trait_levels_onscreen_name_land_enc_trait_boon_bloodsworn_5	Bloodsworn V	false
character_trait_levels_colour_text_land_enc_trait_boon_bloodsworn_5	The lord swore an oath in blood, and the army fights to keep it.	false
character_trait_levels_explanation_text_land_enc_trait_boon_bloodsworn_5	Grows a level for every 5 won battles, up to level 5.	false
character_trait_levels_removal_land_enc_trait_boon_bloodsworn_5		false
character_trait_levels_onscreen_name_land_enc_trait_boon_ironhide_1	Ironhide I	false
character_trait_levels_colour_text_land_enc_trait_boon_ironhide_1	Every scar has hardened this army's skin.	false
character_trait_levels_explanation_text_land_enc_trait_boon_ironhide_1	Grows a level for every 5 won battles, up to level 5.	false
character_trait_levels_removal_land_enc_trait_boon_ironhide_1		false
character_trait_levels_onscreen_name_land_enc_trait_boon_ironhide_2	Ironhide II	false
character_trait_levels_colour_text_land_enc_trait_boon_ironhide_2	Every scar has hardened this army's skin.	false
character_trait_levels_explanation_text_land_enc_trait_boon_ironhide_2	Grows a level for every 5 won battles, up to level 5.	false
character_trait_levels_removal_land_enc_trait_boon_ironhide_2		false
character_trait_levels_onscreen_name_land_enc_trait_boon_ironhide_3	Ironhide III	false
character_trait_levels_colour_text_land_enc_trait_boon_ironhide_3	Every scar has hardened this army's skin.	false
character_trait_levels_explanation_text_land_enc_trait_boon_ironhide_3	Grows a level for every 5 won battles, up to level 5.	false
character_trait_levels_removal_land_enc_trait_boon_ironhide_3		false
character_trait_levels_onscreen_name_land_enc_trait_boon_ironhide_4	Ironhide IV	false
character_trait_levels_colour_text_land_enc_trait_boon_ironhide_4	Every scar has hardened this army's skin.	false
character_trait_levels_explanation_text_land_enc_trait_boon_ironhide_4	Grows a level for every 5 won battles, up to level 5.	false
character_trait_levels_removal_land_enc_trait_boon_ironhide_4		false
character_trait_levels_onscreen_name_land_enc_trait_boon_ironhide_5	Ironhide V	false
character_trait_levels_colour_text_land_enc_trait_boon_ironhide_5	Every scar has hardened this army's skin.	false
character_trait_levels_explanation_text_land_enc_trait_boon_ironhide_5	Grows a level for every 5 won battles, up to level 5.	false
character_trait_levels_removal_land_enc_trait_boon_ironhide_5		false
character_trait_levels_onscreen_name_land_enc_trait_boon_old_oath_banner_1	Banner of the Old Oath I	false
character_trait_levels_colour_text_land_enc_trait_boon_old_oath_banner_1	An old banner, carried by an older promise. No one breaks while it stands.	false
character_trait_levels_explanation_text_land_enc_trait_boon_old_oath_banner_1	Grows a level for every 5 won battles, up to level 5.	false
character_trait_levels_removal_land_enc_trait_boon_old_oath_banner_1		false
character_trait_levels_onscreen_name_land_enc_trait_boon_old_oath_banner_2	Banner of the Old Oath II	false
character_trait_levels_colour_text_land_enc_trait_boon_old_oath_banner_2	An old banner, carried by an older promise. No one breaks while it stands.	false
character_trait_levels_explanation_text_land_enc_trait_boon_old_oath_banner_2	Grows a level for every 5 won battles, up to level 5.	false
character_trait_levels_removal_land_enc_trait_boon_old_oath_banner_2		false
character_trait_levels_onscreen_name_land_enc_trait_boon_old_oath_banner_3	Banner of the Old Oath III	false
character_trait_levels_colour_text_land_enc_trait_boon_old_oath_banner_3	An old banner, carried by an older promise. No one breaks while it stands.	false
character_trait_levels_explanation_text_land_enc_trait_boon_old_oath_banner_3	Grows a level for every 5 won battles, up to level 5.	false
character_trait_levels_removal_land_enc_trait_boon_old_oath_banner_3		false
character_trait_levels_onscreen_name_land_enc_trait_boon_old_oath_banner_4	Banner of the Old Oath IV	false
character_trait_levels_colour_text_land_enc_trait_boon_old_oath_banner_4	An old banner, carried by an older promise. No one breaks while it stands.	false
character_trait_levels_explanation_text_land_enc_trait_boon_old_oath_banner_4	Grows a level for every 5 won battles, up to level 5.	false
character_trait_levels_removal_land_enc_trait_boon_old_oath_banner_4		false
character_trait_levels_onscreen_name_land_enc_trait_boon_old_oath_banner_5	Banner of the Old Oath V	false
character_trait_levels_colour_text_land_enc_trait_boon_old_oath_banner_5	An old banner, carried by an older promise. No one breaks while it stands.	false
character_trait_levels_explanation_text_land_enc_trait_boon_old_oath_banner_5	Grows a level for every 5 won battles, up to level 5.	false
character_trait_levels_removal_land_enc_trait_boon_old_oath_banner_5		false
character_trait_levels_onscreen_name_land_enc_trait_boon_eagle_eyed_1	Eagle-Eyed I	false
character_trait_levels_colour_text_land_enc_trait_boon_eagle_eyed_1	The army's archers and gunners see further than they should.	false
character_trait_levels_explanation_text_land_enc_trait_boon_eagle_eyed_1	Grows a level for every 5 won battles, up to level 5.	false
character_trait_levels_removal_land_enc_trait_boon_eagle_eyed_1		false
character_trait_levels_onscreen_name_land_enc_trait_boon_eagle_eyed_2	Eagle-Eyed II	false
character_trait_levels_colour_text_land_enc_trait_boon_eagle_eyed_2	The army's archers and gunners see further than they should.	false
character_trait_levels_explanation_text_land_enc_trait_boon_eagle_eyed_2	Grows a level for every 5 won battles, up to level 5.	false
character_trait_levels_removal_land_enc_trait_boon_eagle_eyed_2		false
character_trait_levels_onscreen_name_land_enc_trait_boon_eagle_eyed_3	Eagle-Eyed III	false
character_trait_levels_colour_text_land_enc_trait_boon_eagle_eyed_3	The army's archers and gunners see further than they should.	false
character_trait_levels_explanation_text_land_enc_trait_boon_eagle_eyed_3	Grows a level for every 5 won battles, up to level 5.	false
character_trait_levels_removal_land_enc_trait_boon_eagle_eyed_3		false
character_trait_levels_onscreen_name_land_enc_trait_boon_eagle_eyed_4	Eagle-Eyed IV	false
character_trait_levels_colour_text_land_enc_trait_boon_eagle_eyed_4	The army's archers and gunners see further than they should.	false
character_trait_levels_explanation_text_land_enc_trait_boon_eagle_eyed_4	Grows a level for every 5 won battles, up to level 5.	false
character_trait_levels_removal_land_enc_trait_boon_eagle_eyed_4		false
character_trait_levels_onscreen_name_land_enc_trait_boon_eagle_eyed_5	Eagle-Eyed V	false
character_trait_levels_colour_text_land_enc_trait_boon_eagle_eyed_5	The army's archers and gunners see further than they should.	false
character_trait_levels_explanation_text_land_enc_trait_boon_eagle_eyed_5	Grows a level for every 5 won battles, up to level 5.	false
character_trait_levels_removal_land_enc_trait_boon_eagle_eyed_5		false
character_trait_levels_onscreen_name_land_enc_trait_boon_swift_column_1	Swift Column I	false
character_trait_levels_colour_text_land_enc_trait_boon_swift_column_1	This army marches as if the road shortens for it.	false
character_trait_levels_explanation_text_land_enc_trait_boon_swift_column_1	Grows a level for every 5 won battles, up to level 5.	false
character_trait_levels_removal_land_enc_trait_boon_swift_column_1		false
character_trait_levels_onscreen_name_land_enc_trait_boon_swift_column_2	Swift Column II	false
character_trait_levels_colour_text_land_enc_trait_boon_swift_column_2	This army marches as if the road shortens for it.	false
character_trait_levels_explanation_text_land_enc_trait_boon_swift_column_2	Grows a level for every 5 won battles, up to level 5.	false
character_trait_levels_removal_land_enc_trait_boon_swift_column_2		false
character_trait_levels_onscreen_name_land_enc_trait_boon_swift_column_3	Swift Column III	false
character_trait_levels_colour_text_land_enc_trait_boon_swift_column_3	This army marches as if the road shortens for it.	false
character_trait_levels_explanation_text_land_enc_trait_boon_swift_column_3	Grows a level for every 5 won battles, up to level 5.	false
character_trait_levels_removal_land_enc_trait_boon_swift_column_3		false
character_trait_levels_onscreen_name_land_enc_trait_boon_swift_column_4	Swift Column IV	false
character_trait_levels_colour_text_land_enc_trait_boon_swift_column_4	This army marches as if the road shortens for it.	false
character_trait_levels_explanation_text_land_enc_trait_boon_swift_column_4	Grows a level for every 5 won battles, up to level 5.	false
character_trait_levels_removal_land_enc_trait_boon_swift_column_4		false
character_trait_levels_onscreen_name_land_enc_trait_boon_swift_column_5	Swift Column V	false
character_trait_levels_colour_text_land_enc_trait_boon_swift_column_5	This army marches as if the road shortens for it.	false
character_trait_levels_explanation_text_land_enc_trait_boon_swift_column_5	Grows a level for every 5 won battles, up to level 5.	false
character_trait_levels_removal_land_enc_trait_boon_swift_column_5		false
character_trait_levels_onscreen_name_land_enc_trait_boon_kindled_winds_1	Kindled Winds I	false
character_trait_levels_colour_text_land_enc_trait_boon_kindled_winds_1	The winds come easily to this army's casters.	false
character_trait_levels_explanation_text_land_enc_trait_boon_kindled_winds_1	Grows a level for every 5 won battles, up to level 5.	false
character_trait_levels_removal_land_enc_trait_boon_kindled_winds_1		false
character_trait_levels_onscreen_name_land_enc_trait_boon_kindled_winds_2	Kindled Winds II	false
character_trait_levels_colour_text_land_enc_trait_boon_kindled_winds_2	The winds come easily to this army's casters.	false
character_trait_levels_explanation_text_land_enc_trait_boon_kindled_winds_2	Grows a level for every 5 won battles, up to level 5.	false
character_trait_levels_removal_land_enc_trait_boon_kindled_winds_2		false
character_trait_levels_onscreen_name_land_enc_trait_boon_kindled_winds_3	Kindled Winds III	false
character_trait_levels_colour_text_land_enc_trait_boon_kindled_winds_3	The winds come easily to this army's casters.	false
character_trait_levels_explanation_text_land_enc_trait_boon_kindled_winds_3	Grows a level for every 5 won battles, up to level 5.	false
character_trait_levels_removal_land_enc_trait_boon_kindled_winds_3		false
character_trait_levels_onscreen_name_land_enc_trait_boon_kindled_winds_4	Kindled Winds IV	false
character_trait_levels_colour_text_land_enc_trait_boon_kindled_winds_4	The winds come easily to this army's casters.	false
character_trait_levels_explanation_text_land_enc_trait_boon_kindled_winds_4	Grows a level for every 5 won battles, up to level 5.	false
character_trait_levels_removal_land_enc_trait_boon_kindled_winds_4		false
character_trait_levels_onscreen_name_land_enc_trait_boon_kindled_winds_5	Kindled Winds V	false
character_trait_levels_colour_text_land_enc_trait_boon_kindled_winds_5	The winds come easily to this army's casters.	false
character_trait_levels_explanation_text_land_enc_trait_boon_kindled_winds_5	Grows a level for every 5 won battles, up to level 5.	false
character_trait_levels_removal_land_enc_trait_boon_kindled_winds_5		false
character_trait_levels_onscreen_name_land_enc_trait_boon_stormcaller_1	Stormcaller I	false
character_trait_levels_colour_text_land_enc_trait_boon_stormcaller_1	The lord can call a star down from the sky.	false
character_trait_levels_explanation_text_land_enc_trait_boon_stormcaller_1	Grows a level for every 5 won battles, up to level 5.	false
character_trait_levels_removal_land_enc_trait_boon_stormcaller_1		false
character_trait_levels_onscreen_name_land_enc_trait_boon_stormcaller_2	Stormcaller II	false
character_trait_levels_colour_text_land_enc_trait_boon_stormcaller_2	The lord can call a star down from the sky.	false
character_trait_levels_explanation_text_land_enc_trait_boon_stormcaller_2	Grows a level for every 5 won battles, up to level 5.	false
character_trait_levels_removal_land_enc_trait_boon_stormcaller_2		false
character_trait_levels_onscreen_name_land_enc_trait_boon_stormcaller_3	Stormcaller III	false
character_trait_levels_colour_text_land_enc_trait_boon_stormcaller_3	The lord can call a star down from the sky.	false
character_trait_levels_explanation_text_land_enc_trait_boon_stormcaller_3	Grows a level for every 5 won battles, up to level 5.	false
character_trait_levels_removal_land_enc_trait_boon_stormcaller_3		false
character_trait_levels_onscreen_name_land_enc_trait_boon_stormcaller_4	Stormcaller IV	false
character_trait_levels_colour_text_land_enc_trait_boon_stormcaller_4	The lord can call a star down from the sky.	false
character_trait_levels_explanation_text_land_enc_trait_boon_stormcaller_4	Grows a level for every 5 won battles, up to level 5.	false
character_trait_levels_removal_land_enc_trait_boon_stormcaller_4		false
character_trait_levels_onscreen_name_land_enc_trait_boon_stormcaller_5	Stormcaller V	false
character_trait_levels_colour_text_land_enc_trait_boon_stormcaller_5	The lord can call a star down from the sky.	false
character_trait_levels_explanation_text_land_enc_trait_boon_stormcaller_5	Grows a level for every 5 won battles, up to level 5.	false
character_trait_levels_removal_land_enc_trait_boon_stormcaller_5		false
character_trait_levels_onscreen_name_land_enc_trait_boon_stone_rampart_1	Stone Rampart I	false
character_trait_levels_colour_text_land_enc_trait_boon_stone_rampart_1	Attackers break on this army like waves upon the rocks.	false
character_trait_levels_explanation_text_land_enc_trait_boon_stone_rampart_1	Grows a level for every 5 won battles, up to level 5.	false
character_trait_levels_removal_land_enc_trait_boon_stone_rampart_1		false
character_trait_levels_onscreen_name_land_enc_trait_boon_stone_rampart_2	Stone Rampart II	false
character_trait_levels_colour_text_land_enc_trait_boon_stone_rampart_2	Attackers break on this army like waves upon the rocks.	false
character_trait_levels_explanation_text_land_enc_trait_boon_stone_rampart_2	Grows a level for every 5 won battles, up to level 5.	false
character_trait_levels_removal_land_enc_trait_boon_stone_rampart_2		false
character_trait_levels_onscreen_name_land_enc_trait_boon_stone_rampart_3	Stone Rampart III	false
character_trait_levels_colour_text_land_enc_trait_boon_stone_rampart_3	Attackers break on this army like waves upon the rocks.	false
character_trait_levels_explanation_text_land_enc_trait_boon_stone_rampart_3	Grows a level for every 5 won battles, up to level 5.	false
character_trait_levels_removal_land_enc_trait_boon_stone_rampart_3		false
character_trait_levels_onscreen_name_land_enc_trait_boon_stone_rampart_4	Stone Rampart IV	false
character_trait_levels_colour_text_land_enc_trait_boon_stone_rampart_4	Attackers break on this army like waves upon the rocks.	false
character_trait_levels_explanation_text_land_enc_trait_boon_stone_rampart_4	Grows a level for every 5 won battles, up to level 5.	false
character_trait_levels_removal_land_enc_trait_boon_stone_rampart_4		false
character_trait_levels_onscreen_name_land_enc_trait_boon_stone_rampart_5	Stone Rampart V	false
character_trait_levels_colour_text_land_enc_trait_boon_stone_rampart_5	Attackers break on this army like waves upon the rocks.	false
character_trait_levels_explanation_text_land_enc_trait_boon_stone_rampart_5	Grows a level for every 5 won battles, up to level 5.	false
character_trait_levels_removal_land_enc_trait_boon_stone_rampart_5		false
character_trait_levels_onscreen_name_land_enc_trait_boon_storm_forward_1	Storm Forward I	false
character_trait_levels_colour_text_land_enc_trait_boon_storm_forward_1	When this army attacks, nothing stands in its way for long.	false
character_trait_levels_explanation_text_land_enc_trait_boon_storm_forward_1	Grows a level for every 5 won battles, up to level 5.	false
character_trait_levels_removal_land_enc_trait_boon_storm_forward_1		false
character_trait_levels_onscreen_name_land_enc_trait_boon_storm_forward_2	Storm Forward II	false
character_trait_levels_colour_text_land_enc_trait_boon_storm_forward_2	When this army attacks, nothing stands in its way for long.	false
character_trait_levels_explanation_text_land_enc_trait_boon_storm_forward_2	Grows a level for every 5 won battles, up to level 5.	false
character_trait_levels_removal_land_enc_trait_boon_storm_forward_2		false
character_trait_levels_onscreen_name_land_enc_trait_boon_storm_forward_3	Storm Forward III	false
character_trait_levels_colour_text_land_enc_trait_boon_storm_forward_3	When this army attacks, nothing stands in its way for long.	false
character_trait_levels_explanation_text_land_enc_trait_boon_storm_forward_3	Grows a level for every 5 won battles, up to level 5.	false
character_trait_levels_removal_land_enc_trait_boon_storm_forward_3		false
character_trait_levels_onscreen_name_land_enc_trait_boon_storm_forward_4	Storm Forward IV	false
character_trait_levels_colour_text_land_enc_trait_boon_storm_forward_4	When this army attacks, nothing stands in its way for long.	false
character_trait_levels_explanation_text_land_enc_trait_boon_storm_forward_4	Grows a level for every 5 won battles, up to level 5.	false
character_trait_levels_removal_land_enc_trait_boon_storm_forward_4		false
character_trait_levels_onscreen_name_land_enc_trait_boon_storm_forward_5	Storm Forward V	false
character_trait_levels_colour_text_land_enc_trait_boon_storm_forward_5	When this army attacks, nothing stands in its way for long.	false
character_trait_levels_explanation_text_land_enc_trait_boon_storm_forward_5	Grows a level for every 5 won battles, up to level 5.	false
character_trait_levels_removal_land_enc_trait_boon_storm_forward_5		false
character_trait_levels_onscreen_name_land_enc_trait_boon_plunderer_1	Plunderer I	false
character_trait_levels_colour_text_land_enc_trait_boon_plunderer_1	This army leaves nothing of value behind.	false
character_trait_levels_explanation_text_land_enc_trait_boon_plunderer_1	Grows a level for every 5 won battles, up to level 5.	false
character_trait_levels_removal_land_enc_trait_boon_plunderer_1		false
character_trait_levels_onscreen_name_land_enc_trait_boon_plunderer_2	Plunderer II	false
character_trait_levels_colour_text_land_enc_trait_boon_plunderer_2	This army leaves nothing of value behind.	false
character_trait_levels_explanation_text_land_enc_trait_boon_plunderer_2	Grows a level for every 5 won battles, up to level 5.	false
character_trait_levels_removal_land_enc_trait_boon_plunderer_2		false
character_trait_levels_onscreen_name_land_enc_trait_boon_plunderer_3	Plunderer III	false
character_trait_levels_colour_text_land_enc_trait_boon_plunderer_3	This army leaves nothing of value behind.	false
character_trait_levels_explanation_text_land_enc_trait_boon_plunderer_3	Grows a level for every 5 won battles, up to level 5.	false
character_trait_levels_removal_land_enc_trait_boon_plunderer_3		false
character_trait_levels_onscreen_name_land_enc_trait_boon_plunderer_4	Plunderer IV	false
character_trait_levels_colour_text_land_enc_trait_boon_plunderer_4	This army leaves nothing of value behind.	false
character_trait_levels_explanation_text_land_enc_trait_boon_plunderer_4	Grows a level for every 5 won battles, up to level 5.	false
character_trait_levels_removal_land_enc_trait_boon_plunderer_4		false
character_trait_levels_onscreen_name_land_enc_trait_boon_plunderer_5	Plunderer V	false
character_trait_levels_colour_text_land_enc_trait_boon_plunderer_5	This army leaves nothing of value behind.	false
character_trait_levels_explanation_text_land_enc_trait_boon_plunderer_5	Grows a level for every 5 won battles, up to level 5.	false
character_trait_levels_removal_land_enc_trait_boon_plunderer_5		false
character_trait_levels_onscreen_name_land_enc_trait_boon_quartermaster_1	Quartermaster's Ledger I	false
character_trait_levels_colour_text_land_enc_trait_boon_quartermaster_1	A careful hand keeps the army fed for less.	false
character_trait_levels_explanation_text_land_enc_trait_boon_quartermaster_1	Grows a level for every 5 won battles, up to level 5.	false
character_trait_levels_removal_land_enc_trait_boon_quartermaster_1		false
character_trait_levels_onscreen_name_land_enc_trait_boon_quartermaster_2	Quartermaster's Ledger II	false
character_trait_levels_colour_text_land_enc_trait_boon_quartermaster_2	A careful hand keeps the army fed for less.	false
character_trait_levels_explanation_text_land_enc_trait_boon_quartermaster_2	Grows a level for every 5 won battles, up to level 5.	false
character_trait_levels_removal_land_enc_trait_boon_quartermaster_2		false
character_trait_levels_onscreen_name_land_enc_trait_boon_quartermaster_3	Quartermaster's Ledger III	false
character_trait_levels_colour_text_land_enc_trait_boon_quartermaster_3	A careful hand keeps the army fed for less.	false
character_trait_levels_explanation_text_land_enc_trait_boon_quartermaster_3	Grows a level for every 5 won battles, up to level 5.	false
character_trait_levels_removal_land_enc_trait_boon_quartermaster_3		false
character_trait_levels_onscreen_name_land_enc_trait_boon_quartermaster_4	Quartermaster's Ledger IV	false
character_trait_levels_colour_text_land_enc_trait_boon_quartermaster_4	A careful hand keeps the army fed for less.	false
character_trait_levels_explanation_text_land_enc_trait_boon_quartermaster_4	Grows a level for every 5 won battles, up to level 5.	false
character_trait_levels_removal_land_enc_trait_boon_quartermaster_4		false
character_trait_levels_onscreen_name_land_enc_trait_boon_quartermaster_5	Quartermaster's Ledger V	false
character_trait_levels_colour_text_land_enc_trait_boon_quartermaster_5	A careful hand keeps the army fed for less.	false
character_trait_levels_explanation_text_land_enc_trait_boon_quartermaster_5	Grows a level for every 5 won battles, up to level 5.	false
character_trait_levels_removal_land_enc_trait_boon_quartermaster_5		false
character_trait_levels_onscreen_name_land_enc_trait_boon_drillmaster_1	Iron Drillmaster I	false
character_trait_levels_colour_text_land_enc_trait_boon_drillmaster_1	Drill at dawn, drill at dusk. The ranks get sharper every day.	false
character_trait_levels_explanation_text_land_enc_trait_boon_drillmaster_1	Grows a level for every 5 won battles, up to level 5.	false
character_trait_levels_removal_land_enc_trait_boon_drillmaster_1		false
character_trait_levels_onscreen_name_land_enc_trait_boon_drillmaster_2	Iron Drillmaster II	false
character_trait_levels_colour_text_land_enc_trait_boon_drillmaster_2	Drill at dawn, drill at dusk. The ranks get sharper every day.	false
character_trait_levels_explanation_text_land_enc_trait_boon_drillmaster_2	Grows a level for every 5 won battles, up to level 5.	false
character_trait_levels_removal_land_enc_trait_boon_drillmaster_2		false
character_trait_levels_onscreen_name_land_enc_trait_boon_drillmaster_3	Iron Drillmaster III	false
character_trait_levels_colour_text_land_enc_trait_boon_drillmaster_3	Drill at dawn, drill at dusk. The ranks get sharper every day.	false
character_trait_levels_explanation_text_land_enc_trait_boon_drillmaster_3	Grows a level for every 5 won battles, up to level 5.	false
character_trait_levels_removal_land_enc_trait_boon_drillmaster_3		false
character_trait_levels_onscreen_name_land_enc_trait_boon_drillmaster_4	Iron Drillmaster IV	false
character_trait_levels_colour_text_land_enc_trait_boon_drillmaster_4	Drill at dawn, drill at dusk. The ranks get sharper every day.	false
character_trait_levels_explanation_text_land_enc_trait_boon_drillmaster_4	Grows a level for every 5 won battles, up to level 5.	false
character_trait_levels_removal_land_enc_trait_boon_drillmaster_4		false
character_trait_levels_onscreen_name_land_enc_trait_boon_drillmaster_5	Iron Drillmaster V	false
character_trait_levels_colour_text_land_enc_trait_boon_drillmaster_5	Drill at dawn, drill at dusk. The ranks get sharper every day.	false
character_trait_levels_explanation_text_land_enc_trait_boon_drillmaster_5	Grows a level for every 5 won battles, up to level 5.	false
character_trait_levels_removal_land_enc_trait_boon_drillmaster_5		false
character_trait_levels_onscreen_name_land_enc_trait_boon_blinding_strikes_1	Blinding Strikes I	false
character_trait_levels_colour_text_land_enc_trait_boon_blinding_strikes_1	Every blow this army lands leaves its foe reeling and half-blind.	false
character_trait_levels_explanation_text_land_enc_trait_boon_blinding_strikes_1	Grows a level for every 5 won battles, up to level 5.	false
character_trait_levels_removal_land_enc_trait_boon_blinding_strikes_1		false
character_trait_levels_onscreen_name_land_enc_trait_boon_blinding_strikes_2	Blinding Strikes II	false
character_trait_levels_colour_text_land_enc_trait_boon_blinding_strikes_2	Every blow this army lands leaves its foe reeling and half-blind.	false
character_trait_levels_explanation_text_land_enc_trait_boon_blinding_strikes_2	Grows a level for every 5 won battles, up to level 5.	false
character_trait_levels_removal_land_enc_trait_boon_blinding_strikes_2		false
character_trait_levels_onscreen_name_land_enc_trait_boon_blinding_strikes_3	Blinding Strikes III	false
character_trait_levels_colour_text_land_enc_trait_boon_blinding_strikes_3	Every blow this army lands leaves its foe reeling and half-blind.	false
character_trait_levels_explanation_text_land_enc_trait_boon_blinding_strikes_3	Grows a level for every 5 won battles, up to level 5.	false
character_trait_levels_removal_land_enc_trait_boon_blinding_strikes_3		false
character_trait_levels_onscreen_name_land_enc_trait_boon_blinding_strikes_4	Blinding Strikes IV	false
character_trait_levels_colour_text_land_enc_trait_boon_blinding_strikes_4	Every blow this army lands leaves its foe reeling and half-blind.	false
character_trait_levels_explanation_text_land_enc_trait_boon_blinding_strikes_4	Grows a level for every 5 won battles, up to level 5.	false
character_trait_levels_removal_land_enc_trait_boon_blinding_strikes_4		false
character_trait_levels_onscreen_name_land_enc_trait_boon_blinding_strikes_5	Blinding Strikes V	false
character_trait_levels_colour_text_land_enc_trait_boon_blinding_strikes_5	Every blow this army lands leaves its foe reeling and half-blind.	false
character_trait_levels_explanation_text_land_enc_trait_boon_blinding_strikes_5	Grows a level for every 5 won battles, up to level 5.	false
character_trait_levels_removal_land_enc_trait_boon_blinding_strikes_5		false
character_trait_levels_onscreen_name_land_enc_trait_boon_leeching_strikes_1	Leeching Strikes I	false
character_trait_levels_colour_text_land_enc_trait_boon_leeching_strikes_1	The army's weapons drink the life of whatever they cut.	false
character_trait_levels_explanation_text_land_enc_trait_boon_leeching_strikes_1	Grows a level for every 5 won battles, up to level 5.	false
character_trait_levels_removal_land_enc_trait_boon_leeching_strikes_1		false
character_trait_levels_onscreen_name_land_enc_trait_boon_leeching_strikes_2	Leeching Strikes II	false
character_trait_levels_colour_text_land_enc_trait_boon_leeching_strikes_2	The army's weapons drink the life of whatever they cut.	false
character_trait_levels_explanation_text_land_enc_trait_boon_leeching_strikes_2	Grows a level for every 5 won battles, up to level 5.	false
character_trait_levels_removal_land_enc_trait_boon_leeching_strikes_2		false
character_trait_levels_onscreen_name_land_enc_trait_boon_leeching_strikes_3	Leeching Strikes III	false
character_trait_levels_colour_text_land_enc_trait_boon_leeching_strikes_3	The army's weapons drink the life of whatever they cut.	false
character_trait_levels_explanation_text_land_enc_trait_boon_leeching_strikes_3	Grows a level for every 5 won battles, up to level 5.	false
character_trait_levels_removal_land_enc_trait_boon_leeching_strikes_3		false
character_trait_levels_onscreen_name_land_enc_trait_boon_leeching_strikes_4	Leeching Strikes IV	false
character_trait_levels_colour_text_land_enc_trait_boon_leeching_strikes_4	The army's weapons drink the life of whatever they cut.	false
character_trait_levels_explanation_text_land_enc_trait_boon_leeching_strikes_4	Grows a level for every 5 won battles, up to level 5.	false
character_trait_levels_removal_land_enc_trait_boon_leeching_strikes_4		false
character_trait_levels_onscreen_name_land_enc_trait_boon_leeching_strikes_5	Leeching Strikes V	false
character_trait_levels_colour_text_land_enc_trait_boon_leeching_strikes_5	The army's weapons drink the life of whatever they cut.	false
character_trait_levels_explanation_text_land_enc_trait_boon_leeching_strikes_5	Grows a level for every 5 won battles, up to level 5.	false
character_trait_levels_removal_land_enc_trait_boon_leeching_strikes_5		false
character_trait_levels_onscreen_name_land_enc_trait_boon_hunters_path_1	Hunter's Path I	false
character_trait_levels_colour_text_land_enc_trait_boon_hunters_path_1	The army moves through rough country like a hunting pack.	false
character_trait_levels_explanation_text_land_enc_trait_boon_hunters_path_1	Grows a level for every 5 won battles, up to level 5.	false
character_trait_levels_removal_land_enc_trait_boon_hunters_path_1		false
character_trait_levels_onscreen_name_land_enc_trait_boon_hunters_path_2	Hunter's Path II	false
character_trait_levels_colour_text_land_enc_trait_boon_hunters_path_2	The army moves through rough country like a hunting pack.	false
character_trait_levels_explanation_text_land_enc_trait_boon_hunters_path_2	Grows a level for every 5 won battles, up to level 5.	false
character_trait_levels_removal_land_enc_trait_boon_hunters_path_2		false
character_trait_levels_onscreen_name_land_enc_trait_boon_hunters_path_3	Hunter's Path III	false
character_trait_levels_colour_text_land_enc_trait_boon_hunters_path_3	The army moves through rough country like a hunting pack.	false
character_trait_levels_explanation_text_land_enc_trait_boon_hunters_path_3	Grows a level for every 5 won battles, up to level 5.	false
character_trait_levels_removal_land_enc_trait_boon_hunters_path_3		false
character_trait_levels_onscreen_name_land_enc_trait_boon_hunters_path_4	Hunter's Path IV	false
character_trait_levels_colour_text_land_enc_trait_boon_hunters_path_4	The army moves through rough country like a hunting pack.	false
character_trait_levels_explanation_text_land_enc_trait_boon_hunters_path_4	Grows a level for every 5 won battles, up to level 5.	false
character_trait_levels_removal_land_enc_trait_boon_hunters_path_4		false
character_trait_levels_onscreen_name_land_enc_trait_boon_hunters_path_5	Hunter's Path V	false
character_trait_levels_colour_text_land_enc_trait_boon_hunters_path_5	The army moves through rough country like a hunting pack.	false
character_trait_levels_explanation_text_land_enc_trait_boon_hunters_path_5	Grows a level for every 5 won battles, up to level 5.	false
character_trait_levels_removal_land_enc_trait_boon_hunters_path_5		false
character_trait_levels_onscreen_name_land_enc_trait_boon_warded_1	Warded I	false
character_trait_levels_colour_text_land_enc_trait_boon_warded_1	Old sigils glow on the lord's armour when danger comes.	false
character_trait_levels_explanation_text_land_enc_trait_boon_warded_1	Grows a level for every 5 won battles, up to level 5.	false
character_trait_levels_removal_land_enc_trait_boon_warded_1		false
character_trait_levels_onscreen_name_land_enc_trait_boon_warded_2	Warded II	false
character_trait_levels_colour_text_land_enc_trait_boon_warded_2	Old sigils glow on the lord's armour when danger comes.	false
character_trait_levels_explanation_text_land_enc_trait_boon_warded_2	Grows a level for every 5 won battles, up to level 5.	false
character_trait_levels_removal_land_enc_trait_boon_warded_2		false
character_trait_levels_onscreen_name_land_enc_trait_boon_warded_3	Warded III	false
character_trait_levels_colour_text_land_enc_trait_boon_warded_3	Old sigils glow on the lord's armour when danger comes.	false
character_trait_levels_explanation_text_land_enc_trait_boon_warded_3	Grows a level for every 5 won battles, up to level 5.	false
character_trait_levels_removal_land_enc_trait_boon_warded_3		false
character_trait_levels_onscreen_name_land_enc_trait_boon_warded_4	Warded IV	false
character_trait_levels_colour_text_land_enc_trait_boon_warded_4	Old sigils glow on the lord's armour when danger comes.	false
character_trait_levels_explanation_text_land_enc_trait_boon_warded_4	Grows a level for every 5 won battles, up to level 5.	false
character_trait_levels_removal_land_enc_trait_boon_warded_4		false
character_trait_levels_onscreen_name_land_enc_trait_boon_warded_5	Warded V	false
character_trait_levels_colour_text_land_enc_trait_boon_warded_5	Old sigils glow on the lord's armour when danger comes.	false
character_trait_levels_explanation_text_land_enc_trait_boon_warded_5	Grows a level for every 5 won battles, up to level 5.	false
character_trait_levels_removal_land_enc_trait_boon_warded_5		false
character_trait_levels_onscreen_name_land_enc_trait_boon_overflowing_power_1	Overflowing Power I	false
character_trait_levels_colour_text_land_enc_trait_boon_overflowing_power_1	The lord's magic burns hotter, and harder to hold.	false
character_trait_levels_explanation_text_land_enc_trait_boon_overflowing_power_1	Grows a level for every 5 won battles, up to level 5.	false
character_trait_levels_removal_land_enc_trait_boon_overflowing_power_1		false
character_trait_levels_onscreen_name_land_enc_trait_boon_overflowing_power_2	Overflowing Power II	false
character_trait_levels_colour_text_land_enc_trait_boon_overflowing_power_2	The lord's magic burns hotter, and harder to hold.	false
character_trait_levels_explanation_text_land_enc_trait_boon_overflowing_power_2	Grows a level for every 5 won battles, up to level 5.	false
character_trait_levels_removal_land_enc_trait_boon_overflowing_power_2		false
character_trait_levels_onscreen_name_land_enc_trait_boon_overflowing_power_3	Overflowing Power III	false
character_trait_levels_colour_text_land_enc_trait_boon_overflowing_power_3	The lord's magic burns hotter, and harder to hold.	false
character_trait_levels_explanation_text_land_enc_trait_boon_overflowing_power_3	Grows a level for every 5 won battles, up to level 5.	false
character_trait_levels_removal_land_enc_trait_boon_overflowing_power_3		false
character_trait_levels_onscreen_name_land_enc_trait_boon_overflowing_power_4	Overflowing Power IV	false
character_trait_levels_colour_text_land_enc_trait_boon_overflowing_power_4	The lord's magic burns hotter, and harder to hold.	false
character_trait_levels_explanation_text_land_enc_trait_boon_overflowing_power_4	Grows a level for every 5 won battles, up to level 5.	false
character_trait_levels_removal_land_enc_trait_boon_overflowing_power_4		false
character_trait_levels_onscreen_name_land_enc_trait_boon_overflowing_power_5	Overflowing Power V	false
character_trait_levels_colour_text_land_enc_trait_boon_overflowing_power_5	The lord's magic burns hotter, and harder to hold.	false
character_trait_levels_explanation_text_land_enc_trait_boon_overflowing_power_5	Grows a level for every 5 won battles, up to level 5.	false
character_trait_levels_removal_land_enc_trait_boon_overflowing_power_5		false
character_trait_levels_onscreen_name_land_enc_trait_boon_dread_host_1	Dread Host I	false
character_trait_levels_colour_text_land_enc_trait_boon_dread_host_1	Stories of this army walk ahead of it.	false
character_trait_levels_explanation_text_land_enc_trait_boon_dread_host_1	Grows a level for every 5 won battles, up to level 5.	false
character_trait_levels_removal_land_enc_trait_boon_dread_host_1		false
character_trait_levels_onscreen_name_land_enc_trait_boon_dread_host_2	Dread Host II	false
character_trait_levels_colour_text_land_enc_trait_boon_dread_host_2	Stories of this army walk ahead of it.	false
character_trait_levels_explanation_text_land_enc_trait_boon_dread_host_2	Grows a level for every 5 won battles, up to level 5.	false
character_trait_levels_removal_land_enc_trait_boon_dread_host_2		false
character_trait_levels_onscreen_name_land_enc_trait_boon_dread_host_3	Dread Host III	false
character_trait_levels_colour_text_land_enc_trait_boon_dread_host_3	Stories of this army walk ahead of it.	false
character_trait_levels_explanation_text_land_enc_trait_boon_dread_host_3	Grows a level for every 5 won battles, up to level 5.	false
character_trait_levels_removal_land_enc_trait_boon_dread_host_3		false
character_trait_levels_onscreen_name_land_enc_trait_boon_dread_host_4	Dread Host IV	false
character_trait_levels_colour_text_land_enc_trait_boon_dread_host_4	Stories of this army walk ahead of it.	false
character_trait_levels_explanation_text_land_enc_trait_boon_dread_host_4	Grows a level for every 5 won battles, up to level 5.	false
character_trait_levels_removal_land_enc_trait_boon_dread_host_4		false
character_trait_levels_onscreen_name_land_enc_trait_boon_dread_host_5	Dread Host V	false
character_trait_levels_colour_text_land_enc_trait_boon_dread_host_5	Stories of this army walk ahead of it.	false
character_trait_levels_explanation_text_land_enc_trait_boon_dread_host_5	Grows a level for every 5 won battles, up to level 5.	false
character_trait_levels_removal_land_enc_trait_boon_dread_host_5		false
character_trait_levels_onscreen_name_land_enc_trait_boon_bane_beastmen_1	Bane of the Beastmen I	false
character_trait_levels_colour_text_land_enc_trait_boon_bane_beastmen_1	The lord has learned exactly how to make this enemy hurt the most.	false
character_trait_levels_explanation_text_land_enc_trait_boon_bane_beastmen_1	Grows a level for every 5 won battles, up to level 5.	false
character_trait_levels_removal_land_enc_trait_boon_bane_beastmen_1		false
character_trait_levels_onscreen_name_land_enc_trait_boon_bane_beastmen_2	Bane of the Beastmen II	false
character_trait_levels_colour_text_land_enc_trait_boon_bane_beastmen_2	The lord has learned exactly how to make this enemy hurt the most.	false
character_trait_levels_explanation_text_land_enc_trait_boon_bane_beastmen_2	Grows a level for every 5 won battles, up to level 5.	false
character_trait_levels_removal_land_enc_trait_boon_bane_beastmen_2		false
character_trait_levels_onscreen_name_land_enc_trait_boon_bane_beastmen_3	Bane of the Beastmen III	false
character_trait_levels_colour_text_land_enc_trait_boon_bane_beastmen_3	The lord has learned exactly how to make this enemy hurt the most.	false
character_trait_levels_explanation_text_land_enc_trait_boon_bane_beastmen_3	Grows a level for every 5 won battles, up to level 5.	false
character_trait_levels_removal_land_enc_trait_boon_bane_beastmen_3		false
character_trait_levels_onscreen_name_land_enc_trait_boon_bane_beastmen_4	Bane of the Beastmen IV	false
character_trait_levels_colour_text_land_enc_trait_boon_bane_beastmen_4	The lord has learned exactly how to make this enemy hurt the most.	false
character_trait_levels_explanation_text_land_enc_trait_boon_bane_beastmen_4	Grows a level for every 5 won battles, up to level 5.	false
character_trait_levels_removal_land_enc_trait_boon_bane_beastmen_4		false
character_trait_levels_onscreen_name_land_enc_trait_boon_bane_beastmen_5	Bane of the Beastmen V	false
character_trait_levels_colour_text_land_enc_trait_boon_bane_beastmen_5	The lord has learned exactly how to make this enemy hurt the most.	false
character_trait_levels_explanation_text_land_enc_trait_boon_bane_beastmen_5	Grows a level for every 5 won battles, up to level 5.	false
character_trait_levels_removal_land_enc_trait_boon_bane_beastmen_5		false
character_trait_levels_onscreen_name_land_enc_trait_boon_bane_bretonnia_1	Bane of Bretonnia I	false
character_trait_levels_colour_text_land_enc_trait_boon_bane_bretonnia_1	The lord has learned exactly how to make this enemy hurt the most.	false
character_trait_levels_explanation_text_land_enc_trait_boon_bane_bretonnia_1	Grows a level for every 5 won battles, up to level 5.	false
character_trait_levels_removal_land_enc_trait_boon_bane_bretonnia_1		false
character_trait_levels_onscreen_name_land_enc_trait_boon_bane_bretonnia_2	Bane of Bretonnia II	false
character_trait_levels_colour_text_land_enc_trait_boon_bane_bretonnia_2	The lord has learned exactly how to make this enemy hurt the most.	false
character_trait_levels_explanation_text_land_enc_trait_boon_bane_bretonnia_2	Grows a level for every 5 won battles, up to level 5.	false
character_trait_levels_removal_land_enc_trait_boon_bane_bretonnia_2		false
character_trait_levels_onscreen_name_land_enc_trait_boon_bane_bretonnia_3	Bane of Bretonnia III	false
character_trait_levels_colour_text_land_enc_trait_boon_bane_bretonnia_3	The lord has learned exactly how to make this enemy hurt the most.	false
character_trait_levels_explanation_text_land_enc_trait_boon_bane_bretonnia_3	Grows a level for every 5 won battles, up to level 5.	false
character_trait_levels_removal_land_enc_trait_boon_bane_bretonnia_3		false
character_trait_levels_onscreen_name_land_enc_trait_boon_bane_bretonnia_4	Bane of Bretonnia IV	false
character_trait_levels_colour_text_land_enc_trait_boon_bane_bretonnia_4	The lord has learned exactly how to make this enemy hurt the most.	false
character_trait_levels_explanation_text_land_enc_trait_boon_bane_bretonnia_4	Grows a level for every 5 won battles, up to level 5.	false
character_trait_levels_removal_land_enc_trait_boon_bane_bretonnia_4		false
character_trait_levels_onscreen_name_land_enc_trait_boon_bane_bretonnia_5	Bane of Bretonnia V	false
character_trait_levels_colour_text_land_enc_trait_boon_bane_bretonnia_5	The lord has learned exactly how to make this enemy hurt the most.	false
character_trait_levels_explanation_text_land_enc_trait_boon_bane_bretonnia_5	Grows a level for every 5 won battles, up to level 5.	false
character_trait_levels_removal_land_enc_trait_boon_bane_bretonnia_5		false
character_trait_levels_onscreen_name_land_enc_trait_boon_bane_cathay_1	Bane of Grand Cathay I	false
character_trait_levels_colour_text_land_enc_trait_boon_bane_cathay_1	The lord has learned exactly how to make this enemy hurt the most.	false
character_trait_levels_explanation_text_land_enc_trait_boon_bane_cathay_1	Grows a level for every 5 won battles, up to level 5.	false
character_trait_levels_removal_land_enc_trait_boon_bane_cathay_1		false
character_trait_levels_onscreen_name_land_enc_trait_boon_bane_cathay_2	Bane of Grand Cathay II	false
character_trait_levels_colour_text_land_enc_trait_boon_bane_cathay_2	The lord has learned exactly how to make this enemy hurt the most.	false
character_trait_levels_explanation_text_land_enc_trait_boon_bane_cathay_2	Grows a level for every 5 won battles, up to level 5.	false
character_trait_levels_removal_land_enc_trait_boon_bane_cathay_2		false
character_trait_levels_onscreen_name_land_enc_trait_boon_bane_cathay_3	Bane of Grand Cathay III	false
character_trait_levels_colour_text_land_enc_trait_boon_bane_cathay_3	The lord has learned exactly how to make this enemy hurt the most.	false
character_trait_levels_explanation_text_land_enc_trait_boon_bane_cathay_3	Grows a level for every 5 won battles, up to level 5.	false
character_trait_levels_removal_land_enc_trait_boon_bane_cathay_3		false
character_trait_levels_onscreen_name_land_enc_trait_boon_bane_cathay_4	Bane of Grand Cathay IV	false
character_trait_levels_colour_text_land_enc_trait_boon_bane_cathay_4	The lord has learned exactly how to make this enemy hurt the most.	false
character_trait_levels_explanation_text_land_enc_trait_boon_bane_cathay_4	Grows a level for every 5 won battles, up to level 5.	false
character_trait_levels_removal_land_enc_trait_boon_bane_cathay_4		false
character_trait_levels_onscreen_name_land_enc_trait_boon_bane_cathay_5	Bane of Grand Cathay V	false
character_trait_levels_colour_text_land_enc_trait_boon_bane_cathay_5	The lord has learned exactly how to make this enemy hurt the most.	false
character_trait_levels_explanation_text_land_enc_trait_boon_bane_cathay_5	Grows a level for every 5 won battles, up to level 5.	false
character_trait_levels_removal_land_enc_trait_boon_bane_cathay_5		false
character_trait_levels_onscreen_name_land_enc_trait_boon_bane_chaos_1	Bane of the Warriors of Chaos I	false
character_trait_levels_colour_text_land_enc_trait_boon_bane_chaos_1	The lord has learned exactly how to make this enemy hurt the most.	false
character_trait_levels_explanation_text_land_enc_trait_boon_bane_chaos_1	Grows a level for every 5 won battles, up to level 5.	false
character_trait_levels_removal_land_enc_trait_boon_bane_chaos_1		false
character_trait_levels_onscreen_name_land_enc_trait_boon_bane_chaos_2	Bane of the Warriors of Chaos II	false
character_trait_levels_colour_text_land_enc_trait_boon_bane_chaos_2	The lord has learned exactly how to make this enemy hurt the most.	false
character_trait_levels_explanation_text_land_enc_trait_boon_bane_chaos_2	Grows a level for every 5 won battles, up to level 5.	false
character_trait_levels_removal_land_enc_trait_boon_bane_chaos_2		false
character_trait_levels_onscreen_name_land_enc_trait_boon_bane_chaos_3	Bane of the Warriors of Chaos III	false
character_trait_levels_colour_text_land_enc_trait_boon_bane_chaos_3	The lord has learned exactly how to make this enemy hurt the most.	false
character_trait_levels_explanation_text_land_enc_trait_boon_bane_chaos_3	Grows a level for every 5 won battles, up to level 5.	false
character_trait_levels_removal_land_enc_trait_boon_bane_chaos_3		false
character_trait_levels_onscreen_name_land_enc_trait_boon_bane_chaos_4	Bane of the Warriors of Chaos IV	false
character_trait_levels_colour_text_land_enc_trait_boon_bane_chaos_4	The lord has learned exactly how to make this enemy hurt the most.	false
character_trait_levels_explanation_text_land_enc_trait_boon_bane_chaos_4	Grows a level for every 5 won battles, up to level 5.	false
character_trait_levels_removal_land_enc_trait_boon_bane_chaos_4		false
character_trait_levels_onscreen_name_land_enc_trait_boon_bane_chaos_5	Bane of the Warriors of Chaos V	false
character_trait_levels_colour_text_land_enc_trait_boon_bane_chaos_5	The lord has learned exactly how to make this enemy hurt the most.	false
character_trait_levels_explanation_text_land_enc_trait_boon_bane_chaos_5	Grows a level for every 5 won battles, up to level 5.	false
character_trait_levels_removal_land_enc_trait_boon_bane_chaos_5		false
character_trait_levels_onscreen_name_land_enc_trait_boon_bane_chaos_dwarfs_1	Bane of the Chaos Dwarfs I	false
character_trait_levels_colour_text_land_enc_trait_boon_bane_chaos_dwarfs_1	The lord has learned exactly how to make this enemy hurt the most.	false
character_trait_levels_explanation_text_land_enc_trait_boon_bane_chaos_dwarfs_1	Grows a level for every 5 won battles, up to level 5.	false
character_trait_levels_removal_land_enc_trait_boon_bane_chaos_dwarfs_1		false
character_trait_levels_onscreen_name_land_enc_trait_boon_bane_chaos_dwarfs_2	Bane of the Chaos Dwarfs II	false
character_trait_levels_colour_text_land_enc_trait_boon_bane_chaos_dwarfs_2	The lord has learned exactly how to make this enemy hurt the most.	false
character_trait_levels_explanation_text_land_enc_trait_boon_bane_chaos_dwarfs_2	Grows a level for every 5 won battles, up to level 5.	false
character_trait_levels_removal_land_enc_trait_boon_bane_chaos_dwarfs_2		false
character_trait_levels_onscreen_name_land_enc_trait_boon_bane_chaos_dwarfs_3	Bane of the Chaos Dwarfs III	false
character_trait_levels_colour_text_land_enc_trait_boon_bane_chaos_dwarfs_3	The lord has learned exactly how to make this enemy hurt the most.	false
character_trait_levels_explanation_text_land_enc_trait_boon_bane_chaos_dwarfs_3	Grows a level for every 5 won battles, up to level 5.	false
character_trait_levels_removal_land_enc_trait_boon_bane_chaos_dwarfs_3		false
character_trait_levels_onscreen_name_land_enc_trait_boon_bane_chaos_dwarfs_4	Bane of the Chaos Dwarfs IV	false
character_trait_levels_colour_text_land_enc_trait_boon_bane_chaos_dwarfs_4	The lord has learned exactly how to make this enemy hurt the most.	false
character_trait_levels_explanation_text_land_enc_trait_boon_bane_chaos_dwarfs_4	Grows a level for every 5 won battles, up to level 5.	false
character_trait_levels_removal_land_enc_trait_boon_bane_chaos_dwarfs_4		false
character_trait_levels_onscreen_name_land_enc_trait_boon_bane_chaos_dwarfs_5	Bane of the Chaos Dwarfs V	false
character_trait_levels_colour_text_land_enc_trait_boon_bane_chaos_dwarfs_5	The lord has learned exactly how to make this enemy hurt the most.	false
character_trait_levels_explanation_text_land_enc_trait_boon_bane_chaos_dwarfs_5	Grows a level for every 5 won battles, up to level 5.	false
character_trait_levels_removal_land_enc_trait_boon_bane_chaos_dwarfs_5		false
character_trait_levels_onscreen_name_land_enc_trait_boon_bane_daemons_1	Bane of the Daemons of Chaos I	false
character_trait_levels_colour_text_land_enc_trait_boon_bane_daemons_1	The lord has learned exactly how to make this enemy hurt the most.	false
character_trait_levels_explanation_text_land_enc_trait_boon_bane_daemons_1	Grows a level for every 5 won battles, up to level 5.	false
character_trait_levels_removal_land_enc_trait_boon_bane_daemons_1		false
character_trait_levels_onscreen_name_land_enc_trait_boon_bane_daemons_2	Bane of the Daemons of Chaos II	false
character_trait_levels_colour_text_land_enc_trait_boon_bane_daemons_2	The lord has learned exactly how to make this enemy hurt the most.	false
character_trait_levels_explanation_text_land_enc_trait_boon_bane_daemons_2	Grows a level for every 5 won battles, up to level 5.	false
character_trait_levels_removal_land_enc_trait_boon_bane_daemons_2		false
character_trait_levels_onscreen_name_land_enc_trait_boon_bane_daemons_3	Bane of the Daemons of Chaos III	false
character_trait_levels_colour_text_land_enc_trait_boon_bane_daemons_3	The lord has learned exactly how to make this enemy hurt the most.	false
character_trait_levels_explanation_text_land_enc_trait_boon_bane_daemons_3	Grows a level for every 5 won battles, up to level 5.	false
character_trait_levels_removal_land_enc_trait_boon_bane_daemons_3		false
character_trait_levels_onscreen_name_land_enc_trait_boon_bane_daemons_4	Bane of the Daemons of Chaos IV	false
character_trait_levels_colour_text_land_enc_trait_boon_bane_daemons_4	The lord has learned exactly how to make this enemy hurt the most.	false
character_trait_levels_explanation_text_land_enc_trait_boon_bane_daemons_4	Grows a level for every 5 won battles, up to level 5.	false
character_trait_levels_removal_land_enc_trait_boon_bane_daemons_4		false
character_trait_levels_onscreen_name_land_enc_trait_boon_bane_daemons_5	Bane of the Daemons of Chaos V	false
character_trait_levels_colour_text_land_enc_trait_boon_bane_daemons_5	The lord has learned exactly how to make this enemy hurt the most.	false
character_trait_levels_explanation_text_land_enc_trait_boon_bane_daemons_5	Grows a level for every 5 won battles, up to level 5.	false
character_trait_levels_removal_land_enc_trait_boon_bane_daemons_5		false
character_trait_levels_onscreen_name_land_enc_trait_boon_bane_dark_elves_1	Bane of the Dark Elves I	false
character_trait_levels_colour_text_land_enc_trait_boon_bane_dark_elves_1	The lord has learned exactly how to make this enemy hurt the most.	false
character_trait_levels_explanation_text_land_enc_trait_boon_bane_dark_elves_1	Grows a level for every 5 won battles, up to level 5.	false
character_trait_levels_removal_land_enc_trait_boon_bane_dark_elves_1		false
character_trait_levels_onscreen_name_land_enc_trait_boon_bane_dark_elves_2	Bane of the Dark Elves II	false
character_trait_levels_colour_text_land_enc_trait_boon_bane_dark_elves_2	The lord has learned exactly how to make this enemy hurt the most.	false
character_trait_levels_explanation_text_land_enc_trait_boon_bane_dark_elves_2	Grows a level for every 5 won battles, up to level 5.	false
character_trait_levels_removal_land_enc_trait_boon_bane_dark_elves_2		false
character_trait_levels_onscreen_name_land_enc_trait_boon_bane_dark_elves_3	Bane of the Dark Elves III	false
character_trait_levels_colour_text_land_enc_trait_boon_bane_dark_elves_3	The lord has learned exactly how to make this enemy hurt the most.	false
character_trait_levels_explanation_text_land_enc_trait_boon_bane_dark_elves_3	Grows a level for every 5 won battles, up to level 5.	false
character_trait_levels_removal_land_enc_trait_boon_bane_dark_elves_3		false
character_trait_levels_onscreen_name_land_enc_trait_boon_bane_dark_elves_4	Bane of the Dark Elves IV	false
character_trait_levels_colour_text_land_enc_trait_boon_bane_dark_elves_4	The lord has learned exactly how to make this enemy hurt the most.	false
character_trait_levels_explanation_text_land_enc_trait_boon_bane_dark_elves_4	Grows a level for every 5 won battles, up to level 5.	false
character_trait_levels_removal_land_enc_trait_boon_bane_dark_elves_4		false
character_trait_levels_onscreen_name_land_enc_trait_boon_bane_dark_elves_5	Bane of the Dark Elves V	false
character_trait_levels_colour_text_land_enc_trait_boon_bane_dark_elves_5	The lord has learned exactly how to make this enemy hurt the most.	false
character_trait_levels_explanation_text_land_enc_trait_boon_bane_dark_elves_5	Grows a level for every 5 won battles, up to level 5.	false
character_trait_levels_removal_land_enc_trait_boon_bane_dark_elves_5		false
character_trait_levels_onscreen_name_land_enc_trait_boon_bane_dwarfs_1	Bane of the Dwarfs I	false
character_trait_levels_colour_text_land_enc_trait_boon_bane_dwarfs_1	The lord has learned exactly how to make this enemy hurt the most.	false
character_trait_levels_explanation_text_land_enc_trait_boon_bane_dwarfs_1	Grows a level for every 5 won battles, up to level 5.	false
character_trait_levels_removal_land_enc_trait_boon_bane_dwarfs_1		false
character_trait_levels_onscreen_name_land_enc_trait_boon_bane_dwarfs_2	Bane of the Dwarfs II	false
character_trait_levels_colour_text_land_enc_trait_boon_bane_dwarfs_2	The lord has learned exactly how to make this enemy hurt the most.	false
character_trait_levels_explanation_text_land_enc_trait_boon_bane_dwarfs_2	Grows a level for every 5 won battles, up to level 5.	false
character_trait_levels_removal_land_enc_trait_boon_bane_dwarfs_2		false
character_trait_levels_onscreen_name_land_enc_trait_boon_bane_dwarfs_3	Bane of the Dwarfs III	false
character_trait_levels_colour_text_land_enc_trait_boon_bane_dwarfs_3	The lord has learned exactly how to make this enemy hurt the most.	false
character_trait_levels_explanation_text_land_enc_trait_boon_bane_dwarfs_3	Grows a level for every 5 won battles, up to level 5.	false
character_trait_levels_removal_land_enc_trait_boon_bane_dwarfs_3		false
character_trait_levels_onscreen_name_land_enc_trait_boon_bane_dwarfs_4	Bane of the Dwarfs IV	false
character_trait_levels_colour_text_land_enc_trait_boon_bane_dwarfs_4	The lord has learned exactly how to make this enemy hurt the most.	false
character_trait_levels_explanation_text_land_enc_trait_boon_bane_dwarfs_4	Grows a level for every 5 won battles, up to level 5.	false
character_trait_levels_removal_land_enc_trait_boon_bane_dwarfs_4		false
character_trait_levels_onscreen_name_land_enc_trait_boon_bane_dwarfs_5	Bane of the Dwarfs V	false
character_trait_levels_colour_text_land_enc_trait_boon_bane_dwarfs_5	The lord has learned exactly how to make this enemy hurt the most.	false
character_trait_levels_explanation_text_land_enc_trait_boon_bane_dwarfs_5	Grows a level for every 5 won battles, up to level 5.	false
character_trait_levels_removal_land_enc_trait_boon_bane_dwarfs_5		false
character_trait_levels_onscreen_name_land_enc_trait_boon_bane_empire_1	Bane of the Empire I	false
character_trait_levels_colour_text_land_enc_trait_boon_bane_empire_1	The lord has learned exactly how to make this enemy hurt the most.	false
character_trait_levels_explanation_text_land_enc_trait_boon_bane_empire_1	Grows a level for every 5 won battles, up to level 5.	false
character_trait_levels_removal_land_enc_trait_boon_bane_empire_1		false
character_trait_levels_onscreen_name_land_enc_trait_boon_bane_empire_2	Bane of the Empire II	false
character_trait_levels_colour_text_land_enc_trait_boon_bane_empire_2	The lord has learned exactly how to make this enemy hurt the most.	false
character_trait_levels_explanation_text_land_enc_trait_boon_bane_empire_2	Grows a level for every 5 won battles, up to level 5.	false
character_trait_levels_removal_land_enc_trait_boon_bane_empire_2		false
character_trait_levels_onscreen_name_land_enc_trait_boon_bane_empire_3	Bane of the Empire III	false
character_trait_levels_colour_text_land_enc_trait_boon_bane_empire_3	The lord has learned exactly how to make this enemy hurt the most.	false
character_trait_levels_explanation_text_land_enc_trait_boon_bane_empire_3	Grows a level for every 5 won battles, up to level 5.	false
character_trait_levels_removal_land_enc_trait_boon_bane_empire_3		false
character_trait_levels_onscreen_name_land_enc_trait_boon_bane_empire_4	Bane of the Empire IV	false
character_trait_levels_colour_text_land_enc_trait_boon_bane_empire_4	The lord has learned exactly how to make this enemy hurt the most.	false
character_trait_levels_explanation_text_land_enc_trait_boon_bane_empire_4	Grows a level for every 5 won battles, up to level 5.	false
character_trait_levels_removal_land_enc_trait_boon_bane_empire_4		false
character_trait_levels_onscreen_name_land_enc_trait_boon_bane_empire_5	Bane of the Empire V	false
character_trait_levels_colour_text_land_enc_trait_boon_bane_empire_5	The lord has learned exactly how to make this enemy hurt the most.	false
character_trait_levels_explanation_text_land_enc_trait_boon_bane_empire_5	Grows a level for every 5 won battles, up to level 5.	false
character_trait_levels_removal_land_enc_trait_boon_bane_empire_5		false
character_trait_levels_onscreen_name_land_enc_trait_boon_bane_greenskins_1	Bane of the Greenskins I	false
character_trait_levels_colour_text_land_enc_trait_boon_bane_greenskins_1	The lord has learned exactly how to make this enemy hurt the most.	false
character_trait_levels_explanation_text_land_enc_trait_boon_bane_greenskins_1	Grows a level for every 5 won battles, up to level 5.	false
character_trait_levels_removal_land_enc_trait_boon_bane_greenskins_1		false
character_trait_levels_onscreen_name_land_enc_trait_boon_bane_greenskins_2	Bane of the Greenskins II	false
character_trait_levels_colour_text_land_enc_trait_boon_bane_greenskins_2	The lord has learned exactly how to make this enemy hurt the most.	false
character_trait_levels_explanation_text_land_enc_trait_boon_bane_greenskins_2	Grows a level for every 5 won battles, up to level 5.	false
character_trait_levels_removal_land_enc_trait_boon_bane_greenskins_2		false
character_trait_levels_onscreen_name_land_enc_trait_boon_bane_greenskins_3	Bane of the Greenskins III	false
character_trait_levels_colour_text_land_enc_trait_boon_bane_greenskins_3	The lord has learned exactly how to make this enemy hurt the most.	false
character_trait_levels_explanation_text_land_enc_trait_boon_bane_greenskins_3	Grows a level for every 5 won battles, up to level 5.	false
character_trait_levels_removal_land_enc_trait_boon_bane_greenskins_3		false
character_trait_levels_onscreen_name_land_enc_trait_boon_bane_greenskins_4	Bane of the Greenskins IV	false
character_trait_levels_colour_text_land_enc_trait_boon_bane_greenskins_4	The lord has learned exactly how to make this enemy hurt the most.	false
character_trait_levels_explanation_text_land_enc_trait_boon_bane_greenskins_4	Grows a level for every 5 won battles, up to level 5.	false
character_trait_levels_removal_land_enc_trait_boon_bane_greenskins_4		false
character_trait_levels_onscreen_name_land_enc_trait_boon_bane_greenskins_5	Bane of the Greenskins V	false
character_trait_levels_colour_text_land_enc_trait_boon_bane_greenskins_5	The lord has learned exactly how to make this enemy hurt the most.	false
character_trait_levels_explanation_text_land_enc_trait_boon_bane_greenskins_5	Grows a level for every 5 won battles, up to level 5.	false
character_trait_levels_removal_land_enc_trait_boon_bane_greenskins_5		false
character_trait_levels_onscreen_name_land_enc_trait_boon_bane_high_elves_1	Bane of the High Elves I	false
character_trait_levels_colour_text_land_enc_trait_boon_bane_high_elves_1	The lord has learned exactly how to make this enemy hurt the most.	false
character_trait_levels_explanation_text_land_enc_trait_boon_bane_high_elves_1	Grows a level for every 5 won battles, up to level 5.	false
character_trait_levels_removal_land_enc_trait_boon_bane_high_elves_1		false
character_trait_levels_onscreen_name_land_enc_trait_boon_bane_high_elves_2	Bane of the High Elves II	false
character_trait_levels_colour_text_land_enc_trait_boon_bane_high_elves_2	The lord has learned exactly how to make this enemy hurt the most.	false
character_trait_levels_explanation_text_land_enc_trait_boon_bane_high_elves_2	Grows a level for every 5 won battles, up to level 5.	false
character_trait_levels_removal_land_enc_trait_boon_bane_high_elves_2		false
character_trait_levels_onscreen_name_land_enc_trait_boon_bane_high_elves_3	Bane of the High Elves III	false
character_trait_levels_colour_text_land_enc_trait_boon_bane_high_elves_3	The lord has learned exactly how to make this enemy hurt the most.	false
character_trait_levels_explanation_text_land_enc_trait_boon_bane_high_elves_3	Grows a level for every 5 won battles, up to level 5.	false
character_trait_levels_removal_land_enc_trait_boon_bane_high_elves_3		false
character_trait_levels_onscreen_name_land_enc_trait_boon_bane_high_elves_4	Bane of the High Elves IV	false
character_trait_levels_colour_text_land_enc_trait_boon_bane_high_elves_4	The lord has learned exactly how to make this enemy hurt the most.	false
character_trait_levels_explanation_text_land_enc_trait_boon_bane_high_elves_4	Grows a level for every 5 won battles, up to level 5.	false
character_trait_levels_removal_land_enc_trait_boon_bane_high_elves_4		false
character_trait_levels_onscreen_name_land_enc_trait_boon_bane_high_elves_5	Bane of the High Elves V	false
character_trait_levels_colour_text_land_enc_trait_boon_bane_high_elves_5	The lord has learned exactly how to make this enemy hurt the most.	false
character_trait_levels_explanation_text_land_enc_trait_boon_bane_high_elves_5	Grows a level for every 5 won battles, up to level 5.	false
character_trait_levels_removal_land_enc_trait_boon_bane_high_elves_5		false
character_trait_levels_onscreen_name_land_enc_trait_boon_bane_khorne_1	Bane of Khorne I	false
character_trait_levels_colour_text_land_enc_trait_boon_bane_khorne_1	The lord has learned exactly how to make this enemy hurt the most.	false
character_trait_levels_explanation_text_land_enc_trait_boon_bane_khorne_1	Grows a level for every 5 won battles, up to level 5.	false
character_trait_levels_removal_land_enc_trait_boon_bane_khorne_1		false
character_trait_levels_onscreen_name_land_enc_trait_boon_bane_khorne_2	Bane of Khorne II	false
character_trait_levels_colour_text_land_enc_trait_boon_bane_khorne_2	The lord has learned exactly how to make this enemy hurt the most.	false
character_trait_levels_explanation_text_land_enc_trait_boon_bane_khorne_2	Grows a level for every 5 won battles, up to level 5.	false
character_trait_levels_removal_land_enc_trait_boon_bane_khorne_2		false
character_trait_levels_onscreen_name_land_enc_trait_boon_bane_khorne_3	Bane of Khorne III	false
character_trait_levels_colour_text_land_enc_trait_boon_bane_khorne_3	The lord has learned exactly how to make this enemy hurt the most.	false
character_trait_levels_explanation_text_land_enc_trait_boon_bane_khorne_3	Grows a level for every 5 won battles, up to level 5.	false
character_trait_levels_removal_land_enc_trait_boon_bane_khorne_3		false
character_trait_levels_onscreen_name_land_enc_trait_boon_bane_khorne_4	Bane of Khorne IV	false
character_trait_levels_colour_text_land_enc_trait_boon_bane_khorne_4	The lord has learned exactly how to make this enemy hurt the most.	false
character_trait_levels_explanation_text_land_enc_trait_boon_bane_khorne_4	Grows a level for every 5 won battles, up to level 5.	false
character_trait_levels_removal_land_enc_trait_boon_bane_khorne_4		false
character_trait_levels_onscreen_name_land_enc_trait_boon_bane_khorne_5	Bane of Khorne V	false
character_trait_levels_colour_text_land_enc_trait_boon_bane_khorne_5	The lord has learned exactly how to make this enemy hurt the most.	false
character_trait_levels_explanation_text_land_enc_trait_boon_bane_khorne_5	Grows a level for every 5 won battles, up to level 5.	false
character_trait_levels_removal_land_enc_trait_boon_bane_khorne_5		false
character_trait_levels_onscreen_name_land_enc_trait_boon_bane_kislev_1	Bane of Kislev I	false
character_trait_levels_colour_text_land_enc_trait_boon_bane_kislev_1	The lord has learned exactly how to make this enemy hurt the most.	false
character_trait_levels_explanation_text_land_enc_trait_boon_bane_kislev_1	Grows a level for every 5 won battles, up to level 5.	false
character_trait_levels_removal_land_enc_trait_boon_bane_kislev_1		false
character_trait_levels_onscreen_name_land_enc_trait_boon_bane_kislev_2	Bane of Kislev II	false
character_trait_levels_colour_text_land_enc_trait_boon_bane_kislev_2	The lord has learned exactly how to make this enemy hurt the most.	false
character_trait_levels_explanation_text_land_enc_trait_boon_bane_kislev_2	Grows a level for every 5 won battles, up to level 5.	false
character_trait_levels_removal_land_enc_trait_boon_bane_kislev_2		false
character_trait_levels_onscreen_name_land_enc_trait_boon_bane_kislev_3	Bane of Kislev III	false
character_trait_levels_colour_text_land_enc_trait_boon_bane_kislev_3	The lord has learned exactly how to make this enemy hurt the most.	false
character_trait_levels_explanation_text_land_enc_trait_boon_bane_kislev_3	Grows a level for every 5 won battles, up to level 5.	false
character_trait_levels_removal_land_enc_trait_boon_bane_kislev_3		false
character_trait_levels_onscreen_name_land_enc_trait_boon_bane_kislev_4	Bane of Kislev IV	false
character_trait_levels_colour_text_land_enc_trait_boon_bane_kislev_4	The lord has learned exactly how to make this enemy hurt the most.	false
character_trait_levels_explanation_text_land_enc_trait_boon_bane_kislev_4	Grows a level for every 5 won battles, up to level 5.	false
character_trait_levels_removal_land_enc_trait_boon_bane_kislev_4		false
character_trait_levels_onscreen_name_land_enc_trait_boon_bane_kislev_5	Bane of Kislev V	false
character_trait_levels_colour_text_land_enc_trait_boon_bane_kislev_5	The lord has learned exactly how to make this enemy hurt the most.	false
character_trait_levels_explanation_text_land_enc_trait_boon_bane_kislev_5	Grows a level for every 5 won battles, up to level 5.	false
character_trait_levels_removal_land_enc_trait_boon_bane_kislev_5		false
character_trait_levels_onscreen_name_land_enc_trait_boon_bane_lizardmen_1	Bane of the Lizardmen I	false
character_trait_levels_colour_text_land_enc_trait_boon_bane_lizardmen_1	The lord has learned exactly how to make this enemy hurt the most.	false
character_trait_levels_explanation_text_land_enc_trait_boon_bane_lizardmen_1	Grows a level for every 5 won battles, up to level 5.	false
character_trait_levels_removal_land_enc_trait_boon_bane_lizardmen_1		false
character_trait_levels_onscreen_name_land_enc_trait_boon_bane_lizardmen_2	Bane of the Lizardmen II	false
character_trait_levels_colour_text_land_enc_trait_boon_bane_lizardmen_2	The lord has learned exactly how to make this enemy hurt the most.	false
character_trait_levels_explanation_text_land_enc_trait_boon_bane_lizardmen_2	Grows a level for every 5 won battles, up to level 5.	false
character_trait_levels_removal_land_enc_trait_boon_bane_lizardmen_2		false
character_trait_levels_onscreen_name_land_enc_trait_boon_bane_lizardmen_3	Bane of the Lizardmen III	false
character_trait_levels_colour_text_land_enc_trait_boon_bane_lizardmen_3	The lord has learned exactly how to make this enemy hurt the most.	false
character_trait_levels_explanation_text_land_enc_trait_boon_bane_lizardmen_3	Grows a level for every 5 won battles, up to level 5.	false
character_trait_levels_removal_land_enc_trait_boon_bane_lizardmen_3		false
character_trait_levels_onscreen_name_land_enc_trait_boon_bane_lizardmen_4	Bane of the Lizardmen IV	false
character_trait_levels_colour_text_land_enc_trait_boon_bane_lizardmen_4	The lord has learned exactly how to make this enemy hurt the most.	false
character_trait_levels_explanation_text_land_enc_trait_boon_bane_lizardmen_4	Grows a level for every 5 won battles, up to level 5.	false
character_trait_levels_removal_land_enc_trait_boon_bane_lizardmen_4		false
character_trait_levels_onscreen_name_land_enc_trait_boon_bane_lizardmen_5	Bane of the Lizardmen V	false
character_trait_levels_colour_text_land_enc_trait_boon_bane_lizardmen_5	The lord has learned exactly how to make this enemy hurt the most.	false
character_trait_levels_explanation_text_land_enc_trait_boon_bane_lizardmen_5	Grows a level for every 5 won battles, up to level 5.	false
character_trait_levels_removal_land_enc_trait_boon_bane_lizardmen_5		false
character_trait_levels_onscreen_name_land_enc_trait_boon_bane_norsca_1	Bane of Norsca I	false
character_trait_levels_colour_text_land_enc_trait_boon_bane_norsca_1	The lord has learned exactly how to make this enemy hurt the most.	false
character_trait_levels_explanation_text_land_enc_trait_boon_bane_norsca_1	Grows a level for every 5 won battles, up to level 5.	false
character_trait_levels_removal_land_enc_trait_boon_bane_norsca_1		false
character_trait_levels_onscreen_name_land_enc_trait_boon_bane_norsca_2	Bane of Norsca II	false
character_trait_levels_colour_text_land_enc_trait_boon_bane_norsca_2	The lord has learned exactly how to make this enemy hurt the most.	false
character_trait_levels_explanation_text_land_enc_trait_boon_bane_norsca_2	Grows a level for every 5 won battles, up to level 5.	false
character_trait_levels_removal_land_enc_trait_boon_bane_norsca_2		false
character_trait_levels_onscreen_name_land_enc_trait_boon_bane_norsca_3	Bane of Norsca III	false
character_trait_levels_colour_text_land_enc_trait_boon_bane_norsca_3	The lord has learned exactly how to make this enemy hurt the most.	false
character_trait_levels_explanation_text_land_enc_trait_boon_bane_norsca_3	Grows a level for every 5 won battles, up to level 5.	false
character_trait_levels_removal_land_enc_trait_boon_bane_norsca_3		false
character_trait_levels_onscreen_name_land_enc_trait_boon_bane_norsca_4	Bane of Norsca IV	false
character_trait_levels_colour_text_land_enc_trait_boon_bane_norsca_4	The lord has learned exactly how to make this enemy hurt the most.	false
character_trait_levels_explanation_text_land_enc_trait_boon_bane_norsca_4	Grows a level for every 5 won battles, up to level 5.	false
character_trait_levels_removal_land_enc_trait_boon_bane_norsca_4		false
character_trait_levels_onscreen_name_land_enc_trait_boon_bane_norsca_5	Bane of Norsca V	false
character_trait_levels_colour_text_land_enc_trait_boon_bane_norsca_5	The lord has learned exactly how to make this enemy hurt the most.	false
character_trait_levels_explanation_text_land_enc_trait_boon_bane_norsca_5	Grows a level for every 5 won battles, up to level 5.	false
character_trait_levels_removal_land_enc_trait_boon_bane_norsca_5		false
character_trait_levels_onscreen_name_land_enc_trait_boon_bane_nurgle_1	Bane of Nurgle I	false
character_trait_levels_colour_text_land_enc_trait_boon_bane_nurgle_1	The lord has learned exactly how to make this enemy hurt the most.	false
character_trait_levels_explanation_text_land_enc_trait_boon_bane_nurgle_1	Grows a level for every 5 won battles, up to level 5.	false
character_trait_levels_removal_land_enc_trait_boon_bane_nurgle_1		false
character_trait_levels_onscreen_name_land_enc_trait_boon_bane_nurgle_2	Bane of Nurgle II	false
character_trait_levels_colour_text_land_enc_trait_boon_bane_nurgle_2	The lord has learned exactly how to make this enemy hurt the most.	false
character_trait_levels_explanation_text_land_enc_trait_boon_bane_nurgle_2	Grows a level for every 5 won battles, up to level 5.	false
character_trait_levels_removal_land_enc_trait_boon_bane_nurgle_2		false
character_trait_levels_onscreen_name_land_enc_trait_boon_bane_nurgle_3	Bane of Nurgle III	false
character_trait_levels_colour_text_land_enc_trait_boon_bane_nurgle_3	The lord has learned exactly how to make this enemy hurt the most.	false
character_trait_levels_explanation_text_land_enc_trait_boon_bane_nurgle_3	Grows a level for every 5 won battles, up to level 5.	false
character_trait_levels_removal_land_enc_trait_boon_bane_nurgle_3		false
character_trait_levels_onscreen_name_land_enc_trait_boon_bane_nurgle_4	Bane of Nurgle IV	false
character_trait_levels_colour_text_land_enc_trait_boon_bane_nurgle_4	The lord has learned exactly how to make this enemy hurt the most.	false
character_trait_levels_explanation_text_land_enc_trait_boon_bane_nurgle_4	Grows a level for every 5 won battles, up to level 5.	false
character_trait_levels_removal_land_enc_trait_boon_bane_nurgle_4		false
character_trait_levels_onscreen_name_land_enc_trait_boon_bane_nurgle_5	Bane of Nurgle V	false
character_trait_levels_colour_text_land_enc_trait_boon_bane_nurgle_5	The lord has learned exactly how to make this enemy hurt the most.	false
character_trait_levels_explanation_text_land_enc_trait_boon_bane_nurgle_5	Grows a level for every 5 won battles, up to level 5.	false
character_trait_levels_removal_land_enc_trait_boon_bane_nurgle_5		false
character_trait_levels_onscreen_name_land_enc_trait_boon_bane_ogres_1	Bane of the Ogre Kingdoms I	false
character_trait_levels_colour_text_land_enc_trait_boon_bane_ogres_1	The lord has learned exactly how to make this enemy hurt the most.	false
character_trait_levels_explanation_text_land_enc_trait_boon_bane_ogres_1	Grows a level for every 5 won battles, up to level 5.	false
character_trait_levels_removal_land_enc_trait_boon_bane_ogres_1		false
character_trait_levels_onscreen_name_land_enc_trait_boon_bane_ogres_2	Bane of the Ogre Kingdoms II	false
character_trait_levels_colour_text_land_enc_trait_boon_bane_ogres_2	The lord has learned exactly how to make this enemy hurt the most.	false
character_trait_levels_explanation_text_land_enc_trait_boon_bane_ogres_2	Grows a level for every 5 won battles, up to level 5.	false
character_trait_levels_removal_land_enc_trait_boon_bane_ogres_2		false
character_trait_levels_onscreen_name_land_enc_trait_boon_bane_ogres_3	Bane of the Ogre Kingdoms III	false
character_trait_levels_colour_text_land_enc_trait_boon_bane_ogres_3	The lord has learned exactly how to make this enemy hurt the most.	false
character_trait_levels_explanation_text_land_enc_trait_boon_bane_ogres_3	Grows a level for every 5 won battles, up to level 5.	false
character_trait_levels_removal_land_enc_trait_boon_bane_ogres_3		false
character_trait_levels_onscreen_name_land_enc_trait_boon_bane_ogres_4	Bane of the Ogre Kingdoms IV	false
character_trait_levels_colour_text_land_enc_trait_boon_bane_ogres_4	The lord has learned exactly how to make this enemy hurt the most.	false
character_trait_levels_explanation_text_land_enc_trait_boon_bane_ogres_4	Grows a level for every 5 won battles, up to level 5.	false
character_trait_levels_removal_land_enc_trait_boon_bane_ogres_4		false
character_trait_levels_onscreen_name_land_enc_trait_boon_bane_ogres_5	Bane of the Ogre Kingdoms V	false
character_trait_levels_colour_text_land_enc_trait_boon_bane_ogres_5	The lord has learned exactly how to make this enemy hurt the most.	false
character_trait_levels_explanation_text_land_enc_trait_boon_bane_ogres_5	Grows a level for every 5 won battles, up to level 5.	false
character_trait_levels_removal_land_enc_trait_boon_bane_ogres_5		false
character_trait_levels_onscreen_name_land_enc_trait_boon_bane_skaven_1	Bane of the Skaven I	false
character_trait_levels_colour_text_land_enc_trait_boon_bane_skaven_1	The lord has learned exactly how to make this enemy hurt the most.	false
character_trait_levels_explanation_text_land_enc_trait_boon_bane_skaven_1	Grows a level for every 5 won battles, up to level 5.	false
character_trait_levels_removal_land_enc_trait_boon_bane_skaven_1		false
character_trait_levels_onscreen_name_land_enc_trait_boon_bane_skaven_2	Bane of the Skaven II	false
character_trait_levels_colour_text_land_enc_trait_boon_bane_skaven_2	The lord has learned exactly how to make this enemy hurt the most.	false
character_trait_levels_explanation_text_land_enc_trait_boon_bane_skaven_2	Grows a level for every 5 won battles, up to level 5.	false
character_trait_levels_removal_land_enc_trait_boon_bane_skaven_2		false
character_trait_levels_onscreen_name_land_enc_trait_boon_bane_skaven_3	Bane of the Skaven III	false
character_trait_levels_colour_text_land_enc_trait_boon_bane_skaven_3	The lord has learned exactly how to make this enemy hurt the most.	false
character_trait_levels_explanation_text_land_enc_trait_boon_bane_skaven_3	Grows a level for every 5 won battles, up to level 5.	false
character_trait_levels_removal_land_enc_trait_boon_bane_skaven_3		false
character_trait_levels_onscreen_name_land_enc_trait_boon_bane_skaven_4	Bane of the Skaven IV	false
character_trait_levels_colour_text_land_enc_trait_boon_bane_skaven_4	The lord has learned exactly how to make this enemy hurt the most.	false
character_trait_levels_explanation_text_land_enc_trait_boon_bane_skaven_4	Grows a level for every 5 won battles, up to level 5.	false
character_trait_levels_removal_land_enc_trait_boon_bane_skaven_4		false
character_trait_levels_onscreen_name_land_enc_trait_boon_bane_skaven_5	Bane of the Skaven V	false
character_trait_levels_colour_text_land_enc_trait_boon_bane_skaven_5	The lord has learned exactly how to make this enemy hurt the most.	false
character_trait_levels_explanation_text_land_enc_trait_boon_bane_skaven_5	Grows a level for every 5 won battles, up to level 5.	false
character_trait_levels_removal_land_enc_trait_boon_bane_skaven_5		false
character_trait_levels_onscreen_name_land_enc_trait_boon_bane_slaanesh_1	Bane of Slaanesh I	false
character_trait_levels_colour_text_land_enc_trait_boon_bane_slaanesh_1	The lord has learned exactly how to make this enemy hurt the most.	false
character_trait_levels_explanation_text_land_enc_trait_boon_bane_slaanesh_1	Grows a level for every 5 won battles, up to level 5.	false
character_trait_levels_removal_land_enc_trait_boon_bane_slaanesh_1		false
character_trait_levels_onscreen_name_land_enc_trait_boon_bane_slaanesh_2	Bane of Slaanesh II	false
character_trait_levels_colour_text_land_enc_trait_boon_bane_slaanesh_2	The lord has learned exactly how to make this enemy hurt the most.	false
character_trait_levels_explanation_text_land_enc_trait_boon_bane_slaanesh_2	Grows a level for every 5 won battles, up to level 5.	false
character_trait_levels_removal_land_enc_trait_boon_bane_slaanesh_2		false
character_trait_levels_onscreen_name_land_enc_trait_boon_bane_slaanesh_3	Bane of Slaanesh III	false
character_trait_levels_colour_text_land_enc_trait_boon_bane_slaanesh_3	The lord has learned exactly how to make this enemy hurt the most.	false
character_trait_levels_explanation_text_land_enc_trait_boon_bane_slaanesh_3	Grows a level for every 5 won battles, up to level 5.	false
character_trait_levels_removal_land_enc_trait_boon_bane_slaanesh_3		false
character_trait_levels_onscreen_name_land_enc_trait_boon_bane_slaanesh_4	Bane of Slaanesh IV	false
character_trait_levels_colour_text_land_enc_trait_boon_bane_slaanesh_4	The lord has learned exactly how to make this enemy hurt the most.	false
character_trait_levels_explanation_text_land_enc_trait_boon_bane_slaanesh_4	Grows a level for every 5 won battles, up to level 5.	false
character_trait_levels_removal_land_enc_trait_boon_bane_slaanesh_4		false
character_trait_levels_onscreen_name_land_enc_trait_boon_bane_slaanesh_5	Bane of Slaanesh V	false
character_trait_levels_colour_text_land_enc_trait_boon_bane_slaanesh_5	The lord has learned exactly how to make this enemy hurt the most.	false
character_trait_levels_explanation_text_land_enc_trait_boon_bane_slaanesh_5	Grows a level for every 5 won battles, up to level 5.	false
character_trait_levels_removal_land_enc_trait_boon_bane_slaanesh_5		false
character_trait_levels_onscreen_name_land_enc_trait_boon_bane_tomb_kings_1	Bane of the Tomb Kings I	false
character_trait_levels_colour_text_land_enc_trait_boon_bane_tomb_kings_1	The lord has learned exactly how to make this enemy hurt the most.	false
character_trait_levels_explanation_text_land_enc_trait_boon_bane_tomb_kings_1	Grows a level for every 5 won battles, up to level 5.	false
character_trait_levels_removal_land_enc_trait_boon_bane_tomb_kings_1		false
character_trait_levels_onscreen_name_land_enc_trait_boon_bane_tomb_kings_2	Bane of the Tomb Kings II	false
character_trait_levels_colour_text_land_enc_trait_boon_bane_tomb_kings_2	The lord has learned exactly how to make this enemy hurt the most.	false
character_trait_levels_explanation_text_land_enc_trait_boon_bane_tomb_kings_2	Grows a level for every 5 won battles, up to level 5.	false
character_trait_levels_removal_land_enc_trait_boon_bane_tomb_kings_2		false
character_trait_levels_onscreen_name_land_enc_trait_boon_bane_tomb_kings_3	Bane of the Tomb Kings III	false
character_trait_levels_colour_text_land_enc_trait_boon_bane_tomb_kings_3	The lord has learned exactly how to make this enemy hurt the most.	false
character_trait_levels_explanation_text_land_enc_trait_boon_bane_tomb_kings_3	Grows a level for every 5 won battles, up to level 5.	false
character_trait_levels_removal_land_enc_trait_boon_bane_tomb_kings_3		false
character_trait_levels_onscreen_name_land_enc_trait_boon_bane_tomb_kings_4	Bane of the Tomb Kings IV	false
character_trait_levels_colour_text_land_enc_trait_boon_bane_tomb_kings_4	The lord has learned exactly how to make this enemy hurt the most.	false
character_trait_levels_explanation_text_land_enc_trait_boon_bane_tomb_kings_4	Grows a level for every 5 won battles, up to level 5.	false
character_trait_levels_removal_land_enc_trait_boon_bane_tomb_kings_4		false
character_trait_levels_onscreen_name_land_enc_trait_boon_bane_tomb_kings_5	Bane of the Tomb Kings V	false
character_trait_levels_colour_text_land_enc_trait_boon_bane_tomb_kings_5	The lord has learned exactly how to make this enemy hurt the most.	false
character_trait_levels_explanation_text_land_enc_trait_boon_bane_tomb_kings_5	Grows a level for every 5 won battles, up to level 5.	false
character_trait_levels_removal_land_enc_trait_boon_bane_tomb_kings_5		false
character_trait_levels_onscreen_name_land_enc_trait_boon_bane_tzeentch_1	Bane of Tzeentch I	false
character_trait_levels_colour_text_land_enc_trait_boon_bane_tzeentch_1	The lord has learned exactly how to make this enemy hurt the most.	false
character_trait_levels_explanation_text_land_enc_trait_boon_bane_tzeentch_1	Grows a level for every 5 won battles, up to level 5.	false
character_trait_levels_removal_land_enc_trait_boon_bane_tzeentch_1		false
character_trait_levels_onscreen_name_land_enc_trait_boon_bane_tzeentch_2	Bane of Tzeentch II	false
character_trait_levels_colour_text_land_enc_trait_boon_bane_tzeentch_2	The lord has learned exactly how to make this enemy hurt the most.	false
character_trait_levels_explanation_text_land_enc_trait_boon_bane_tzeentch_2	Grows a level for every 5 won battles, up to level 5.	false
character_trait_levels_removal_land_enc_trait_boon_bane_tzeentch_2		false
character_trait_levels_onscreen_name_land_enc_trait_boon_bane_tzeentch_3	Bane of Tzeentch III	false
character_trait_levels_colour_text_land_enc_trait_boon_bane_tzeentch_3	The lord has learned exactly how to make this enemy hurt the most.	false
character_trait_levels_explanation_text_land_enc_trait_boon_bane_tzeentch_3	Grows a level for every 5 won battles, up to level 5.	false
character_trait_levels_removal_land_enc_trait_boon_bane_tzeentch_3		false
character_trait_levels_onscreen_name_land_enc_trait_boon_bane_tzeentch_4	Bane of Tzeentch IV	false
character_trait_levels_colour_text_land_enc_trait_boon_bane_tzeentch_4	The lord has learned exactly how to make this enemy hurt the most.	false
character_trait_levels_explanation_text_land_enc_trait_boon_bane_tzeentch_4	Grows a level for every 5 won battles, up to level 5.	false
character_trait_levels_removal_land_enc_trait_boon_bane_tzeentch_4		false
character_trait_levels_onscreen_name_land_enc_trait_boon_bane_tzeentch_5	Bane of Tzeentch V	false
character_trait_levels_colour_text_land_enc_trait_boon_bane_tzeentch_5	The lord has learned exactly how to make this enemy hurt the most.	false
character_trait_levels_explanation_text_land_enc_trait_boon_bane_tzeentch_5	Grows a level for every 5 won battles, up to level 5.	false
character_trait_levels_removal_land_enc_trait_boon_bane_tzeentch_5		false
character_trait_levels_onscreen_name_land_enc_trait_boon_bane_vampire_coast_1	Bane of the Vampire Coast I	false
character_trait_levels_colour_text_land_enc_trait_boon_bane_vampire_coast_1	The lord has learned exactly how to make this enemy hurt the most.	false
character_trait_levels_explanation_text_land_enc_trait_boon_bane_vampire_coast_1	Grows a level for every 5 won battles, up to level 5.	false
character_trait_levels_removal_land_enc_trait_boon_bane_vampire_coast_1		false
character_trait_levels_onscreen_name_land_enc_trait_boon_bane_vampire_coast_2	Bane of the Vampire Coast II	false
character_trait_levels_colour_text_land_enc_trait_boon_bane_vampire_coast_2	The lord has learned exactly how to make this enemy hurt the most.	false
character_trait_levels_explanation_text_land_enc_trait_boon_bane_vampire_coast_2	Grows a level for every 5 won battles, up to level 5.	false
character_trait_levels_removal_land_enc_trait_boon_bane_vampire_coast_2		false
character_trait_levels_onscreen_name_land_enc_trait_boon_bane_vampire_coast_3	Bane of the Vampire Coast III	false
character_trait_levels_colour_text_land_enc_trait_boon_bane_vampire_coast_3	The lord has learned exactly how to make this enemy hurt the most.	false
character_trait_levels_explanation_text_land_enc_trait_boon_bane_vampire_coast_3	Grows a level for every 5 won battles, up to level 5.	false
character_trait_levels_removal_land_enc_trait_boon_bane_vampire_coast_3		false
character_trait_levels_onscreen_name_land_enc_trait_boon_bane_vampire_coast_4	Bane of the Vampire Coast IV	false
character_trait_levels_colour_text_land_enc_trait_boon_bane_vampire_coast_4	The lord has learned exactly how to make this enemy hurt the most.	false
character_trait_levels_explanation_text_land_enc_trait_boon_bane_vampire_coast_4	Grows a level for every 5 won battles, up to level 5.	false
character_trait_levels_removal_land_enc_trait_boon_bane_vampire_coast_4		false
character_trait_levels_onscreen_name_land_enc_trait_boon_bane_vampire_coast_5	Bane of the Vampire Coast V	false
character_trait_levels_colour_text_land_enc_trait_boon_bane_vampire_coast_5	The lord has learned exactly how to make this enemy hurt the most.	false
character_trait_levels_explanation_text_land_enc_trait_boon_bane_vampire_coast_5	Grows a level for every 5 won battles, up to level 5.	false
character_trait_levels_removal_land_enc_trait_boon_bane_vampire_coast_5		false
character_trait_levels_onscreen_name_land_enc_trait_boon_bane_vampire_counts_1	Bane of the Vampire Counts I	false
character_trait_levels_colour_text_land_enc_trait_boon_bane_vampire_counts_1	The lord has learned exactly how to make this enemy hurt the most.	false
character_trait_levels_explanation_text_land_enc_trait_boon_bane_vampire_counts_1	Grows a level for every 5 won battles, up to level 5.	false
character_trait_levels_removal_land_enc_trait_boon_bane_vampire_counts_1		false
character_trait_levels_onscreen_name_land_enc_trait_boon_bane_vampire_counts_2	Bane of the Vampire Counts II	false
character_trait_levels_colour_text_land_enc_trait_boon_bane_vampire_counts_2	The lord has learned exactly how to make this enemy hurt the most.	false
character_trait_levels_explanation_text_land_enc_trait_boon_bane_vampire_counts_2	Grows a level for every 5 won battles, up to level 5.	false
character_trait_levels_removal_land_enc_trait_boon_bane_vampire_counts_2		false
character_trait_levels_onscreen_name_land_enc_trait_boon_bane_vampire_counts_3	Bane of the Vampire Counts III	false
character_trait_levels_colour_text_land_enc_trait_boon_bane_vampire_counts_3	The lord has learned exactly how to make this enemy hurt the most.	false
character_trait_levels_explanation_text_land_enc_trait_boon_bane_vampire_counts_3	Grows a level for every 5 won battles, up to level 5.	false
character_trait_levels_removal_land_enc_trait_boon_bane_vampire_counts_3		false
character_trait_levels_onscreen_name_land_enc_trait_boon_bane_vampire_counts_4	Bane of the Vampire Counts IV	false
character_trait_levels_colour_text_land_enc_trait_boon_bane_vampire_counts_4	The lord has learned exactly how to make this enemy hurt the most.	false
character_trait_levels_explanation_text_land_enc_trait_boon_bane_vampire_counts_4	Grows a level for every 5 won battles, up to level 5.	false
character_trait_levels_removal_land_enc_trait_boon_bane_vampire_counts_4		false
character_trait_levels_onscreen_name_land_enc_trait_boon_bane_vampire_counts_5	Bane of the Vampire Counts V	false
character_trait_levels_colour_text_land_enc_trait_boon_bane_vampire_counts_5	The lord has learned exactly how to make this enemy hurt the most.	false
character_trait_levels_explanation_text_land_enc_trait_boon_bane_vampire_counts_5	Grows a level for every 5 won battles, up to level 5.	false
character_trait_levels_removal_land_enc_trait_boon_bane_vampire_counts_5		false
character_trait_levels_onscreen_name_land_enc_trait_boon_bane_wood_elves_1	Bane of the Wood Elves I	false
character_trait_levels_colour_text_land_enc_trait_boon_bane_wood_elves_1	The lord has learned exactly how to make this enemy hurt the most.	false
character_trait_levels_explanation_text_land_enc_trait_boon_bane_wood_elves_1	Grows a level for every 5 won battles, up to level 5.	false
character_trait_levels_removal_land_enc_trait_boon_bane_wood_elves_1		false
character_trait_levels_onscreen_name_land_enc_trait_boon_bane_wood_elves_2	Bane of the Wood Elves II	false
character_trait_levels_colour_text_land_enc_trait_boon_bane_wood_elves_2	The lord has learned exactly how to make this enemy hurt the most.	false
character_trait_levels_explanation_text_land_enc_trait_boon_bane_wood_elves_2	Grows a level for every 5 won battles, up to level 5.	false
character_trait_levels_removal_land_enc_trait_boon_bane_wood_elves_2		false
character_trait_levels_onscreen_name_land_enc_trait_boon_bane_wood_elves_3	Bane of the Wood Elves III	false
character_trait_levels_colour_text_land_enc_trait_boon_bane_wood_elves_3	The lord has learned exactly how to make this enemy hurt the most.	false
character_trait_levels_explanation_text_land_enc_trait_boon_bane_wood_elves_3	Grows a level for every 5 won battles, up to level 5.	false
character_trait_levels_removal_land_enc_trait_boon_bane_wood_elves_3		false
character_trait_levels_onscreen_name_land_enc_trait_boon_bane_wood_elves_4	Bane of the Wood Elves IV	false
character_trait_levels_colour_text_land_enc_trait_boon_bane_wood_elves_4	The lord has learned exactly how to make this enemy hurt the most.	false
character_trait_levels_explanation_text_land_enc_trait_boon_bane_wood_elves_4	Grows a level for every 5 won battles, up to level 5.	false
character_trait_levels_removal_land_enc_trait_boon_bane_wood_elves_4		false
character_trait_levels_onscreen_name_land_enc_trait_boon_bane_wood_elves_5	Bane of the Wood Elves V	false
character_trait_levels_colour_text_land_enc_trait_boon_bane_wood_elves_5	The lord has learned exactly how to make this enemy hurt the most.	false
character_trait_levels_explanation_text_land_enc_trait_boon_bane_wood_elves_5	Grows a level for every 5 won battles, up to level 5.	false
character_trait_levels_removal_land_enc_trait_boon_bane_wood_elves_5		false
character_trait_levels_onscreen_name_land_enc_trait_boon_death_touched_1	Death-Touched I	false
character_trait_levels_colour_text_land_enc_trait_boon_death_touched_1	The dead that haunted this army now march with it.	false
character_trait_levels_explanation_text_land_enc_trait_boon_death_touched_1	Grows a level for every 5 won battles, up to level 5.	false
character_trait_levels_removal_land_enc_trait_boon_death_touched_1		false
character_trait_levels_onscreen_name_land_enc_trait_boon_death_touched_2	Death-Touched II	false
character_trait_levels_colour_text_land_enc_trait_boon_death_touched_2	The dead that haunted this army now march with it.	false
character_trait_levels_explanation_text_land_enc_trait_boon_death_touched_2	Grows a level for every 5 won battles, up to level 5.	false
character_trait_levels_removal_land_enc_trait_boon_death_touched_2		false
character_trait_levels_onscreen_name_land_enc_trait_boon_death_touched_3	Death-Touched III	false
character_trait_levels_colour_text_land_enc_trait_boon_death_touched_3	The dead that haunted this army now march with it.	false
character_trait_levels_explanation_text_land_enc_trait_boon_death_touched_3	Grows a level for every 5 won battles, up to level 5.	false
character_trait_levels_removal_land_enc_trait_boon_death_touched_3		false
character_trait_levels_onscreen_name_land_enc_trait_boon_death_touched_4	Death-Touched IV	false
character_trait_levels_colour_text_land_enc_trait_boon_death_touched_4	The dead that haunted this army now march with it.	false
character_trait_levels_explanation_text_land_enc_trait_boon_death_touched_4	Grows a level for every 5 won battles, up to level 5.	false
character_trait_levels_removal_land_enc_trait_boon_death_touched_4		false
character_trait_levels_onscreen_name_land_enc_trait_boon_death_touched_5	Death-Touched V	false
character_trait_levels_colour_text_land_enc_trait_boon_death_touched_5	The dead that haunted this army now march with it.	false
character_trait_levels_explanation_text_land_enc_trait_boon_death_touched_5	Grows a level for every 5 won battles, up to level 5.	false
character_trait_levels_removal_land_enc_trait_boon_death_touched_5		false
character_trait_levels_onscreen_name_land_enc_trait_boon_tireless_1	Tireless I	false
character_trait_levels_colour_text_land_enc_trait_boon_tireless_1	Weeks without rest, and now the army has simply stopped getting tired.	false
character_trait_levels_explanation_text_land_enc_trait_boon_tireless_1	Grows a level for every 5 won battles, up to level 5.	false
character_trait_levels_removal_land_enc_trait_boon_tireless_1		false
character_trait_levels_onscreen_name_land_enc_trait_boon_tireless_2	Tireless II	false
character_trait_levels_colour_text_land_enc_trait_boon_tireless_2	Weeks without rest, and now the army has simply stopped getting tired.	false
character_trait_levels_explanation_text_land_enc_trait_boon_tireless_2	Grows a level for every 5 won battles, up to level 5.	false
character_trait_levels_removal_land_enc_trait_boon_tireless_2		false
character_trait_levels_onscreen_name_land_enc_trait_boon_tireless_3	Tireless III	false
character_trait_levels_colour_text_land_enc_trait_boon_tireless_3	Weeks without rest, and now the army has simply stopped getting tired.	false
character_trait_levels_explanation_text_land_enc_trait_boon_tireless_3	Grows a level for every 5 won battles, up to level 5.	false
character_trait_levels_removal_land_enc_trait_boon_tireless_3		false
character_trait_levels_onscreen_name_land_enc_trait_boon_tireless_4	Tireless IV	false
character_trait_levels_colour_text_land_enc_trait_boon_tireless_4	Weeks without rest, and now the army has simply stopped getting tired.	false
character_trait_levels_explanation_text_land_enc_trait_boon_tireless_4	Grows a level for every 5 won battles, up to level 5.	false
character_trait_levels_removal_land_enc_trait_boon_tireless_4		false
character_trait_levels_onscreen_name_land_enc_trait_boon_tireless_5	Tireless V	false
character_trait_levels_colour_text_land_enc_trait_boon_tireless_5	Weeks without rest, and now the army has simply stopped getting tired.	false
character_trait_levels_explanation_text_land_enc_trait_boon_tireless_5	Grows a level for every 5 won battles, up to level 5.	false
character_trait_levels_removal_land_enc_trait_boon_tireless_5		false
character_trait_levels_onscreen_name_land_enc_trait_boon_war_chant_1	War Chant	false
character_trait_levels_colour_text_land_enc_trait_boon_war_chant_1	A song the army learned somewhere strange. It only works for a while.	false
character_trait_levels_explanation_text_land_enc_trait_boon_war_chant_1	Lasts 3 battles, then fades.	false
character_trait_levels_removal_land_enc_trait_boon_war_chant_1		false
character_trait_levels_onscreen_name_land_enc_trait_boon_fates_favour_1	Fate's Favour	false
character_trait_levels_colour_text_land_enc_trait_boon_fates_favour_1	For a short time, every blade seems to miss this army.	false
character_trait_levels_explanation_text_land_enc_trait_boon_fates_favour_1	Lasts 3 battles, then fades.	false
character_trait_levels_removal_land_enc_trait_boon_fates_favour_1		false
character_trait_levels_onscreen_name_land_enc_trait_boon_kings_ransom_1	King's Ransom	false
character_trait_levels_colour_text_land_enc_trait_boon_kings_ransom_1	Every fallen enemy turns out to carry a fat purse.	false
character_trait_levels_explanation_text_land_enc_trait_boon_kings_ransom_1	Lasts 3 battles, then fades.	false
character_trait_levels_removal_land_enc_trait_boon_kings_ransom_1		false
character_trait_levels_onscreen_name_land_enc_trait_boon_undying_vigil_1	Undying Vigil	false
character_trait_levels_colour_text_land_enc_trait_boon_undying_vigil_1	For two fights, no one in this army will run.	false
character_trait_levels_explanation_text_land_enc_trait_boon_undying_vigil_1	Lasts 2 battles, then fades.	false
character_trait_levels_removal_land_enc_trait_boon_undying_vigil_1		false
character_trait_levels_onscreen_name_land_enc_trait_curse_haunted_1	Haunted I	false
character_trait_levels_colour_text_land_enc_trait_curse_haunted_1	The dead follow this army at night. The soldiers are unsettled by them.	false
character_trait_levels_explanation_text_land_enc_trait_curse_haunted_1	Worsens a level every 5 turns, up to level 5. After 10 turns at its worst, it becomes Death-Touched.	false
character_trait_levels_removal_land_enc_trait_curse_haunted_1		false
character_trait_levels_onscreen_name_land_enc_trait_curse_haunted_2	Haunted II	false
character_trait_levels_colour_text_land_enc_trait_curse_haunted_2	The dead follow this army at night. The soldiers are unsettled by them.	false
character_trait_levels_explanation_text_land_enc_trait_curse_haunted_2	Worsens a level every 5 turns, up to level 5. After 10 turns at its worst, it becomes Death-Touched.	false
character_trait_levels_removal_land_enc_trait_curse_haunted_2		false
character_trait_levels_onscreen_name_land_enc_trait_curse_haunted_3	Haunted III	false
character_trait_levels_colour_text_land_enc_trait_curse_haunted_3	The dead follow this army at night. The soldiers are unsettled by them.	false
character_trait_levels_explanation_text_land_enc_trait_curse_haunted_3	Worsens a level every 5 turns, up to level 5. After 10 turns at its worst, it becomes Death-Touched.	false
character_trait_levels_removal_land_enc_trait_curse_haunted_3		false
character_trait_levels_onscreen_name_land_enc_trait_curse_haunted_4	Haunted IV	false
character_trait_levels_colour_text_land_enc_trait_curse_haunted_4	The dead follow this army at night. The soldiers are unsettled by them.	false
character_trait_levels_explanation_text_land_enc_trait_curse_haunted_4	Worsens a level every 5 turns, up to level 5. After 10 turns at its worst, it becomes Death-Touched.	false
character_trait_levels_removal_land_enc_trait_curse_haunted_4		false
character_trait_levels_onscreen_name_land_enc_trait_curse_haunted_5	Haunted V	false
character_trait_levels_colour_text_land_enc_trait_curse_haunted_5	The dead follow this army at night. The soldiers are unsettled by them.	false
character_trait_levels_explanation_text_land_enc_trait_curse_haunted_5	Worsens a level every 5 turns, up to level 5. After 10 turns at its worst, it becomes Death-Touched.	false
character_trait_levels_removal_land_enc_trait_curse_haunted_5		false
character_trait_levels_onscreen_name_land_enc_trait_curse_creeping_rust_1	Creeping Rust I	false
character_trait_levels_colour_text_land_enc_trait_curse_creeping_rust_1	No amount of oil is enough to keep the rust off this army's blades.	false
character_trait_levels_explanation_text_land_enc_trait_curse_creeping_rust_1	Worsens a level every 5 turns, up to level 5.	false
character_trait_levels_removal_land_enc_trait_curse_creeping_rust_1		false
character_trait_levels_onscreen_name_land_enc_trait_curse_creeping_rust_2	Creeping Rust II	false
character_trait_levels_colour_text_land_enc_trait_curse_creeping_rust_2	No amount of oil is enough to keep the rust off this army's blades.	false
character_trait_levels_explanation_text_land_enc_trait_curse_creeping_rust_2	Worsens a level every 5 turns, up to level 5.	false
character_trait_levels_removal_land_enc_trait_curse_creeping_rust_2		false
character_trait_levels_onscreen_name_land_enc_trait_curse_creeping_rust_3	Creeping Rust III	false
character_trait_levels_colour_text_land_enc_trait_curse_creeping_rust_3	No amount of oil is enough to keep the rust off this army's blades.	false
character_trait_levels_explanation_text_land_enc_trait_curse_creeping_rust_3	Worsens a level every 5 turns, up to level 5.	false
character_trait_levels_removal_land_enc_trait_curse_creeping_rust_3		false
character_trait_levels_onscreen_name_land_enc_trait_curse_creeping_rust_4	Creeping Rust IV	false
character_trait_levels_colour_text_land_enc_trait_curse_creeping_rust_4	No amount of oil is enough to keep the rust off this army's blades.	false
character_trait_levels_explanation_text_land_enc_trait_curse_creeping_rust_4	Worsens a level every 5 turns, up to level 5.	false
character_trait_levels_removal_land_enc_trait_curse_creeping_rust_4		false
character_trait_levels_onscreen_name_land_enc_trait_curse_creeping_rust_5	Creeping Rust V	false
character_trait_levels_colour_text_land_enc_trait_curse_creeping_rust_5	No amount of oil is enough to keep the rust off this army's blades.	false
character_trait_levels_explanation_text_land_enc_trait_curse_creeping_rust_5	Worsens a level every 5 turns, up to level 5.	false
character_trait_levels_removal_land_enc_trait_curse_creeping_rust_5		false
character_trait_levels_onscreen_name_land_enc_trait_curse_leaden_march_1	Leaden March I	false
character_trait_levels_colour_text_land_enc_trait_curse_leaden_march_1	Every step feels like wading through mud.	false
character_trait_levels_explanation_text_land_enc_trait_curse_leaden_march_1	Worsens a level every 5 turns, up to level 5.	false
character_trait_levels_removal_land_enc_trait_curse_leaden_march_1		false
character_trait_levels_onscreen_name_land_enc_trait_curse_leaden_march_2	Leaden March II	false
character_trait_levels_colour_text_land_enc_trait_curse_leaden_march_2	Every step feels like wading through mud.	false
character_trait_levels_explanation_text_land_enc_trait_curse_leaden_march_2	Worsens a level every 5 turns, up to level 5.	false
character_trait_levels_removal_land_enc_trait_curse_leaden_march_2		false
character_trait_levels_onscreen_name_land_enc_trait_curse_leaden_march_3	Leaden March III	false
character_trait_levels_colour_text_land_enc_trait_curse_leaden_march_3	Every step feels like wading through mud.	false
character_trait_levels_explanation_text_land_enc_trait_curse_leaden_march_3	Worsens a level every 5 turns, up to level 5.	false
character_trait_levels_removal_land_enc_trait_curse_leaden_march_3		false
character_trait_levels_onscreen_name_land_enc_trait_curse_leaden_march_4	Leaden March IV	false
character_trait_levels_colour_text_land_enc_trait_curse_leaden_march_4	Every step feels like wading through mud.	false
character_trait_levels_explanation_text_land_enc_trait_curse_leaden_march_4	Worsens a level every 5 turns, up to level 5.	false
character_trait_levels_removal_land_enc_trait_curse_leaden_march_4		false
character_trait_levels_onscreen_name_land_enc_trait_curse_leaden_march_5	Leaden March V	false
character_trait_levels_colour_text_land_enc_trait_curse_leaden_march_5	Every step feels like wading through mud.	false
character_trait_levels_explanation_text_land_enc_trait_curse_leaden_march_5	Worsens a level every 5 turns, up to level 5.	false
character_trait_levels_removal_land_enc_trait_curse_leaden_march_5		false
character_trait_levels_onscreen_name_land_enc_trait_curse_bleeding_coffers_1	Bleeding Coffers I	false
character_trait_levels_colour_text_land_enc_trait_curse_bleeding_coffers_1	Gold leaks out of this army's chests faster than it comes in.	false
character_trait_levels_explanation_text_land_enc_trait_curse_bleeding_coffers_1	Worsens a level every 5 turns, up to level 5.	false
character_trait_levels_removal_land_enc_trait_curse_bleeding_coffers_1		false
character_trait_levels_onscreen_name_land_enc_trait_curse_bleeding_coffers_2	Bleeding Coffers II	false
character_trait_levels_colour_text_land_enc_trait_curse_bleeding_coffers_2	Gold leaks out of this army's chests faster than it comes in.	false
character_trait_levels_explanation_text_land_enc_trait_curse_bleeding_coffers_2	Worsens a level every 5 turns, up to level 5.	false
character_trait_levels_removal_land_enc_trait_curse_bleeding_coffers_2		false
character_trait_levels_onscreen_name_land_enc_trait_curse_bleeding_coffers_3	Bleeding Coffers III	false
character_trait_levels_colour_text_land_enc_trait_curse_bleeding_coffers_3	Gold leaks out of this army's chests faster than it comes in.	false
character_trait_levels_explanation_text_land_enc_trait_curse_bleeding_coffers_3	Worsens a level every 5 turns, up to level 5.	false
character_trait_levels_removal_land_enc_trait_curse_bleeding_coffers_3		false
character_trait_levels_onscreen_name_land_enc_trait_curse_bleeding_coffers_4	Bleeding Coffers IV	false
character_trait_levels_colour_text_land_enc_trait_curse_bleeding_coffers_4	Gold leaks out of this army's chests faster than it comes in.	false
character_trait_levels_explanation_text_land_enc_trait_curse_bleeding_coffers_4	Worsens a level every 5 turns, up to level 5.	false
character_trait_levels_removal_land_enc_trait_curse_bleeding_coffers_4		false
character_trait_levels_onscreen_name_land_enc_trait_curse_bleeding_coffers_5	Bleeding Coffers V	false
character_trait_levels_colour_text_land_enc_trait_curse_bleeding_coffers_5	Gold leaks out of this army's chests faster than it comes in.	false
character_trait_levels_explanation_text_land_enc_trait_curse_bleeding_coffers_5	Worsens a level every 5 turns, up to level 5.	false
character_trait_levels_removal_land_enc_trait_curse_bleeding_coffers_5		false
character_trait_levels_onscreen_name_land_enc_trait_curse_weary_ranks_1	Weary Ranks I	false
character_trait_levels_colour_text_land_enc_trait_curse_weary_ranks_1	Nobody in this army has slept well in weeks.	false
character_trait_levels_explanation_text_land_enc_trait_curse_weary_ranks_1	Worsens a level every 5 turns, up to level 5. After 10 turns at its worst, it becomes Tireless.	false
character_trait_levels_removal_land_enc_trait_curse_weary_ranks_1		false
character_trait_levels_onscreen_name_land_enc_trait_curse_weary_ranks_2	Weary Ranks II	false
character_trait_levels_colour_text_land_enc_trait_curse_weary_ranks_2	Nobody in this army has slept well in weeks.	false
character_trait_levels_explanation_text_land_enc_trait_curse_weary_ranks_2	Worsens a level every 5 turns, up to level 5. After 10 turns at its worst, it becomes Tireless.	false
character_trait_levels_removal_land_enc_trait_curse_weary_ranks_2		false
character_trait_levels_onscreen_name_land_enc_trait_curse_weary_ranks_3	Weary Ranks III	false
character_trait_levels_colour_text_land_enc_trait_curse_weary_ranks_3	Nobody in this army has slept well in weeks.	false
character_trait_levels_explanation_text_land_enc_trait_curse_weary_ranks_3	Worsens a level every 5 turns, up to level 5. After 10 turns at its worst, it becomes Tireless.	false
character_trait_levels_removal_land_enc_trait_curse_weary_ranks_3		false
character_trait_levels_onscreen_name_land_enc_trait_curse_weary_ranks_4	Weary Ranks IV	false
character_trait_levels_colour_text_land_enc_trait_curse_weary_ranks_4	Nobody in this army has slept well in weeks.	false
character_trait_levels_explanation_text_land_enc_trait_curse_weary_ranks_4	Worsens a level every 5 turns, up to level 5. After 10 turns at its worst, it becomes Tireless.	false
character_trait_levels_removal_land_enc_trait_curse_weary_ranks_4		false
character_trait_levels_onscreen_name_land_enc_trait_curse_weary_ranks_5	Weary Ranks V	false
character_trait_levels_colour_text_land_enc_trait_curse_weary_ranks_5	Nobody in this army has slept well in weeks.	false
character_trait_levels_explanation_text_land_enc_trait_curse_weary_ranks_5	Worsens a level every 5 turns, up to level 5. After 10 turns at its worst, it becomes Tireless.	false
character_trait_levels_removal_land_enc_trait_curse_weary_ranks_5		false
character_trait_levels_onscreen_name_land_enc_trait_curse_withered_supply_1	Withered Supply I	false
character_trait_levels_colour_text_land_enc_trait_curse_withered_supply_1	The food in the supply has spoiled, and wounds seem to fester and are slower to heal.	false
character_trait_levels_explanation_text_land_enc_trait_curse_withered_supply_1	Worsens a level every 5 turns, up to level 5.	false
character_trait_levels_removal_land_enc_trait_curse_withered_supply_1		false
character_trait_levels_onscreen_name_land_enc_trait_curse_withered_supply_2	Withered Supply II	false
character_trait_levels_colour_text_land_enc_trait_curse_withered_supply_2	The food in the supply has spoiled, and wounds seem to fester and are slower to heal.	false
character_trait_levels_explanation_text_land_enc_trait_curse_withered_supply_2	Worsens a level every 5 turns, up to level 5.	false
character_trait_levels_removal_land_enc_trait_curse_withered_supply_2		false
character_trait_levels_onscreen_name_land_enc_trait_curse_withered_supply_3	Withered Supply III	false
character_trait_levels_colour_text_land_enc_trait_curse_withered_supply_3	The food in the supply has spoiled, and wounds seem to fester and are slower to heal.	false
character_trait_levels_explanation_text_land_enc_trait_curse_withered_supply_3	Worsens a level every 5 turns, up to level 5.	false
character_trait_levels_removal_land_enc_trait_curse_withered_supply_3		false
character_trait_levels_onscreen_name_land_enc_trait_curse_withered_supply_4	Withered Supply IV	false
character_trait_levels_colour_text_land_enc_trait_curse_withered_supply_4	The food in the supply has spoiled, and wounds seem to fester and are slower to heal.	false
character_trait_levels_explanation_text_land_enc_trait_curse_withered_supply_4	Worsens a level every 5 turns, up to level 5.	false
character_trait_levels_removal_land_enc_trait_curse_withered_supply_4		false
character_trait_levels_onscreen_name_land_enc_trait_curse_withered_supply_5	Withered Supply V	false
character_trait_levels_colour_text_land_enc_trait_curse_withered_supply_5	The food in the supply has spoiled, and wounds seem to fester and are slower to heal.	false
character_trait_levels_explanation_text_land_enc_trait_curse_withered_supply_5	Worsens a level every 5 turns, up to level 5.	false
character_trait_levels_removal_land_enc_trait_curse_withered_supply_5		false
character_trait_levels_onscreen_name_land_enc_trait_curse_fogbound_1	Fogbound I	false
character_trait_levels_colour_text_land_enc_trait_curse_fogbound_1	A grey fog follows this army wherever it goes.	false
character_trait_levels_explanation_text_land_enc_trait_curse_fogbound_1	Worsens a level every 5 turns, up to level 5.	false
character_trait_levels_removal_land_enc_trait_curse_fogbound_1		false
character_trait_levels_onscreen_name_land_enc_trait_curse_fogbound_2	Fogbound II	false
character_trait_levels_colour_text_land_enc_trait_curse_fogbound_2	A grey fog follows this army wherever it goes.	false
character_trait_levels_explanation_text_land_enc_trait_curse_fogbound_2	Worsens a level every 5 turns, up to level 5.	false
character_trait_levels_removal_land_enc_trait_curse_fogbound_2		false
character_trait_levels_onscreen_name_land_enc_trait_curse_fogbound_3	Fogbound III	false
character_trait_levels_colour_text_land_enc_trait_curse_fogbound_3	A grey fog follows this army wherever it goes.	false
character_trait_levels_explanation_text_land_enc_trait_curse_fogbound_3	Worsens a level every 5 turns, up to level 5.	false
character_trait_levels_removal_land_enc_trait_curse_fogbound_3		false
character_trait_levels_onscreen_name_land_enc_trait_curse_fogbound_4	Fogbound IV	false
character_trait_levels_colour_text_land_enc_trait_curse_fogbound_4	A grey fog follows this army wherever it goes.	false
character_trait_levels_explanation_text_land_enc_trait_curse_fogbound_4	Worsens a level every 5 turns, up to level 5.	false
character_trait_levels_removal_land_enc_trait_curse_fogbound_4		false
character_trait_levels_onscreen_name_land_enc_trait_curse_fogbound_5	Fogbound V	false
character_trait_levels_colour_text_land_enc_trait_curse_fogbound_5	A grey fog follows this army wherever it goes.	false
character_trait_levels_explanation_text_land_enc_trait_curse_fogbound_5	Worsens a level every 5 turns, up to level 5.	false
character_trait_levels_removal_land_enc_trait_curse_fogbound_5		false
character_trait_levels_onscreen_name_land_enc_trait_curse_magpies_curse_1	Magpie's Curse I	false
character_trait_levels_colour_text_land_enc_trait_curse_magpies_curse_1	Loot slips out of the soldiers' hands as soon as they pick it up.	false
character_trait_levels_explanation_text_land_enc_trait_curse_magpies_curse_1	Worsens a level every 5 turns, up to level 5.	false
character_trait_levels_removal_land_enc_trait_curse_magpies_curse_1		false
character_trait_levels_onscreen_name_land_enc_trait_curse_magpies_curse_2	Magpie's Curse II	false
character_trait_levels_colour_text_land_enc_trait_curse_magpies_curse_2	Loot slips out of the soldiers' hands as soon as they pick it up.	false
character_trait_levels_explanation_text_land_enc_trait_curse_magpies_curse_2	Worsens a level every 5 turns, up to level 5.	false
character_trait_levels_removal_land_enc_trait_curse_magpies_curse_2		false
character_trait_levels_onscreen_name_land_enc_trait_curse_magpies_curse_3	Magpie's Curse III	false
character_trait_levels_colour_text_land_enc_trait_curse_magpies_curse_3	Loot slips out of the soldiers' hands as soon as they pick it up.	false
character_trait_levels_explanation_text_land_enc_trait_curse_magpies_curse_3	Worsens a level every 5 turns, up to level 5.	false
character_trait_levels_removal_land_enc_trait_curse_magpies_curse_3		false
character_trait_levels_onscreen_name_land_enc_trait_curse_magpies_curse_4	Magpie's Curse IV	false
character_trait_levels_colour_text_land_enc_trait_curse_magpies_curse_4	Loot slips out of the soldiers' hands as soon as they pick it up.	false
character_trait_levels_explanation_text_land_enc_trait_curse_magpies_curse_4	Worsens a level every 5 turns, up to level 5.	false
character_trait_levels_removal_land_enc_trait_curse_magpies_curse_4		false
character_trait_levels_onscreen_name_land_enc_trait_curse_magpies_curse_5	Magpie's Curse V	false
character_trait_levels_colour_text_land_enc_trait_curse_magpies_curse_5	Loot slips out of the soldiers' hands as soon as they pick it up.	false
character_trait_levels_explanation_text_land_enc_trait_curse_magpies_curse_5	Worsens a level every 5 turns, up to level 5.	false
character_trait_levels_removal_land_enc_trait_curse_magpies_curse_5		false
character_trait_levels_onscreen_name_land_enc_trait_curse_wild_magic_1	Wild Magic I	false
character_trait_levels_colour_text_land_enc_trait_curse_wild_magic_1	Spells cast near this army go wrong more often than they should.	false
character_trait_levels_explanation_text_land_enc_trait_curse_wild_magic_1	Worsens a level every 5 turns, up to level 5. After 10 turns at its worst, it becomes Overflowing Power.	false
character_trait_levels_removal_land_enc_trait_curse_wild_magic_1		false
character_trait_levels_onscreen_name_land_enc_trait_curse_wild_magic_2	Wild Magic II	false
character_trait_levels_colour_text_land_enc_trait_curse_wild_magic_2	Spells cast near this army go wrong more often than they should.	false
character_trait_levels_explanation_text_land_enc_trait_curse_wild_magic_2	Worsens a level every 5 turns, up to level 5. After 10 turns at its worst, it becomes Overflowing Power.	false
character_trait_levels_removal_land_enc_trait_curse_wild_magic_2		false
character_trait_levels_onscreen_name_land_enc_trait_curse_wild_magic_3	Wild Magic III	false
character_trait_levels_colour_text_land_enc_trait_curse_wild_magic_3	Spells cast near this army go wrong more often than they should.	false
character_trait_levels_explanation_text_land_enc_trait_curse_wild_magic_3	Worsens a level every 5 turns, up to level 5. After 10 turns at its worst, it becomes Overflowing Power.	false
character_trait_levels_removal_land_enc_trait_curse_wild_magic_3		false
character_trait_levels_onscreen_name_land_enc_trait_curse_wild_magic_4	Wild Magic IV	false
character_trait_levels_colour_text_land_enc_trait_curse_wild_magic_4	Spells cast near this army go wrong more often than they should.	false
character_trait_levels_explanation_text_land_enc_trait_curse_wild_magic_4	Worsens a level every 5 turns, up to level 5. After 10 turns at its worst, it becomes Overflowing Power.	false
character_trait_levels_removal_land_enc_trait_curse_wild_magic_4		false
character_trait_levels_onscreen_name_land_enc_trait_curse_wild_magic_5	Wild Magic V	false
character_trait_levels_colour_text_land_enc_trait_curse_wild_magic_5	Spells cast near this army go wrong more often than they should.	false
character_trait_levels_explanation_text_land_enc_trait_curse_wild_magic_5	Worsens a level every 5 turns, up to level 5. After 10 turns at its worst, it becomes Overflowing Power.	false
character_trait_levels_removal_land_enc_trait_curse_wild_magic_5		false
character_trait_levels_onscreen_name_land_enc_trait_curse_shunned_by_the_winds_1	Shunned by the Winds I	false
character_trait_levels_colour_text_land_enc_trait_curse_shunned_by_the_winds_1	The Winds of Magic thin out around this lord.	false
character_trait_levels_explanation_text_land_enc_trait_curse_shunned_by_the_winds_1	Worsens a level every 5 turns, up to level 5.	false
character_trait_levels_removal_land_enc_trait_curse_shunned_by_the_winds_1		false
character_trait_levels_onscreen_name_land_enc_trait_curse_shunned_by_the_winds_2	Shunned by the Winds II	false
character_trait_levels_colour_text_land_enc_trait_curse_shunned_by_the_winds_2	The Winds of Magic thin out around this lord.	false
character_trait_levels_explanation_text_land_enc_trait_curse_shunned_by_the_winds_2	Worsens a level every 5 turns, up to level 5.	false
character_trait_levels_removal_land_enc_trait_curse_shunned_by_the_winds_2		false
character_trait_levels_onscreen_name_land_enc_trait_curse_shunned_by_the_winds_3	Shunned by the Winds III	false
character_trait_levels_colour_text_land_enc_trait_curse_shunned_by_the_winds_3	The Winds of Magic thin out around this lord.	false
character_trait_levels_explanation_text_land_enc_trait_curse_shunned_by_the_winds_3	Worsens a level every 5 turns, up to level 5.	false
character_trait_levels_removal_land_enc_trait_curse_shunned_by_the_winds_3		false
character_trait_levels_onscreen_name_land_enc_trait_curse_shunned_by_the_winds_4	Shunned by the Winds IV	false
character_trait_levels_colour_text_land_enc_trait_curse_shunned_by_the_winds_4	The Winds of Magic thin out around this lord.	false
character_trait_levels_explanation_text_land_enc_trait_curse_shunned_by_the_winds_4	Worsens a level every 5 turns, up to level 5.	false
character_trait_levels_removal_land_enc_trait_curse_shunned_by_the_winds_4		false
character_trait_levels_onscreen_name_land_enc_trait_curse_shunned_by_the_winds_5	Shunned by the Winds V	false
character_trait_levels_colour_text_land_enc_trait_curse_shunned_by_the_winds_5	The Winds of Magic thin out around this lord.	false
character_trait_levels_explanation_text_land_enc_trait_curse_shunned_by_the_winds_5	Worsens a level every 5 turns, up to level 5.	false
character_trait_levels_removal_land_enc_trait_curse_shunned_by_the_winds_5		false
character_trait_levels_onscreen_name_land_enc_trait_curse_cowards_mark_1	Coward's Mark I	false
character_trait_levels_colour_text_land_enc_trait_curse_cowards_mark_1	Someone in this army ran once, and everyone remembers.	false
character_trait_levels_explanation_text_land_enc_trait_curse_cowards_mark_1	Worsens a level every 5 turns, up to level 5.	false
character_trait_levels_removal_land_enc_trait_curse_cowards_mark_1		false
character_trait_levels_onscreen_name_land_enc_trait_curse_cowards_mark_2	Coward's Mark II	false
character_trait_levels_colour_text_land_enc_trait_curse_cowards_mark_2	Someone in this army ran once, and everyone remembers.	false
character_trait_levels_explanation_text_land_enc_trait_curse_cowards_mark_2	Worsens a level every 5 turns, up to level 5.	false
character_trait_levels_removal_land_enc_trait_curse_cowards_mark_2		false
character_trait_levels_onscreen_name_land_enc_trait_curse_cowards_mark_3	Coward's Mark III	false
character_trait_levels_colour_text_land_enc_trait_curse_cowards_mark_3	Someone in this army ran once, and everyone remembers.	false
character_trait_levels_explanation_text_land_enc_trait_curse_cowards_mark_3	Worsens a level every 5 turns, up to level 5.	false
character_trait_levels_removal_land_enc_trait_curse_cowards_mark_3		false
character_trait_levels_onscreen_name_land_enc_trait_curse_cowards_mark_4	Coward's Mark IV	false
character_trait_levels_colour_text_land_enc_trait_curse_cowards_mark_4	Someone in this army ran once, and everyone remembers.	false
character_trait_levels_explanation_text_land_enc_trait_curse_cowards_mark_4	Worsens a level every 5 turns, up to level 5.	false
character_trait_levels_removal_land_enc_trait_curse_cowards_mark_4		false
character_trait_levels_onscreen_name_land_enc_trait_curse_cowards_mark_5	Coward's Mark V	false
character_trait_levels_colour_text_land_enc_trait_curse_cowards_mark_5	Someone in this army ran once, and everyone remembers.	false
character_trait_levels_explanation_text_land_enc_trait_curse_cowards_mark_5	Worsens a level every 5 turns, up to level 5.	false
character_trait_levels_removal_land_enc_trait_curse_cowards_mark_5		false
character_trait_levels_onscreen_name_land_enc_trait_curse_marked_prey_1	Marked Prey I	false
character_trait_levels_colour_text_land_enc_trait_curse_marked_prey_1	Someone is always watching this army from the treeline.	false
character_trait_levels_explanation_text_land_enc_trait_curse_marked_prey_1	Worsens a level every 5 turns, up to level 5.	false
character_trait_levels_removal_land_enc_trait_curse_marked_prey_1		false
character_trait_levels_onscreen_name_land_enc_trait_curse_marked_prey_2	Marked Prey II	false
character_trait_levels_colour_text_land_enc_trait_curse_marked_prey_2	Someone is always watching this army from the treeline.	false
character_trait_levels_explanation_text_land_enc_trait_curse_marked_prey_2	Worsens a level every 5 turns, up to level 5.	false
character_trait_levels_removal_land_enc_trait_curse_marked_prey_2		false
character_trait_levels_onscreen_name_land_enc_trait_curse_marked_prey_3	Marked Prey III	false
character_trait_levels_colour_text_land_enc_trait_curse_marked_prey_3	Someone is always watching this army from the treeline.	false
character_trait_levels_explanation_text_land_enc_trait_curse_marked_prey_3	Worsens a level every 5 turns, up to level 5.	false
character_trait_levels_removal_land_enc_trait_curse_marked_prey_3		false
character_trait_levels_onscreen_name_land_enc_trait_curse_marked_prey_4	Marked Prey IV	false
character_trait_levels_colour_text_land_enc_trait_curse_marked_prey_4	Someone is always watching this army from the treeline.	false
character_trait_levels_explanation_text_land_enc_trait_curse_marked_prey_4	Worsens a level every 5 turns, up to level 5.	false
character_trait_levels_removal_land_enc_trait_curse_marked_prey_4		false
character_trait_levels_onscreen_name_land_enc_trait_curse_marked_prey_5	Marked Prey V	false
character_trait_levels_colour_text_land_enc_trait_curse_marked_prey_5	Someone is always watching this army from the treeline.	false
character_trait_levels_explanation_text_land_enc_trait_curse_marked_prey_5	Worsens a level every 5 turns, up to level 5.	false
character_trait_levels_removal_land_enc_trait_curse_marked_prey_5		false
character_trait_levels_onscreen_name_land_enc_trait_curse_brittle_bones_1	Brittle Bones I	false
character_trait_levels_colour_text_land_enc_trait_curse_brittle_bones_1	The men are physically weakened. They have lost muscle, and their bones have grown creaky.	false
character_trait_levels_explanation_text_land_enc_trait_curse_brittle_bones_1	Worsens a level every 5 turns, up to level 5. After 10 turns at its worst, it becomes Ironhide.	false
character_trait_levels_removal_land_enc_trait_curse_brittle_bones_1		false
character_trait_levels_onscreen_name_land_enc_trait_curse_brittle_bones_2	Brittle Bones II	false
character_trait_levels_colour_text_land_enc_trait_curse_brittle_bones_2	The men are physically weakened. They have lost muscle, and their bones have grown creaky.	false
character_trait_levels_explanation_text_land_enc_trait_curse_brittle_bones_2	Worsens a level every 5 turns, up to level 5. After 10 turns at its worst, it becomes Ironhide.	false
character_trait_levels_removal_land_enc_trait_curse_brittle_bones_2		false
character_trait_levels_onscreen_name_land_enc_trait_curse_brittle_bones_3	Brittle Bones III	false
character_trait_levels_colour_text_land_enc_trait_curse_brittle_bones_3	The men are physically weakened. They have lost muscle, and their bones have grown creaky.	false
character_trait_levels_explanation_text_land_enc_trait_curse_brittle_bones_3	Worsens a level every 5 turns, up to level 5. After 10 turns at its worst, it becomes Ironhide.	false
character_trait_levels_removal_land_enc_trait_curse_brittle_bones_3		false
character_trait_levels_onscreen_name_land_enc_trait_curse_brittle_bones_4	Brittle Bones IV	false
character_trait_levels_colour_text_land_enc_trait_curse_brittle_bones_4	The men are physically weakened. They have lost muscle, and their bones have grown creaky.	false
character_trait_levels_explanation_text_land_enc_trait_curse_brittle_bones_4	Worsens a level every 5 turns, up to level 5. After 10 turns at its worst, it becomes Ironhide.	false
character_trait_levels_removal_land_enc_trait_curse_brittle_bones_4		false
character_trait_levels_onscreen_name_land_enc_trait_curse_brittle_bones_5	Brittle Bones V	false
character_trait_levels_colour_text_land_enc_trait_curse_brittle_bones_5	The men are physically weakened. They have lost muscle, and their bones have grown creaky.	false
character_trait_levels_explanation_text_land_enc_trait_curse_brittle_bones_5	Worsens a level every 5 turns, up to level 5. After 10 turns at its worst, it becomes Ironhide.	false
character_trait_levels_removal_land_enc_trait_curse_brittle_bones_5		false
character_trait_levels_onscreen_name_land_enc_trait_curse_shaky_aim_1	Shaky Aim I	false
character_trait_levels_colour_text_land_enc_trait_curse_shaky_aim_1	With shaky hands, ranged attacks drift wide.	false
character_trait_levels_explanation_text_land_enc_trait_curse_shaky_aim_1	Worsens a level every 5 turns, up to level 5.	false
character_trait_levels_removal_land_enc_trait_curse_shaky_aim_1		false
character_trait_levels_onscreen_name_land_enc_trait_curse_shaky_aim_2	Shaky Aim II	false
character_trait_levels_colour_text_land_enc_trait_curse_shaky_aim_2	With shaky hands, ranged attacks drift wide.	false
character_trait_levels_explanation_text_land_enc_trait_curse_shaky_aim_2	Worsens a level every 5 turns, up to level 5.	false
character_trait_levels_removal_land_enc_trait_curse_shaky_aim_2		false
character_trait_levels_onscreen_name_land_enc_trait_curse_shaky_aim_3	Shaky Aim III	false
character_trait_levels_colour_text_land_enc_trait_curse_shaky_aim_3	With shaky hands, ranged attacks drift wide.	false
character_trait_levels_explanation_text_land_enc_trait_curse_shaky_aim_3	Worsens a level every 5 turns, up to level 5.	false
character_trait_levels_removal_land_enc_trait_curse_shaky_aim_3		false
character_trait_levels_onscreen_name_land_enc_trait_curse_shaky_aim_4	Shaky Aim IV	false
character_trait_levels_colour_text_land_enc_trait_curse_shaky_aim_4	With shaky hands, ranged attacks drift wide.	false
character_trait_levels_explanation_text_land_enc_trait_curse_shaky_aim_4	Worsens a level every 5 turns, up to level 5.	false
character_trait_levels_removal_land_enc_trait_curse_shaky_aim_4		false
character_trait_levels_onscreen_name_land_enc_trait_curse_shaky_aim_5	Shaky Aim V	false
character_trait_levels_colour_text_land_enc_trait_curse_shaky_aim_5	With shaky hands, ranged attacks drift wide.	false
character_trait_levels_explanation_text_land_enc_trait_curse_shaky_aim_5	Worsens a level every 5 turns, up to level 5.	false
character_trait_levels_removal_land_enc_trait_curse_shaky_aim_5		false
character_trait_levels_onscreen_name_land_enc_trait_curse_grudge_beastmen_1	Grudge of the Beastmen I	false
character_trait_levels_colour_text_land_enc_trait_curse_grudge_beastmen_1	This enemy has sworn to remember the lord's name.	false
character_trait_levels_explanation_text_land_enc_trait_curse_grudge_beastmen_1	Worsens a level every 5 turns, up to level 5. After 10 turns at its worst, it becomes Bane of the same race.	false
character_trait_levels_removal_land_enc_trait_curse_grudge_beastmen_1		false
character_trait_levels_onscreen_name_land_enc_trait_curse_grudge_beastmen_2	Grudge of the Beastmen II	false
character_trait_levels_colour_text_land_enc_trait_curse_grudge_beastmen_2	This enemy has sworn to remember the lord's name.	false
character_trait_levels_explanation_text_land_enc_trait_curse_grudge_beastmen_2	Worsens a level every 5 turns, up to level 5. After 10 turns at its worst, it becomes Bane of the same race.	false
character_trait_levels_removal_land_enc_trait_curse_grudge_beastmen_2		false
character_trait_levels_onscreen_name_land_enc_trait_curse_grudge_beastmen_3	Grudge of the Beastmen III	false
character_trait_levels_colour_text_land_enc_trait_curse_grudge_beastmen_3	This enemy has sworn to remember the lord's name.	false
character_trait_levels_explanation_text_land_enc_trait_curse_grudge_beastmen_3	Worsens a level every 5 turns, up to level 5. After 10 turns at its worst, it becomes Bane of the same race.	false
character_trait_levels_removal_land_enc_trait_curse_grudge_beastmen_3		false
character_trait_levels_onscreen_name_land_enc_trait_curse_grudge_beastmen_4	Grudge of the Beastmen IV	false
character_trait_levels_colour_text_land_enc_trait_curse_grudge_beastmen_4	This enemy has sworn to remember the lord's name.	false
character_trait_levels_explanation_text_land_enc_trait_curse_grudge_beastmen_4	Worsens a level every 5 turns, up to level 5. After 10 turns at its worst, it becomes Bane of the same race.	false
character_trait_levels_removal_land_enc_trait_curse_grudge_beastmen_4		false
character_trait_levels_onscreen_name_land_enc_trait_curse_grudge_beastmen_5	Grudge of the Beastmen V	false
character_trait_levels_colour_text_land_enc_trait_curse_grudge_beastmen_5	This enemy has sworn to remember the lord's name.	false
character_trait_levels_explanation_text_land_enc_trait_curse_grudge_beastmen_5	Worsens a level every 5 turns, up to level 5. After 10 turns at its worst, it becomes Bane of the same race.	false
character_trait_levels_removal_land_enc_trait_curse_grudge_beastmen_5		false
character_trait_levels_onscreen_name_land_enc_trait_curse_grudge_bretonnia_1	Grudge of Bretonnia I	false
character_trait_levels_colour_text_land_enc_trait_curse_grudge_bretonnia_1	This enemy has sworn to remember the lord's name.	false
character_trait_levels_explanation_text_land_enc_trait_curse_grudge_bretonnia_1	Worsens a level every 5 turns, up to level 5. After 10 turns at its worst, it becomes Bane of the same race.	false
character_trait_levels_removal_land_enc_trait_curse_grudge_bretonnia_1		false
character_trait_levels_onscreen_name_land_enc_trait_curse_grudge_bretonnia_2	Grudge of Bretonnia II	false
character_trait_levels_colour_text_land_enc_trait_curse_grudge_bretonnia_2	This enemy has sworn to remember the lord's name.	false
character_trait_levels_explanation_text_land_enc_trait_curse_grudge_bretonnia_2	Worsens a level every 5 turns, up to level 5. After 10 turns at its worst, it becomes Bane of the same race.	false
character_trait_levels_removal_land_enc_trait_curse_grudge_bretonnia_2		false
character_trait_levels_onscreen_name_land_enc_trait_curse_grudge_bretonnia_3	Grudge of Bretonnia III	false
character_trait_levels_colour_text_land_enc_trait_curse_grudge_bretonnia_3	This enemy has sworn to remember the lord's name.	false
character_trait_levels_explanation_text_land_enc_trait_curse_grudge_bretonnia_3	Worsens a level every 5 turns, up to level 5. After 10 turns at its worst, it becomes Bane of the same race.	false
character_trait_levels_removal_land_enc_trait_curse_grudge_bretonnia_3		false
character_trait_levels_onscreen_name_land_enc_trait_curse_grudge_bretonnia_4	Grudge of Bretonnia IV	false
character_trait_levels_colour_text_land_enc_trait_curse_grudge_bretonnia_4	This enemy has sworn to remember the lord's name.	false
character_trait_levels_explanation_text_land_enc_trait_curse_grudge_bretonnia_4	Worsens a level every 5 turns, up to level 5. After 10 turns at its worst, it becomes Bane of the same race.	false
character_trait_levels_removal_land_enc_trait_curse_grudge_bretonnia_4		false
character_trait_levels_onscreen_name_land_enc_trait_curse_grudge_bretonnia_5	Grudge of Bretonnia V	false
character_trait_levels_colour_text_land_enc_trait_curse_grudge_bretonnia_5	This enemy has sworn to remember the lord's name.	false
character_trait_levels_explanation_text_land_enc_trait_curse_grudge_bretonnia_5	Worsens a level every 5 turns, up to level 5. After 10 turns at its worst, it becomes Bane of the same race.	false
character_trait_levels_removal_land_enc_trait_curse_grudge_bretonnia_5		false
character_trait_levels_onscreen_name_land_enc_trait_curse_grudge_cathay_1	Grudge of Grand Cathay I	false
character_trait_levels_colour_text_land_enc_trait_curse_grudge_cathay_1	This enemy has sworn to remember the lord's name.	false
character_trait_levels_explanation_text_land_enc_trait_curse_grudge_cathay_1	Worsens a level every 5 turns, up to level 5. After 10 turns at its worst, it becomes Bane of the same race.	false
character_trait_levels_removal_land_enc_trait_curse_grudge_cathay_1		false
character_trait_levels_onscreen_name_land_enc_trait_curse_grudge_cathay_2	Grudge of Grand Cathay II	false
character_trait_levels_colour_text_land_enc_trait_curse_grudge_cathay_2	This enemy has sworn to remember the lord's name.	false
character_trait_levels_explanation_text_land_enc_trait_curse_grudge_cathay_2	Worsens a level every 5 turns, up to level 5. After 10 turns at its worst, it becomes Bane of the same race.	false
character_trait_levels_removal_land_enc_trait_curse_grudge_cathay_2		false
character_trait_levels_onscreen_name_land_enc_trait_curse_grudge_cathay_3	Grudge of Grand Cathay III	false
character_trait_levels_colour_text_land_enc_trait_curse_grudge_cathay_3	This enemy has sworn to remember the lord's name.	false
character_trait_levels_explanation_text_land_enc_trait_curse_grudge_cathay_3	Worsens a level every 5 turns, up to level 5. After 10 turns at its worst, it becomes Bane of the same race.	false
character_trait_levels_removal_land_enc_trait_curse_grudge_cathay_3		false
character_trait_levels_onscreen_name_land_enc_trait_curse_grudge_cathay_4	Grudge of Grand Cathay IV	false
character_trait_levels_colour_text_land_enc_trait_curse_grudge_cathay_4	This enemy has sworn to remember the lord's name.	false
character_trait_levels_explanation_text_land_enc_trait_curse_grudge_cathay_4	Worsens a level every 5 turns, up to level 5. After 10 turns at its worst, it becomes Bane of the same race.	false
character_trait_levels_removal_land_enc_trait_curse_grudge_cathay_4		false
character_trait_levels_onscreen_name_land_enc_trait_curse_grudge_cathay_5	Grudge of Grand Cathay V	false
character_trait_levels_colour_text_land_enc_trait_curse_grudge_cathay_5	This enemy has sworn to remember the lord's name.	false
character_trait_levels_explanation_text_land_enc_trait_curse_grudge_cathay_5	Worsens a level every 5 turns, up to level 5. After 10 turns at its worst, it becomes Bane of the same race.	false
character_trait_levels_removal_land_enc_trait_curse_grudge_cathay_5		false
character_trait_levels_onscreen_name_land_enc_trait_curse_grudge_chaos_1	Grudge of the Warriors of Chaos I	false
character_trait_levels_colour_text_land_enc_trait_curse_grudge_chaos_1	This enemy has sworn to remember the lord's name.	false
character_trait_levels_explanation_text_land_enc_trait_curse_grudge_chaos_1	Worsens a level every 5 turns, up to level 5. After 10 turns at its worst, it becomes Bane of the same race.	false
character_trait_levels_removal_land_enc_trait_curse_grudge_chaos_1		false
character_trait_levels_onscreen_name_land_enc_trait_curse_grudge_chaos_2	Grudge of the Warriors of Chaos II	false
character_trait_levels_colour_text_land_enc_trait_curse_grudge_chaos_2	This enemy has sworn to remember the lord's name.	false
character_trait_levels_explanation_text_land_enc_trait_curse_grudge_chaos_2	Worsens a level every 5 turns, up to level 5. After 10 turns at its worst, it becomes Bane of the same race.	false
character_trait_levels_removal_land_enc_trait_curse_grudge_chaos_2		false
character_trait_levels_onscreen_name_land_enc_trait_curse_grudge_chaos_3	Grudge of the Warriors of Chaos III	false
character_trait_levels_colour_text_land_enc_trait_curse_grudge_chaos_3	This enemy has sworn to remember the lord's name.	false
character_trait_levels_explanation_text_land_enc_trait_curse_grudge_chaos_3	Worsens a level every 5 turns, up to level 5. After 10 turns at its worst, it becomes Bane of the same race.	false
character_trait_levels_removal_land_enc_trait_curse_grudge_chaos_3		false
character_trait_levels_onscreen_name_land_enc_trait_curse_grudge_chaos_4	Grudge of the Warriors of Chaos IV	false
character_trait_levels_colour_text_land_enc_trait_curse_grudge_chaos_4	This enemy has sworn to remember the lord's name.	false
character_trait_levels_explanation_text_land_enc_trait_curse_grudge_chaos_4	Worsens a level every 5 turns, up to level 5. After 10 turns at its worst, it becomes Bane of the same race.	false
character_trait_levels_removal_land_enc_trait_curse_grudge_chaos_4		false
character_trait_levels_onscreen_name_land_enc_trait_curse_grudge_chaos_5	Grudge of the Warriors of Chaos V	false
character_trait_levels_colour_text_land_enc_trait_curse_grudge_chaos_5	This enemy has sworn to remember the lord's name.	false
character_trait_levels_explanation_text_land_enc_trait_curse_grudge_chaos_5	Worsens a level every 5 turns, up to level 5. After 10 turns at its worst, it becomes Bane of the same race.	false
character_trait_levels_removal_land_enc_trait_curse_grudge_chaos_5		false
character_trait_levels_onscreen_name_land_enc_trait_curse_grudge_chaos_dwarfs_1	Grudge of the Chaos Dwarfs I	false
character_trait_levels_colour_text_land_enc_trait_curse_grudge_chaos_dwarfs_1	This enemy has sworn to remember the lord's name.	false
character_trait_levels_explanation_text_land_enc_trait_curse_grudge_chaos_dwarfs_1	Worsens a level every 5 turns, up to level 5. After 10 turns at its worst, it becomes Bane of the same race.	false
character_trait_levels_removal_land_enc_trait_curse_grudge_chaos_dwarfs_1		false
character_trait_levels_onscreen_name_land_enc_trait_curse_grudge_chaos_dwarfs_2	Grudge of the Chaos Dwarfs II	false
character_trait_levels_colour_text_land_enc_trait_curse_grudge_chaos_dwarfs_2	This enemy has sworn to remember the lord's name.	false
character_trait_levels_explanation_text_land_enc_trait_curse_grudge_chaos_dwarfs_2	Worsens a level every 5 turns, up to level 5. After 10 turns at its worst, it becomes Bane of the same race.	false
character_trait_levels_removal_land_enc_trait_curse_grudge_chaos_dwarfs_2		false
character_trait_levels_onscreen_name_land_enc_trait_curse_grudge_chaos_dwarfs_3	Grudge of the Chaos Dwarfs III	false
character_trait_levels_colour_text_land_enc_trait_curse_grudge_chaos_dwarfs_3	This enemy has sworn to remember the lord's name.	false
character_trait_levels_explanation_text_land_enc_trait_curse_grudge_chaos_dwarfs_3	Worsens a level every 5 turns, up to level 5. After 10 turns at its worst, it becomes Bane of the same race.	false
character_trait_levels_removal_land_enc_trait_curse_grudge_chaos_dwarfs_3		false
character_trait_levels_onscreen_name_land_enc_trait_curse_grudge_chaos_dwarfs_4	Grudge of the Chaos Dwarfs IV	false
character_trait_levels_colour_text_land_enc_trait_curse_grudge_chaos_dwarfs_4	This enemy has sworn to remember the lord's name.	false
character_trait_levels_explanation_text_land_enc_trait_curse_grudge_chaos_dwarfs_4	Worsens a level every 5 turns, up to level 5. After 10 turns at its worst, it becomes Bane of the same race.	false
character_trait_levels_removal_land_enc_trait_curse_grudge_chaos_dwarfs_4		false
character_trait_levels_onscreen_name_land_enc_trait_curse_grudge_chaos_dwarfs_5	Grudge of the Chaos Dwarfs V	false
character_trait_levels_colour_text_land_enc_trait_curse_grudge_chaos_dwarfs_5	This enemy has sworn to remember the lord's name.	false
character_trait_levels_explanation_text_land_enc_trait_curse_grudge_chaos_dwarfs_5	Worsens a level every 5 turns, up to level 5. After 10 turns at its worst, it becomes Bane of the same race.	false
character_trait_levels_removal_land_enc_trait_curse_grudge_chaos_dwarfs_5		false
character_trait_levels_onscreen_name_land_enc_trait_curse_grudge_daemons_1	Grudge of the Daemons of Chaos I	false
character_trait_levels_colour_text_land_enc_trait_curse_grudge_daemons_1	This enemy has sworn to remember the lord's name.	false
character_trait_levels_explanation_text_land_enc_trait_curse_grudge_daemons_1	Worsens a level every 5 turns, up to level 5. After 10 turns at its worst, it becomes Bane of the same race.	false
character_trait_levels_removal_land_enc_trait_curse_grudge_daemons_1		false
character_trait_levels_onscreen_name_land_enc_trait_curse_grudge_daemons_2	Grudge of the Daemons of Chaos II	false
character_trait_levels_colour_text_land_enc_trait_curse_grudge_daemons_2	This enemy has sworn to remember the lord's name.	false
character_trait_levels_explanation_text_land_enc_trait_curse_grudge_daemons_2	Worsens a level every 5 turns, up to level 5. After 10 turns at its worst, it becomes Bane of the same race.	false
character_trait_levels_removal_land_enc_trait_curse_grudge_daemons_2		false
character_trait_levels_onscreen_name_land_enc_trait_curse_grudge_daemons_3	Grudge of the Daemons of Chaos III	false
character_trait_levels_colour_text_land_enc_trait_curse_grudge_daemons_3	This enemy has sworn to remember the lord's name.	false
character_trait_levels_explanation_text_land_enc_trait_curse_grudge_daemons_3	Worsens a level every 5 turns, up to level 5. After 10 turns at its worst, it becomes Bane of the same race.	false
character_trait_levels_removal_land_enc_trait_curse_grudge_daemons_3		false
character_trait_levels_onscreen_name_land_enc_trait_curse_grudge_daemons_4	Grudge of the Daemons of Chaos IV	false
character_trait_levels_colour_text_land_enc_trait_curse_grudge_daemons_4	This enemy has sworn to remember the lord's name.	false
character_trait_levels_explanation_text_land_enc_trait_curse_grudge_daemons_4	Worsens a level every 5 turns, up to level 5. After 10 turns at its worst, it becomes Bane of the same race.	false
character_trait_levels_removal_land_enc_trait_curse_grudge_daemons_4		false
character_trait_levels_onscreen_name_land_enc_trait_curse_grudge_daemons_5	Grudge of the Daemons of Chaos V	false
character_trait_levels_colour_text_land_enc_trait_curse_grudge_daemons_5	This enemy has sworn to remember the lord's name.	false
character_trait_levels_explanation_text_land_enc_trait_curse_grudge_daemons_5	Worsens a level every 5 turns, up to level 5. After 10 turns at its worst, it becomes Bane of the same race.	false
character_trait_levels_removal_land_enc_trait_curse_grudge_daemons_5		false
character_trait_levels_onscreen_name_land_enc_trait_curse_grudge_dark_elves_1	Grudge of the Dark Elves I	false
character_trait_levels_colour_text_land_enc_trait_curse_grudge_dark_elves_1	This enemy has sworn to remember the lord's name.	false
character_trait_levels_explanation_text_land_enc_trait_curse_grudge_dark_elves_1	Worsens a level every 5 turns, up to level 5. After 10 turns at its worst, it becomes Bane of the same race.	false
character_trait_levels_removal_land_enc_trait_curse_grudge_dark_elves_1		false
character_trait_levels_onscreen_name_land_enc_trait_curse_grudge_dark_elves_2	Grudge of the Dark Elves II	false
character_trait_levels_colour_text_land_enc_trait_curse_grudge_dark_elves_2	This enemy has sworn to remember the lord's name.	false
character_trait_levels_explanation_text_land_enc_trait_curse_grudge_dark_elves_2	Worsens a level every 5 turns, up to level 5. After 10 turns at its worst, it becomes Bane of the same race.	false
character_trait_levels_removal_land_enc_trait_curse_grudge_dark_elves_2		false
character_trait_levels_onscreen_name_land_enc_trait_curse_grudge_dark_elves_3	Grudge of the Dark Elves III	false
character_trait_levels_colour_text_land_enc_trait_curse_grudge_dark_elves_3	This enemy has sworn to remember the lord's name.	false
character_trait_levels_explanation_text_land_enc_trait_curse_grudge_dark_elves_3	Worsens a level every 5 turns, up to level 5. After 10 turns at its worst, it becomes Bane of the same race.	false
character_trait_levels_removal_land_enc_trait_curse_grudge_dark_elves_3		false
character_trait_levels_onscreen_name_land_enc_trait_curse_grudge_dark_elves_4	Grudge of the Dark Elves IV	false
character_trait_levels_colour_text_land_enc_trait_curse_grudge_dark_elves_4	This enemy has sworn to remember the lord's name.	false
character_trait_levels_explanation_text_land_enc_trait_curse_grudge_dark_elves_4	Worsens a level every 5 turns, up to level 5. After 10 turns at its worst, it becomes Bane of the same race.	false
character_trait_levels_removal_land_enc_trait_curse_grudge_dark_elves_4		false
character_trait_levels_onscreen_name_land_enc_trait_curse_grudge_dark_elves_5	Grudge of the Dark Elves V	false
character_trait_levels_colour_text_land_enc_trait_curse_grudge_dark_elves_5	This enemy has sworn to remember the lord's name.	false
character_trait_levels_explanation_text_land_enc_trait_curse_grudge_dark_elves_5	Worsens a level every 5 turns, up to level 5. After 10 turns at its worst, it becomes Bane of the same race.	false
character_trait_levels_removal_land_enc_trait_curse_grudge_dark_elves_5		false
character_trait_levels_onscreen_name_land_enc_trait_curse_grudge_dwarfs_1	Grudge of the Dwarfs I	false
character_trait_levels_colour_text_land_enc_trait_curse_grudge_dwarfs_1	This enemy has sworn to remember the lord's name.	false
character_trait_levels_explanation_text_land_enc_trait_curse_grudge_dwarfs_1	Worsens a level every 5 turns, up to level 5. After 10 turns at its worst, it becomes Bane of the same race.	false
character_trait_levels_removal_land_enc_trait_curse_grudge_dwarfs_1		false
character_trait_levels_onscreen_name_land_enc_trait_curse_grudge_dwarfs_2	Grudge of the Dwarfs II	false
character_trait_levels_colour_text_land_enc_trait_curse_grudge_dwarfs_2	This enemy has sworn to remember the lord's name.	false
character_trait_levels_explanation_text_land_enc_trait_curse_grudge_dwarfs_2	Worsens a level every 5 turns, up to level 5. After 10 turns at its worst, it becomes Bane of the same race.	false
character_trait_levels_removal_land_enc_trait_curse_grudge_dwarfs_2		false
character_trait_levels_onscreen_name_land_enc_trait_curse_grudge_dwarfs_3	Grudge of the Dwarfs III	false
character_trait_levels_colour_text_land_enc_trait_curse_grudge_dwarfs_3	This enemy has sworn to remember the lord's name.	false
character_trait_levels_explanation_text_land_enc_trait_curse_grudge_dwarfs_3	Worsens a level every 5 turns, up to level 5. After 10 turns at its worst, it becomes Bane of the same race.	false
character_trait_levels_removal_land_enc_trait_curse_grudge_dwarfs_3		false
character_trait_levels_onscreen_name_land_enc_trait_curse_grudge_dwarfs_4	Grudge of the Dwarfs IV	false
character_trait_levels_colour_text_land_enc_trait_curse_grudge_dwarfs_4	This enemy has sworn to remember the lord's name.	false
character_trait_levels_explanation_text_land_enc_trait_curse_grudge_dwarfs_4	Worsens a level every 5 turns, up to level 5. After 10 turns at its worst, it becomes Bane of the same race.	false
character_trait_levels_removal_land_enc_trait_curse_grudge_dwarfs_4		false
character_trait_levels_onscreen_name_land_enc_trait_curse_grudge_dwarfs_5	Grudge of the Dwarfs V	false
character_trait_levels_colour_text_land_enc_trait_curse_grudge_dwarfs_5	This enemy has sworn to remember the lord's name.	false
character_trait_levels_explanation_text_land_enc_trait_curse_grudge_dwarfs_5	Worsens a level every 5 turns, up to level 5. After 10 turns at its worst, it becomes Bane of the same race.	false
character_trait_levels_removal_land_enc_trait_curse_grudge_dwarfs_5		false
character_trait_levels_onscreen_name_land_enc_trait_curse_grudge_empire_1	Grudge of the Empire I	false
character_trait_levels_colour_text_land_enc_trait_curse_grudge_empire_1	This enemy has sworn to remember the lord's name.	false
character_trait_levels_explanation_text_land_enc_trait_curse_grudge_empire_1	Worsens a level every 5 turns, up to level 5. After 10 turns at its worst, it becomes Bane of the same race.	false
character_trait_levels_removal_land_enc_trait_curse_grudge_empire_1		false
character_trait_levels_onscreen_name_land_enc_trait_curse_grudge_empire_2	Grudge of the Empire II	false
character_trait_levels_colour_text_land_enc_trait_curse_grudge_empire_2	This enemy has sworn to remember the lord's name.	false
character_trait_levels_explanation_text_land_enc_trait_curse_grudge_empire_2	Worsens a level every 5 turns, up to level 5. After 10 turns at its worst, it becomes Bane of the same race.	false
character_trait_levels_removal_land_enc_trait_curse_grudge_empire_2		false
character_trait_levels_onscreen_name_land_enc_trait_curse_grudge_empire_3	Grudge of the Empire III	false
character_trait_levels_colour_text_land_enc_trait_curse_grudge_empire_3	This enemy has sworn to remember the lord's name.	false
character_trait_levels_explanation_text_land_enc_trait_curse_grudge_empire_3	Worsens a level every 5 turns, up to level 5. After 10 turns at its worst, it becomes Bane of the same race.	false
character_trait_levels_removal_land_enc_trait_curse_grudge_empire_3		false
character_trait_levels_onscreen_name_land_enc_trait_curse_grudge_empire_4	Grudge of the Empire IV	false
character_trait_levels_colour_text_land_enc_trait_curse_grudge_empire_4	This enemy has sworn to remember the lord's name.	false
character_trait_levels_explanation_text_land_enc_trait_curse_grudge_empire_4	Worsens a level every 5 turns, up to level 5. After 10 turns at its worst, it becomes Bane of the same race.	false
character_trait_levels_removal_land_enc_trait_curse_grudge_empire_4		false
character_trait_levels_onscreen_name_land_enc_trait_curse_grudge_empire_5	Grudge of the Empire V	false
character_trait_levels_colour_text_land_enc_trait_curse_grudge_empire_5	This enemy has sworn to remember the lord's name.	false
character_trait_levels_explanation_text_land_enc_trait_curse_grudge_empire_5	Worsens a level every 5 turns, up to level 5. After 10 turns at its worst, it becomes Bane of the same race.	false
character_trait_levels_removal_land_enc_trait_curse_grudge_empire_5		false
character_trait_levels_onscreen_name_land_enc_trait_curse_grudge_greenskins_1	Grudge of the Greenskins I	false
character_trait_levels_colour_text_land_enc_trait_curse_grudge_greenskins_1	This enemy has sworn to remember the lord's name.	false
character_trait_levels_explanation_text_land_enc_trait_curse_grudge_greenskins_1	Worsens a level every 5 turns, up to level 5. After 10 turns at its worst, it becomes Bane of the same race.	false
character_trait_levels_removal_land_enc_trait_curse_grudge_greenskins_1		false
character_trait_levels_onscreen_name_land_enc_trait_curse_grudge_greenskins_2	Grudge of the Greenskins II	false
character_trait_levels_colour_text_land_enc_trait_curse_grudge_greenskins_2	This enemy has sworn to remember the lord's name.	false
character_trait_levels_explanation_text_land_enc_trait_curse_grudge_greenskins_2	Worsens a level every 5 turns, up to level 5. After 10 turns at its worst, it becomes Bane of the same race.	false
character_trait_levels_removal_land_enc_trait_curse_grudge_greenskins_2		false
character_trait_levels_onscreen_name_land_enc_trait_curse_grudge_greenskins_3	Grudge of the Greenskins III	false
character_trait_levels_colour_text_land_enc_trait_curse_grudge_greenskins_3	This enemy has sworn to remember the lord's name.	false
character_trait_levels_explanation_text_land_enc_trait_curse_grudge_greenskins_3	Worsens a level every 5 turns, up to level 5. After 10 turns at its worst, it becomes Bane of the same race.	false
character_trait_levels_removal_land_enc_trait_curse_grudge_greenskins_3		false
character_trait_levels_onscreen_name_land_enc_trait_curse_grudge_greenskins_4	Grudge of the Greenskins IV	false
character_trait_levels_colour_text_land_enc_trait_curse_grudge_greenskins_4	This enemy has sworn to remember the lord's name.	false
character_trait_levels_explanation_text_land_enc_trait_curse_grudge_greenskins_4	Worsens a level every 5 turns, up to level 5. After 10 turns at its worst, it becomes Bane of the same race.	false
character_trait_levels_removal_land_enc_trait_curse_grudge_greenskins_4		false
character_trait_levels_onscreen_name_land_enc_trait_curse_grudge_greenskins_5	Grudge of the Greenskins V	false
character_trait_levels_colour_text_land_enc_trait_curse_grudge_greenskins_5	This enemy has sworn to remember the lord's name.	false
character_trait_levels_explanation_text_land_enc_trait_curse_grudge_greenskins_5	Worsens a level every 5 turns, up to level 5. After 10 turns at its worst, it becomes Bane of the same race.	false
character_trait_levels_removal_land_enc_trait_curse_grudge_greenskins_5		false
character_trait_levels_onscreen_name_land_enc_trait_curse_grudge_high_elves_1	Grudge of the High Elves I	false
character_trait_levels_colour_text_land_enc_trait_curse_grudge_high_elves_1	This enemy has sworn to remember the lord's name.	false
character_trait_levels_explanation_text_land_enc_trait_curse_grudge_high_elves_1	Worsens a level every 5 turns, up to level 5. After 10 turns at its worst, it becomes Bane of the same race.	false
character_trait_levels_removal_land_enc_trait_curse_grudge_high_elves_1		false
character_trait_levels_onscreen_name_land_enc_trait_curse_grudge_high_elves_2	Grudge of the High Elves II	false
character_trait_levels_colour_text_land_enc_trait_curse_grudge_high_elves_2	This enemy has sworn to remember the lord's name.	false
character_trait_levels_explanation_text_land_enc_trait_curse_grudge_high_elves_2	Worsens a level every 5 turns, up to level 5. After 10 turns at its worst, it becomes Bane of the same race.	false
character_trait_levels_removal_land_enc_trait_curse_grudge_high_elves_2		false
character_trait_levels_onscreen_name_land_enc_trait_curse_grudge_high_elves_3	Grudge of the High Elves III	false
character_trait_levels_colour_text_land_enc_trait_curse_grudge_high_elves_3	This enemy has sworn to remember the lord's name.	false
character_trait_levels_explanation_text_land_enc_trait_curse_grudge_high_elves_3	Worsens a level every 5 turns, up to level 5. After 10 turns at its worst, it becomes Bane of the same race.	false
character_trait_levels_removal_land_enc_trait_curse_grudge_high_elves_3		false
character_trait_levels_onscreen_name_land_enc_trait_curse_grudge_high_elves_4	Grudge of the High Elves IV	false
character_trait_levels_colour_text_land_enc_trait_curse_grudge_high_elves_4	This enemy has sworn to remember the lord's name.	false
character_trait_levels_explanation_text_land_enc_trait_curse_grudge_high_elves_4	Worsens a level every 5 turns, up to level 5. After 10 turns at its worst, it becomes Bane of the same race.	false
character_trait_levels_removal_land_enc_trait_curse_grudge_high_elves_4		false
character_trait_levels_onscreen_name_land_enc_trait_curse_grudge_high_elves_5	Grudge of the High Elves V	false
character_trait_levels_colour_text_land_enc_trait_curse_grudge_high_elves_5	This enemy has sworn to remember the lord's name.	false
character_trait_levels_explanation_text_land_enc_trait_curse_grudge_high_elves_5	Worsens a level every 5 turns, up to level 5. After 10 turns at its worst, it becomes Bane of the same race.	false
character_trait_levels_removal_land_enc_trait_curse_grudge_high_elves_5		false
character_trait_levels_onscreen_name_land_enc_trait_curse_grudge_khorne_1	Grudge of Khorne I	false
character_trait_levels_colour_text_land_enc_trait_curse_grudge_khorne_1	This enemy has sworn to remember the lord's name.	false
character_trait_levels_explanation_text_land_enc_trait_curse_grudge_khorne_1	Worsens a level every 5 turns, up to level 5. After 10 turns at its worst, it becomes Bane of the same race.	false
character_trait_levels_removal_land_enc_trait_curse_grudge_khorne_1		false
character_trait_levels_onscreen_name_land_enc_trait_curse_grudge_khorne_2	Grudge of Khorne II	false
character_trait_levels_colour_text_land_enc_trait_curse_grudge_khorne_2	This enemy has sworn to remember the lord's name.	false
character_trait_levels_explanation_text_land_enc_trait_curse_grudge_khorne_2	Worsens a level every 5 turns, up to level 5. After 10 turns at its worst, it becomes Bane of the same race.	false
character_trait_levels_removal_land_enc_trait_curse_grudge_khorne_2		false
character_trait_levels_onscreen_name_land_enc_trait_curse_grudge_khorne_3	Grudge of Khorne III	false
character_trait_levels_colour_text_land_enc_trait_curse_grudge_khorne_3	This enemy has sworn to remember the lord's name.	false
character_trait_levels_explanation_text_land_enc_trait_curse_grudge_khorne_3	Worsens a level every 5 turns, up to level 5. After 10 turns at its worst, it becomes Bane of the same race.	false
character_trait_levels_removal_land_enc_trait_curse_grudge_khorne_3		false
character_trait_levels_onscreen_name_land_enc_trait_curse_grudge_khorne_4	Grudge of Khorne IV	false
character_trait_levels_colour_text_land_enc_trait_curse_grudge_khorne_4	This enemy has sworn to remember the lord's name.	false
character_trait_levels_explanation_text_land_enc_trait_curse_grudge_khorne_4	Worsens a level every 5 turns, up to level 5. After 10 turns at its worst, it becomes Bane of the same race.	false
character_trait_levels_removal_land_enc_trait_curse_grudge_khorne_4		false
character_trait_levels_onscreen_name_land_enc_trait_curse_grudge_khorne_5	Grudge of Khorne V	false
character_trait_levels_colour_text_land_enc_trait_curse_grudge_khorne_5	This enemy has sworn to remember the lord's name.	false
character_trait_levels_explanation_text_land_enc_trait_curse_grudge_khorne_5	Worsens a level every 5 turns, up to level 5. After 10 turns at its worst, it becomes Bane of the same race.	false
character_trait_levels_removal_land_enc_trait_curse_grudge_khorne_5		false
character_trait_levels_onscreen_name_land_enc_trait_curse_grudge_kislev_1	Grudge of Kislev I	false
character_trait_levels_colour_text_land_enc_trait_curse_grudge_kislev_1	This enemy has sworn to remember the lord's name.	false
character_trait_levels_explanation_text_land_enc_trait_curse_grudge_kislev_1	Worsens a level every 5 turns, up to level 5. After 10 turns at its worst, it becomes Bane of the same race.	false
character_trait_levels_removal_land_enc_trait_curse_grudge_kislev_1		false
character_trait_levels_onscreen_name_land_enc_trait_curse_grudge_kislev_2	Grudge of Kislev II	false
character_trait_levels_colour_text_land_enc_trait_curse_grudge_kislev_2	This enemy has sworn to remember the lord's name.	false
character_trait_levels_explanation_text_land_enc_trait_curse_grudge_kislev_2	Worsens a level every 5 turns, up to level 5. After 10 turns at its worst, it becomes Bane of the same race.	false
character_trait_levels_removal_land_enc_trait_curse_grudge_kislev_2		false
character_trait_levels_onscreen_name_land_enc_trait_curse_grudge_kislev_3	Grudge of Kislev III	false
character_trait_levels_colour_text_land_enc_trait_curse_grudge_kislev_3	This enemy has sworn to remember the lord's name.	false
character_trait_levels_explanation_text_land_enc_trait_curse_grudge_kislev_3	Worsens a level every 5 turns, up to level 5. After 10 turns at its worst, it becomes Bane of the same race.	false
character_trait_levels_removal_land_enc_trait_curse_grudge_kislev_3		false
character_trait_levels_onscreen_name_land_enc_trait_curse_grudge_kislev_4	Grudge of Kislev IV	false
character_trait_levels_colour_text_land_enc_trait_curse_grudge_kislev_4	This enemy has sworn to remember the lord's name.	false
character_trait_levels_explanation_text_land_enc_trait_curse_grudge_kislev_4	Worsens a level every 5 turns, up to level 5. After 10 turns at its worst, it becomes Bane of the same race.	false
character_trait_levels_removal_land_enc_trait_curse_grudge_kislev_4		false
character_trait_levels_onscreen_name_land_enc_trait_curse_grudge_kislev_5	Grudge of Kislev V	false
character_trait_levels_colour_text_land_enc_trait_curse_grudge_kislev_5	This enemy has sworn to remember the lord's name.	false
character_trait_levels_explanation_text_land_enc_trait_curse_grudge_kislev_5	Worsens a level every 5 turns, up to level 5. After 10 turns at its worst, it becomes Bane of the same race.	false
character_trait_levels_removal_land_enc_trait_curse_grudge_kislev_5		false
character_trait_levels_onscreen_name_land_enc_trait_curse_grudge_lizardmen_1	Grudge of the Lizardmen I	false
character_trait_levels_colour_text_land_enc_trait_curse_grudge_lizardmen_1	This enemy has sworn to remember the lord's name.	false
character_trait_levels_explanation_text_land_enc_trait_curse_grudge_lizardmen_1	Worsens a level every 5 turns, up to level 5. After 10 turns at its worst, it becomes Bane of the same race.	false
character_trait_levels_removal_land_enc_trait_curse_grudge_lizardmen_1		false
character_trait_levels_onscreen_name_land_enc_trait_curse_grudge_lizardmen_2	Grudge of the Lizardmen II	false
character_trait_levels_colour_text_land_enc_trait_curse_grudge_lizardmen_2	This enemy has sworn to remember the lord's name.	false
character_trait_levels_explanation_text_land_enc_trait_curse_grudge_lizardmen_2	Worsens a level every 5 turns, up to level 5. After 10 turns at its worst, it becomes Bane of the same race.	false
character_trait_levels_removal_land_enc_trait_curse_grudge_lizardmen_2		false
character_trait_levels_onscreen_name_land_enc_trait_curse_grudge_lizardmen_3	Grudge of the Lizardmen III	false
character_trait_levels_colour_text_land_enc_trait_curse_grudge_lizardmen_3	This enemy has sworn to remember the lord's name.	false
character_trait_levels_explanation_text_land_enc_trait_curse_grudge_lizardmen_3	Worsens a level every 5 turns, up to level 5. After 10 turns at its worst, it becomes Bane of the same race.	false
character_trait_levels_removal_land_enc_trait_curse_grudge_lizardmen_3		false
character_trait_levels_onscreen_name_land_enc_trait_curse_grudge_lizardmen_4	Grudge of the Lizardmen IV	false
character_trait_levels_colour_text_land_enc_trait_curse_grudge_lizardmen_4	This enemy has sworn to remember the lord's name.	false
character_trait_levels_explanation_text_land_enc_trait_curse_grudge_lizardmen_4	Worsens a level every 5 turns, up to level 5. After 10 turns at its worst, it becomes Bane of the same race.	false
character_trait_levels_removal_land_enc_trait_curse_grudge_lizardmen_4		false
character_trait_levels_onscreen_name_land_enc_trait_curse_grudge_lizardmen_5	Grudge of the Lizardmen V	false
character_trait_levels_colour_text_land_enc_trait_curse_grudge_lizardmen_5	This enemy has sworn to remember the lord's name.	false
character_trait_levels_explanation_text_land_enc_trait_curse_grudge_lizardmen_5	Worsens a level every 5 turns, up to level 5. After 10 turns at its worst, it becomes Bane of the same race.	false
character_trait_levels_removal_land_enc_trait_curse_grudge_lizardmen_5		false
character_trait_levels_onscreen_name_land_enc_trait_curse_grudge_norsca_1	Grudge of Norsca I	false
character_trait_levels_colour_text_land_enc_trait_curse_grudge_norsca_1	This enemy has sworn to remember the lord's name.	false
character_trait_levels_explanation_text_land_enc_trait_curse_grudge_norsca_1	Worsens a level every 5 turns, up to level 5. After 10 turns at its worst, it becomes Bane of the same race.	false
character_trait_levels_removal_land_enc_trait_curse_grudge_norsca_1		false
character_trait_levels_onscreen_name_land_enc_trait_curse_grudge_norsca_2	Grudge of Norsca II	false
character_trait_levels_colour_text_land_enc_trait_curse_grudge_norsca_2	This enemy has sworn to remember the lord's name.	false
character_trait_levels_explanation_text_land_enc_trait_curse_grudge_norsca_2	Worsens a level every 5 turns, up to level 5. After 10 turns at its worst, it becomes Bane of the same race.	false
character_trait_levels_removal_land_enc_trait_curse_grudge_norsca_2		false
character_trait_levels_onscreen_name_land_enc_trait_curse_grudge_norsca_3	Grudge of Norsca III	false
character_trait_levels_colour_text_land_enc_trait_curse_grudge_norsca_3	This enemy has sworn to remember the lord's name.	false
character_trait_levels_explanation_text_land_enc_trait_curse_grudge_norsca_3	Worsens a level every 5 turns, up to level 5. After 10 turns at its worst, it becomes Bane of the same race.	false
character_trait_levels_removal_land_enc_trait_curse_grudge_norsca_3		false
character_trait_levels_onscreen_name_land_enc_trait_curse_grudge_norsca_4	Grudge of Norsca IV	false
character_trait_levels_colour_text_land_enc_trait_curse_grudge_norsca_4	This enemy has sworn to remember the lord's name.	false
character_trait_levels_explanation_text_land_enc_trait_curse_grudge_norsca_4	Worsens a level every 5 turns, up to level 5. After 10 turns at its worst, it becomes Bane of the same race.	false
character_trait_levels_removal_land_enc_trait_curse_grudge_norsca_4		false
character_trait_levels_onscreen_name_land_enc_trait_curse_grudge_norsca_5	Grudge of Norsca V	false
character_trait_levels_colour_text_land_enc_trait_curse_grudge_norsca_5	This enemy has sworn to remember the lord's name.	false
character_trait_levels_explanation_text_land_enc_trait_curse_grudge_norsca_5	Worsens a level every 5 turns, up to level 5. After 10 turns at its worst, it becomes Bane of the same race.	false
character_trait_levels_removal_land_enc_trait_curse_grudge_norsca_5		false
character_trait_levels_onscreen_name_land_enc_trait_curse_grudge_nurgle_1	Grudge of Nurgle I	false
character_trait_levels_colour_text_land_enc_trait_curse_grudge_nurgle_1	This enemy has sworn to remember the lord's name.	false
character_trait_levels_explanation_text_land_enc_trait_curse_grudge_nurgle_1	Worsens a level every 5 turns, up to level 5. After 10 turns at its worst, it becomes Bane of the same race.	false
character_trait_levels_removal_land_enc_trait_curse_grudge_nurgle_1		false
character_trait_levels_onscreen_name_land_enc_trait_curse_grudge_nurgle_2	Grudge of Nurgle II	false
character_trait_levels_colour_text_land_enc_trait_curse_grudge_nurgle_2	This enemy has sworn to remember the lord's name.	false
character_trait_levels_explanation_text_land_enc_trait_curse_grudge_nurgle_2	Worsens a level every 5 turns, up to level 5. After 10 turns at its worst, it becomes Bane of the same race.	false
character_trait_levels_removal_land_enc_trait_curse_grudge_nurgle_2		false
character_trait_levels_onscreen_name_land_enc_trait_curse_grudge_nurgle_3	Grudge of Nurgle III	false
character_trait_levels_colour_text_land_enc_trait_curse_grudge_nurgle_3	This enemy has sworn to remember the lord's name.	false
character_trait_levels_explanation_text_land_enc_trait_curse_grudge_nurgle_3	Worsens a level every 5 turns, up to level 5. After 10 turns at its worst, it becomes Bane of the same race.	false
character_trait_levels_removal_land_enc_trait_curse_grudge_nurgle_3		false
character_trait_levels_onscreen_name_land_enc_trait_curse_grudge_nurgle_4	Grudge of Nurgle IV	false
character_trait_levels_colour_text_land_enc_trait_curse_grudge_nurgle_4	This enemy has sworn to remember the lord's name.	false
character_trait_levels_explanation_text_land_enc_trait_curse_grudge_nurgle_4	Worsens a level every 5 turns, up to level 5. After 10 turns at its worst, it becomes Bane of the same race.	false
character_trait_levels_removal_land_enc_trait_curse_grudge_nurgle_4		false
character_trait_levels_onscreen_name_land_enc_trait_curse_grudge_nurgle_5	Grudge of Nurgle V	false
character_trait_levels_colour_text_land_enc_trait_curse_grudge_nurgle_5	This enemy has sworn to remember the lord's name.	false
character_trait_levels_explanation_text_land_enc_trait_curse_grudge_nurgle_5	Worsens a level every 5 turns, up to level 5. After 10 turns at its worst, it becomes Bane of the same race.	false
character_trait_levels_removal_land_enc_trait_curse_grudge_nurgle_5		false
character_trait_levels_onscreen_name_land_enc_trait_curse_grudge_ogres_1	Grudge of the Ogre Kingdoms I	false
character_trait_levels_colour_text_land_enc_trait_curse_grudge_ogres_1	This enemy has sworn to remember the lord's name.	false
character_trait_levels_explanation_text_land_enc_trait_curse_grudge_ogres_1	Worsens a level every 5 turns, up to level 5. After 10 turns at its worst, it becomes Bane of the same race.	false
character_trait_levels_removal_land_enc_trait_curse_grudge_ogres_1		false
character_trait_levels_onscreen_name_land_enc_trait_curse_grudge_ogres_2	Grudge of the Ogre Kingdoms II	false
character_trait_levels_colour_text_land_enc_trait_curse_grudge_ogres_2	This enemy has sworn to remember the lord's name.	false
character_trait_levels_explanation_text_land_enc_trait_curse_grudge_ogres_2	Worsens a level every 5 turns, up to level 5. After 10 turns at its worst, it becomes Bane of the same race.	false
character_trait_levels_removal_land_enc_trait_curse_grudge_ogres_2		false
character_trait_levels_onscreen_name_land_enc_trait_curse_grudge_ogres_3	Grudge of the Ogre Kingdoms III	false
character_trait_levels_colour_text_land_enc_trait_curse_grudge_ogres_3	This enemy has sworn to remember the lord's name.	false
character_trait_levels_explanation_text_land_enc_trait_curse_grudge_ogres_3	Worsens a level every 5 turns, up to level 5. After 10 turns at its worst, it becomes Bane of the same race.	false
character_trait_levels_removal_land_enc_trait_curse_grudge_ogres_3		false
character_trait_levels_onscreen_name_land_enc_trait_curse_grudge_ogres_4	Grudge of the Ogre Kingdoms IV	false
character_trait_levels_colour_text_land_enc_trait_curse_grudge_ogres_4	This enemy has sworn to remember the lord's name.	false
character_trait_levels_explanation_text_land_enc_trait_curse_grudge_ogres_4	Worsens a level every 5 turns, up to level 5. After 10 turns at its worst, it becomes Bane of the same race.	false
character_trait_levels_removal_land_enc_trait_curse_grudge_ogres_4		false
character_trait_levels_onscreen_name_land_enc_trait_curse_grudge_ogres_5	Grudge of the Ogre Kingdoms V	false
character_trait_levels_colour_text_land_enc_trait_curse_grudge_ogres_5	This enemy has sworn to remember the lord's name.	false
character_trait_levels_explanation_text_land_enc_trait_curse_grudge_ogres_5	Worsens a level every 5 turns, up to level 5. After 10 turns at its worst, it becomes Bane of the same race.	false
character_trait_levels_removal_land_enc_trait_curse_grudge_ogres_5		false
character_trait_levels_onscreen_name_land_enc_trait_curse_grudge_skaven_1	Grudge of the Skaven I	false
character_trait_levels_colour_text_land_enc_trait_curse_grudge_skaven_1	This enemy has sworn to remember the lord's name.	false
character_trait_levels_explanation_text_land_enc_trait_curse_grudge_skaven_1	Worsens a level every 5 turns, up to level 5. After 10 turns at its worst, it becomes Bane of the same race.	false
character_trait_levels_removal_land_enc_trait_curse_grudge_skaven_1		false
character_trait_levels_onscreen_name_land_enc_trait_curse_grudge_skaven_2	Grudge of the Skaven II	false
character_trait_levels_colour_text_land_enc_trait_curse_grudge_skaven_2	This enemy has sworn to remember the lord's name.	false
character_trait_levels_explanation_text_land_enc_trait_curse_grudge_skaven_2	Worsens a level every 5 turns, up to level 5. After 10 turns at its worst, it becomes Bane of the same race.	false
character_trait_levels_removal_land_enc_trait_curse_grudge_skaven_2		false
character_trait_levels_onscreen_name_land_enc_trait_curse_grudge_skaven_3	Grudge of the Skaven III	false
character_trait_levels_colour_text_land_enc_trait_curse_grudge_skaven_3	This enemy has sworn to remember the lord's name.	false
character_trait_levels_explanation_text_land_enc_trait_curse_grudge_skaven_3	Worsens a level every 5 turns, up to level 5. After 10 turns at its worst, it becomes Bane of the same race.	false
character_trait_levels_removal_land_enc_trait_curse_grudge_skaven_3		false
character_trait_levels_onscreen_name_land_enc_trait_curse_grudge_skaven_4	Grudge of the Skaven IV	false
character_trait_levels_colour_text_land_enc_trait_curse_grudge_skaven_4	This enemy has sworn to remember the lord's name.	false
character_trait_levels_explanation_text_land_enc_trait_curse_grudge_skaven_4	Worsens a level every 5 turns, up to level 5. After 10 turns at its worst, it becomes Bane of the same race.	false
character_trait_levels_removal_land_enc_trait_curse_grudge_skaven_4		false
character_trait_levels_onscreen_name_land_enc_trait_curse_grudge_skaven_5	Grudge of the Skaven V	false
character_trait_levels_colour_text_land_enc_trait_curse_grudge_skaven_5	This enemy has sworn to remember the lord's name.	false
character_trait_levels_explanation_text_land_enc_trait_curse_grudge_skaven_5	Worsens a level every 5 turns, up to level 5. After 10 turns at its worst, it becomes Bane of the same race.	false
character_trait_levels_removal_land_enc_trait_curse_grudge_skaven_5		false
character_trait_levels_onscreen_name_land_enc_trait_curse_grudge_slaanesh_1	Grudge of Slaanesh I	false
character_trait_levels_colour_text_land_enc_trait_curse_grudge_slaanesh_1	This enemy has sworn to remember the lord's name.	false
character_trait_levels_explanation_text_land_enc_trait_curse_grudge_slaanesh_1	Worsens a level every 5 turns, up to level 5. After 10 turns at its worst, it becomes Bane of the same race.	false
character_trait_levels_removal_land_enc_trait_curse_grudge_slaanesh_1		false
character_trait_levels_onscreen_name_land_enc_trait_curse_grudge_slaanesh_2	Grudge of Slaanesh II	false
character_trait_levels_colour_text_land_enc_trait_curse_grudge_slaanesh_2	This enemy has sworn to remember the lord's name.	false
character_trait_levels_explanation_text_land_enc_trait_curse_grudge_slaanesh_2	Worsens a level every 5 turns, up to level 5. After 10 turns at its worst, it becomes Bane of the same race.	false
character_trait_levels_removal_land_enc_trait_curse_grudge_slaanesh_2		false
character_trait_levels_onscreen_name_land_enc_trait_curse_grudge_slaanesh_3	Grudge of Slaanesh III	false
character_trait_levels_colour_text_land_enc_trait_curse_grudge_slaanesh_3	This enemy has sworn to remember the lord's name.	false
character_trait_levels_explanation_text_land_enc_trait_curse_grudge_slaanesh_3	Worsens a level every 5 turns, up to level 5. After 10 turns at its worst, it becomes Bane of the same race.	false
character_trait_levels_removal_land_enc_trait_curse_grudge_slaanesh_3		false
character_trait_levels_onscreen_name_land_enc_trait_curse_grudge_slaanesh_4	Grudge of Slaanesh IV	false
character_trait_levels_colour_text_land_enc_trait_curse_grudge_slaanesh_4	This enemy has sworn to remember the lord's name.	false
character_trait_levels_explanation_text_land_enc_trait_curse_grudge_slaanesh_4	Worsens a level every 5 turns, up to level 5. After 10 turns at its worst, it becomes Bane of the same race.	false
character_trait_levels_removal_land_enc_trait_curse_grudge_slaanesh_4		false
character_trait_levels_onscreen_name_land_enc_trait_curse_grudge_slaanesh_5	Grudge of Slaanesh V	false
character_trait_levels_colour_text_land_enc_trait_curse_grudge_slaanesh_5	This enemy has sworn to remember the lord's name.	false
character_trait_levels_explanation_text_land_enc_trait_curse_grudge_slaanesh_5	Worsens a level every 5 turns, up to level 5. After 10 turns at its worst, it becomes Bane of the same race.	false
character_trait_levels_removal_land_enc_trait_curse_grudge_slaanesh_5		false
character_trait_levels_onscreen_name_land_enc_trait_curse_grudge_tomb_kings_1	Grudge of the Tomb Kings I	false
character_trait_levels_colour_text_land_enc_trait_curse_grudge_tomb_kings_1	This enemy has sworn to remember the lord's name.	false
character_trait_levels_explanation_text_land_enc_trait_curse_grudge_tomb_kings_1	Worsens a level every 5 turns, up to level 5. After 10 turns at its worst, it becomes Bane of the same race.	false
character_trait_levels_removal_land_enc_trait_curse_grudge_tomb_kings_1		false
character_trait_levels_onscreen_name_land_enc_trait_curse_grudge_tomb_kings_2	Grudge of the Tomb Kings II	false
character_trait_levels_colour_text_land_enc_trait_curse_grudge_tomb_kings_2	This enemy has sworn to remember the lord's name.	false
character_trait_levels_explanation_text_land_enc_trait_curse_grudge_tomb_kings_2	Worsens a level every 5 turns, up to level 5. After 10 turns at its worst, it becomes Bane of the same race.	false
character_trait_levels_removal_land_enc_trait_curse_grudge_tomb_kings_2		false
character_trait_levels_onscreen_name_land_enc_trait_curse_grudge_tomb_kings_3	Grudge of the Tomb Kings III	false
character_trait_levels_colour_text_land_enc_trait_curse_grudge_tomb_kings_3	This enemy has sworn to remember the lord's name.	false
character_trait_levels_explanation_text_land_enc_trait_curse_grudge_tomb_kings_3	Worsens a level every 5 turns, up to level 5. After 10 turns at its worst, it becomes Bane of the same race.	false
character_trait_levels_removal_land_enc_trait_curse_grudge_tomb_kings_3		false
character_trait_levels_onscreen_name_land_enc_trait_curse_grudge_tomb_kings_4	Grudge of the Tomb Kings IV	false
character_trait_levels_colour_text_land_enc_trait_curse_grudge_tomb_kings_4	This enemy has sworn to remember the lord's name.	false
character_trait_levels_explanation_text_land_enc_trait_curse_grudge_tomb_kings_4	Worsens a level every 5 turns, up to level 5. After 10 turns at its worst, it becomes Bane of the same race.	false
character_trait_levels_removal_land_enc_trait_curse_grudge_tomb_kings_4		false
character_trait_levels_onscreen_name_land_enc_trait_curse_grudge_tomb_kings_5	Grudge of the Tomb Kings V	false
character_trait_levels_colour_text_land_enc_trait_curse_grudge_tomb_kings_5	This enemy has sworn to remember the lord's name.	false
character_trait_levels_explanation_text_land_enc_trait_curse_grudge_tomb_kings_5	Worsens a level every 5 turns, up to level 5. After 10 turns at its worst, it becomes Bane of the same race.	false
character_trait_levels_removal_land_enc_trait_curse_grudge_tomb_kings_5		false
character_trait_levels_onscreen_name_land_enc_trait_curse_grudge_tzeentch_1	Grudge of Tzeentch I	false
character_trait_levels_colour_text_land_enc_trait_curse_grudge_tzeentch_1	This enemy has sworn to remember the lord's name.	false
character_trait_levels_explanation_text_land_enc_trait_curse_grudge_tzeentch_1	Worsens a level every 5 turns, up to level 5. After 10 turns at its worst, it becomes Bane of the same race.	false
character_trait_levels_removal_land_enc_trait_curse_grudge_tzeentch_1		false
character_trait_levels_onscreen_name_land_enc_trait_curse_grudge_tzeentch_2	Grudge of Tzeentch II	false
character_trait_levels_colour_text_land_enc_trait_curse_grudge_tzeentch_2	This enemy has sworn to remember the lord's name.	false
character_trait_levels_explanation_text_land_enc_trait_curse_grudge_tzeentch_2	Worsens a level every 5 turns, up to level 5. After 10 turns at its worst, it becomes Bane of the same race.	false
character_trait_levels_removal_land_enc_trait_curse_grudge_tzeentch_2		false
character_trait_levels_onscreen_name_land_enc_trait_curse_grudge_tzeentch_3	Grudge of Tzeentch III	false
character_trait_levels_colour_text_land_enc_trait_curse_grudge_tzeentch_3	This enemy has sworn to remember the lord's name.	false
character_trait_levels_explanation_text_land_enc_trait_curse_grudge_tzeentch_3	Worsens a level every 5 turns, up to level 5. After 10 turns at its worst, it becomes Bane of the same race.	false
character_trait_levels_removal_land_enc_trait_curse_grudge_tzeentch_3		false
character_trait_levels_onscreen_name_land_enc_trait_curse_grudge_tzeentch_4	Grudge of Tzeentch IV	false
character_trait_levels_colour_text_land_enc_trait_curse_grudge_tzeentch_4	This enemy has sworn to remember the lord's name.	false
character_trait_levels_explanation_text_land_enc_trait_curse_grudge_tzeentch_4	Worsens a level every 5 turns, up to level 5. After 10 turns at its worst, it becomes Bane of the same race.	false
character_trait_levels_removal_land_enc_trait_curse_grudge_tzeentch_4		false
character_trait_levels_onscreen_name_land_enc_trait_curse_grudge_tzeentch_5	Grudge of Tzeentch V	false
character_trait_levels_colour_text_land_enc_trait_curse_grudge_tzeentch_5	This enemy has sworn to remember the lord's name.	false
character_trait_levels_explanation_text_land_enc_trait_curse_grudge_tzeentch_5	Worsens a level every 5 turns, up to level 5. After 10 turns at its worst, it becomes Bane of the same race.	false
character_trait_levels_removal_land_enc_trait_curse_grudge_tzeentch_5		false
character_trait_levels_onscreen_name_land_enc_trait_curse_grudge_vampire_coast_1	Grudge of the Vampire Coast I	false
character_trait_levels_colour_text_land_enc_trait_curse_grudge_vampire_coast_1	This enemy has sworn to remember the lord's name.	false
character_trait_levels_explanation_text_land_enc_trait_curse_grudge_vampire_coast_1	Worsens a level every 5 turns, up to level 5. After 10 turns at its worst, it becomes Bane of the same race.	false
character_trait_levels_removal_land_enc_trait_curse_grudge_vampire_coast_1		false
character_trait_levels_onscreen_name_land_enc_trait_curse_grudge_vampire_coast_2	Grudge of the Vampire Coast II	false
character_trait_levels_colour_text_land_enc_trait_curse_grudge_vampire_coast_2	This enemy has sworn to remember the lord's name.	false
character_trait_levels_explanation_text_land_enc_trait_curse_grudge_vampire_coast_2	Worsens a level every 5 turns, up to level 5. After 10 turns at its worst, it becomes Bane of the same race.	false
character_trait_levels_removal_land_enc_trait_curse_grudge_vampire_coast_2		false
character_trait_levels_onscreen_name_land_enc_trait_curse_grudge_vampire_coast_3	Grudge of the Vampire Coast III	false
character_trait_levels_colour_text_land_enc_trait_curse_grudge_vampire_coast_3	This enemy has sworn to remember the lord's name.	false
character_trait_levels_explanation_text_land_enc_trait_curse_grudge_vampire_coast_3	Worsens a level every 5 turns, up to level 5. After 10 turns at its worst, it becomes Bane of the same race.	false
character_trait_levels_removal_land_enc_trait_curse_grudge_vampire_coast_3		false
character_trait_levels_onscreen_name_land_enc_trait_curse_grudge_vampire_coast_4	Grudge of the Vampire Coast IV	false
character_trait_levels_colour_text_land_enc_trait_curse_grudge_vampire_coast_4	This enemy has sworn to remember the lord's name.	false
character_trait_levels_explanation_text_land_enc_trait_curse_grudge_vampire_coast_4	Worsens a level every 5 turns, up to level 5. After 10 turns at its worst, it becomes Bane of the same race.	false
character_trait_levels_removal_land_enc_trait_curse_grudge_vampire_coast_4		false
character_trait_levels_onscreen_name_land_enc_trait_curse_grudge_vampire_coast_5	Grudge of the Vampire Coast V	false
character_trait_levels_colour_text_land_enc_trait_curse_grudge_vampire_coast_5	This enemy has sworn to remember the lord's name.	false
character_trait_levels_explanation_text_land_enc_trait_curse_grudge_vampire_coast_5	Worsens a level every 5 turns, up to level 5. After 10 turns at its worst, it becomes Bane of the same race.	false
character_trait_levels_removal_land_enc_trait_curse_grudge_vampire_coast_5		false
character_trait_levels_onscreen_name_land_enc_trait_curse_grudge_vampire_counts_1	Grudge of the Vampire Counts I	false
character_trait_levels_colour_text_land_enc_trait_curse_grudge_vampire_counts_1	This enemy has sworn to remember the lord's name.	false
character_trait_levels_explanation_text_land_enc_trait_curse_grudge_vampire_counts_1	Worsens a level every 5 turns, up to level 5. After 10 turns at its worst, it becomes Bane of the same race.	false
character_trait_levels_removal_land_enc_trait_curse_grudge_vampire_counts_1		false
character_trait_levels_onscreen_name_land_enc_trait_curse_grudge_vampire_counts_2	Grudge of the Vampire Counts II	false
character_trait_levels_colour_text_land_enc_trait_curse_grudge_vampire_counts_2	This enemy has sworn to remember the lord's name.	false
character_trait_levels_explanation_text_land_enc_trait_curse_grudge_vampire_counts_2	Worsens a level every 5 turns, up to level 5. After 10 turns at its worst, it becomes Bane of the same race.	false
character_trait_levels_removal_land_enc_trait_curse_grudge_vampire_counts_2		false
character_trait_levels_onscreen_name_land_enc_trait_curse_grudge_vampire_counts_3	Grudge of the Vampire Counts III	false
character_trait_levels_colour_text_land_enc_trait_curse_grudge_vampire_counts_3	This enemy has sworn to remember the lord's name.	false
character_trait_levels_explanation_text_land_enc_trait_curse_grudge_vampire_counts_3	Worsens a level every 5 turns, up to level 5. After 10 turns at its worst, it becomes Bane of the same race.	false
character_trait_levels_removal_land_enc_trait_curse_grudge_vampire_counts_3		false
character_trait_levels_onscreen_name_land_enc_trait_curse_grudge_vampire_counts_4	Grudge of the Vampire Counts IV	false
character_trait_levels_colour_text_land_enc_trait_curse_grudge_vampire_counts_4	This enemy has sworn to remember the lord's name.	false
character_trait_levels_explanation_text_land_enc_trait_curse_grudge_vampire_counts_4	Worsens a level every 5 turns, up to level 5. After 10 turns at its worst, it becomes Bane of the same race.	false
character_trait_levels_removal_land_enc_trait_curse_grudge_vampire_counts_4		false
character_trait_levels_onscreen_name_land_enc_trait_curse_grudge_vampire_counts_5	Grudge of the Vampire Counts V	false
character_trait_levels_colour_text_land_enc_trait_curse_grudge_vampire_counts_5	This enemy has sworn to remember the lord's name.	false
character_trait_levels_explanation_text_land_enc_trait_curse_grudge_vampire_counts_5	Worsens a level every 5 turns, up to level 5. After 10 turns at its worst, it becomes Bane of the same race.	false
character_trait_levels_removal_land_enc_trait_curse_grudge_vampire_counts_5		false
character_trait_levels_onscreen_name_land_enc_trait_curse_grudge_wood_elves_1	Grudge of the Wood Elves I	false
character_trait_levels_colour_text_land_enc_trait_curse_grudge_wood_elves_1	This enemy has sworn to remember the lord's name.	false
character_trait_levels_explanation_text_land_enc_trait_curse_grudge_wood_elves_1	Worsens a level every 5 turns, up to level 5. After 10 turns at its worst, it becomes Bane of the same race.	false
character_trait_levels_removal_land_enc_trait_curse_grudge_wood_elves_1		false
character_trait_levels_onscreen_name_land_enc_trait_curse_grudge_wood_elves_2	Grudge of the Wood Elves II	false
character_trait_levels_colour_text_land_enc_trait_curse_grudge_wood_elves_2	This enemy has sworn to remember the lord's name.	false
character_trait_levels_explanation_text_land_enc_trait_curse_grudge_wood_elves_2	Worsens a level every 5 turns, up to level 5. After 10 turns at its worst, it becomes Bane of the same race.	false
character_trait_levels_removal_land_enc_trait_curse_grudge_wood_elves_2		false
character_trait_levels_onscreen_name_land_enc_trait_curse_grudge_wood_elves_3	Grudge of the Wood Elves III	false
character_trait_levels_colour_text_land_enc_trait_curse_grudge_wood_elves_3	This enemy has sworn to remember the lord's name.	false
character_trait_levels_explanation_text_land_enc_trait_curse_grudge_wood_elves_3	Worsens a level every 5 turns, up to level 5. After 10 turns at its worst, it becomes Bane of the same race.	false
character_trait_levels_removal_land_enc_trait_curse_grudge_wood_elves_3		false
character_trait_levels_onscreen_name_land_enc_trait_curse_grudge_wood_elves_4	Grudge of the Wood Elves IV	false
character_trait_levels_colour_text_land_enc_trait_curse_grudge_wood_elves_4	This enemy has sworn to remember the lord's name.	false
character_trait_levels_explanation_text_land_enc_trait_curse_grudge_wood_elves_4	Worsens a level every 5 turns, up to level 5. After 10 turns at its worst, it becomes Bane of the same race.	false
character_trait_levels_removal_land_enc_trait_curse_grudge_wood_elves_4		false
character_trait_levels_onscreen_name_land_enc_trait_curse_grudge_wood_elves_5	Grudge of the Wood Elves V	false
character_trait_levels_colour_text_land_enc_trait_curse_grudge_wood_elves_5	This enemy has sworn to remember the lord's name.	false
character_trait_levels_explanation_text_land_enc_trait_curse_grudge_wood_elves_5	Worsens a level every 5 turns, up to level 5. After 10 turns at its worst, it becomes Bane of the same race.	false
character_trait_levels_removal_land_enc_trait_curse_grudge_wood_elves_5		false
character_trait_levels_onscreen_name_land_enc_trait_curse_glass_jaw_1	Glass Jaw I	false
character_trait_levels_colour_text_land_enc_trait_curse_glass_jaw_1	The lord took a blow to the head that never quite healed right.	false
character_trait_levels_explanation_text_land_enc_trait_curse_glass_jaw_1	Worsens a level every 5 turns, up to level 5.	false
character_trait_levels_removal_land_enc_trait_curse_glass_jaw_1		false
character_trait_levels_onscreen_name_land_enc_trait_curse_glass_jaw_2	Glass Jaw II	false
character_trait_levels_colour_text_land_enc_trait_curse_glass_jaw_2	The lord took a blow to the head that never quite healed right.	false
character_trait_levels_explanation_text_land_enc_trait_curse_glass_jaw_2	Worsens a level every 5 turns, up to level 5.	false
character_trait_levels_removal_land_enc_trait_curse_glass_jaw_2		false
character_trait_levels_onscreen_name_land_enc_trait_curse_glass_jaw_3	Glass Jaw III	false
character_trait_levels_colour_text_land_enc_trait_curse_glass_jaw_3	The lord took a blow to the head that never quite healed right.	false
character_trait_levels_explanation_text_land_enc_trait_curse_glass_jaw_3	Worsens a level every 5 turns, up to level 5.	false
character_trait_levels_removal_land_enc_trait_curse_glass_jaw_3		false
character_trait_levels_onscreen_name_land_enc_trait_curse_glass_jaw_4	Glass Jaw IV	false
character_trait_levels_colour_text_land_enc_trait_curse_glass_jaw_4	The lord took a blow to the head that never quite healed right.	false
character_trait_levels_explanation_text_land_enc_trait_curse_glass_jaw_4	Worsens a level every 5 turns, up to level 5.	false
character_trait_levels_removal_land_enc_trait_curse_glass_jaw_4		false
character_trait_levels_onscreen_name_land_enc_trait_curse_glass_jaw_5	Glass Jaw V	false
character_trait_levels_colour_text_land_enc_trait_curse_glass_jaw_5	The lord took a blow to the head that never quite healed right.	false
character_trait_levels_explanation_text_land_enc_trait_curse_glass_jaw_5	Worsens a level every 5 turns, up to level 5.	false
character_trait_levels_removal_land_enc_trait_curse_glass_jaw_5		false
character_trait_levels_onscreen_name_land_enc_trait_curse_stumbling_charge_1	Stumbling Charge I	false
character_trait_levels_colour_text_land_enc_trait_curse_stumbling_charge_1	Charges lose their nerve a few paces from the enemy.	false
character_trait_levels_explanation_text_land_enc_trait_curse_stumbling_charge_1	Worsens a level every 5 turns, up to level 5.	false
character_trait_levels_removal_land_enc_trait_curse_stumbling_charge_1		false
character_trait_levels_onscreen_name_land_enc_trait_curse_stumbling_charge_2	Stumbling Charge II	false
character_trait_levels_colour_text_land_enc_trait_curse_stumbling_charge_2	Charges lose their nerve a few paces from the enemy.	false
character_trait_levels_explanation_text_land_enc_trait_curse_stumbling_charge_2	Worsens a level every 5 turns, up to level 5.	false
character_trait_levels_removal_land_enc_trait_curse_stumbling_charge_2		false
character_trait_levels_onscreen_name_land_enc_trait_curse_stumbling_charge_3	Stumbling Charge III	false
character_trait_levels_colour_text_land_enc_trait_curse_stumbling_charge_3	Charges lose their nerve a few paces from the enemy.	false
character_trait_levels_explanation_text_land_enc_trait_curse_stumbling_charge_3	Worsens a level every 5 turns, up to level 5.	false
character_trait_levels_removal_land_enc_trait_curse_stumbling_charge_3		false
character_trait_levels_onscreen_name_land_enc_trait_curse_stumbling_charge_4	Stumbling Charge IV	false
character_trait_levels_colour_text_land_enc_trait_curse_stumbling_charge_4	Charges lose their nerve a few paces from the enemy.	false
character_trait_levels_explanation_text_land_enc_trait_curse_stumbling_charge_4	Worsens a level every 5 turns, up to level 5.	false
character_trait_levels_removal_land_enc_trait_curse_stumbling_charge_4		false
character_trait_levels_onscreen_name_land_enc_trait_curse_stumbling_charge_5	Stumbling Charge V	false
character_trait_levels_colour_text_land_enc_trait_curse_stumbling_charge_5	Charges lose their nerve a few paces from the enemy.	false
character_trait_levels_explanation_text_land_enc_trait_curse_stumbling_charge_5	Worsens a level every 5 turns, up to level 5.	false
character_trait_levels_removal_land_enc_trait_curse_stumbling_charge_5		false
character_trait_levels_onscreen_name_land_enc_trait_curse_cursed_coin_1	Cursed Coin I	false
character_trait_levels_colour_text_land_enc_trait_curse_cursed_coin_1	Recruits want extra pay before they will march under this lord.	false
character_trait_levels_explanation_text_land_enc_trait_curse_cursed_coin_1	Worsens a level every 5 turns, up to level 5.	false
character_trait_levels_removal_land_enc_trait_curse_cursed_coin_1		false
character_trait_levels_onscreen_name_land_enc_trait_curse_cursed_coin_2	Cursed Coin II	false
character_trait_levels_colour_text_land_enc_trait_curse_cursed_coin_2	Recruits want extra pay before they will march under this lord.	false
character_trait_levels_explanation_text_land_enc_trait_curse_cursed_coin_2	Worsens a level every 5 turns, up to level 5.	false
character_trait_levels_removal_land_enc_trait_curse_cursed_coin_2		false
character_trait_levels_onscreen_name_land_enc_trait_curse_cursed_coin_3	Cursed Coin III	false
character_trait_levels_colour_text_land_enc_trait_curse_cursed_coin_3	Recruits want extra pay before they will march under this lord.	false
character_trait_levels_explanation_text_land_enc_trait_curse_cursed_coin_3	Worsens a level every 5 turns, up to level 5.	false
character_trait_levels_removal_land_enc_trait_curse_cursed_coin_3		false
character_trait_levels_onscreen_name_land_enc_trait_curse_cursed_coin_4	Cursed Coin IV	false
character_trait_levels_colour_text_land_enc_trait_curse_cursed_coin_4	Recruits want extra pay before they will march under this lord.	false
character_trait_levels_explanation_text_land_enc_trait_curse_cursed_coin_4	Worsens a level every 5 turns, up to level 5.	false
character_trait_levels_removal_land_enc_trait_curse_cursed_coin_4		false
character_trait_levels_onscreen_name_land_enc_trait_curse_cursed_coin_5	Cursed Coin V	false
character_trait_levels_colour_text_land_enc_trait_curse_cursed_coin_5	Recruits want extra pay before they will march under this lord.	false
character_trait_levels_explanation_text_land_enc_trait_curse_cursed_coin_5	Worsens a level every 5 turns, up to level 5.	false
character_trait_levels_removal_land_enc_trait_curse_cursed_coin_5		false
