key	accuracy	armour	campaign_action_points	category	charge_bonus	class	historical_description_text	man_animation	man_entity	melee_attack	melee_defence	morale	bonus_hit_points	mount	num_mounts	primary_melee_weapon	primary_missile_weapon	rank_depth	shield	short_description_text	spacing	training_level	articulated_record	engine	is_male	visibility_spotting_range_min	visibility_spotting_range_max	attribute_group	spot_dist_tree	spot_dist_scrub	reload	selection_vo	selected_vo_secondary	selected_vo_tertiary	hiding_scalar	ground_stat_effect_group	secondary_ammo	primary_ammo	damage_mod_flame	damage_mod_magic	num_engines	damage_mod_physical	damage_mod_missile	damage_mod_all	ai_usage_group	can_skirmish	can_brace	mounted_draughts	sync_locomotion	capture_tier	key_building_capture_tier	score_capture_tier	harmony_amplification_type	first_person	ar_unit_category	healing_power	spell_mastery	infinite_secondary_ammo	default_guard_mode
#land_units_tables;54;db/land_units_tables/!!!!!!!2xunitsize_compat_jvj_kadon_6_
kadon_bind_ancient_salamander	10	wh2_main_body_95	2100	inf_ranged	30	inf_mis	wh2_dlc12_unit_long_text_lzd_mon_salamanders	lz1_dlc12_ancient_salamander	wh2_dlc12_lzd_mon_ancient_salamander_blood	32	29	65	12320		0	wh2_dlc12_lzd_ancient_salamander	wh2_dlc12_lzd_salamander_flame_large	2	none	wh2_dlc12_unit_short_text_lzd_mon_ancient_salamander_0	wh_main_monster	trained			true	40.0000	1500.0000	wh2_dlc12_lzd_mon_ancient_salamander_0	60	80	0	vo_sel_default	vo_sel_generic	vo_sel_culture	1.0000	aquatic_large	0	25	0	0	0	0	15	0	ranged_harasser	false	false	false	false	medium	medium	domination_monsters			artillery	1.0000	1.0000	false	false
kadon_bind_animated_hulks	10	wh2_main_body_30	2100	inf_melee	12	inf_mel	wh2_dlc11_unit_long_text_cst_mon_animated_hulks	hc2_cst_hulks	wh2_dlc11_monster_animated_hulk_blood	28	24	35	594		0	wh2_dlc11_cst_claws_animated_hulks		4	none	wh2_dlc11_unit_short_text_cst_mon_animated_hulks	wh_main_monstrous_infantry_chaotic	trained			true	40.0000	1500.0000	wh2_dlc11_cst_mon_animated_hulks_0	60	80	0	vo_sel_default	vo_sel_melee	vo_sel_culture	1.0000	aquatic_large	0	0	0	0	0	0	0	0	melee_gatecrusher_undead	false	true	false	false	medium	medium	domination_monsters			melee	1.0000	1.0000	false	false
kadon_bind_arcane_phoenix	10	wh2_main_body_50	2100	inf_melee	58	inf_mel	wh2_dlc15_unit_long_text_hef_mon_arcane_phoenix	bi1_eagle	wh2_dlc15_hef_mon_arcane_phoenix_0	46	40	90	13780		0	wh2_dlc15_hef_arcane_phoenix		2	none	wh2_dlc15_unit_short_text_hef_mon_arcane_phoenix	wh_main_monster	trained			true	40.0000	1500.0000	wh2_dlc15_hef_mon_arcane_phoenix_0	60	80	0	vo_sel_hef_Flamespyre_Phoenix	vo_sel_melee	vo_sel_culture	1.0000	large	0	0	40	0	0	20	0	0	flying_melee_flanker	false	false	false	false	cant_capture	cant_capture	cant_capture			melee	1.0000	1.0000	false	false
kadon_bind_bale_taurus	10	wh2_main_body_60	2100	inf_melee	80	inf_mel	wh3_dlc23_unit_long_text_chd_mon_bale_taurus	ox1_dlc23_taurus_feral	wh3_dlc23_chd_mon_bale_taurus	56	40	60	16500		0	wh3_dlc23_chd_mon_bale_taurus		2	none	wh3_dlc23_unit_short_text_chd_mon_bale_taurus	wh_main_monster	trained			true	40.0000	1500.0000	wh3_dlc23_chd_mon_bale_taurus	60	80	0	vo_sel_default	vo_sel_culture	vo_sel_culture	1.0000	large	0	0	35	0	0	0	25	0	flying_melee_flanker_shock	false	false	false	false	cant_capture	cant_capture	cant_capture			melee	1.0000	1.0000	false	false
kadon_bind_basilisk	10	wh2_main_body_70	2100	inf_melee	38	inf_mel	wh3_dlc29_unit_long_text_chs_mon_basilisk	lz03_dlc29_basilisk	wh3_dlc29_chs_mon_basilisk	42	44	65	15584		0	wh3_dlc29_chs_basilisk		2	none	wh3_dlc29_unit_short_text_chs_mon_basilisk	wh_main_monster	trained			true	40.0000	1500.0000	wh3_dlc29_chs_mon_basilisk	60	80	0	vo_sel_default	vo_sel_generic	vo_sel_culture	1.0000	large	0	0	0	0	0	0	25	0	melee_highvalue	false	false	false	false	medium	medium	domination_monsters			melee	1.0000	1.0000	false	false
kadon_bind_bastiladon	0	wh2_main_body_140	2100	inf_melee	34	inf_mel	wh2_main_unit_long_text_lzd_mon_bastiladon_0	hq1_bastiladon	wh2_main_lzd_mon_bastiladon	22	28	60	15380		0	wh2_main_lzd_bastiladon		2	none	wh2_main_unit_short_text_lzd_mon_bastiladon_0	wh_main_monster	trained			true	40.0000	1500.0000	wh2_main_lzd_mon_bastiladon_0	60	80	0	vo_sel_default	vo_sel_generic	vo_sel_culture	1.0000	large	0	0	0	0	0	0	15	0	melee_gatecrusher	false	false	false	false	medium	medium	domination_monsters			melee	1.0000	1.0000	false	false
kadon_bind_beast_of_nurgle	0	wh2_main_body_50	2100	inf_melee	22	inf_mel	wh3_main_unit_long_text_nur_mon_beast_of_nurgle_0	hc8_wh3_beast_of_nurgle	wh3_main_nur_mon_beast_of_nurgle	42	34	60	12760		0	wh3_main_nur_beast_of_nurgle		2	none	wh3_main_unit_short_text_nur_mon_beast_of_nurgle_0	wh_main_monster	trained			true	40.0000	1500.0000	wh3_main_nur_mon_beast_of_nurgle_0	60	80	0	vo_sel_default	vo_sel_generic	vo_sel_culture	1.0000	large	0	0	0	0	0	20	0	0	melee_gatecrusher_highvalue	false	false	false	false	medium	medium	domination_monsters			melee	1.0000	1.0000	false	false
kadon_bind_bile_trolls	0	wh2_main_body_60	2100	inf_melee	24	inf_mel	wh3_dlc25_unit_long_text_nur_mon_bile_trolls	hu4b_dlc25_bile_troll_sword	wh3_dlc25_nur_mon_bile_trolls	29	45	50	534		0	wh3_dlc25_nur_bile_trolls_club		6	none	wh2_dlc25_unit_short_text_nur_mon_bile_trolls	wh_main_monstrous_trolls	trained			true	40.0000	1500.0000	wh3_dlc25_nur_mon_bile_trolls	60	80	0	vo_sel_default	vo_sel_melee	vo_sel_culture	1.0000	aquatic_large	0	0	0	0	0	0	0	0	melee_gatecrusher_shock	false	false	false	false	default	default	domination_monsters			melee	1.0000	1.0000	false	false
kadon_bind_black_dragon	10	wh2_main_body_90	2100	inf_melee	50	inf_mel	wh2_main_unit_long_text_def_mon_black_dragon	dr1_dragon	wh2_main_def_black_dragon_blood	50	46	70	16632		0	wh2_main_def_black_dragon		2	none	wh2_main_unit_short_text_def_mon_black_dragon	wh_main_monster	trained			true	40.0000	1500.0000	wh2_main_def_mon_black_dragon	60	80	0	vo_sel_default	vo_sel_melee	vo_sel_culture	1.0000	large	0	0	0	0	0	0	25	0	flying_melee_flanker	false	false	false	false	cant_capture	cant_capture	cant_capture			melee	1.0000	1.0000	false	false
kadon_bind_bloated_corpse	10	wh_main_body_0	2100	inf_melee	34	inf_mel	wh2_dlc11_unit_long_text_cst_mon_bloated_corpse	hu13_cst_bloated_corpse	wh2_dlc11_monster_bloated_corpse_blood	75	40	100	3200		0	wh2_dlc11_cst_bloated_corpse		2	none	wh2_dlc11_unit_short_text_cst_mon_bloated_corpse	wh_main_monstrous_trolls	trained			true	40.0000	1500.0000	wh2_dlc11_cst_mon_bloated_corpse_0	60	80	0	vo_sel_default	vo_sel_melee	vo_sel_culture	1.0000	aquatic_large	0	0	0	0	0	0	0	0	melee_flanker_undead	false	false	false	false	medium	medium	domination_monsters			melee	1.0000	1.0000	false	false
kadon_bind_blood_vultures	10	wh2_main_body_10	2100	inf_melee	24	inf_mel	wh3_dlc26_unit_long_text_ogr_mon_blood_vultures	bi1b_carrion	wh3_dlc26_ogr_blood_vultures	34	28	50	112		0	wh3_dlc26_ogr_blood_vultures_beak		10	none	wh3_dlc26_unit_short_text_ogr_mon_blood_vultures	wh3_main_flying_infantry_furies	trained			true	40.0000	1500.0000	wh3_dlc26_ogr_mon_blood_vultures	60	80	0	vo_sel_default	vo_sel_melee	vo_sel_culture	1.0000	small	0	0	0	0	0	0	0	0	flying_melee_flanker	false	false	false	false	cant_capture	cant_capture	cant_capture			melee	1.0000	1.0000	false	false
kadon_bind_bloodbeasts_of_khorne	10	wh2_main_body_40	2100	inf_melee	50	inf_mel	wh3_dlc26_unit_long_text_kho_mon_bloodbeast	hu18c_dlc26_dae_kho_bloodbeast_of_khorne	wh3_dlc26_kho_mon_bloodbeast_of_khorne	38	28	75	508		0	wh3_dlc26_kho_bloodbeast_claws		2	none	wh3_dlc26_unit_short_text_kho_mon_bloodbeast	wh_main_monstrous_infantry_chaotic	trained			true	40.0000	1500.0000	wh3_dlc26_kho_mon_bloodbeast_of_khorne	60	80	0	vo_sel_default	vo_sel_melee	vo_sel_culture	1.0000	large	0	0	0	35	0	0	0	0	melee_highvalue	false	true	false	false	medium	medium	domination_monsters			melee	1.0000	1.0000	false	false
kadon_bind_bloodthirster	10	wh2_main_body_70	2100	inf_melee	55	inf_mel	wh3_main_unit_long_text_kho_mon_bloodthirster_0	hu10_wh3_bloodthirster_great_axe	wh3_main_kho_mon_bloodthirster	60	44	80	15448		0	wh3_main_kho_bloodthirster_axe		2	none	wh3_main_unit_short_text_kho_mon_bloodthirster_0	wh_main_monster	trained			true	40.0000	1500.0000	wh3_main_kho_mon_bloodthirster_0	60	80	0	vo_sel_default	vo_sel_culture	vo_sel_culture	1.0000	large	0	0	0	35	0	20	0	0	flying_melee_flanker	false	false	false	false	cant_capture	cant_capture	cant_capture			melee	1.0000	1.0000	false	false
kadon_bind_bloodwrack_medusa	10	wh2_main_body_30	2100	inf_melee	52	inf_mel	wh2_dlc14_unit_long_text_def_mon_bloodwrack_medusa	sn2_dlc14_medusa_2h_halberd	wh2_dlc14_def_mon_medusa	45	40	65	12824		0	wh2_dlc14_def_medusa	wh2_dlc14_def_medusa_gaze	2	none	wh2_dlc14_unit_short_text_def_bloodwrack_medusa	wh_main_monster	trained			true	40.0000	1500.0000	wh2_dlc14_def_mon_bloodwrack_medusa_0	60	80	0	vo_sel_default	vo_sel_default	vo_sel_culture	1.0000	large	0	150	0	0	0	0	0	0	ranged_direct_highvalue	false	false	false	false	medium	medium	domination_monsters			archer	1.0000	1.0000	false	false
kadon_bind_bone_giant	10	wh2_main_bone_80	2100	inf_ranged	20	inf_mis	wh2_pro06_unit_long_text_tmb_mon_bone_giant	gi1_colossus_bow	wh2_pro06_tmb_mon_bone_giant	30	28	55	25224		0	wh2_dlc10_tmb_bone_giant	wh2_dlc10_tmb_bone_giant_bow	2	none	wh2_pro06_unit_short_text_tmb_mon_bone_giant	wh_main_monster	trained			true	40.0000	1500.0000	wh2_pro06_tmb_mon_bone_giant_0	60	80	0	vo_sel_default	vo_sel_melee	vo_sel_culture	1.0000	large	0	20	0	0	0	0	0	0	ranged_direct_highvalue_undead	false	false	false	false	medium	medium	domination_monsters			artillery	1.0000	1.0000	false	false
kadon_bind_brood_horror	10	wh2_main_body_40	2100	inf_melee	65	inf_mel	wh2_dlc16_unit_long_text_skv_mon_brood_horror	rt1_dlc16_brood_horror	wh2_dlc12_skv_mon_brood_horror_blood	40	30	55	12002		0	wh2_dlc12_skv_brood_horror_0		2	none	wh2_dlc16_unit_short_text_skv_mon_brood_horror	wh_main_monster	trained			true	40.0000	1500.0000	wh2_dlc16_skv_mon_brood_horror_0	60	80	0	vo_sel_default	vo_sel_generic	vo_sel_culture	1.0000	large	0	0	0	0	0	0	0	0	melee_gatecrusher_flanker	false	false	false	false	medium	medium	domination_monsters			melee	1.0000	1.0000	false	false
kadon_bind_carnosaur	0	wh2_main_body_95	2100	inf_melee	50	inf_mel	wh2_main_unit_long_text_lzd_mon_carnosaur_0	rp3b_carnosaur	wh2_main_lzd_mon_carnosaur	45	40	60	15872		0	wh2_main_lzd_feral_carnosaur		2	none	wh2_main_unit_short_text_lzd_mon_carnosaur_0	wh_main_monster	trained			true	40.0000	1500.0000	wh2_main_lzd_mon_carnosaur_0	60	80	0	vo_sel_default	vo_sel_generic	vo_sel_culture	1.0000	large	0	0	0	0	0	0	15	0	melee_gatecrusher	false	false	false	false	medium	medium	domination_monsters			melee	1.0000	1.0000	false	false
kadon_bind_carrion	10	wh2_main_body_20	2100	inf_melee	12	inf_mel	wh2_dlc09_tmb_mon_carrion	bi1b_carrion	wh2_dlc09_tmb_flying_carrion	26	46	35	202		0	wh2_cld09_tmb_carrion		10	none	wh2_dlc09_tmb_mon_carrion	wh2_dlc09_tmb_carrions	trained			true	40.0000	1500.0000	wh2_dlc09_tmb_mon_carrion_0	60	80	0	vo_sel_default	vo_sel_melee	vo_sel_culture	1.0000	small	0	0	0	0	0	0	0	0	flying_melee_flanker_undead	false	false	false	false	cant_capture	cant_capture	cant_capture			melee	1.0000	1.0000	false	false
kadon_bind_cave_bats	10	wh_main_body_0	2100	inf_melee	6	inf_mel	wh2_dlc16_unit_long_text_wef_mon_cave_bats	ba1_bat	wh_main_flying_fell_bat_blood	19	44	50	62		0	wh_main_vmp_fell_bats		14	none	wh2_dlc16_unit_short_text_wef_mon_cave_bats	wh_main_fellbats	trained			true	40.0000	1500.0000	wh2_dlc16_wef_mon_cave_bats	60	80	0	vo_sel_default	vo_sel_melee	vo_sel_culture	1.0000	elves_wef	0	0	0	0	0	0	0	0	flying_melee_flanker_undead	false	false	false	false	cant_capture	cant_capture	cant_capture			melee	1.0000	1.0000	false	false
kadon_bind_celestial_lion	10	wh2_main_plate_80	2100	inf_melee	65	inf_mel	wh3_dlc24_unit_long_text_cth_mon_celestial_lion	bc2_deathclaw	wh3_dlc24_cth_mon_celestial_lion	42	36	65	12336		0	wh3_dlc24_cth_celestial_lion		2	none	wh3_dlc24_unit_short_text_cth_mon_celestial_lion	wh_main_monster	trained			true	40.0000	1500.0000	wh3_dlc24_cth_mon_celestial_lion	60	80	0	vo_sel_default	vo_sel_culture	vo_sel_culture	1.0000	large	0	0	0	0	0	0	15	0	flying_melee_highvalue	false	false	false	false	cant_capture	cant_capture	cant_capture			melee	1.0000	1.0000	false	false
kadon_bind_chaos_dragon	10	wh2_main_body_70	2100	inf_melee	50	inf_mel	jvj_kadon_chaos_dragon	dr1b_chaos_dragon	wh_main_flying_chs_dragon_blood	64	44	75	14856		0	wh_dlc01_chs_dragon		2	none	jvj_kadon_chaos_dragon	wh_main_monster	trained			true	40.0000	1500.0000	wh3_dlc25_nur_char_krom_dragon	60	80	0	vo_sel_default	vo_sel_culture	vo_sel_culture	1.0000	large	0	0	0	0	0	0	25	0	flying_melee_flanker_shock_highvalue	false	false	false	false	cant_capture	cant_capture	cant_capture			melee	1.0000	1.0000	false	false
kadon_bind_chaos_furies	10	wh2_main_body_25	2100	inf_melee	24	inf_mel	wh3_main_unit_long_text_tze_inf_chaos_furies_0	hu10d_wh3_furies	wh3_main_infantry_dae_furies_blood	36	18	50	80		0	wh3_main_dae_furies_claws		8	none	wh3_main_unit_short_text_dae_inf_chaos_furies_0	wh3_main_flying_infantry_furies	trained			true	40.0000	1500.0000	wh3_main_dae_inf_chaos_furies_0	60	80	0	vo_sel_default	vo_sel_melee	vo_sel_culture	1.0000	small	0	0	0	0	0	20	0	0	flying_melee_flanker	false	false	false	false	cant_capture	cant_capture	cant_capture			melee	1.0000	1.0000	false	false
kadon_bind_chaos_siege_giant	10	wh2_main_heavy_metal_110	2100	inf_melee	45	inf_mel	wh3_dlc29_unit_long_text_chs_mon_chaos_siege_giant	hu4j_dlc29_chaos_siege_giant	wh3_dlc29_chs_mon_chaos_siege_giant	70	34	100	25224		0	wh3_dlc29_chs_chaos_siege_giant		2	wh_missile_block_60_metal	wh3_dlc29_unit_short_text_chs_mon_chaos_siege_giant	wh_main_monster	trained			true	40.0000	1500.0000	wh3_dlc29_chs_mon_chaos_siege_giant	60	80	0	vo_sel_default	vo_sel_melee	vo_sel_culture	1.0000	large	0	0	0	0	0	0	15	0	melee_gatecrusher	false	false	false	false	high	high	domination_monsters			melee	1.0000	1.0000	false	false
kadon_bind_chaos_spawn	10	wh2_main_body_10	2100	inf_melee	35	inf_mel	wh_main_unit_long_text_chs_chaos_spawn	hc2_chaos_spawn	wh_main_monster_chaos_spawn_blood	36	28	100	540		0	wh_main_chs_claws_chaos_spawn		4	none	wh_main_unit_short_text_chs_chaos_spawn	wh_main_monstrous_infantry_chaotic	trained			true	40.0000	1500.0000	wh_main_chs_mon_chaos_spawn	60	80	0	vo_sel_default	vo_sel_melee	vo_sel_culture	1.0000	large	0	0	0	0	0	0	0	0	melee_gatecrusher	false	true	false	false	medium	medium	domination_monsters			melee	1.0000	1.0000	false	false
kadon_bind_chaos_warhounds	10	wh2_main_body_15	2100	inf_melee	20	inf_mel	wh_main_unit_long_text_chs_chaos_warhounds	wf1_giant_wolf	wh_main_chs_monster_warhound_blood	26	17	38	68		0	wh_main_chs_warhound		12	none	wh_main_unit_short_text_chs_chaos_warhounds	wh_main_war_beasts	trained			true	40.0000	1500.0000	wh_main_chs_mon_chaos_warhounds_0	60	80	0	vo_sel_default	vo_sel_melee	vo_sel_culture	1.0000	small	0	0	0	0	0	0	15	0	melee_flanker	false	false	false	false	medium	medium	domination_cav			melee	1.0000	1.0000	false	false
kadon_bind_chimera	0	wh2_main_body_80	2100	inf_melee	45	inf_mel	wh3_dlc27_unit_long_text_nor_mon_chimera	bc3b_dlc27_chimera	wh3_dlc27_nor_mon_chimera	52	38	60	12764		0	wh3_dlc27_nor_chimera		2	none	wh3_dlc27_unit_short_text_nor_mon_chimera	wh_main_monster	trained			true	40.0000	1500.0000	wh3_dlc27_nor_mon_chimera	60	80	0	vo_sel_default	vo_sel_culture	vo_sel_culture	1.0000	large_bst	0	0	0	0	0	0	15	0	flying_melee_flanker_shock	false	false	false	false	cant_capture	cant_capture	cant_capture			melee	1.0000	1.0000	false	false
kadon_bind_chs_trolls	10	wh2_main_body_40	2100	inf_melee	24	inf_mel	wh_main_unit_long_text_chs_chaos_trolls	hu4b_troll_club	wh_main_monster_troll_blood	34	32	45	486		0	wh_main_club_troll		6	none	wh_main_unit_short_text_chs_chaos_trolls	wh_main_monstrous_trolls	trained			true	40.0000	1500.0000	wh_main_chs_mon_trolls	60	80	0	vo_sel_default	vo_sel_melee	vo_sel_culture	1.0000	large	0	0	0	0	0	0	0	0	melee_gatecrusher	false	true	false	false	medium	medium	domination_monsters			melee	1.0000	1.0000	false	false
kadon_bind_coatl	10	wh2_main_body_70	2100	inf_melee	40	inf_mel	wh2_dlc17_unit_long_text_lzd_mon_coatl	bi4_dlc17_coatl	wh2_dlc17_lzd_mon_coatl	40	48	80	15224		0	wh2_dlc17_lzd_coatl		2	none	wh2_dlc17_unit_short_text_lzd_mon_coatl	wh_main_monster	trained			true	40.0000	1500.0000	wh2_dlc17_lzd_mon_coatl_0	60	80	0	vo_sel_default	vo_sel_melee	vo_sel_culture	1.0000	large	0	0	0	15	0	0	25	0	flying_melee_mage_highvalue	false	false	false	false	cant_capture	cant_capture	cant_capture			melee	1.0000	1.0000	false	false
kadon_bind_cockatrice	10	wh2_main_leather_35	2100	inf_melee	40	inf_mel	wh3_dlc24_unit_long_text_tze_mon_cockatrice	co1_dlc22_cockatrice	wh3_dlc22_tze_mon_cockatrice	46	38	60	12224		0	wh3_dlc21_tze_cockatrice		2	none	wh3_dlc24_unit_short_text_tze_mon_cockatrice	wh_main_monster	trained			true	40.0000	1500.0000	wh3_dlc24_tze_mon_cockatrice	60	80	0	vo_sel_default	vo_sel_generic	vo_sel_generic_short	1.0000	large	0	0	0	0	0	0	25	0	flying_melee_flanker	false	true	false	false	cant_capture	cant_capture	cant_capture			melee	1.0000	1.0000	false	false
kadon_bind_cold_ones	10	wh2_main_body_90	2100	inf_melee	28	inf_mel	wh2_main_unit_long_text_lzd_cav_cold_ones_feral_0	rp3_cold_one	wh2_main_lzd_cavalry_feral_cold_one_blood	25	24	55	149		0	wh2_main_lzd_cold_one_feral		6	none	wh2_main_unit_short_text_lzd_cav_cold_ones_feral_0	wh2_main_cavalry_cold_ones	trained			true	40.0000	1500.0000	wh2_main_lzd_cav_cold_ones_feral_0	160	160	0	vo_sel_lzd_cold_one_riders	vo_sel_generic	vo_sel_generic	1.0000	large	0	0	0	0	0	0	0	0	melee_flanker	false	false	false	false	medium	medium	domination_cav			melee	1.0000	1.0000	false	false
kadon_bind_colossal_squig	10	wh2_main_body_60	2100	inf_melee	75	inf_mel	wh3_dlc26_unit_long_text_grn_colossal_squig	rp02b_dlc26_squig_colossal	wh3_dlc26_grn_mon_colossal_squig	52	28	65	17292		0	wh3_dlc26_grn_mon_colossal_squig		2	none	wh3_dlc26_unit_short_text_grn_colossal_squig	wh_main_monster	trained			true	40.0000	1500.0000	wh3_dlc26_grn_mon_colossal_squig	60	80	0	vo_sel_goblin_squig_herd	vo_sel_squig	vo_sel_default	1.0000	large	0	0	0	0	0	0	15	0	melee	false	false	false	false	medium	medium	domination_monsters			melee	1.0000	1.0000	false	false
kadon_bind_crypt_horrors	10	wh2_main_body_30	2100	inf_melee	30	inf_mel	wh_main_unit_long_text_vmp_crypt_horrors	hu8_crypt_horror_club	wh_main_monster_crypt_horrors	39	28	50	614		0	wh_main_claws_crypt_horrors		6	none	wh_main_unit_short_text_vmp_crypt_horrors	wh_main_monstrous_infantry	trained			true	40.0000	1500.0000	wh_main_vmp_mon_crypt_horrors	60	80	0	vo_sel_default	vo_sel_melee	vo_sel_culture	1.0000	large	0	0	0	0	0	0	0	0	melee_gatecrusher_undead	false	true	false	false	medium	medium	domination_monsters			melee	1.0000	1.0000	false	false
kadon_bind_cursd_ettin	10	wh2_main_leather_35	2100	inf_melee	45	inf_mel	wh3_dlc27_unit_long_text_nor_mon_cursd_ettin	gi3_dlc27_cursd_ettin	wh3_dlc27_nor_mon_cursd_ettin	65	40	100	28624		0	wh3_dlc27_nor_mon_cursd_ettin_fist		2	none	wh3_dlc27_unit_short_text_nor_mon_cursd_ettin	wh_main_monster	trained			true	40.0000	1500.0000	wh3_dlc27_nor_mon_cursd_ettin	60	80	0	vo_sel_default	vo_sel_melee	vo_sel_culture	1.0000	large	0	0	0	25	0	0	15	0	melee_gatecrusher	false	false	false	false	medium	medium	domination_monsters			melee	1.0000	1.0000	false	false
kadon_bind_cygor	10	wh2_main_leather_50	2100	inf_ranged	28	spcl	wh_dlc03_unit_long_text_bst_cygor	hu11_cygor	wh_main_monster_giant_blood	44	25	75	9792		0	wh_dlc03_bst_cygor	wh_dlc03_bst_cygor_rock	2	none	wh_dlc03_unit_short_text_bst_cygor	wh_main_monster	trained			true	40.0000	1500.0000	wh_dlc03_bst_inf_cygor_0	60	80	0	vo_sel_beastmen_gors	vo_sel_default	vo_sel_culture	1.0000	large_bst	0	25	0	25	0	0	0	0	ranged_no_skirmish_gatecrusher	false	false	false	false	medium	medium	domination_monsters			artillery	1.0000	1.0000	false	false
kadon_bind_dire_wolves	10	wh_main_body_0	2100	inf_melee	28	inf_mel	wh_main_unit_long_text_vmp_dire_wolves	wf1_dire_wolf	wh_main_monster_wolf_hound_blood	26	14	35	68		0	wh_main_vmp_wolf_fangs		12	none	wh_main_unit_short_text_vmp_dire_wolves	wh_main_war_beasts	trained			true	40.0000	1500.0000	wh_main_vmp_mon_dire_wolves	60	80	0	vo_sel_default	vo_sel_melee	vo_sel_culture	1.0000	small	0	0	0	0	0	0	0	0	melee_flanker_undead	false	false	false	false	medium	medium	domination_cav			melee	1.0000	1.0000	false	false
kadon_bind_dragon_ogre	10	wh2_main_body_60	2100	inf_melee	42	inf_mel	wh_main_unit_long_text_chs_dragon_ogre	ce2_dragon_ogre_2handed_axe	wh_dlc01_chs_dragon_ogre_blood	32	40	72	608		0	wh_dlc01_chs_dragon_ogre		4	none	wh_dlc01_unit_short_text_chs_dragon_ogre	wh_main_monstrous_infantry	trained			true	40.0000	1500.0000	wh_dlc01_chs_mon_dragon_ogre	60	80	0	vo_sel_default	vo_sel_melee	vo_sel_culture	1.0000	large	0	0	0	0	0	0	25	0	melee_gatecrusher	false	true	false	false	medium	medium	domination_monsters			melee	1.0000	1.0000	false	false
kadon_bind_dragon_ogre_shaggoth	10	wh2_main_body_70	2100	inf_melee	52	inf_mel	wh_main_unit_long_text_chs_dragon_ogre_shaggoth	ce2_shaggoth_2handed_axe	wh_dlc01_chs_dragon_ogre_shaggoth_blood	58	44	75	17160		0	wh_dlc01_chs_dragon_ogre_shaggoth		2	none	wh_dlc01_unit_short_text_chs_dragon_ogre_shaggoth	wh_main_monster	trained			true	40.0000	1500.0000	wh_dlc01_chs_mon_dragon_ogre_shaggoth	60	80	0	vo_sel_default	vo_sel_melee	vo_sel_culture	1.0000	large	0	0	0	0	0	0	25	0	melee_gatecrusher	false	true	false	false	medium	medium	domination_monsters			melee	1.0000	1.0000	false	false
kadon_bind_dread_maw	10	wh2_main_leather_80	2100	inf_melee	0	inf_mel	wh3_dlc27_unit_long_text_nor_mon_dread_maw	sn4_dlc27_dread_maw	wh3_dlc27_nor_mon_dread_maw	65	33	60	19264		0	wh3_dlc27_nor_mon_dread_maw	wh3_dlc27_nor_mon_dread_maw_spit	2	none	wh3_dlc27_unit_short_text_nor_mon_dread_maw	wh3_dlc27_dread_maw	trained			true	40.0000	1500.0000	wh3_dlc27_nor_mon_dread_maw	60	80	0	vo_sel_default	vo_sel_melee	vo_sel_culture	1.0000		0	25	0	0	0	0	25	0	hybrid_melee_direct_no_skirmish	false	false	false	false	cant_capture	cant_capture	cant_capture			artillery	1.0000	1.0000	false	false
kadon_bind_dread_saurian	10	wh2_main_body_120	2100	inf_melee	30	inf_mel	wh2_dlc13_unit_long_text_lzd_dread_saurian	rp4_dlc13_dread_saurian	wh2_dlc13_lzd_mon_feral_dread_saurian_blood	52	32	65	29968		0	wh2_dlc13_lzd_dread_saurian		2	none	wh2_dlc13_unit_short_text_lzd_dread_saurian	wh_colossal_unit	trained			true	40.0000	1500.0000	wh2_dlc13_lzd_mon_dread_saurian_0	60	80	0	vo_sel_default	vo_sel_generic	vo_sel_generic	1.0000	large	0	0	0	0	0	0	15	0	melee_gatecrusher	false	false	false	false	medium	medium	domination_monsters			melee	1.0000	1.0000	false	false
kadon_bind_elemental_bear	10	wh2_main_body_90	2100	inf_melee	25	inf_mel	wh3_main_unit_long_text_ksl_mon_elemental_bear_0	be1_wh3_elemental_bear	wh3_main_ksl_mon_elemental_bear	50	34	90	21960		0	wh3_main_ksl_elemental_bear		2	none	wh3_main_unit_short_text_ksl_mon_elemental_bear_0	wh_main_monster	trained			true	40.0000	1500.0000	wh3_main_ksl_mon_elemental_bear_0	60	80	0	vo_sel_default	vo_sel_default	vo_sel_culture	1.0000	large	0	0	0	0	0	25	0	0	melee_gatecrusher	false	false	false	false	medium	medium	domination_monsters			melee	1.0000	1.0000	false	false
kadon_bind_exalted_flamer	10	wh2_main_body_10	2100	inf_ranged	6	inf_mis	wh3_main_unit_long_text_tze_mon_exalted_flamer_0	gh3_wh3_flamer_exalted	wh3_main_tze_mon_exalted_flamer	34	20	70	6344		0	wh3_main_tze_exalted_flamer_flame	wh3_main_tze_exalted_flamer_warpflame	2	none	wh3_main_unit_short_text_tze_mon_exalted_flamer_0	wh_main_monster	trained			true	40.0000	1500.0000	wh3_main_tze_mon_exalted_flamer_0	60	80	0	vo_sel_irondrakes	vo_sel_ranged	vo_sel_generic	1.0000	large	0	135	0	0	0	20	0	0	ranged_direct	true	false	false	false	medium	medium	domination_monsters			artillery	1.0000	1.0000	false	false
kadon_bind_fell_bats	10	wh_main_body_0	2100	inf_melee	6	inf_mel	wh_main_unit_long_text_vmp_fell_bats	ba1_bat	wh_main_flying_fell_bat_blood	19	44	30	62		0	wh_main_vmp_fell_bats		14	none	wh_main_unit_short_text_vmp_fell_bats	wh_main_fellbats	trained			true	40.0000	1500.0000	wh_main_vmp_mon_fell_bats	60	80	0	vo_sel_default	vo_sel_melee	vo_sel_culture	1.0000	small	0	0	0	0	0	0	0	0	flying_melee_flanker_undead	false	false	false	false	cant_capture	cant_capture	cant_capture			melee	1.0000	1.0000	false	false
kadon_bind_feral_bears	0	wh2_main_body_15	2100	inf_melee	26	inf_mel	wh3_main_unit_long_text_monster_feral_bears	be1_wh3_warbear	wh3_main_monster_feral_bear	50	40	60	450		0	wh2_main_monster_feral_bears		6	none	wh3_main_unit_short_text_monster_feral_bears	wh3_main_bear_cavalry	trained			true	40.0000	1500.0000	wh3_main_monster_feral_bears	60	80	0	vo_sel_ksl_war_bear_riders	vo_sel_generic	vo_sel_generic_short	1.0000	large	0	0	0	0	0	0	0	0	melee_flanker	false	false	false	false	medium	medium	domination_cav			melee	1.0000	1.0000	false	false
kadon_bind_fiends_of_slaanesh	10	wh2_main_body_30	2100	inf_melee	38	inf_mel	wh3_main_unit_long_text_sla_mon_fiends_of_slaanesh_0	hc1_wh3_fiend_of_slaanesh	wh3_main_sla_fiend_blood	36	36	70	500		0	wh3_main_sla_tongue_fiends		4	none	wh3_main_unit_short_text_sla_mon_fiends_of_slaanesh_0	wh3_main_monstrous_fiends	trained			true	40.0000	1500.0000	wh3_main_sla_mon_fiends_of_slaanesh_0	60	80	0	vo_sel_default	vo_sel_melee	vo_sel_culture	1.0000	large	0	0	0	0	0	20	0	0	melee_gatecrusher	false	true	false	false	medium	medium	domination_monsters			melee	1.0000	1.0000	false	false
kadon_bind_fimir	10	wh2_main_heavy_metal_110	2100	inf_melee	30	inf_mel	wh_dlc08_unit_long_text_nor_fimir_warriors	hu7d_fimir_dual_axes	wh_dlc08_nor_monster_fimir_blood	30	42	70	506		0	wh_dlc08_nor_fimir_dual_axe		6	none	wh_dlc08_unit_short_text_nor_fimir_warriors	wh_main_monstrous_trolls	trained			true	40.0000	1500.0000	wh_dlc08_nor_mon_fimir_0	60	80	0	vo_sel_default	vo_sel_generic	vo_sel_generic_short	1.0000	aquatic_large	0	0	0	0	0	0	25	0	melee_gatecrusher	false	true	false	false	medium	medium	domination_monsters			melee	1.0000	1.0000	false	false
kadon_bind_flamers_of_tzeentch	10	wh2_main_body_10	2100	inf_ranged	8	inf_mis	wh3_main_unit_long_text_tze_mon_flamers_0	gh3_wh3_flamer	wh3_main_tze_mon_flamer	28	12	60	249		0	wh3_main_tze_flamers_flame	wh3_main_tze_flamer_flame	4	none	wh3_main_unit_short_text_tze_mon_flamers_0	wh_main_monstrous_trolls	trained			true	40.0000	1500.0000	wh3_main_tze_mon_flamers_0	60	80	0	vo_sel_irondrakes	vo_sel_ranged	vo_sel_generic	1.0000	large	0	110	0	0	0	20	0	0	ranged_direct	true	false	false	false	medium	medium	domination_monsters			archer	1.0000	1.0000	false	false
kadon_bind_flamespyre_phoenix	10	wh2_main_body_30	2100	inf_melee	54	inf_mel	wh2_main_unit_long_text_hef_mon_phoenix_flamespyre	bi1_eagle	wh2_main_hef_mon_phoenix	42	30	78	11640		0	wh2_main_hef_flamespyre_phoenix		2	none	wh2_main_unit_short_text_hef_mon_phoenix_flamespyre	wh_main_monster	trained			true	40.0000	1500.0000	wh2_main_hef_mon_phoenix_flamespyre	60	80	0	vo_sel_hef_Flamespyre_Phoenix	vo_sel_melee	vo_sel_culture	1.0000	large	0	0	40	0	0	0	0	0	flying_melee_flanker	false	false	false	false	cant_capture	cant_capture	cant_capture			melee	1.0000	1.0000	false	false
kadon_bind_flesh_hounds_of_khorne	10	wh2_main_leather_30	2100	inf_melee	46	spcl	wh3_main_unit_long_text_kho_inf_flesh_hounds_of_khorne_0	bc4_flesh_hounds_of_khorne	wh3_main_kho_mon_flesh_hound_blood	36	26	60	185		0	wh3_main_kho_flesh_hounds		6	none	wh3_main_unit_short_text_kho_inf_flesh_hounds_of_khorne_0	wh3_main_ogr_sabretusk	trained			true	40.0000	1500.0000	wh3_main_kho_inf_flesh_hounds_of_khorne_0	60	80	0	vo_sel_generic	vo_sel_generic	vo_sel_generic_short	1.0000	large	0	0	0	50	0	20	0	0	melee_flanker_shock	false	false	false	false	low	low	domination_cav			melee	1.0000	1.0000	false	false
kadon_bind_forest_dragon	10	wh2_main_body_60	2100	inf_melee	60	inf_mel	wh_dlc05_unit_long_text_wef_forest_dragon	dr1_dragon	wh_main_flying_dragon_blood	46	38	65	15000		0	wh_dlc05_wef_dragon		2	none	wh_dlc05_unit_short_text_wef_forest_dragon	wh_main_monster	trained			true	40.0000	1500.0000	wh_dlc05_wef_forest_dragon_0	60	80	0	vo_sel_default	vo_sel_culture	vo_sel_culture	0.5000	elves_wef_large	0	0	0	0	0	20	25	0	flying_melee_flanker	false	false	false	false	cant_capture	cant_capture	cant_capture			melee	1.0000	1.0000	false	false
kadon_bind_frost_wyrm	10	wh2_main_body_70	2100	inf_melee	57	inf_mel	wh_dlc08_unit_long_text_nor_frost_wyrm	dr1b_wyrm_dragon	wh_dlc08_flying_chaos_frost_dragon_blood	45	41	70	14224		0	wh_dlc08_nor_wyrm		2	none	wh_dlc08_unit_short_text_nor_frost_wyrm	wh_main_monster	trained			true	40.0000	1500.0000	wh_dlc08_nor_mon_frost_wyrm_0	60	80	0	vo_sel_default	vo_sel_generic	vo_sel_generic_short	1.0000	large	0	0	-25	0	0	0	25	0	flying_melee_flanker_shock	false	false	false	false	cant_capture	cant_capture	cant_capture			melee	1.0000	1.0000	false	false
kadon_bind_frostheart_phoenix	10	wh2_main_plate_80	2100	inf_melee	40	inf_mel	wh2_main_unit_long_text_hef_mon_phoenix_frostheart	bi1_eagle	wh2_main_hef_mon_phoenix_frostheart	40	48	85	13180		0	wh2_main_hef_frostheart_phoenix		2	none	wh2_main_unit_short_text_hef_mon_phoenix_frostheart	wh_main_monster	trained			true	40.0000	1500.0000	wh2_main_hef_mon_phoenix_frostheart	60	80	0	vo_sel_hef_Frostheart_Phoenix	vo_sel_melee	vo_sel_culture	1.0000	large	0	0	0	0	0	0	0	0	flying_melee_flanker	false	false	false	false	cant_capture	cant_capture	cant_capture			melee	1.0000	1.0000	false	false
kadon_bind_ghorgon	10	wh2_main_body_50	2100	inf_melee	46	inf_mel	wh2_dlc17_unit_long_text_bst_mon_ghorgon	hu11b_dlc17_ghorgon	wh2_dlc17_bst_mon_ghorgon_blood	57	34	80	21760		0	wh2_dlc17_bst_ghorgon		2	none	wh2_dlc17_unit_short_text_bst_mon_ghorgon	wh_main_monster	trained			true	40.0000	1500.0000	wh2_dlc17_bst_mon_ghorgon_0	60	80	0	vo_sel_beastmen_gors	vo_sel_default	vo_sel_culture	1.0000	large_bst	0	0	0	0	0	0	0	0	melee_gatecrusher	false	false	false	false	high	high	domination_monsters			melee	1.0000	1.0000	false	false
kadon_bind_giant	10	wh2_main_body_50	2100	inf_melee	40	inf_mel	wh_main_unit_long_text_grn_giant	hu4_giant_club	wh_main_monster_giant_blood	65	30	100	25224		0	wh_main_club_giant		2	none	wh_main_unit_short_text_grn_giant	wh_main_monster	trained			true	40.0000	1500.0000	wh_main_grn_mon_giant	60	80	0	vo_sel_default	vo_sel_melee	vo_sel_culture	1.0000	large	0	0	0	0	0	0	15	0	melee_gatecrusher	false	false	false	false	medium	medium	domination_monsters			melee	1.0000	1.0000	false	false
kadon_bind_giant_spined_chaos_beast	10	wh2_main_body_60	2100	inf_melee	56	inf_mel	wh3_dlc29_unit_long_text_chs_giant_spined_chaos_beast	bc3d_dlc29_giant_spined_chaos_beast	wh3_dlc29_chs_mon_giant_spined_chaos_beast	49	27	70	13544		0	wh3_dlc29_chs_giant_spined_chaos_beast		2	none	wh3_dlc29_unit_short_text_chs_giant_spined_chaos_beast	wh_main_monster	trained			true	40.0000	1500.0000	wh3_dlc29_chs_mon_giant_spined_chaos_beast	60	80	0	vo_sel_default	vo_sel_generic	vo_sel_culture	1.0000	large	0	0	0	0	0	0	15	0	melee_flanker_shock	false	false	false	false	medium	medium	domination_monsters			melee	1.0000	1.0000	false	false
kadon_bind_giant_wolves	10	wh2_main_leather_15	2100	inf_melee	38	inf_mel	wh2_dlc16_unit_long_text_wef_mon_wolves	wf1_giant_wolf	wh_main_monster_wolf_hound_blood	26	21	45	135		0	wh2_dlc16_wef_wolf_fangs		6	none	wh2_dlc16_unit_short_text_wef_mon_wolves	wh_main_cavalry_very_chaotic	trained			true	40.0000	1500.0000	wh2_dlc16_wef_mon_wolves_0	60	80	0	vo_sel_marauders	vo_sel_generic	vo_sel_generic_short	1.0000	elves_wef	0	0	0	0	0	0	15	0	melee_flanker	false	false	false	false	high	high	domination_cav			melee	1.0000	1.0000	false	false
kadon_bind_great_cave_squigs	10	wh2_main_leather_50	2100	inf_melee	65	cav_mel	jvj_kadon_great_cave_squig	rp2_great_cave_squig	kadon_great_cave_squig	45	53	60	548		0	kadon_great_cave_squig		6	none	jvj_kadon_great_cave_squig	wh_dlc03_bst_razorgor	trained			true	40.0000	1500.0000	wh_dlc06_grn_inf_squig_herd_0	60	80	0	vo_sel_default	vo_sel_generic	vo_sel_generic	1.0000	large	0	0	0	0	0	0	0	0	melee_highvalue	false	false	false	false	medium	medium	domination_cav			melee	1.0000	1.0000	false	false
kadon_bind_great_eagle	0	wh2_main_body_30	2100	inf_melee	62	inf_mel	wh_dlc05_unit_long_text_wef_great_eagle	bi1_eagle	wh_dlc05_wef_mon_great_eagle_blood	44	30	60	9310		0	wh_dlc05_wef_great_eagle		2	none	wh_dlc05_unit_short_text_wef_great_eagle	wh_main_monster	trained			true	40.0000	1500.0000	wh_dlc05_wef_mon_great_eagle_0	60	80	0	vo_sel_default	vo_sel_melee	vo_sel_culture	1.0000	elves_wef_large	0	0	0	0	0	0	0	0	flying_melee_flanker_shock	false	false	false	false	cant_capture	cant_capture	cant_capture			melee	1.0000	1.0000	false	false
kadon_bind_great_hawks	10	wh2_main_body_15	2100	inf_melee	46	inf_mel	wh2_dlc16_unit_long_text_wef_mon_hawks	bi1_hawk	wh_dlc05_wef_hawk_blood	30	24	60	348		0	wh_dlc05_wef_hawk_talons		10	none	wh2_dlc16_unit_short_text_wef_mon_hawks	wh_dlc05_cavalry_hawk_riders	trained			true	40.0000	1500.0000	wh2_dlc16_wef_mon_hawks_0	60	80	0	vo_sel_hef_Great_Eagle	vo_sel_melee	vo_sel_culture	1.0000	elves_wef_large	0	0	0	0	0	0	0	0	flying_melee_flanker_shock	false	false	false	false	cant_capture	cant_capture	cant_capture			melee	1.0000	1.0000	false	false
kadon_bind_great_moon_bird	10	wh2_main_body_40	2100	inf_melee	46	inf_mel	wh3_dlc24_unit_long_text_cth_mon_great_moon_bird	bi1_dlc24_moon_bird	wh3_dlc24_cth_mon_great_moon_bird	44	50	70	14580		0	wh3_dlc24_cth_mon_great_moon_bird		2	none	wh3_dlc24_unit_short_text_cth_mon_great_moon_bird	wh_main_monster	trained			true	40.0000	1500.0000	wh3_dlc24_cth_mon_great_moon_bird	60	80	0	vo_sel_hef_Flamespyre_Phoenix	vo_sel_melee	vo_sel_culture	1.0000	large	0	0	40	0	0	0	15	0	flying_melee_flanker	false	false	false	false	cant_capture	cant_capture	cant_capture			melee	1.0000	1.0000	false	false
kadon_bind_great_taurus	10	wh2_main_body_50	2100	inf_melee	80	inf_mel	wh3_dlc23_unit_long_text_chd_mon_great_taurus	ox1_dlc23_taurus_feral	wh3_dlc23_chd_mon_great_taurus	46	28	60	13320		0	wh3_dlc23_chd_mon_great_taurus		2	none	wh3_dlc23_unit_short_text_chd_mon_great_taurus	wh_main_monster	trained			true	40.0000	1500.0000	wh3_dlc23_chd_mon_great_taurus	60	80	0	vo_sel_default	vo_sel_culture	vo_sel_culture	1.0000	large	0	0	35	0	0	0	15	0	flying_melee_flanker_shock	false	false	false	false	cant_capture	cant_capture	cant_capture			melee	1.0000	1.0000	false	false
kadon_bind_great_unclean_one	10	wh2_main_body_50	2100	inf_melee	20	inf_mel	wh3_main_unit_long_text_nur_mon_great_unclean_one_0	hu9b_wh3_great_unclean_one_sword	wh3_main_monster_great_unclean_one	55	45	75	24704		0	wh3_main_great_unclean_one		2	none	wh3_main_unit_short_text_nur_mon_great_unclean_one_0	wh_main_monster	trained			true	40.0000	1500.0000	wh3_main_nur_mon_great_unclean_one_0	60	80	0	vo_sel_default	vo_sel_melee	vo_sel_culture	1.0000	large	0	0	0	0	0	20	0	0	melee_gatecrusher	false	false	false	false	medium	medium	domination_monsters			melee	1.0000	1.0000	false	false
kadon_bind_griffon	10	wh2_main_bone_50	2100	inf_melee	60	inf_mel	jvj_kadon_griffon	bc2_griffon	kadon_griffon	42	32	60	10480		0	kadon_griffon		2	none	jvj_kadon_griffon	wh_main_monster	elite			true	40.0000	1500.0000	wh3_dlc25_emp_cha_engineer_warhorse	60	80	0	vo_sel_default	vo_sel_culture	vo_sel_culture	1.0000	large	0	0	0	0	0	0	15	0	flying_melee_highvalue	false	false	false	false	cant_capture	cant_capture	cant_capture			melee	1.0000	1.0000	false	false
kadon_bind_harpies	10	wh2_main_leather_15	2100	inf_melee	20	inf_mel	wh_dlc05_unit_long_text_bst_harpies	hu10b_harpy	wh_dlc05_bst_inf_harpy	22	38	52	79		0	wh_dlc05_bst_harpy_claws		10	none	wh_dlc05_unit_short_text_bst_harpies	wh_main_infantry_large_very_chaotic	trained			false	40.0000	1500.0000	wh_dlc05_bst_mon_harpies_0	60	80	0	vo_sel_default	vo_sel_melee	vo_sel_culture	1.0000	small	0	0	0	0	0	0	0	0	flying_melee_flanker	false	false	false	false	cant_capture	cant_capture	cant_capture			melee	1.0000	1.0000	false	false
kadon_bind_hell_pit_abomination	10	wh2_main_body_50	2100	inf_melee	25	inf_mel	wh2_main_unit_long_text_skv_mon_hell_pit_abomination	hc5_skv_hell_pit	wh2_main_skv_monster_hell_pit_abomination	42	30	90	24184		0	wh2_main_skv_hell_pit_abomination		2	none	wh2_main_unit_short_text_skv_mon_hell_pit_abomination	wh_main_monster	trained			true	40.0000	1500.0000	wh2_main_skv_mon_hell_pit_abomination	60	80	0	vo_sel_default	vo_sel_generic	vo_sel_culture	1.0000	large	0	0	0	0	0	0	15	0	melee_gatecrusher	false	false	false	false	medium	medium	domination_monsters			melee	1.0000	1.0000	false	false
kadon_bind_hierotitan	10	wh2_dlc09_bone_100	2100	inf_melee	20	inf_mel	wh2_dlc09_tmb_mon_heirotitan	gi1_hierotitan_staff_and_scales	wh2_dlc09_tmb_mon_hierotitan	56	45	60	25224		0	whh2_dlc09_tmb_heirotitan		2	none	wh2_dlc09_tmb_mon_heirotitan	wh_main_monster	trained			true	40.0000	1500.0000	wh2_dlc09_tmb_mon_heirotitan_0	60	80	0	vo_sel_default	vo_sel_melee	vo_sel_culture	1.0000	large	0	0	0	0	0	0	0	0	melee_gatecrusher_undead	false	false	false	false	medium	medium	domination_monsters			melee	1.0000	1.0000	false	false
kadon_bind_hunting_hounds	10	wh2_main_body_15	2100	inf_melee	22	inf_mel	wh3_dlc29_emp_inf_hunting_hounds	wf1_giant_wolf	wh3_dlc29_emp_inf_hunting_hounds	28	20	42	67		0	wh3_dlc29_emp_inf_hunting_hounds_bite		12	none	wh3_dlc29_emp_inf_hunting_hounds	wh_main_war_beasts	trained			true	40.0000	1500.0000	wh3_dlc29_emp_inf_hunting_hounds	60	80	0	vo_sel_default	vo_sel_melee	vo_sel_culture	1.0000	small	0	0	0	0	0	0	15	0	melee_flanker	false	false	false	false	medium	medium	domination_cav			melee	1.0000	1.0000	false	false
kadon_bind_hydra	10	wh2_main_body_60	2100	inf_melee	45	inf_mel	wh2_main_unit_long_text_def_mon_war_hydra_0	dr2_hydra	wh2_main_def_monster_war_hydra	52	32	65	20784		0	wh2_main_def_war_hydra		2	none	wh2_main_unit_short_text_def_mon_war_hydra_0	wh_main_monster	trained			true	40.0000	1500.0000	wh2_main_def_mon_war_hydra_0	60	80	0	vo_sel_default	vo_sel_melee	vo_sel_culture	1.0000	large	0	0	0	0	0	0	35	0	melee_gatecrusher	false	false	false	false	medium	medium	domination_monsters			melee	1.0000	1.0000	false	false
kadon_bind_incarnate_elemental_of_beasts	10	wh2_main_body_50	2100	inf_melee	64	inf_mel	wh3_dlc24_unit_long_text_ksl_mon_incarnate_elemental_of_beasts	hu6d_dlc24_elemental_of_beasts	wh3_dlc24_ksl_mon_incarnate_elemental_of_beasts	62	30	80	18000		0	wh3_dlc24_ksl_mon_incarnate_elemental_of_beasts		2	none	wh3_dlc24_unit_short_text_ksl_mon_incarnate_elemental_of_beasts	wh_main_monster	trained			true	40.0000	1500.0000	wh3_dlc24_ksl_mon_incarnate_elemental_of_beasts	160	160	0	vo_sel_default	vo_sel_default	vo_sel_culture	1.0000	large	0	0	0	20	0	20	0	0	melee_gatecrusher	false	false	false	false	medium	medium	domination_monsters			melee	1.0000	1.0000	false	false
kadon_bind_jabberslythe	10	wh2_main_body_60	2100	inf_melee	30	inf_mel	wh2_dlc17_unit_long_text_bst_mon_jabberslythe	hc3_dlc17_jabberslythe	wh2_dlc17_bst_mon_jabberslythe	36	42	75	18424		0	wh2_dlc17_bst_jabberslythe		2	none	wh2_dlc17_unit_short_text_bst_mon_jabberslythe	wh_main_monster	trained			true	40.0000	1500.0000	wh2_dlc17_bst_mon_jabberslythe_0	60	80	0	vo_sel_default	vo_sel_culture	vo_sel_culture	1.0000	large_bst	0	0	0	0	0	0	15	0	melee_highvalue	false	false	false	false	high	high	domination_monsters			melee	1.0000	1.0000	false	false
kadon_bind_jade_lion	10	wh2_main_body_90	2100	inf_melee	40	inf_mel	wh3_dlc24_unit_long_text_cth_mon_jade_jet_lions	bc5_dlc24_jade_lion	wh3_dlc24_cth_mon_jade_lion	55	40	65	5800		0	wh3_dlc24_cth_mon_jade_lion		2	none	wh3_dlc24_unit_short_text_cth_mon_jade_lion	wh_main_monster	trained			true	40.0000	1500.0000	wh3_dlc24_cth_mon_jade_lion	60	80	0	vo_sel_default	vo_sel_melee	vo_sel_culture	1.0000	large	0	0	0	0	0	0	15	0	melee	false	false	false	false	low	low	domination_monsters			melee	1.0000	1.0000	false	false
kadon_bind_jet_lion	10	wh2_main_body_90	2100	inf_melee	40	inf_mel	wh3_dlc24_unit_long_text_cth_mon_jade_jet_lions	bc5_dlc24_jet_lion	wh3_dlc24_cth_mon_jet_lion	40	60	65	5800		0	wh3_dlc24_cth_mon_jet_lion		2	none	wh3_dlc24_unit_short_text_cth_mon_jet_lion	wh_main_monster	trained			true	40.0000	1500.0000	wh3_dlc24_cth_mon_jet_lion	60	80	0	vo_sel_default	vo_sel_culture	vo_sel_culture	1.0000	large	0	0	0	50	0	0	15	0	melee	false	false	false	false	low	low	domination_monsters			melee	1.0000	1.0000	false	false
kadon_bind_kdaai_destroyer	10	wh2_main_heavy_metal_120	2100	inf_melee	45	inf_mel	wh3_dlc23_unit_long_text_chd_mon_kdaai_destroyer	hq5_dlc23_kdaai_destroyer	wh3_dlc23_chd_mon_kdaai_destroyer	56	38	70	20464		0	wh3_dlc23_chd_mon_kdaai_destroyer		2	none	wh3_dlc23_unit_short_text_chd_mon_kdaai_destroyer	wh_main_monster	trained			true	40.0000	1500.0000	wh3_dlc23_chd_mon_kdaai_destroyer	60	80	0	vo_sel_default	vo_sel_culture	vo_sel_culture	1.0000	large	0	0	35	0	0	10	15	0	melee_gatecrusher_highvalue	false	true	false	false	medium	medium	domination_monsters			melee	1.0000	1.0000	false	false
kadon_bind_kdaai_fireborn	10	wh2_main_plate_80	2100	inf_melee	40	inf_mel	wh3_dlc23_unit_long_text_chd_mon_kdaai_fireborn	sn2b_dlc23_kdaai_fireborn_axe	wh3_dlc23_chd_mon_kdaai_fireborn	32	40	60	484		0	wh3_dlc23_chd_mon_kdaai_fireborn_dual_axe		6	none	wh3_dlc23_unit_short_text_chd_mon_kdaai_fireborn	wh3_dlc23_kdaai_fireborn	trained			true	40.0000	1500.0000	wh3_dlc23_chd_mon_kdaai_fireborn	60	80	0	vo_sel_default	vo_sel_melee	vo_sel_culture	1.0000	large	0	0	35	0	0	10	0	0	melee_gatecrusher_shock	false	true	false	false	medium	medium	domination_monsters			melee	1.0000	1.0000	false	false
kadon_bind_keeper_of_secrets	10	wh2_main_body_15	2100	inf_melee	60	inf_mel	wh3_main_unit_long_text_sla_mon_keeper_of_secrets_0	hu16b_wh3_keepers_secrets	wh3_main_monster_keeper_of_secrets	60	54	80	15424		0	wh3_main_sla_keeper_of_secrets_sword		2	wh_missile_block_30_metal	wh3_main_unit_short_text_sla_mon_keeper_of_secrets_0	wh_main_monster	trained			true	40.0000	1500.0000	wh3_main_sla_mon_keeper_of_secrets_0	60	80	0	vo_sel_default	vo_sel_melee	vo_sel_culture	1.0000	large	0	0	0	0	0	20	0	0	melee_gatecrusher	false	true	false	false	medium	medium	domination_monsters			melee	1.0000	1.0000	false	false
kadon_bind_kharibdyss	10	wh2_main_body_60	2100	inf_melee	45	inf_mel	wh2_dlc10_unit_long_text_def_mon_kharibdyss_0	dr2_kharibdyss	wh2_dlc10_def_monster_kharibdyss	60	38	65	20784		0	wh2_dlc10_def_kharibdyss		2	none	wh2_dlc10_unit_short_text_def_mon_kharibdyss_0	wh_main_monster	trained			true	40.0000	1500.0000	wh2_dlc10_def_mon_kharibdyss_0	60	80	0	vo_sel_default	vo_sel_melee	vo_sel_culture	1.0000	aquatic_large	0	0	0	0	0	0	35	0	melee_gatecrusher	false	false	false	false	medium	medium	domination_monsters			melee	1.0000	1.0000	false	false
kadon_bind_khemric_titan	10	wh2_dlc15_bone_120	2100	inf_melee	35	inf_mel	wh3_dlc29_tmb_mon_khemric_titan	sp2_dlc29_khemric_titan	wh3_dlc29_tmb_mon_khemric_titan	58	40	60	29984		0	wh3_dlc29_tmb_khemric_titan_claws		2	none	wh3_dlc29_tmb_mon_khemric_titan	wh3_dlc29_tmb_khemric_titan	trained			true	40.0000	1500.0000	wh3_dlc29_tmb_mon_khemric_titan	60	80	0	vo_sel_default	vo_sel_default	vo_sel_culture	1.0000	large	0	0	0	0	0	0	0	0	melee_gatecrusher_undead	false	false	false	false	medium	medium	domination_monsters			melee	1.0000	1.0000	false	false
kadon_bind_kroxigor	10	wh2_main_body_100	2100	inf_melee	22	inf_mel	wh2_main_unit_long_text_lzd_mon_kroxigors	hu7c_kroxigor_2handed_axe	wh2_main_lzd_mon_kroxigor	30	32	70	502		0	wh2_main_lzd_kroxigor		6	none	wh2_main_unit_short_text_lzd_mon_kroxigors	wh_main_monstrous_trolls	trained			true	40.0000	1500.0000	wh2_main_lzd_mon_kroxigors	160	160	0	vo_sel_default	vo_sel_melee	vo_sel_culture	1.0000	aquatic_large	0	0	0	0	0	0	15	0	melee_gatecrusher	false	true	false	false	medium	medium	domination_monsters			melee	1.0000	1.0000	false	false
kadon_bind_lammasu	10	wh2_main_body_45	2100	inf_melee	40	inf_mel	wh3_dlc23_unit_long_text_chd_mon_lammasu	bc2c_dlc23_lammasu_feral	wh3_dlc23_chd_mon_lammasu	36	44	70	12080		0	wh3_dlc23_chd_mon_lammasu		2	none	wh3_dlc23_unit_short_text_chd_mon_lammasu	wh_main_monster	trained			true	40.0000	1500.0000	wh3_dlc23_chd_mon_lammasu	60	80	0	vo_sel_default	vo_sel_culture	vo_sel_culture	1.0000	large	0	0	25	25	0	0	15	0	flying_melee_mage_highvalue	false	false	false	false	cant_capture	cant_capture	cant_capture			melee	1.0000	1.0000	false	false
kadon_bind_lord_of_change	10	wh2_main_body_30	2100	inf_melee	35	inf_mel	wh3_main_unit_long_text_tze_mon_lord_of_change_0	hu10c_exalted_lord_of_change_staff	wh_main_chs_lord_of_change_blood	45	45	75	14040		0	wh3_main_tze_lord_of_change_staff		2	none	wh3_main_unit_short_text_tze_mon_lord_of_change_0	wh_main_monster	trained			true	40.0000	1500.0000	wh3_main_tze_mon_lord_of_change_0	60	80	0	vo_sel_default	vo_sel_generic	vo_sel_culture	1.0000	large	0	0	0	0	0	20	0	0	flying_melee	false	false	false	false	cant_capture	cant_capture	cant_capture			melee	1.0000	1.0000	false	false
kadon_bind_mangler_squigs	10	wh2_main_body_40	2100	inf_melee	65	inf_mel	wh3_dlc26_unit_long_text_grn_mangler_squig	rp2_team_dlc26_mangler_squigs	wh3_dlc26_grn_mon_mangler_squig	40	22	55	3060		0	wh3_dlc26_grn_cav_mangler_squig		2	none	wh3_dlc26_unit_short_text_grn_mangler_squig	wh3_dlc26_mangler_squig	trained			true	40.0000	1500.0000	wh3_dlc26_grn_cav_mangler_squig	60	80	0	vo_sel_goblin_squig_herd	vo_sel_squig	vo_sel_default	1.0000	large	0	0	0	0	0	0	15	0	melee_flanker	false	false	false	false	medium	medium	domination_monsters			melee	1.0000	1.0000	false	false
kadon_bind_manticore	10	wh2_main_body_45	2100	inf_melee	50	inf_mel	wh_dlc03_unit_long_text_bst_feral_manticore	bc3_manticore	wh_dlc01_flying_manticore_blood	40	34	56	10190		0	wh_dlc03_bst_manticore		2	none	wh_dlc03_unit_short_text_bst_feral_manticore	wh_main_monster	trained			true	40.0000	1500.0000	wh_dlc03_bst_feral_manticore	60	80	0	vo_sel_default	vo_sel_culture	vo_sel_culture	1.0000	large_bst	0	0	0	0	0	0	15	0	flying_melee_flanker_shock	false	false	false	false	cant_capture	cant_capture	cant_capture			melee	1.0000	1.0000	false	false
kadon_bind_merwyrm	10	wh2_main_body_70	2100	inf_melee	42	inf_mel	wh3_dlc27_unit_long_text_hef_mon_merwyrm	sm02_dlc27_merwyrm	wh3_dlc27_hef_mon_merwyrm	59	38	70	25184		0	wh3_dlc27_hef_mon_merwyrm		2	none	wh3_dlc27_unit_short_text_hef_mon_merwyrm	wh_main_monster	trained			true	40.0000	1500.0000	wh3_dlc27_hef_mon_merwyrm	60	80	0	vo_sel_default	vo_sel_melee	vo_sel_culture	1.0000	aquatic_large	0	0	0	0	0	0	25	0	melee_gatecrusher	false	false	false	false	medium	medium	domination_monsters			melee	1.0000	1.0000	false	false
kadon_bind_minotaurs	10	wh2_main_body_35	2100	inf_melee	34	inf_mel	wh_dlc03_unit_long_text_bst_minotaur	hu12_minotaur_dual_axe	wh_dlc03_bst_mon_minotaur_blood	34	32	75	536		0	wh_dlc03_bst_minotaur_dual_axe		6	none	wh_dlc03_unit_short_text_bst_minotaur	wh_dlc03_bst_minotaur	trained			true	40.0000	1500.0000	wh_dlc03_bst_inf_minotaurs_0	60	80	0	vo_sel_beastmen_minotaurs	vo_sel_default	vo_sel_culture	1.0000	large_bst	0	0	0	0	0	0	0	0	melee_gatecrusher_shock	false	true	false	false	medium	medium	domination_monsters			melee	1.0000	1.0000	false	false
kadon_bind_minotaurs_of_khorne	10	wh2_main_heavy_metal_70	2100	inf_melee	34	inf_mel	wh3_main_unit_long_text_kho_mon_khornataurs_0	hu12_minotaur_dual_axe	wh3_main_kho_mon_minotaur_blood	34	27	70	536		0	wh3_main_kho_minotaur_dual_axe		6	none	wh3_main_unit_short_text_kho_mon_khornataurs_0	wh_dlc03_bst_minotaur	trained			true	40.0000	1500.0000	wh3_main_kho_mon_khornataurs_0	60	80	0	vo_sel_beastmen_minotaurs	vo_sel_default	vo_sel_culture	1.0000	large	0	0	0	35	0	0	0	0	melee_gatecrusher_shock	false	true	false	false	medium	medium	domination_monsters			melee	1.0000	1.0000	false	false
kadon_bind_moon_dragon	10	wh2_main_body_70	2100	inf_melee	50	inf_mel	wh2_main_unit_long_text_hef_mon_moon_dragon	dr1_dragon	wh2_main_hef_mon_moon_dragon_blood	50	46	75	16632		0	wh2_main_hef_moon_dragon		2	none	wh2_main_unit_short_text_hef_mon_moon_dragon	wh_main_monster	trained			true	40.0000	1500.0000	wh2_main_hef_mon_moon_dragon	60	80	0	vo_sel_hef_Moon_Dragon	vo_sel_melee	vo_sel_culture	1.0000	large	0	0	0	0	0	0	25	0	flying_melee_flanker	false	false	false	false	cant_capture	cant_capture	cant_capture			melee	1.0000	1.0000	false	false
kadon_bind_morghast_archai	10	wh2_main_heavy_metal_100	2100	inf_melee	40	inf_mel	wh3_dlc29_vmp_mon_morghasts	hu10_dlc29_morghast_archai_halberd	wh3_dlc29_vmp_mon_morghast	40	45	60	750		0	wh3_dlc29_vmp_morghast_halberd		6	none	wh3_dlc29_vmp_mon_morghast_archai	wh3_dlc29_morghasts	trained			true	40.0000	1500.0000	wh2_dlc09_tmb_mon_morghast_archai	60	80	0	vo_sel_default	vo_sel_melee	vo_sel_culture	1.0000	large	0	0	0	0	0	0	0	0	melee_gatecrusher_undead	false	true	false	false	cant_capture	cant_capture	cant_capture			melee	1.0000	1.0000	false	false
kadon_bind_morghast_harbingers	10	wh2_main_bone_80	2100	inf_melee	45	inf_mel	wh3_dlc29_vmp_mon_morghasts	hu10_dlc29_morghast_harbingers_dual_swords	wh3_dlc29_vmp_mon_morghast	45	35	60	750		0	wh3_dlc29_vmp_morghast_dual_sword		6	none	wh3_dlc29_vmp_mon_morghast_harbingers	wh3_dlc29_morghasts	trained			true	40.0000	1500.0000	wh2_dlc09_tmb_mon_morghast_harbingers	60	80	0	vo_sel_default	vo_sel_melee	vo_sel_culture	1.0000	large	0	0	0	0	0	0	0	0	melee_gatecrusher_undead	false	true	false	false	cant_capture	cant_capture	cant_capture			melee	1.0000	1.0000	false	false
kadon_bind_mourngul	10	wh2_main_body_40	2100	inf_melee	40	com	wh2_dlc11_unit_long_text_cst_cha_mourngul_haunter	gh4_cst_mourngul_haunter	wh2_dlc11_cst_cha_mourngul_haunter_blood	48	38	60	13120		0	wh2_dlc11_cst_claws_mourngul_haunter		2	none	wh2_dlc11_unit_short_text_cst_cha_mourngul_haunter	wh_main_monster	trained			true	40.0000	1500.0000	wh2_dlc11_cst_cha_mourngul_haunter	60	80	0	vo_sel_default	vo_sel_culture	vo_sel_culture	1.0000	large	0	0	0	0	0	0	30	0	melee_highvalue_undead	false	true	false	false	high	high	domination_characters			melee	1.0000	1.0000	false	false
kadon_bind_mutalith_vortex_beast	10	wh2_main_body_70	2100	inf_melee	32	spcl	wh3_dlc24_unit_long_text_tze_mon_mutalith_vortex_beast	hc4_dlc24_mutalith	wh3_dlc24_tze_mon_mutalith_vortex_beast	45	40	65	16160		0	wh3_dlc24_tze_mon_mutalith_vortex_beast		2	none	wh3_dlc24_unit_short_text_tze_mon_mutalith_vortex_beast	wh_main_monster	trained			true	40.0000	1500.0000	wh3_dlc24_tze_mon_mutalith_vortex_beast	60	80	0	vo_sel_default	vo_sel_melee	vo_sel_culture	1.0000	large	0	0	0	0	0	0	15	0	melee_gatecrusher_highvalue	false	false	false	false	medium	medium	domination_monsters			melee	1.0000	1.0000	false	false
kadon_bind_mutant_rat_ogre	10	wh2_main_body_30	2100	inf_melee	60	inf_mel	wh2_main_unit_long_text_skv_mon_rat_ogres	hu18_dlc16_mutant_rat_ogre	wh2_dlc16_skv_monster_rat_ogre_mutant_blood	52	38	60	13000		0	wh2_dlc16_skv_claws_mutant_rat_ogre		2	none	wh2_dlc16_unit_short_text_skv_mon_rat_ogre_mutant	wh_main_monstrous_infantry_chaotic	trained			true	40.0000	1500.0000	wh2_dlc16_skv_mon_rat_ogre_mutant	60	80	0	vo_sel_default	vo_sel_melee	vo_sel_culture	1.0000	large	0	0	0	0	0	20	0	0	melee_gatecrusher_shock	false	false	false	false	high	high	domination_monsters			melee	1.0000	1.0000	false	false
kadon_bind_necrofex_colossus	10	wh2_main_body_75	2100	inf_ranged	20	spcl	wh2_dlc11_unit_long_text_cst_mon_necrofex_colossus	gi2_cst_colossus	wh2_dlc11_cst_mon_necrofex_colossus	42	34	50	18918		0	wh2_dlc11_cst_necrofex_colossus	wh2_cst_necrofex_colossus_cannon	2	none	wh2_dlc11_unit_short_text_cst_mon_necrofex_colossus	wh_main_monster	trained			true	40.0000	1500.0000	wh2_dlc11_cst_mon_necrofex_colossus_0	60	80	10	vo_sel_default	vo_sel_melee	vo_sel_culture	1.0000	aquatic_large	70	22	0	0	0	0	0	0	melee_gatecrusher_undead	false	false	false	false	medium	medium	domination_monsters			artillery	1.0000	1.0000	false	false
kadon_bind_necrosphinx	10	wh2_dlc09_bone_100	2100	inf_melee	52	inf_mel	wh2_dlc09_tmb_mon_necrosphinx	ce3_necrosphinx_blades	wh2_dlc09_tmb_mon_necrosphinx	48	40	60	17904		0	wh2_dlc09_swords_necrosphinx		2	none	wh2_dlc09_tmb_mon_necrosphinx	wh_main_monster	trained			true	40.0000	1500.0000	wh2_dlc09_tmb_mon_necrosphinx_0	60	80	0	vo_sel_default	vo_sel_default	vo_sel_culture	1.0000	large	0	0	0	0	0	0	0	0	melee_gatecrusher_undead	false	false	false	false	medium	medium	domination_monsters			melee	1.0000	1.0000	false	false
kadon_bind_nor_ice_trolls	10	wh2_main_body_60	2100	inf_melee	34	inf_mel	wh_dlc08_unit_long_text_nor_norscan_ice_trolls	hu4c_ice_troll_club	wh_main_monster_troll_ice_blood	38	32	45	486		0	wh_dlc08_club_ice_troll		6	none	wh_dlc08_unit_short_text_nor_norscan_ice_trolls	wh_main_monstrous_trolls	trained			true	40.0000	1500.0000	wh_dlc08_nor_mon_norscan_ice_trolls_0	60	80	0	vo_sel_default	vo_sel_melee	vo_sel_culture	1.0000	large	0	0	-25	0	0	0	0	0	melee_gatecrusher	false	true	false	false	medium	medium	domination_monsters			melee	1.0000	1.0000	false	false
kadon_bind_norscan_ice_wolves	10	wh2_main_leather_15	2100	inf_melee	38	inf_mel	wh_dlc08_unit_long_text_nor_marauder_warwolves	wf1_norscan_giant_wolf	wh_dlc08_nor_war_wolf_blood	30	21	45	135		0	wh_dlc08_nor_warwolf_claw		6	none	wh_dlc08_unit_short_text_nor_marauder_warwolves	wh_main_cavalry_very_chaotic	trained			true	40.0000	1500.0000	wh_dlc08_nor_mon_marauder_warwolves_0	60	80	0	vo_sel_marauders	vo_sel_generic	vo_sel_generic_short	1.0000	small	0	0	0	0	0	0	15	0	melee_flanker	false	true	false	false	medium	medium	domination_cav			melee	1.0000	1.0000	false	false
kadon_bind_oceanids	10	wh_main_body_0	2100	inf_melee	16	inf_mel	wh3_dlc27_unit_long_text_hef_mon_sea_elemental	sn3_dlc27_oceanids	wh3_dlc27_hef_inf_oceanids	24	55	65	582		0	wh3_dlc27_inf_oceanids		6	none	wh3_dlc27_unit_short_text_hef_inf_oceanids	wh3_dlc27_hef_inf_oceanids	trained			true	40.0000	1500.0000	wh3_dlc27_hef_inf_oceanids	60	80	0	vo_sel_default	vo_sel_melee	vo_sel_culture	1.0000	aquatic_large	0	0	20	0	0	30	20	0	melee	false	true	false	false	medium	medium	domination_monsters			melee	1.0000	1.0000	false	false
kadon_bind_onyx_crowmen	10	wh2_main_leather_15	2100	inf_melee	20	inf_mel	wh3_dlc24_unit_long_text_cth_inf_onyx_crowmen	hu22_dlc24_onyx_crowmen	wh3_dlc24_cth_inf_onyx_crowmen	30	32	50	79		0	wh3_dlc24_cth_onyx_crowmen		8	none	wh3_dlc24_unit_short_text_cth_inf_onyx_crowmen	wh3_dlc24_cth_inf_onyx_crowmen	trained			true	40.0000	1500.0000	wh3_dlc24_cth_inf_onyx_crowmen	60	80	0	vo_sel_default	vo_sel_melee	vo_sel_culture	1.0000	small	0	0	0	0	0	20	0	0	flying_melee_flanker	false	false	false	false	cant_capture	cant_capture	cant_capture			melee	1.0000	1.0000	false	false
kadon_bind_plague_toads	10	wh2_main_leather_50	2100	inf_melee	36	inf_mel	wh3_main_unit_long_text_nur_mon_plague_toads_0	to1_wh3_plague_toad	wh3_main_nur_mnt_plague_toad	30	24	55	250		0	wh3_main_nur_plague_toad_maw		6	none	wh3_main_unit_short_text_nur_mon_plague_toads_0	wh3_main_cavalry_plague_toads	trained			true	40.0000	1500.0000	wh3_main_nur_mon_plague_toads_0	60	80	0	vo_sel_default	vo_sel_melee	vo_sel_culture	1.0000	large	0	0	0	0	0	20	0	0	melee_flanker	false	false	false	false	medium	medium	domination_monsters			melee	1.0000	1.0000	false	false
kadon_bind_preyton	10	wh2_main_body_60	2100	inf_melee	40	inf_mel	wh3_dlc27_unit_long_text_sla_mon_preyton	bi2_dlc27_preyton	wh3_dlc27_sla_mon_preyton	50	28	70	14562		0	wh3_dlc27_preyton_claws		2	none	wh3_dlc27_unit_short_text_sla_mon_preyton	wh_main_monster	trained			true	40.0000	1500.0000	wh3_dlc27_sla_preyton	60	80	0	vo_sel_default	vo_sel_melee	vo_sel_culture	1.0000	large	0	0	0	0	0	20	45	0	flying_melee_flanker	false	false	false	false	cant_capture	cant_capture	cant_capture			melee	1.0000	1.0000	false	false
kadon_bind_rat_ogres	10	wh2_main_body_30	2100	inf_melee	46	inf_mel	wh2_main_unit_long_text_skv_mon_rat_ogres	hu18_rat_ogre_claws	wh2_main_skv_monster_rat_ogre	26	26	56	475		0	wh2_main_skv_rat_ogre		6	none	wh2_main_unit_short_text_skv_mon_rat_ogres	wh_main_monstrous_infantry_chaotic	trained			true	40.0000	1500.0000	wh2_main_skv_mon_rat_ogres	60	80	0	vo_sel_default	vo_sel_default	vo_sel_default	1.0000	large	0	0	0	0	0	0	0	0	melee_gatecrusher_shock	false	true	false	false	medium	medium	domination_monsters			melee	1.0000	1.0000	false	false
kadon_bind_razordon_hunting_pack	10	wh2_dlc10_bone_90	2100	inf_ranged	20	inf_mis	wh2_dlc13_unit_long_text_lzd_razordon_hunting_pack	lz1_dlc13_razordon	wh2_dlc13_lzd_inf_razordon_blood	20	29	55	122		0	wh2_dlc13_lzd_razordon	wh2_dlc13_lzd_razordon_spike	6	none	wh2_dlc13_unit_short_text_lzd_razordon_hunting_pack	wh2_dlc13_mon_razordons	trained			true	40.0000	1500.0000	wh2_dlc13_lzd_mon_razordon_pack_0	60	80	0	vo_sel_default	vo_sel_generic	vo_sel_generic	1.0000	aquatic_large	0	54	0	0	0	0	0	0	ranged_harasser	false	false	false	false	medium	medium	domination_monsters			archer	1.0000	1.0000	false	false
kadon_bind_razorgor	10	wh2_main_leather_45	2100	inf_melee	46	spcl	wh_dlc03_unit_long_text_bst_razorgor_herd	bo1_razorgor	wh_dlc03_bst_mon_razorgor	24	18	55	185		0	wh_dlc03_bst_razorgor_tusk		6	none	wh_dlc03_unit_short_text_bst_razorgor_herd	wh_dlc03_bst_razorgor	trained			true	40.0000	1500.0000	wh_dlc03_bst_inf_razorgor_herd_0	60	80	0	vo_sel_beastmen_razorgor	vo_sel_default	vo_sel_culture	1.0000	large	0	0	0	0	0	0	0	0	melee_flanker_shock	false	true	false	false	low	low	domination_cav			melee	1.0000	1.0000	false	false
kadon_bind_ripperdactyls	10	wh2_main_leather_45	2100	inf_melee	52	cav_mel	jvj_kadon_ripperdactyl	bi3_ripperdactyl	kadon_ripperdactyl	44	23	65	520		0	wh2_dlc12_lzd_ripperdactyl		4	none	jvj_kadon_ripperdactyl	wh_main_monstrous_infantry_flying	trained			true	60.0000	1500.0000	wh2_dlc12_lzd_cav_ripperdactyl_riders_0	60	80	10	vo_sel_default	vo_sel_generic	vo_sel_culture	1.0000	large	0	0	0	0	0	0	15	0	flying_melee_flanker	false	false	false	false	cant_capture	cant_capture	cant_capture			melee	1.0000	1.0000	false	false
kadon_bind_river_trolls	0	wh2_main_body_40	2100	inf_melee	30	inf_mel	wh2_dlc15_unit_long_text_grn_mon_river_trolls	hu4f_dlc15_river_troll_club	wh_main_monster_troll_blood	34	40	45	486		0	wh_dlc15_club_river_troll		6	none	wh2_dlc15_unit_short_text_grn_mon_river_trolls	wh_main_monstrous_trolls	trained			true	40.0000	1500.0000	wh2_dlc15_grn_mon_river_trolls_0	60	80	0	vo_sel_default	vo_sel_melee	vo_sel_culture	1.0000	aquatic_large	0	0	0	0	0	0	0	0	melee_gatecrusher_shock	false	false	false	false	default	default	domination_monsters			melee	1.0000	1.0000	false	false
kadon_bind_rogue_idol	10	wh2_main_bone_150	2100	inf_melee	30	inf_mel	wh2_dlc15_unit_long_text_grn_mon_rogue_idol	hu4e_dlc15_rogue_idol	wh2_dlc15_monster_rogue_idol	60	24	75	31984		0	wh2_dlc15_rogue_idol_fist		2	none	wh2_dlc15_unit_short_text_grn_mon_rogue_idol	wh_main_monster	trained			true	40.0000	1500.0000	wh2_dlc15_grn_mon_rogue_idol_0	60	80	0	vo_sel_default	vo_sel_melee	vo_sel_culture	1.0000	large	0	0	0	0	0	0	15	0	melee_gatecrusher_highvalue	false	false	false	false	default	default	domination_monsters			melee	1.0000	1.0000	false	false
kadon_bind_rot_flies	10	wh2_main_body_50	2100	inf_melee	32	inf_mel	wh3_main_unit_long_text_nur_mon_rot_flies_0	in1_wh3_rot_fly	wh3_main_flying_rot_fly_blood	34	24	60	508		0	wh3_main_nur_rot_fly_stinger		4	none	wh3_main_unit_short_text_nur_mon_rot_flies_0	wh3_main_rot_flies	trained			true	40.0000	1500.0000	wh3_main_nur_mon_rot_flies_0	60	80	0	vo_sel_default	vo_sel_melee	vo_sel_culture	1.0000	large	0	0	0	0	0	20	0	0	flying_melee_flanker	false	false	false	false	cant_capture	cant_capture	cant_capture			melee	1.0000	1.0000	false	false
kadon_bind_rotting_prometheans	0	wh2_main_body_120	2100	inf_melee	22	inf_mel	wh2_dlc11_unit_long_text_cst_mon_rotting_prometheans	cr1_cst_promethean	wh2_dlc11_cst_mon_rotting_promethean_blood	38	48	45	652		0	wh2_dlc11_cst_claws_promethians		4	none	wh2_dlc11_unit_short_text_cst_mon_rotting_prometheans	wh2_dlc11_cst_rotting_prometheans	trained			true	40.0000	1500.0000	wh2_dlc11_cst_mon_rotting_prometheans_0	60	80	0	vo_sel_default	vo_sel_culture	vo_sel_culture	1.0000	aquatic_large	0	0	0	0	0	0	0	0	melee_gatecrusher_undead	false	true	false	false	medium	medium	domination_monsters			melee	1.0000	1.0000	false	false
kadon_bind_sabretusk_pack	10	wh2_main_leather_30	2100	inf_melee	36	spcl	wh3_main_ogr_mon_sabretusk_pack_0	bc4_wh3_sabretusk	wh3_main_ogr_mon_sabretusk_blood	38	28	48	173		0	wh3_main_ogr_sabretusk_claw		6	none	wh3_main_ogr_mon_sabretusk_pack_0	wh3_main_ogr_sabretusk	trained			true	40.0000	1500.0000	wh3_main_ogr_mon_sabretusk_pack_0	60	80	0	vo_sel_beastmen_razorgor	vo_sel_default	vo_sel_culture	1.0000	large	0	0	0	0	0	0	0	0	melee_flanker_shock	false	false	false	false	low	low	domination_cav			melee	1.0000	1.0000	false	false
kadon_bind_salamander_hunting_pack	10	wh2_main_body_80	2100	inf_ranged	28	inf_mis	wh2_dlc12_unit_long_text_lzd_mon_salamanders	lz1_dlc12_salamander	wh2_dlc12_lzd_inf_salamander_blood	25	22	55	122		0	wh2_dlc12_lzd_salamander_flame	wh2_dlc12_lzd_salamander_flame	6	none	wh2_dlc12_unit_short_text_lzd_mon_salamander_pack_0	wh2_dlc12_inf_salamanders	trained			true	40.0000	1500.0000	wh2_dlc12_lzd_mon_salamander_pack_0	60	80	0	vo_sel_lzd_cold_one_riders	vo_sel_generic	vo_sel_generic	1.0000	aquatic_large	0	18	0	0	0	0	0	0	ranged_harasser	false	false	false	false	medium	medium	domination_monsters			archer	1.0000	1.0000	false	false
kadon_bind_screamers_of_tzeentch	10	wh2_main_body_30	2100	inf_melee	26	inf_mel	wh3_main_unit_long_text_tze_mon_screamers_0	mt1_wh3_screamers	wh3_main_tze_flying_screamer	26	22	60	297		0	w3h_main_tze_screamer		6	none	wh3_main_unit_short_text_tze_mon_screamers_0	wh3_main_screamers	trained			true	40.0000	1500.0000	wh3_main_tze_mon_screamers_0	60	80	0	vo_sel_default	vo_sel_melee	vo_sel_culture	1.0000	large	0	0	0	0	0	20	0	0	flying_melee_flanker	false	false	false	false	cant_capture	cant_capture	cant_capture			melee	1.0000	1.0000	false	false
kadon_bind_scurvy_dogs	10	wh_main_body_0	2100	inf_melee	28	inf_mel	wh2_dlc11_unit_long_text_cst_mon_scurvy_dogs	wf1_dire_wolf	wh_main_monster_wolf_hound_blood	26	14	35	68		0	wh_main_vmp_wolf_fangs		12	none	wh2_dlc11_unit_short_text_cst_mon_scurvy_dogs	wh_main_war_beasts	trained			true	40.0000	1500.0000	wh2_dlc11_cst_mon_scurvy_dogs	60	80	0	vo_sel_default	vo_sel_melee	vo_sel_culture	1.0000	aquatic_small	0	0	0	0	0	0	0	0	melee_flanker_undead	false	false	false	false	medium	medium	domination_cav			melee	1.0000	1.0000	false	false
kadon_bind_sea_elemental	10	wh_main_body_0	2100	inf_melee	32	inf_mel	wh3_dlc27_unit_long_text_hef_mon_sea_elemental	sn3_dlc27_sea_elemental	wh3_dlc27_hef_mon_sea_elemental	45	70	70	20784		0	wh3_dlc27_hef_sea_elemental		2	none	wh3_dlc27_unit_short_text_hef_mon_sea_elemental	wh_main_monster	trained			true	40.0000	1500.0000	wh3_dlc27_hef_mon_sea_elemental	60	80	0	vo_sel_default	vo_sel_melee	vo_sel_culture	1.0000	aquatic_large	0	0	20	0	0	30	20	0	melee_gatecrusher_highvalue	false	true	false	false	medium	medium	domination_monsters			melee	1.0000	1.0000	false	false
kadon_bind_sepulchral_stalkers	10	wh2_main_bone_80	2100	inf_ranged	10	inf_mis	wh2_dlc09_tmb_mon_sepulchral_stalkers	sn1_sepulchral_stalker_halberd	wh2_dlc09_tmb_mon_sepulchral_stalker	22	30	50	432		0	wh2_dlc09_tmb_halberd_stalker	wh2_dlc09_tmb_stalker_gaze	4	none	wh2_dlc09_tmb_mon_sepulchral_stalkers	wh2_dlc09_stalkers	trained			true	40.0000	1500.0000	wh2_dlc09_tmb_mon_sepulchral_stalkers_0	60	80	0	vo_sel_default	vo_sel_melee	vo_sel_culture	1.0000	large	0	12	0	0	0	0	0	0	melee_undead	false	true	false	false	medium	medium	domination_monsters			archer	1.0000	1.0000	false	false
kadon_bind_skinwolves	10	wh2_main_leather_15	2100	inf_melee	32	inf_mel	wh_dlc08_unit_long_text_nor_skin_wolves	hu8_skin_wolf	wh_dlc08_nor_skin_wolf_blood	32	28	60	301		0	wh_dlc08_nor_skinwolves_claws		6	none	wh_dlc08_unit_short_text_nor_skin_wolves	wh_main_monstrous_trolls	trained			true	40.0000	1500.0000	wh_dlc08_nor_mon_skinwolves_0	60	80	0	vo_sel_generic	vo_sel_generic	vo_sel_generic_short	1.0000	large	0	0	0	0	0	20	0	0	melee_flanker	false	true	false	false	medium	medium	domination_monsters			melee	1.0000	1.0000	false	false
kadon_bind_slaughterbrute	10	wh2_main_body_70	2100	inf_melee	60	inf_mel	wh3_dlc26_unit_long_text_kho_mon_slaughterbrute	hc4_dlc26_slaughterbrute	wh3_dlc26_kho_mon_slaughterbrute	65	45	60	9880		0	wh3_dlc26_kho_slaughterbrute_claws		2	none	wh3_dlc26_unit_short_text_kho_mon_slaughterbrute	wh_main_monster	trained			true	40.0000	1500.0000	wh3_dlc26_kho_mon_slaughterbrute	60	80	0	vo_sel_default	vo_sel_melee	vo_sel_culture	1.0000	large	0	0	0	35	0	0	25	0	melee_highvalue	false	true	false	false	medium	medium	domination_monsters			melee	1.0000	1.0000	false	false
kadon_bind_snow_leopard	0	wh2_main_body_20	2100	inf_melee	55	inf_mel	wh3_main_unit_long_text_ksl_mon_snow_leopard_0	bc4_wh3_snow_leopard	wh3_main_ksl_mon_snow_leopard_blood	50	38	60	6344		0	wh3_main_ksl_claws_snow_leopard		2	none	wh3_main_unit_short_text_ksl_mon_snow_leopard_0	wh_main_monster	trained			true	40.0000	1500.0000	wh3_main_ksl_mon_snow_leopard_0	60	80	0	vo_sel_default	vo_sel_melee	vo_sel_culture	1.0000	large	0	0	0	0	0	20	0	0	melee_flanker_shock_highvalue	false	false	false	false	medium	medium	domination_monsters			melee	1.0000	1.0000	false	false
kadon_bind_soopa_squig	0	wh2_main_leather_50	2100	inf_melee	40	inf_mel	wh_main_unit_long_text_grn_night_goblin_squig_herd	rp2_great_cave_squig	wh_dlc06_grn_inf_explosive_squig	26	20	36	660		0	wh_dlc06_grn_squig_maw		2	none	wh_dlc06_unit_short_text_grn_night_goblin_squig_herd	wh2_dlc09_tmb_squig_exploding	trained			true	40.0000	1500.0000	wh_dlc06_grn_inf_squig_explosive_0	60	80	0	vo_sel_goblin_squig_herd	vo_sel_squig	vo_sel_default	0.8000	large	0	0	0	0	0	0	0	0	melee_flanker_shock_undead	false	false	false	false	low	low	domination_cav			melee	1.0000	1.0000	false	false
kadon_bind_soul_grinder_of_khorne	10	wh2_main_heavy_metal_90	2100	inf_ranged	50	spcl	wh3_main_unit_long_text_kho_mon_soul_grinder_0	hc7_wh3_soul_grinder	wh3_main_monster_kho_soul_grinder_blood	55	35	70	16360		0	wh3_main_kho_soul_grinder	wh3_main_kho_soul_grinder_cannon	2	none	wh3_main_unit_short_text_kho_mon_soul_grinder_0	wh_main_monster	trained			true	40.0000	1500.0000	wh3_main_kho_mon_soul_grinder_0	60	80	0	vo_sel_default	vo_sel_melee	vo_sel_culture	1.0000	large	0	40	0	35	0	20	0	0	hybrid_gatecrusher	false	false	false	false	medium	medium	domination_monsters			artillery	1.0000	1.0000	false	false
kadon_bind_soul_grinder_of_nurgle	10	wh2_main_heavy_metal_90	2100	inf_ranged	30	spcl	wh3_main_unit_long_text_nur_mon_soul_grinder_0	hc7_wh3_nurgle_soul_grinder	wh3_main_monster_nur_soul_grinder_blood	42	35	70	8180		0	wh3_main_nurgle_soul_grinder	wh3_main_nur_soul_grinder_bombard	2	none	wh3_main_unit_short_text_nur_mon_soul_grinder_0	wh_main_monster	trained			true	40.0000	1500.0000	wh3_main_nur_mon_soul_grinder_0	60	80	0	vo_sel_default	vo_sel_default	vo_sel_culture	1.0000	large	0	45	0	0	0	20	0	0	ranged_no_skirmish_gatecrusher	false	false	false	false	medium	medium	domination_monsters			artillery	1.0000	1.0000	false	false
kadon_bind_soul_grinder_of_slaanesh	10	wh2_main_heavy_metal_90	2100	inf_melee	40	inf_mel	wh3_main_unit_long_text_sla_mon_soul_grinder_0	hc7_wh3_slaanesh_soul_grinder	wh3_main_monster_sla_soul_grinder_blood	55	35	70	16360		0	wh3_main_sla_soul_grinder		2	none	wh3_main_unit_short_text_sla_mon_soul_grinder_0	wh_main_monster	trained			true	40.0000	1500.0000	wh3_main_sla_mon_soul_grinder_0	60	80	0	vo_sel_default	vo_sel_melee	vo_sel_culture	1.0000	large	0	0	0	0	0	20	0	0	melee_gatecrusher	false	true	false	false	medium	medium	domination_monsters			melee	1.0000	1.0000	false	false
kadon_bind_soul_grinder_of_tzeentch	10	wh2_main_heavy_metal_90	2100	inf_ranged	30	spcl	wh3_main_unit_long_text_tze_mon_soul_grinder_0	hc7_wh3_tzeentch_soul_grinder	wh3_main_monster_tze_soul_grinder_blood	42	35	70	8180		0	wh3_main_tze_soul_grinder	wh3_main_tze_soul_grinder_bolt	2	none	wh3_main_unit_short_text_tze_mon_soul_grinder_0	wh_main_monster	trained			true	40.0000	1500.0000	wh3_main_tze_mon_soul_grinder_0	60	80	0	vo_sel_default	vo_sel_default	vo_sel_culture	1.0000	large	0	75	0	0	0	20	0	0	hybrid_direct_shock_arty_gatecrusher	false	true	false	false	medium	medium	domination_monsters			artillery	1.0000	1.0000	false	false
kadon_bind_spawn_of_khorne	10	wh2_main_body_30	2100	inf_melee	35	inf_mel	wh3_main_unit_long_text_kho_mon_spawn_of_khorne_0	hc2_chaos_spawn	wh3_main_monster_spawn_of_khorne_blood	36	23	100	540		0	wh3_main_kho_claws_chaos_spawn		4	none	wh3_main_unit_short_text_kho_mon_spawn_of_khorne_0	wh_main_monstrous_infantry_chaotic	trained			true	40.0000	1500.0000	wh3_main_kho_mon_spawn_of_khorne_0	60	80	0	vo_sel_default	vo_sel_melee	vo_sel_culture	1.0000	large	0	0	0	35	0	0	0	0	melee_gatecrusher	false	true	false	false	medium	medium	domination_monsters			melee	1.0000	1.0000	false	false
kadon_bind_spawn_of_nurgle	10	wh2_main_body_10	2100	inf_melee	35	inf_mel	wh3_main_unit_long_text_nur_mon_spawn_of_nurgle_0	hc2_chaos_spawn	wh3_main_monster_spawn_of_nurgle_blood	31	33	100	594		0	wh3_main_nur_claws_chaos_spawn		4	none	wh3_main_unit_short_text_nur_mon_spawn_of_nurgle_0	wh_main_monstrous_infantry_chaotic	trained			true	40.0000	1500.0000	wh3_main_nur_mon_spawn_of_nurgle_0	60	80	0	vo_sel_default	vo_sel_melee	vo_sel_culture	1.0000	large	0	0	0	0	0	0	0	0	melee_gatecrusher	false	true	false	false	medium	medium	domination_monsters			melee	1.0000	1.0000	false	false
kadon_bind_spawn_of_slaanesh	10	wh2_main_body_10	2100	inf_melee	35	inf_mel	wh3_main_unit_long_text_sla_mon_spawn_of_slaanesh_0	hc2_chaos_spawn	wh3_main_monster_spawn_of_slaanesh_blood	36	28	100	540		0	wh3_main_sla_claws_chaos_spawn		4	none	wh3_main_unit_short_text_sla_mon_spawn_of_slaanesh_0	wh_main_monstrous_infantry_chaotic	trained			true	40.0000	1500.0000	wh3_main_sla_mon_spawn_of_slaanesh_0	60	80	0	vo_sel_default	vo_sel_melee	vo_sel_culture	1.0000	large	0	0	0	0	0	5	0	0	melee_gatecrusher	false	true	false	false	medium	medium	domination_monsters			melee	1.0000	1.0000	false	false
kadon_bind_spawn_of_tzeentch	10	wh2_main_body_10	2100	inf_melee	35	inf_mel	wh3_main_unit_long_text_tze_mon_spawn_of_tzeentch_0	hc2_chaos_spawn	wh3_main_monster_spawn_of_tzeentch_blood	36	28	100	540		0	wh3_main_tze_claws_chaos_spawn		4	none	wh3_main_unit_short_text_tze_mon_spawn_of_tzeentch_0	wh_main_monstrous_infantry_chaotic	trained			true	40.0000	1500.0000	wh3_main_tze_mon_spawn_of_tzeentch_0	60	80	0	vo_sel_default	vo_sel_melee	vo_sel_culture	1.0000	large	0	0	0	0	0	0	0	0	melee_gatecrusher	false	true	false	false	medium	medium	domination_monsters			melee	1.0000	1.0000	false	false
kadon_bind_spider_hatchlings	10	wh2_main_bone_45	2100	inf_melee	19	inf_mel	wh_main_unit_long_text_grn_arachnarok_spider	sp1_giant_spider	wh_dlc06_monster_spider_hatchlings_blood	22	20	50	65		0	wh_dlc06_grn_spider_fangs_0		12	none	wh_dlc06_unit_short_text_grn_spider_hatchlings	wh_dlc06_infantry_spider	trained			true	40.0000	1500.0000	wh_dlc06_grn_mon_spider_hatchlings_0	60	80	0	vo_sel_default	vo_sel_default	vo_sel_culture	1.0000	small_strider	0	0	0	0	0	0	0	0	melee_flanker	false	false	false	false	low	low	domination_infantry_expendable			melee	1.0000	1.0000	false	false
kadon_bind_spiders	10	wh2_main_bone_70	2100	inf_melee	30	inf_mel	wh2_dlc16_unit_long_text_wef_mon_giant_spiders	sp1_giant_spider	wh_main_monster_spider_giant_blood	32	30	55	90		0	wh2_dlc16_wef_spider_fangs_0		12	none	wh2_dlc16_unit_short_text_wef_mon_giant_spiders	wh_main_monstrous_spiders	trained			true	40.0000	1500.0000	wh2_dlc16_wef_mon_giant_spiders_0	60	80	0	vo_sel_goblin_arachnorak	vo_sel_generic	vo_sel_generic	1.0000	elves_wef_large	0	0	0	0	0	0	0	0	melee_flanker	false	false	false	false	medium	medium	domination_monsters			melee	1.0000	1.0000	false	false
kadon_bind_squig_herd	10	wh2_main_leather_50	2100	inf_melee	40	inf_mel	wh_main_unit_long_text_grn_night_goblin_squig_herd	rp2_squig_herd	wh_dlc06_grn_inf_squig	26	20	36	125		0	wh_dlc06_grn_squig_maw		8	none	wh_dlc06_unit_short_text_grn_night_goblin_squig_herd	wh_main_cavalry_very_chaotic	trained			true	40.0000	1500.0000	wh_dlc06_grn_inf_squig_herd_0	60	80	0	vo_sel_goblin_squig_herd	vo_sel_squig	vo_sel_culture	0.8000	large	0	0	0	0	0	0	0	0	melee	false	true	false	false	medium	medium	domination_cav			melee	1.0000	1.0000	false	false
kadon_bind_stag	10	wh2_main_plate_30	2100	inf_melee	70	cav_shk	jvj_kadon_stag	st1_dlc16_great_stag	wh2_dlc16_wef_cav_great_stag_blood	40	24	75	280		0	kadon_great_stag		8	none	jvj_kadon_stag	wh_dlc03_bst_razorgor	trained			true	40.0000	1500.0000	wh3_dlc25_emp_cha_engineer_warhorse	60	80	0	vo_sel_wood_elves_wild_riders	vo_sel_default	vo_sel_culture	1.0000	large_bst	0	0	0	0	0	0	0	20	melee_flanker_shock	false	false	false	false	medium	medium	domination_monsters			melee	1.0000	1.0000	false	false
kadon_bind_star_dragon	10	wh2_main_body_90	2100	inf_melee	45	inf_mel	wh2_main_unit_long_text_hef_mon_star_dragon	dr1_dragon	wh2_main_hef_mon_star_dragon	64	50	80	18832		0	wh2_main_hef_star_dragon		2	none	wh2_main_unit_short_text_hef_mon_star_dragon	wh_main_monster	trained			true	40.0000	1500.0000	wh2_main_hef_mon_star_dragon	60	80	0	vo_sel_hef_Star_Dragon	vo_sel_melee	vo_sel_culture	1.0000	large	0	0	0	0	0	0	25	0	flying_melee_flanker	false	false	false	false	cant_capture	cant_capture	cant_capture			melee	1.0000	1.0000	false	false
kadon_bind_stegadon	0	wh2_main_body_110	2100	inf_melee	70	inf_mel	wh2_main_unit_long_text_lzd_mon_stegadon_0	hq1_feral_stegadon	wh2_main_lzd_mon_stegadon	30	32	60	18064		0	wh2_main_lzd_stegadon		2	none	wh2_main_unit_short_text_lzd_mon_stegadon_0	wh_main_monster	trained			true	40.0000	1500.0000	wh2_main_lzd_mon_stegadon_0	60	80	0	vo_sel_default	vo_sel_generic	vo_sel_culture	1.0000	large	0	0	0	0	0	0	15	0	melee_gatecrusher	false	false	false	false	medium	medium	domination_monsters			melee	1.0000	1.0000	false	false
kadon_bind_stone_trolls	10	wh2_main_body_70	2100	inf_melee	34	inf_mel	wh2_dlc15_unit_long_text_grn_mon_stone_trolls	hu4c_dlc15_stone_troll_2h_club	wh2_dlc15_monster_troll_stone_blood	36	32	45	486		0	wh_dlc15_club_stone_troll		6	none	wh2_dlc15_unit_short_text_grn_mon_stone_trolls	wh_main_monstrous_trolls	trained			true	40.0000	1500.0000	wh2_dlc15_grn_mon_stone_trolls_0	60	80	0	vo_sel_default	vo_sel_melee	vo_sel_culture	1.0000	large	0	0	0	25	0	0	25	0	melee_gatecrusher_shock	false	false	false	false	default	default	domination_monsters			melee	1.0000	1.0000	false	false
kadon_bind_stormfiends	10	wh2_main_body_90	2100	inf_melee	45	inf_mel	wh3_dlc29_unit_long_text_skv_mon_stormfiends	hu18d_dlc29_stormfiend_grinderfists	wh3_dlc29_skv_monster_stormfiends_grinderfists	38	31	65	723		0	wh3_dlc29_skv_grinderfists_stormfiend		6	none	wh3_dlc29_unit_short_text_skv_mon_stormfiends_grinderfists	wh_main_monstrous_infantry	trained			true	40.0000	1500.0000	wh3_dlc29_skv_mon_stormfiends_grinderfists	60	80	0	vo_sel_default	vo_sel_default	vo_sel_default	1.0000	large	0	0	0	0	0	0	0	0	melee_gatecrusher_shock	false	true	false	false	medium	medium	domination_monsters			melee	1.0000	1.0000	false	false
kadon_bind_sun_dragon	10	wh2_main_body_70	2100	inf_melee	65	inf_mel	wh2_main_unit_long_text_hef_mon_sun_dragon	dr1_dragon	wh2_main_hef_mon_sun_dragon_blood	46	44	70	14000		0	wh2_main_hef_sun_dragon		2	none	wh2_main_unit_short_text_hef_mon_sun_dragon	wh_main_monster	trained			true	40.0000	1500.0000	wh2_main_hef_mon_sun_dragon	60	80	0	vo_sel_hef_Sun_Dragon	vo_sel_melee	vo_sel_culture	1.0000	large	0	0	0	0	0	0	25	0	flying_melee_flanker	false	false	false	false	cant_capture	cant_capture	cant_capture			melee	1.0000	1.0000	false	false
kadon_bind_terracotta_sentinel	10	wh2_main_body_100	2100	inf_melee	40	inf_mel	wh3_main_unit_long_text_cth_mon_terracotta_sentinel_0	gi1b_terracotta_sentinel_glaive	wh3_main_cth_terracotta_sentinel	65	30	85	25224		0	wh3_main_cth_terracotta_sentinel		2	none	wh3_main_unit_short_text_cth_mon_terracotta_sentinel_0	wh_main_monster	trained			true	40.0000	1500.0000	wh3_main_cth_mon_terracotta_sentinel_0	60	80	0	vo_sel_default	vo_sel_melee	vo_sel_culture	1.0000	large	0	0	0	0	0	0	15	0	melee_gatecrusher	false	false	false	false	medium	medium	domination_monsters			melee	1.0000	1.0000	false	false
kadon_bind_terradons	10	wh2_main_leather_15	2100	inf_melee	16	cav_mel	jvj_kadon_terradon	bi3_ripperdactyl	kadon_terradon	26	22	55	364		0	wh2_main_lzd_terradon		4	none	jvj_kadon_terradon	wh_main_monstrous_infantry_flying	trained			true	40.0000	1500.0000	wh2_main_lzd_cav_terradon_riders_0	60	80	10	vo_sel_default	vo_sel_generic	vo_sel_culture	1.0000	large	0	0	0	0	0	0	15	0	flying_melee_flanker	false	false	false	false	cant_capture	cant_capture	cant_capture			melee	1.0000	1.0000	false	false
kadon_bind_terrorgheist	10	wh2_main_bone_80	2100	inf_melee	40	inf_mel	wh_main_unit_long_text_vmp_terrorgheist	bi2_terrorgheist	wh_main_flying_terrorgheist_blood	41	47	45	16562		0	wh_main_vmp_terrorgheist		2	none	wh_main_unit_short_text_vmp_terrorgheist	wh_main_monster	trained			true	40.0000	1500.0000	wh_main_vmp_mon_terrorgheist	60	80	0	vo_sel_default	vo_sel_melee	vo_sel_culture	1.0000	large	0	0	0	0	0	0	0	0	flying_melee_flanker_undead	false	false	false	false	cant_capture	cant_capture	cant_capture			melee	1.0000	1.0000	false	false
kadon_bind_the_things_in_the_woods	10	wh2_main_leather_35	2100	inf_melee	46	spcl	wh3_dlc24_unit_long_text_ksl_mon_the_things_in_the_woods	hu8e_dlc24_thing_in_the_woods	wh3_dlc24_ksl_mon_the_things_in_the_woods	38	32	60	249		0	wh3_dlc24_ksl_mon_the_things_in_the_woods		6	none	wh3_dlc24_unit_short_text_ksl_mon_the_things_in_the_woods	wh3_dlc24_ksl_mon_the_things_in_the_woods	trained			true	40.0000	1500.0000	wh3_dlc24_ksl_mon_the_things_in_the_woods	160	160	0	vo_sel_beastmen_razorgor	vo_sel_default	vo_sel_culture	1.0000	large	0	0	0	0	0	20	0	0	melee_flanker_shock	false	false	false	false	low	low	domination_cav			melee	1.0000	1.0000	false	false
kadon_bind_toad_dragon	10	wh2_main_body_60	2100	inf_melee	42	inf_mel	wh3_dlc25_unit_long_text_nur_mon_toad_dragon	dr05_dlc25_toad_dragon	wh3_dlc25_nur_mon_toad_dragon	51	36	75	27924		0	wh3_dlc25_nur_mon_toad_dragon		2	none	wh3_dlc25_unit_short_text_nur_mon_toad_dragon	wh_colossal_unit	trained			true	40.0000	1500.0000	wh3_dlc25_nur_mon_toad_dragon	60	80	0	vo_sel_default	vo_sel_culture	vo_sel_culture	1.0000	large	0	0	0	0	0	0	25	0	melee_gatecrusher_highvalue	false	false	false	false	medium	medium	domination_monsters			melee	1.0000	1.0000	false	false
kadon_bind_tomb_scorpion	0	wh2_dlc10_bone_90	2100	inf_melee	45	inf_mel	wh2_dlc09_tmb_mon_tomb_scorpion	sc1_scorpion01	wh2_dlc09_tmb_mon_tomb_scorpion	35	33	55	12024		0	wh2_dlc09_tmb_scorpion_claws		2	none	wh2_dlc09_tmb_mon_tomb_scorpion	wh_main_monster	trained			true	40.0000	1500.0000	wh2_dlc09_tmb_mon_tomb_scorpion_0	60	80	0	vo_sel_default	vo_sel_default	vo_sel_culture	1.0000	large	0	0	0	20	0	0	0	0	melee_gatecrusher_undead	false	false	false	false	medium	medium	domination_monsters			melee	1.0000	1.0000	false	false
kadon_bind_tree_kin	0	wh2_main_body_90	2100	inf_melee	12	inf_mel	wh_dlc05_unit_long_text_wef_treekin	hc2_treekin	wh_dlc05_wef_monster_treekin	26	46	70	540		0	wh_dlc05_wef_treekin_claws		6	none	wh_dlc05_unit_short_text_wef_treekin	wh_main_monstrous_infantry	trained			true	40.0000	1500.0000	wh_dlc05_wef_mon_treekin_0	60	80	0	vo_sel_default	vo_sel_melee	vo_sel_culture	0.5000	elves_wef_large	0	0	-25	0	0	20	15	0	melee_gatecrusher	false	true	false	false	medium	medium	domination_monsters			melee	1.0000	1.0000	false	false
kadon_bind_treeman	0	wh2_main_body_110	2100	inf_melee	30	inf_mel	wh_dlc05_unit_long_text_wef_treemen	hu21_treeman	wh_dlc05_wef_inf_treeman	52	56	90	19640		0	wh_dlc05_wef_treeman_claws		2	none	wh_dlc05_unit_short_text_wef_treemen	wh_main_monster	trained			true	40.0000	1500.0000	wh_dlc05_wef_mon_treeman_0	60	80	0	vo_sel_default	vo_sel_melee	vo_sel_culture	0.5000	elves_wef_large	0	0	-25	0	0	20	15	0	melee_gatecrusher	false	true	false	false	medium	medium	domination_monsters			melee	1.0000	1.0000	false	false
kadon_bind_troglodon	10	wh2_main_body_95	2100	inf_melee	50	inf_mel	wh2_dlc17_unit_long_text_lzd_mon_troglodon	rp3b_dlc17_troglodon	wh2_dlc17_lzd_mon_troglodon	39	46	60	15024		0	wh2_dlc17_lzd_feral_troglodon	wh2_dlc17_lzd_troglodon_spit	2	none	wh2_dlc17_unit_short_text_lzd_mon_troglodon	wh_main_monster	trained			true	40.0000	1500.0000	wh2_dlc17_lzd_mon_troglodon_0	60	80	0	vo_sel_default	vo_sel_generic	vo_sel_culture	1.0000	aquatic_large	0	20	0	0	0	0	15	0	hybrid_highvalue	false	false	false	false	high	high	domination_monsters			archer	1.0000	1.0000	false	false
kadon_bind_trolls	10	wh2_main_body_40	2100	inf_melee	24	inf_mel	wh_main_unit_long_text_grn_trolls	hu4b_troll_club	wh_main_monster_troll_blood	34	32	45	486		0	wh_main_club_troll		6	none	wh_main_unit_short_text_grn_trolls	wh_main_monstrous_trolls	trained			true	40.0000	1500.0000	wh_main_grn_mon_trolls	60	80	0	vo_sel_default	vo_sel_melee	vo_sel_culture	1.0000	large	0	0	0	0	0	0	0	0	melee_gatecrusher	false	true	false	false	medium	medium	domination_monsters			melee	1.0000	1.0000	false	false
kadon_bind_unicorn	10	wh2_main_body_15	2100	inf_melee	72	cav_mel	jvj_kadon_unicorn	hr1_warhorse	kadon_unicorn	40	26	75	280		0	kadon_unicorn		6	none	jvj_kadon_unicorn	wh_dlc03_bst_razorgor	trained			true	40.0000	1500.0000	wh3_dlc25_emp_cha_engineer_warhorse	60	80	0	vo_sel_default	vo_sel_generic	vo_sel_culture	1.0000	large	0	0	0	40	0	0	0	20	mage_highvalue	false	false	false	false	medium	medium	domination_monsters			melee	1.0000	1.0000	false	false
kadon_bind_ushabti	10	wh2_dlc10_bone_90	2100	inf_melee	18	inf_mel	wh2_dlc09_tmb_mon_ushabti	hu6e_ushabti_dual_swords	wh2_dlc09_tmb_mon_ushabti	23	35	50	500		0	wh2_dlc09_dual_swords_ushabti		6	none	wh2_dlc09_tmb_mon_ushabti	wh_main_monstrous_trolls	trained			true	40.0000	1500.0000	wh2_dlc09_tmb_mon_ushabti_0	60	80	0	vo_sel_default	vo_sel_melee	vo_sel_culture	1.0000	large	0	0	0	0	0	0	0	0	melee_gatecrusher_undead	false	true	false	false	medium	medium	domination_monsters			melee	1.0000	1.0000	false	false
kadon_bind_vargheists	10	wh2_main_body_10	2100	inf_melee	26	inf_mel	wh_main_unit_long_text_vmp_vargheists	hu8b_vargheist	wh_main_flying_vargheists_blood	40	25	62	387		0	wh_main_vmp_claws_vargheist		6	none	wh_main_unit_short_text_vmp_vargheists	wh_main_monstrous_infantry	trained			true	40.0000	1500.0000	wh_main_vmp_mon_vargheists	60	80	0	vo_sel_default	vo_sel_melee	vo_sel_culture	1.0000	large	0	0	0	0	0	0	0	0	flying_melee_flanker_undead	false	false	false	false	cant_capture	cant_capture	cant_capture			melee	1.0000	1.0000	false	false
kadon_bind_varghulf	10	wh2_main_body_40	2100	inf_melee	50	inf_mel	wh_main_unit_long_text_vmp_varghulf	hu8b_varghulf	wh_main_monster_varghulf_blood	50	42	45	16480		0	wh_main_vmp_claws_varghulf		2	none	wh_main_unit_short_text_vmp_varghulf	wh_main_monster	trained			true	40.0000	1500.0000	wh_main_vmp_mon_varghulf	60	80	0	vo_sel_default	vo_sel_melee	vo_sel_culture	1.0000	large	0	0	0	0	0	0	0	0	melee_gatecrusher_shock_undead	false	false	false	false	medium	medium	domination_monsters			melee	1.0000	1.0000	false	false
kadon_bind_war_lions_of_chrace	10	wh2_main_leather_35	2100	inf_melee	40	inf_mel	wh2_dlc15_unit_long_text_hef_mon_war_lions_of_chrace	bc4_dlc15_lion	wh2_dlc15_hef_mon_war_lion	34	30	55	256		0	wh2_dlc15_hef_war_lion		6	none	wh2_dlc15_unit_short_text_hef_mon_war_lions_of_chrace	wh2_dlc15_hef_war_lions	trained			true	40.0000	1500.0000	wh2_dlc15_hef_mon_war_lions_of_chrace_0	60	80	0	vo_sel_marauders	vo_sel_generic	vo_sel_generic_short	1.0000	large	0	0	0	0	0	0	30	0	melee_flanker	false	false	false	false	low	low	domination_cav			melee	1.0000	1.0000	false	false
kadon_bind_war_mammoth	10	wh2_main_leather_50	2100	inf_melee	68	inf_mel	wh_dlc08_unit_long_text_nor_feral_mammoth	hq3_mammoth	wh_dlc08_nor_mon_mammoth_blood	30	28	60	25960		0	wh_dlc08_nor_mammoth_tusks		2	none	wh_dlc08_unit_short_text_nor_feral_mammoth	wh_main_monster	trained			true	40.0000	1500.0000	wh_dlc08_nor_mon_war_mammoth_0	60	80	0	vo_sel_default	vo_sel_default	vo_sel_culture	1.0000	large	0	0	0	0	0	0	15	0	melee_gatecrusher_shock	false	false	false	false	medium	medium	domination_monsters			melee	1.0000	1.0000	false	false
kadon_bind_wolf_rats	10	wh2_main_body_15	2100	inf_melee	30	inf_mel	wh2_dlc16_unit_long_text_skv_mon_wolf_rats	wf1_dlc16_wolf_rat	wh2_dlc16_skv_monster_wolf_rat_blood	28	19	34	75		0	wh2_dlc16_skv_wolf_rat_ap		12	none	wh2_dlc16_unit_short_text_skv_mon_wolf_rats	wh_main_war_beasts	trained			true	40.0000	1500.0000	wh2_dlc16_skv_mon_wolf_rats_0	60	80	0	vo_sel_default	vo_sel_melee	vo_sel_culture	1.0000	small	0	0	0	0	0	0	0	0	melee_flanker	false	false	false	false	high	high	domination_cav			melee	1.0000	1.0000	false	false
kadon_bind_wyvern	10	wh2_main_body_60	2100	inf_melee	80	inf_mel	wh2_dlc15_unit_long_text_grn_mon_wyvern_waaagh	bi2_wyvern	wh_main_flying_wyvern_blood	44	28	60	13264		0	wh_main_grn_wyvern		2	none	wh2_dlc15_unit_short_text_grn_mon_wyvern_waaagh	wh_main_monster	trained			true	40.0000	1500.0000	wh2_dlc15_grn_mon_wyvern_waaagh_0	60	80	0	vo_sel_default	vo_sel_culture	vo_sel_culture	1.0000	large	0	0	0	0	0	0	25	0	flying_melee_flanker	false	false	false	false	cant_capture	cant_capture	cant_capture			melee	1.0000	1.0000	false	false
kadon_bind_yhetees	10	wh2_main_body_40	2100	inf_melee	40	inf_mel	wh3_dlc26_unit_long_text_ogr_mon_yhetees	hu4i_dlc26_yhetee_sword_and_club	wh3_dlc26_ogr_mon_yhetees	38	34	70	510		0	wh3_dlc26_ogr_yhetee_ice_sword_club		6	none	wh3_dlc26_unit_short_text_ogr_mon_yhetees	wh_main_monstrous_trolls	trained			true	40.0000	1500.0000	wh3_dlc26_ogr_mon_yhetees	60	80	0	vo_sel_default	vo_sel_generic	vo_sel_culture	1.0000	large	0	0	-25	0	0	0	0	0	melee_highvalue	false	false	false	false	medium	medium	domination_monsters			melee	1.0000	1.0000	false	false
kadon_bind_zoats	10	wh2_main_body_60	2100	inf_melee	28	inf_mel	wh2_dlc16_unit_long_text_wef_mon_zoats	ce2_dlc16_zoat_2handed_mace	wh2_dlc16_wef_zoat_blood	30	40	75	518		0	wh2_dlc16_wef_zoat		4	none	wh2_dlc16_unit_short_text_wef_mon_zoats	wh_main_monstrous_infantry	trained			true	40.0000	1500.0000	wh2_dlc16_wef_mon_zoats	60	80	0	vo_sel_default	vo_sel_melee	vo_sel_culture	1.0000	elves_wef_large	0	0	0	0	0	0	25	0	melee_gatecrusher	false	true	false	false	high	high	domination_monsters			melee	1.0000	1.0000	false	false
kadon_kin_ancient_salamander	10	wh2_main_body_95	2100	inf_ranged	30	inf_mis	wh2_dlc12_unit_long_text_lzd_mon_salamanders	lz1_dlc12_ancient_salamander	wh2_dlc12_lzd_mon_ancient_salamander_blood	32	29	65	12320		0	wh2_dlc12_lzd_ancient_salamander	wh2_dlc12_lzd_salamander_flame_large	2	none	wh2_dlc12_unit_short_text_lzd_mon_ancient_salamander_0	wh_main_monster	trained			true	40.0000	1500.0000	wh2_dlc12_lzd_mon_ancient_salamander_0	60	80	0	vo_sel_default	vo_sel_generic	vo_sel_culture	1.0000	aquatic_large	0	25	0	0	0	0	15	0	ranged_harasser	false	false	false	false	medium	medium	domination_monsters			artillery	1.0000	1.0000	false	false
kadon_kin_animated_hulks	10	wh2_main_body_30	2100	inf_melee	12	inf_mel	wh2_dlc11_unit_long_text_cst_mon_animated_hulks	hc2_cst_hulks	wh2_dlc11_monster_animated_hulk_blood	28	24	35	594		0	wh2_dlc11_cst_claws_animated_hulks		4	none	wh2_dlc11_unit_short_text_cst_mon_animated_hulks	wh_main_monstrous_infantry_chaotic	trained			true	40.0000	1500.0000	wh2_dlc11_cst_mon_animated_hulks_0	60	80	0	vo_sel_default	vo_sel_melee	vo_sel_culture	1.0000	aquatic_large	0	0	0	0	0	0	0	0	melee_gatecrusher_undead	false	true	false	false	medium	medium	domination_monsters			melee	1.0000	1.0000	false	false
kadon_kin_arcane_phoenix	10	wh2_main_body_50	2100	inf_melee	58	inf_mel	wh2_dlc15_unit_long_text_hef_mon_arcane_phoenix	bi1_eagle	wh2_dlc15_hef_mon_arcane_phoenix_0	46	40	90	13780		0	wh2_dlc15_hef_arcane_phoenix		2	none	wh2_dlc15_unit_short_text_hef_mon_arcane_phoenix	wh_main_monster	trained			true	40.0000	1500.0000	wh2_dlc15_hef_mon_arcane_phoenix_0	60	80	0	vo_sel_hef_Flamespyre_Phoenix	vo_sel_melee	vo_sel_culture	1.0000	large	0	0	40	0	0	20	0	0	flying_melee_flanker	false	false	false	false	cant_capture	cant_capture	cant_capture			melee	1.0000	1.0000	false	false
kadon_kin_bale_taurus	10	wh2_main_body_60	2100	inf_melee	80	inf_mel	wh3_dlc23_unit_long_text_chd_mon_bale_taurus	ox1_dlc23_taurus_feral	wh3_dlc23_chd_mon_bale_taurus	56	40	60	16500		0	wh3_dlc23_chd_mon_bale_taurus		2	none	wh3_dlc23_unit_short_text_chd_mon_bale_taurus	wh_main_monster	trained			true	40.0000	1500.0000	wh3_dlc23_chd_mon_bale_taurus	60	80	0	vo_sel_default	vo_sel_culture	vo_sel_culture	1.0000	large	0	0	35	0	0	0	25	0	flying_melee_flanker_shock	false	false	false	false	cant_capture	cant_capture	cant_capture			melee	1.0000	1.0000	false	false
kadon_kin_basilisk	10	wh2_main_body_70	2100	inf_melee	38	inf_mel	wh3_dlc29_unit_long_text_chs_mon_basilisk	lz03_dlc29_basilisk	wh3_dlc29_chs_mon_basilisk	42	44	65	15584		0	wh3_dlc29_chs_basilisk		2	none	wh3_dlc29_unit_short_text_chs_mon_basilisk	wh_main_monster	trained			true	40.0000	1500.0000	wh3_dlc29_chs_mon_basilisk	60	80	0	vo_sel_default	vo_sel_generic	vo_sel_culture	1.0000	large	0	0	0	0	0	0	25	0	melee_highvalue	false	false	false	false	medium	medium	domination_monsters			melee	1.0000	1.0000	false	false
kadon_kin_bastiladon	0	wh2_main_body_140	2100	inf_melee	34	inf_mel	wh2_main_unit_long_text_lzd_mon_bastiladon_0	hq1_bastiladon	wh2_main_lzd_mon_bastiladon	22	28	60	15380		0	wh2_main_lzd_bastiladon		2	none	wh2_main_unit_short_text_lzd_mon_bastiladon_0	wh_main_monster	trained			true	40.0000	1500.0000	wh2_main_lzd_mon_bastiladon_0	60	80	0	vo_sel_default	vo_sel_generic	vo_sel_culture	1.0000	large	0	0	0	0	0	0	15	0	melee_gatecrusher	false	false	false	false	medium	medium	domination_monsters			melee	1.0000	1.0000	false	false
kadon_kin_beast_of_nurgle	0	wh2_main_body_50	2100	inf_melee	22	inf_mel	wh3_main_unit_long_text_nur_mon_beast_of_nurgle_0	hc8_wh3_beast_of_nurgle	wh3_main_nur_mon_beast_of_nurgle	42	34	60	12760		0	wh3_main_nur_beast_of_nurgle		2	none	wh3_main_unit_short_text_nur_mon_beast_of_nurgle_0	wh_main_monster	trained			true	40.0000	1500.0000	wh3_main_nur_mon_beast_of_nurgle_0	60	80	0	vo_sel_default	vo_sel_generic	vo_sel_culture	1.0000	large	0	0	0	0	0	20	0	0	melee_gatecrusher_highvalue	false	false	false	false	medium	medium	domination_monsters			melee	1.0000	1.0000	false	false
kadon_kin_bile_trolls	0	wh2_main_body_60	2100	inf_melee	24	inf_mel	wh3_dlc25_unit_long_text_nur_mon_bile_trolls	hu4b_dlc25_bile_troll_sword	wh3_dlc25_nur_mon_bile_trolls	29	45	50	534		0	wh3_dlc25_nur_bile_trolls_club		6	none	wh2_dlc25_unit_short_text_nur_mon_bile_trolls	wh_main_monstrous_trolls	trained			true	40.0000	1500.0000	wh3_dlc25_nur_mon_bile_trolls	60	80	0	vo_sel_default	vo_sel_melee	vo_sel_culture	1.0000	aquatic_large	0	0	0	0	0	0	0	0	melee_gatecrusher_shock	false	false	false	false	default	default	domination_monsters			melee	1.0000	1.0000	false	false
kadon_kin_bloated_corpse	10	wh_main_body_0	2100	inf_melee	34	inf_mel	wh2_dlc11_unit_long_text_cst_mon_bloated_corpse	hu13_cst_bloated_corpse	wh2_dlc11_monster_bloated_corpse_blood	75	40	100	3200		0	wh2_dlc11_cst_bloated_corpse		2	none	wh2_dlc11_unit_short_text_cst_mon_bloated_corpse	wh_main_monstrous_trolls	trained			true	40.0000	1500.0000	wh2_dlc11_cst_mon_bloated_corpse_0	60	80	0	vo_sel_default	vo_sel_melee	vo_sel_culture	1.0000	aquatic_large	0	0	0	0	0	0	0	0	melee_flanker_undead	false	false	false	false	medium	medium	domination_monsters			melee	1.0000	1.0000	false	false
kadon_kin_blood_vultures	10	wh2_main_body_10	2100	inf_melee	24	inf_mel	wh3_dlc26_unit_long_text_ogr_mon_blood_vultures	bi1b_carrion	wh3_dlc26_ogr_blood_vultures	34	28	50	112		0	wh3_dlc26_ogr_blood_vultures_beak		10	none	wh3_dlc26_unit_short_text_ogr_mon_blood_vultures	wh3_main_flying_infantry_furies	trained			true	40.0000	1500.0000	wh3_dlc26_ogr_mon_blood_vultures	60	80	0	vo_sel_default	vo_sel_melee	vo_sel_culture	1.0000	small	0	0	0	0	0	0	0	0	flying_melee_flanker	false	false	false	false	cant_capture	cant_capture	cant_capture			melee	1.0000	1.0000	false	false
kadon_kin_bloodbeasts_of_khorne	10	wh2_main_body_40	2100	inf_melee	50	inf_mel	wh3_dlc26_unit_long_text_kho_mon_bloodbeast	hu18c_dlc26_dae_kho_bloodbeast_of_khorne	wh3_dlc26_kho_mon_bloodbeast_of_khorne	38	28	75	508		0	wh3_dlc26_kho_bloodbeast_claws		2	none	wh3_dlc26_unit_short_text_kho_mon_bloodbeast	wh_main_monstrous_infantry_chaotic	trained			true	40.0000	1500.0000	wh3_dlc26_kho_mon_bloodbeast_of_khorne	60	80	0	vo_sel_default	vo_sel_melee	vo_sel_culture	1.0000	large	0	0	0	35	0	0	0	0	melee_highvalue	false	true	false	false	medium	medium	domination_monsters			melee	1.0000	1.0000	false	false
kadon_kin_bloodthirster	10	wh2_main_body_70	2100	inf_melee	55	inf_mel	wh3_main_unit_long_text_kho_mon_bloodthirster_0	hu10_wh3_bloodthirster_great_axe	wh3_main_kho_mon_bloodthirster	60	44	80	15448		0	wh3_main_kho_bloodthirster_axe		2	none	wh3_main_unit_short_text_kho_mon_bloodthirster_0	wh_main_monster	trained			true	40.0000	1500.0000	wh3_main_kho_mon_bloodthirster_0	60	80	0	vo_sel_default	vo_sel_culture	vo_sel_culture	1.0000	large	0	0	0	35	0	20	0	0	flying_melee_flanker	false	false	false	false	cant_capture	cant_capture	cant_capture			melee	1.0000	1.0000	false	false
kadon_kin_bloodwrack_medusa	10	wh2_main_body_30	2100	inf_melee	52	inf_mel	wh2_dlc14_unit_long_text_def_mon_bloodwrack_medusa	sn2_dlc14_medusa_2h_halberd	wh2_dlc14_def_mon_medusa	45	40	65	12824		0	wh2_dlc14_def_medusa	wh2_dlc14_def_medusa_gaze	2	none	wh2_dlc14_unit_short_text_def_bloodwrack_medusa	wh_main_monster	trained			true	40.0000	1500.0000	wh2_dlc14_def_mon_bloodwrack_medusa_0	60	80	0	vo_sel_default	vo_sel_default	vo_sel_culture	1.0000	large	0	150	0	0	0	0	0	0	ranged_direct_highvalue	false	false	false	false	medium	medium	domination_monsters			archer	1.0000	1.0000	false	false
kadon_kin_bone_giant	10	wh2_main_bone_80	2100	inf_ranged	20	inf_mis	wh2_pro06_unit_long_text_tmb_mon_bone_giant	gi1_colossus_bow	wh2_pro06_tmb_mon_bone_giant	30	28	55	25224		0	wh2_dlc10_tmb_bone_giant	wh2_dlc10_tmb_bone_giant_bow	2	none	wh2_pro06_unit_short_text_tmb_mon_bone_giant	wh_main_monster	trained			true	40.0000	1500.0000	wh2_pro06_tmb_mon_bone_giant_0	60	80	0	vo_sel_default	vo_sel_melee	vo_sel_culture	1.0000	large	0	20	0	0	0	0	0	0	ranged_direct_highvalue_undead	false	false	false	false	medium	medium	domination_monsters			artillery	1.0000	1.0000	false	false
kadon_kin_brood_horror	10	wh2_main_body_40	2100	inf_melee	65	inf_mel	wh2_dlc16_unit_long_text_skv_mon_brood_horror	rt1_dlc16_brood_horror	wh2_dlc12_skv_mon_brood_horror_blood	40	30	55	12002		0	wh2_dlc12_skv_brood_horror_0		2	none	wh2_dlc16_unit_short_text_skv_mon_brood_horror	wh_main_monster	trained			true	40.0000	1500.0000	wh2_dlc16_skv_mon_brood_horror_0	60	80	0	vo_sel_default	vo_sel_generic	vo_sel_culture	1.0000	large	0	0	0	0	0	0	0	0	melee_gatecrusher_flanker	false	false	false	false	medium	medium	domination_monsters			melee	1.0000	1.0000	false	false
kadon_kin_bst_giant	10	wh2_main_body_50	2100	inf_melee	40	inf_mel	wh_dlc03_unit_long_text_bst_giants	hu4_beastmen_giant_club	wh3_main_bst_mon_giant_blood	65	30	100	25224		0	wh_main_club_giant		2	none	wh_dlc03_unit_short_text_bst_giants	wh_main_monster	trained			true	40.0000	1500.0000	wh_dlc03_bst_mon_giant_0	60	80	0	vo_sel_default	vo_sel_default	vo_sel_culture	1.0000	large_bst	0	0	0	0	0	0	15	0	melee_gatecrusher	false	false	false	false	medium	medium	domination_monsters			melee	1.0000	1.0000	false	false
kadon_kin_carnosaur	0	wh2_main_body_95	2100	inf_melee	50	inf_mel	wh2_main_unit_long_text_lzd_mon_carnosaur_0	rp3b_carnosaur	wh2_main_lzd_mon_carnosaur	45	40	60	15872		0	wh2_main_lzd_feral_carnosaur		2	none	wh2_main_unit_short_text_lzd_mon_carnosaur_0	wh_main_monster	trained			true	40.0000	1500.0000	wh2_main_lzd_mon_carnosaur_0	60	80	0	vo_sel_default	vo_sel_generic	vo_sel_culture	1.0000	large	0	0	0	0	0	0	15	0	melee_gatecrusher	false	false	false	false	medium	medium	domination_monsters			melee	1.0000	1.0000	false	false
kadon_kin_carrion	10	wh2_main_body_20	2100	inf_melee	12	inf_mel	wh2_dlc09_tmb_mon_carrion	bi1b_carrion	wh2_dlc09_tmb_flying_carrion	26	46	35	202		0	wh2_cld09_tmb_carrion		10	none	wh2_dlc09_tmb_mon_carrion	wh2_dlc09_tmb_carrions	trained			true	40.0000	1500.0000	wh2_dlc09_tmb_mon_carrion_0	60	80	0	vo_sel_default	vo_sel_melee	vo_sel_culture	1.0000	small	0	0	0	0	0	0	0	0	flying_melee_flanker_undead	false	false	false	false	cant_capture	cant_capture	cant_capture			melee	1.0000	1.0000	false	false
kadon_kin_cave_bats	10	wh_main_body_0	2100	inf_melee	6	inf_mel	wh2_dlc16_unit_long_text_wef_mon_cave_bats	ba1_bat	wh_main_flying_fell_bat_blood	19	44	50	62		0	wh_main_vmp_fell_bats		14	none	wh2_dlc16_unit_short_text_wef_mon_cave_bats	wh_main_fellbats	trained			true	40.0000	1500.0000	wh2_dlc16_wef_mon_cave_bats	60	80	0	vo_sel_default	vo_sel_melee	vo_sel_culture	1.0000	elves_wef	0	0	0	0	0	0	0	0	flying_melee_flanker_undead	false	false	false	false	cant_capture	cant_capture	cant_capture			melee	1.0000	1.0000	false	false
kadon_kin_celestial_lion	10	wh2_main_plate_80	2100	inf_melee	65	inf_mel	wh3_dlc24_unit_long_text_cth_mon_celestial_lion	bc2_deathclaw	wh3_dlc24_cth_mon_celestial_lion	42	36	65	12336		0	wh3_dlc24_cth_celestial_lion		2	none	wh3_dlc24_unit_short_text_cth_mon_celestial_lion	wh_main_monster	trained			true	40.0000	1500.0000	wh3_dlc24_cth_mon_celestial_lion	60	80	0	vo_sel_default	vo_sel_culture	vo_sel_culture	1.0000	large	0	0	0	0	0	0	15	0	flying_melee_highvalue	false	false	false	false	cant_capture	cant_capture	cant_capture			melee	1.0000	1.0000	false	false
kadon_kin_chaos_dragon	10	wh2_main_body_70	2100	inf_melee	50	inf_mel	jvj_kadon_chaos_dragon	dr1b_chaos_dragon	wh_main_flying_chs_dragon_blood	64	44	75	14856		0	wh_dlc01_chs_dragon		2	none	jvj_kadon_chaos_dragon	wh_main_monster	trained			true	40.0000	1500.0000	wh3_dlc25_nur_char_krom_dragon	60	80	0	vo_sel_default	vo_sel_culture	vo_sel_culture	1.0000	large	0	0	0	0	0	0	25	0	flying_melee_flanker_shock_highvalue	false	false	false	false	cant_capture	cant_capture	cant_capture			melee	1.0000	1.0000	false	false
kadon_kin_chaos_furies	10	wh2_main_body_25	2100	inf_melee	24	inf_mel	wh3_main_unit_long_text_tze_inf_chaos_furies_0	hu10d_wh3_furies	wh3_main_infantry_dae_furies_blood	36	18	50	80		0	wh3_main_dae_furies_claws		8	none	wh3_main_unit_short_text_dae_inf_chaos_furies_0	wh3_main_flying_infantry_furies	trained			true	40.0000	1500.0000	wh3_main_dae_inf_chaos_furies_0	60	80	0	vo_sel_default	vo_sel_melee	vo_sel_culture	1.0000	small	0	0	0	0	0	20	0	0	flying_melee_flanker	false	false	false	false	cant_capture	cant_capture	cant_capture			melee	1.0000	1.0000	false	false
kadon_kin_chaos_siege_giant	10	wh2_main_heavy_metal_110	2100	inf_melee	45	inf_mel	wh3_dlc29_unit_long_text_chs_mon_chaos_siege_giant	hu4j_dlc29_chaos_siege_giant	wh3_dlc29_chs_mon_chaos_siege_giant	70	34	100	25224		0	wh3_dlc29_chs_chaos_siege_giant		2	wh_missile_block_60_metal	wh3_dlc29_unit_short_text_chs_mon_chaos_siege_giant	wh_main_monster	trained			true	40.0000	1500.0000	wh3_dlc29_chs_mon_chaos_siege_giant	60	80	0	vo_sel_default	vo_sel_melee	vo_sel_culture	1.0000	large	0	0	0	0	0	0	15	0	melee_gatecrusher	false	false	false	false	high	high	domination_monsters			melee	1.0000	1.0000	false	false
kadon_kin_chaos_spawn	10	wh2_main_body_10	2100	inf_melee	35	inf_mel	wh_main_unit_long_text_chs_chaos_spawn	hc2_chaos_spawn	wh_main_monster_chaos_spawn_blood	36	28	100	540		0	wh_main_chs_claws_chaos_spawn		4	none	wh_main_unit_short_text_chs_chaos_spawn	wh_main_monstrous_infantry_chaotic	trained			true	40.0000	1500.0000	wh_main_chs_mon_chaos_spawn	60	80	0	vo_sel_default	vo_sel_melee	vo_sel_culture	1.0000	large	0	0	0	0	0	0	0	0	melee_gatecrusher	false	true	false	false	medium	medium	domination_monsters			melee	1.0000	1.0000	false	false
kadon_kin_chaos_warhounds	10	wh2_main_body_15	2100	inf_melee	20	inf_mel	wh_main_unit_long_text_chs_chaos_warhounds	wf1_giant_wolf	wh_main_chs_monster_warhound_blood	26	17	38	68		0	wh_main_chs_warhound		12	none	wh_main_unit_short_text_chs_chaos_warhounds	wh_main_war_beasts	trained			true	40.0000	1500.0000	wh_main_chs_mon_chaos_warhounds_0	60	80	0	vo_sel_default	vo_sel_melee	vo_sel_culture	1.0000	small	0	0	0	0	0	0	15	0	melee_flanker	false	false	false	false	medium	medium	domination_cav			melee	1.0000	1.0000	false	false
kadon_kin_chimera	0	wh2_main_body_80	2100	inf_melee	45	inf_mel	wh3_dlc27_unit_long_text_nor_mon_chimera	bc3b_dlc27_chimera	wh3_dlc27_nor_mon_chimera	52	38	60	12764		0	wh3_dlc27_nor_chimera		2	none	wh3_dlc27_unit_short_text_nor_mon_chimera	wh_main_monster	trained			true	40.0000	1500.0000	wh3_dlc27_nor_mon_chimera	60	80	0	vo_sel_default	vo_sel_culture	vo_sel_culture	1.0000	large_bst	0	0	0	0	0	0	15	0	flying_melee_flanker_shock	false	false	false	false	cant_capture	cant_capture	cant_capture			melee	1.0000	1.0000	false	false
kadon_kin_chs_giant	10	wh2_main_body_50	2100	inf_melee	40	inf_mel	wh_main_unit_long_text_chs_chaos_giant	hu4_giant_club	wh3_dlc20_chs_monster_giant_blood	65	30	100	25224		0	wh_main_club_giant		2	none	wh_main_unit_short_text_chs_chaos_giant	wh_main_monster	trained			true	40.0000	1500.0000	wh_main_chs_mon_giant	60	80	0	vo_sel_default	vo_sel_melee	vo_sel_culture	1.0000	large	0	0	0	0	0	0	15	0	melee_gatecrusher	false	false	false	false	medium	medium	domination_monsters			melee	1.0000	1.0000	false	false
kadon_kin_chs_trolls	10	wh2_main_body_40	2100	inf_melee	24	inf_mel	wh_main_unit_long_text_chs_chaos_trolls	hu4b_troll_club	wh_main_monster_troll_blood	34	32	45	486		0	wh_main_club_troll		6	none	wh_main_unit_short_text_chs_chaos_trolls	wh_main_monstrous_trolls	trained			true	40.0000	1500.0000	wh_main_chs_mon_trolls	60	80	0	vo_sel_default	vo_sel_melee	vo_sel_culture	1.0000	large	0	0	0	0	0	0	0	0	melee_gatecrusher	false	true	false	false	medium	medium	domination_monsters			melee	1.0000	1.0000	false	false
kadon_kin_coatl	10	wh2_main_body_70	2100	inf_melee	40	inf_mel	wh2_dlc17_unit_long_text_lzd_mon_coatl	bi4_dlc17_coatl	wh2_dlc17_lzd_mon_coatl	40	48	80	15224		0	wh2_dlc17_lzd_coatl		2	none	wh2_dlc17_unit_short_text_lzd_mon_coatl	wh_main_monster	trained			true	40.0000	1500.0000	wh2_dlc17_lzd_mon_coatl_0	60	80	0	vo_sel_default	vo_sel_melee	vo_sel_culture	1.0000	large	0	0	0	15	0	0	25	0	flying_melee_mage_highvalue	false	false	false	false	cant_capture	cant_capture	cant_capture			melee	1.0000	1.0000	false	false
kadon_kin_cockatrice	10	wh2_main_leather_35	2100	inf_melee	40	inf_mel	wh3_dlc24_unit_long_text_tze_mon_cockatrice	co1_dlc22_cockatrice	wh3_dlc22_tze_mon_cockatrice	46	38	60	12224		0	wh3_dlc21_tze_cockatrice		2	none	wh3_dlc24_unit_short_text_tze_mon_cockatrice	wh_main_monster	trained			true	40.0000	1500.0000	wh3_dlc24_tze_mon_cockatrice	60	80	0	vo_sel_default	vo_sel_generic	vo_sel_generic_short	1.0000	large	0	0	0	0	0	0	25	0	flying_melee_flanker	false	true	false	false	cant_capture	cant_capture	cant_capture			melee	1.0000	1.0000	false	false
kadon_kin_cold_ones	10	wh2_main_body_90	2100	inf_melee	28	inf_mel	wh2_main_unit_long_text_lzd_cav_cold_ones_feral_0	rp3_cold_one	wh2_main_lzd_cavalry_feral_cold_one_blood	25	24	55	149		0	wh2_main_lzd_cold_one_feral		6	none	wh2_main_unit_short_text_lzd_cav_cold_ones_feral_0	wh2_main_cavalry_cold_ones	trained			true	40.0000	1500.0000	wh2_main_lzd_cav_cold_ones_feral_0	160	160	0	vo_sel_lzd_cold_one_riders	vo_sel_generic	vo_sel_generic	1.0000	large	0	0	0	0	0	0	0	0	melee_flanker	false	false	false	false	medium	medium	domination_cav			melee	1.0000	1.0000	false	false
kadon_kin_colossal_squig	10	wh2_main_body_60	2100	inf_melee	75	inf_mel	wh3_dlc26_unit_long_text_grn_colossal_squig	rp02b_dlc26_squig_colossal	wh3_dlc26_grn_mon_colossal_squig	52	28	65	17292		0	wh3_dlc26_grn_mon_colossal_squig		2	none	wh3_dlc26_unit_short_text_grn_colossal_squig	wh_main_monster	trained			true	40.0000	1500.0000	wh3_dlc26_grn_mon_colossal_squig	60	80	0	vo_sel_goblin_squig_herd	vo_sel_squig	vo_sel_default	1.0000	large	0	0	0	0	0	0	15	0	melee	false	false	false	false	medium	medium	domination_monsters			melee	1.0000	1.0000	false	false
kadon_kin_crypt_horrors	10	wh2_main_body_30	2100	inf_melee	30	inf_mel	wh_main_unit_long_text_vmp_crypt_horrors	hu8_crypt_horror_club	wh_main_monster_crypt_horrors	39	28	50	614		0	wh_main_claws_crypt_horrors		6	none	wh_main_unit_short_text_vmp_crypt_horrors	wh_main_monstrous_infantry	trained			true	40.0000	1500.0000	wh_main_vmp_mon_crypt_horrors	60	80	0	vo_sel_default	vo_sel_melee	vo_sel_culture	1.0000	large	0	0	0	0	0	0	0	0	melee_gatecrusher_undead	false	true	false	false	medium	medium	domination_monsters			melee	1.0000	1.0000	false	false
kadon_kin_cursd_ettin	10	wh2_main_leather_35	2100	inf_melee	45	inf_mel	wh3_dlc27_unit_long_text_nor_mon_cursd_ettin	gi3_dlc27_cursd_ettin	wh3_dlc27_nor_mon_cursd_ettin	65	40	100	28624		0	wh3_dlc27_nor_mon_cursd_ettin_fist		2	none	wh3_dlc27_unit_short_text_nor_mon_cursd_ettin	wh_main_monster	trained			true	40.0000	1500.0000	wh3_dlc27_nor_mon_cursd_ettin	60	80	0	vo_sel_default	vo_sel_melee	vo_sel_culture	1.0000	large	0	0	0	25	0	0	15	0	melee_gatecrusher	false	false	false	false	medium	medium	domination_monsters			melee	1.0000	1.0000	false	false
kadon_kin_cygor	10	wh2_main_leather_50	2100	inf_ranged	28	spcl	wh_dlc03_unit_long_text_bst_cygor	hu11_cygor	wh_main_monster_giant_blood	44	25	75	9792		0	wh_dlc03_bst_cygor	wh_dlc03_bst_cygor_rock	2	none	wh_dlc03_unit_short_text_bst_cygor	wh_main_monster	trained			true	40.0000	1500.0000	wh_dlc03_bst_inf_cygor_0	60	80	0	vo_sel_beastmen_gors	vo_sel_default	vo_sel_culture	1.0000	large_bst	0	25	0	25	0	0	0	0	ranged_no_skirmish_gatecrusher	false	false	false	false	medium	medium	domination_monsters			artillery	1.0000	1.0000	false	false
kadon_kin_def_black_dragon	10	wh2_main_body_90	2100	inf_melee	50	inf_mel	wh2_main_unit_long_text_def_mon_black_dragon	dr1_dragon	wh2_main_def_black_dragon_blood	50	46	70	16632		0	wh2_main_def_black_dragon		2	none	wh2_main_unit_short_text_def_mon_black_dragon	wh_main_monster	trained			true	40.0000	1500.0000	wh2_main_def_mon_black_dragon	60	80	0	vo_sel_default	vo_sel_melee	vo_sel_culture	1.0000	large	0	0	0	0	0	0	25	0	flying_melee_flanker	false	false	false	false	cant_capture	cant_capture	cant_capture			melee	1.0000	1.0000	false	false
kadon_kin_dire_wolves	10	wh_main_body_0	2100	inf_melee	28	inf_mel	wh_main_unit_long_text_vmp_dire_wolves	wf1_dire_wolf	wh_main_monster_wolf_hound_blood	26	14	35	68		0	wh_main_vmp_wolf_fangs		12	none	wh_main_unit_short_text_vmp_dire_wolves	wh_main_war_beasts	trained			true	40.0000	1500.0000	wh_main_vmp_mon_dire_wolves	60	80	0	vo_sel_default	vo_sel_melee	vo_sel_culture	1.0000	small	0	0	0	0	0	0	0	0	melee_flanker_undead	false	false	false	false	medium	medium	domination_cav			melee	1.0000	1.0000	false	false
kadon_kin_dragon_ogre	10	wh2_main_body_60	2100	inf_melee	42	inf_mel	wh_main_unit_long_text_chs_dragon_ogre	ce2_dragon_ogre_2handed_axe	wh_dlc01_chs_dragon_ogre_blood	32	40	72	608		0	wh_dlc01_chs_dragon_ogre		4	none	wh_dlc01_unit_short_text_chs_dragon_ogre	wh_main_monstrous_infantry	trained			true	40.0000	1500.0000	wh_dlc01_chs_mon_dragon_ogre	60	80	0	vo_sel_default	vo_sel_melee	vo_sel_culture	1.0000	large	0	0	0	0	0	0	25	0	melee_gatecrusher	false	true	false	false	medium	medium	domination_monsters			melee	1.0000	1.0000	false	false
kadon_kin_dragon_ogre_shaggoth	10	wh2_main_body_70	2100	inf_melee	52	inf_mel	wh_main_unit_long_text_chs_dragon_ogre_shaggoth	ce2_shaggoth_2handed_axe	wh_dlc01_chs_dragon_ogre_shaggoth_blood	58	44	75	17160		0	wh_dlc01_chs_dragon_ogre_shaggoth		2	none	wh_dlc01_unit_short_text_chs_dragon_ogre_shaggoth	wh_main_monster	trained			true	40.0000	1500.0000	wh_dlc01_chs_mon_dragon_ogre_shaggoth	60	80	0	vo_sel_default	vo_sel_melee	vo_sel_culture	1.0000	large	0	0	0	0	0	0	25	0	melee_gatecrusher	false	true	false	false	medium	medium	domination_monsters			melee	1.0000	1.0000	false	false
kadon_kin_dread_maw	10	wh2_main_leather_80	2100	inf_melee	0	inf_mel	wh3_dlc27_unit_long_text_nor_mon_dread_maw	sn4_dlc27_dread_maw	wh3_dlc27_nor_mon_dread_maw	65	33	60	19264		0	wh3_dlc27_nor_mon_dread_maw	wh3_dlc27_nor_mon_dread_maw_spit	2	none	wh3_dlc27_unit_short_text_nor_mon_dread_maw	wh3_dlc27_dread_maw	trained			true	40.0000	1500.0000	wh3_dlc27_nor_mon_dread_maw	60	80	0	vo_sel_default	vo_sel_melee	vo_sel_culture	1.0000		0	25	0	0	0	0	25	0	hybrid_melee_direct_no_skirmish	false	false	false	false	cant_capture	cant_capture	cant_capture			artillery	1.0000	1.0000	false	false
kadon_kin_dread_saurian	10	wh2_main_body_120	2100	inf_melee	30	inf_mel	wh2_dlc13_unit_long_text_lzd_dread_saurian	rp4_dlc13_dread_saurian	wh2_dlc13_lzd_mon_feral_dread_saurian_blood	52	32	65	29968		0	wh2_dlc13_lzd_dread_saurian		2	none	wh2_dlc13_unit_short_text_lzd_dread_saurian	wh_colossal_unit	trained			true	40.0000	1500.0000	wh2_dlc13_lzd_mon_dread_saurian_0	60	80	0	vo_sel_default	vo_sel_generic	vo_sel_generic	1.0000	large	0	0	0	0	0	0	15	0	melee_gatecrusher	false	false	false	false	medium	medium	domination_monsters			melee	1.0000	1.0000	false	false
kadon_kin_elemental_bear	10	wh2_main_body_90	2100	inf_melee	25	inf_mel	wh3_main_unit_long_text_ksl_mon_elemental_bear_0	be1_wh3_elemental_bear	wh3_main_ksl_mon_elemental_bear	50	34	90	21960		0	wh3_main_ksl_elemental_bear		2	none	wh3_main_unit_short_text_ksl_mon_elemental_bear_0	wh_main_monster	trained			true	40.0000	1500.0000	wh3_main_ksl_mon_elemental_bear_0	60	80	0	vo_sel_default	vo_sel_default	vo_sel_culture	1.0000	large	0	0	0	0	0	25	0	0	melee_gatecrusher	false	false	false	false	medium	medium	domination_monsters			melee	1.0000	1.0000	false	false
kadon_kin_exalted_flamer	10	wh2_main_body_10	2100	inf_ranged	6	inf_mis	wh3_main_unit_long_text_tze_mon_exalted_flamer_0	gh3_wh3_flamer_exalted	wh3_main_tze_mon_exalted_flamer	34	20	70	6344		0	wh3_main_tze_exalted_flamer_flame	wh3_main_tze_exalted_flamer_warpflame	2	none	wh3_main_unit_short_text_tze_mon_exalted_flamer_0	wh_main_monster	trained			true	40.0000	1500.0000	wh3_main_tze_mon_exalted_flamer_0	60	80	0	vo_sel_irondrakes	vo_sel_ranged	vo_sel_generic	1.0000	large	0	135	0	0	0	20	0	0	ranged_direct	true	false	false	false	medium	medium	domination_monsters			artillery	1.0000	1.0000	false	false
kadon_kin_fell_bats	10	wh_main_body_0	2100	inf_melee	6	inf_mel	wh_main_unit_long_text_vmp_fell_bats	ba1_bat	wh_main_flying_fell_bat_blood	19	44	30	62		0	wh_main_vmp_fell_bats		14	none	wh_main_unit_short_text_vmp_fell_bats	wh_main_fellbats	trained			true	40.0000	1500.0000	wh_main_vmp_mon_fell_bats	60	80	0	vo_sel_default	vo_sel_melee	vo_sel_culture	1.0000	small	0	0	0	0	0	0	0	0	flying_melee_flanker_undead	false	false	false	false	cant_capture	cant_capture	cant_capture			melee	1.0000	1.0000	false	false
kadon_kin_feral_bears	0	wh2_main_body_15	2100	inf_melee	26	inf_mel	wh3_main_unit_long_text_monster_feral_bears	be1_wh3_warbear	wh3_main_monster_feral_bear	50	40	60	450		0	wh2_main_monster_feral_bears		6	none	wh3_main_unit_short_text_monster_feral_bears	wh3_main_bear_cavalry	trained			true	40.0000	1500.0000	wh3_main_monster_feral_bears	60	80	0	vo_sel_ksl_war_bear_riders	vo_sel_generic	vo_sel_generic_short	1.0000	large	0	0	0	0	0	0	0	0	melee_flanker	false	false	false	false	medium	medium	domination_cav			melee	1.0000	1.0000	false	false
kadon_kin_fiends_of_slaanesh	10	wh2_main_body_30	2100	inf_melee	38	inf_mel	wh3_main_unit_long_text_sla_mon_fiends_of_slaanesh_0	hc1_wh3_fiend_of_slaanesh	wh3_main_sla_fiend_blood	36	36	70	500		0	wh3_main_sla_tongue_fiends		4	none	wh3_main_unit_short_text_sla_mon_fiends_of_slaanesh_0	wh3_main_monstrous_fiends	trained			true	40.0000	1500.0000	wh3_main_sla_mon_fiends_of_slaanesh_0	60	80	0	vo_sel_default	vo_sel_melee	vo_sel_culture	1.0000	large	0	0	0	0	0	20	0	0	melee_gatecrusher	false	true	false	false	medium	medium	domination_monsters			melee	1.0000	1.0000	false	false
kadon_kin_fimir	10	wh2_main_heavy_metal_110	2100	inf_melee	30	inf_mel	wh_dlc08_unit_long_text_nor_fimir_warriors	hu7d_fimir_dual_axes	wh_dlc08_nor_monster_fimir_blood	30	42	70	506		0	wh_dlc08_nor_fimir_dual_axe		6	none	wh_dlc08_unit_short_text_nor_fimir_warriors	wh_main_monstrous_trolls	trained			true	40.0000	1500.0000	wh_dlc08_nor_mon_fimir_0	60	80	0	vo_sel_default	vo_sel_generic	vo_sel_generic_short	1.0000	aquatic_large	0	0	0	0	0	0	25	0	melee_gatecrusher	false	true	false	false	medium	medium	domination_monsters			melee	1.0000	1.0000	false	false
kadon_kin_flamers_of_tzeentch	10	wh2_main_body_10	2100	inf_ranged	8	inf_mis	wh3_main_unit_long_text_tze_mon_flamers_0	gh3_wh3_flamer	wh3_main_tze_mon_flamer	28	12	60	249		0	wh3_main_tze_flamers_flame	wh3_main_tze_flamer_flame	4	none	wh3_main_unit_short_text_tze_mon_flamers_0	wh_main_monstrous_trolls	trained			true	40.0000	1500.0000	wh3_main_tze_mon_flamers_0	60	80	0	vo_sel_irondrakes	vo_sel_ranged	vo_sel_generic	1.0000	large	0	110	0	0	0	20	0	0	ranged_direct	true	false	false	false	medium	medium	domination_monsters			archer	1.0000	1.0000	false	false
kadon_kin_flamespyre_phoenix	10	wh2_main_body_30	2100	inf_melee	54	inf_mel	wh2_main_unit_long_text_hef_mon_phoenix_flamespyre	bi1_eagle	wh2_main_hef_mon_phoenix	42	30	78	11640		0	wh2_main_hef_flamespyre_phoenix		2	none	wh2_main_unit_short_text_hef_mon_phoenix_flamespyre	wh_main_monster	trained			true	40.0000	1500.0000	wh2_main_hef_mon_phoenix_flamespyre	60	80	0	vo_sel_hef_Flamespyre_Phoenix	vo_sel_melee	vo_sel_culture	1.0000	large	0	0	40	0	0	0	0	0	flying_melee_flanker	false	false	false	false	cant_capture	cant_capture	cant_capture			melee	1.0000	1.0000	false	false
kadon_kin_flesh_hounds_of_khorne	10	wh2_main_leather_30	2100	inf_melee	46	spcl	wh3_main_unit_long_text_kho_inf_flesh_hounds_of_khorne_0	bc4_flesh_hounds_of_khorne	wh3_main_kho_mon_flesh_hound_blood	36	26	60	185		0	wh3_main_kho_flesh_hounds		6	none	wh3_main_unit_short_text_kho_inf_flesh_hounds_of_khorne_0	wh3_main_ogr_sabretusk	trained			true	40.0000	1500.0000	wh3_main_kho_inf_flesh_hounds_of_khorne_0	60	80	0	vo_sel_generic	vo_sel_generic	vo_sel_generic_short	1.0000	large	0	0	0	50	0	20	0	0	melee_flanker_shock	false	false	false	false	low	low	domination_cav			melee	1.0000	1.0000	false	false
kadon_kin_forest_dragon	10	wh2_main_body_60	2100	inf_melee	60	inf_mel	wh_dlc05_unit_long_text_wef_forest_dragon	dr1_dragon	wh_main_flying_dragon_blood	46	38	65	15000		0	wh_dlc05_wef_dragon		2	none	wh_dlc05_unit_short_text_wef_forest_dragon	wh_main_monster	trained			true	40.0000	1500.0000	wh_dlc05_wef_forest_dragon_0	60	80	0	vo_sel_default	vo_sel_culture	vo_sel_culture	0.5000	elves_wef_large	0	0	0	0	0	20	25	0	flying_melee_flanker	false	false	false	false	cant_capture	cant_capture	cant_capture			melee	1.0000	1.0000	false	false
kadon_kin_frost_wyrm	10	wh2_main_body_70	2100	inf_melee	57	inf_mel	wh_dlc08_unit_long_text_nor_frost_wyrm	dr1b_wyrm_dragon	wh_dlc08_flying_chaos_frost_dragon_blood	45	41	70	14224		0	wh_dlc08_nor_wyrm		2	none	wh_dlc08_unit_short_text_nor_frost_wyrm	wh_main_monster	trained			true	40.0000	1500.0000	wh_dlc08_nor_mon_frost_wyrm_0	60	80	0	vo_sel_default	vo_sel_generic	vo_sel_generic_short	1.0000	large	0	0	-25	0	0	0	25	0	flying_melee_flanker_shock	false	false	false	false	cant_capture	cant_capture	cant_capture			melee	1.0000	1.0000	false	false
kadon_kin_frostheart_phoenix	10	wh2_main_plate_80	2100	inf_melee	40	inf_mel	wh2_main_unit_long_text_hef_mon_phoenix_frostheart	bi1_eagle	wh2_main_hef_mon_phoenix_frostheart	40	48	85	13180		0	wh2_main_hef_frostheart_phoenix		2	none	wh2_main_unit_short_text_hef_mon_phoenix_frostheart	wh_main_monster	trained			true	40.0000	1500.0000	wh2_main_hef_mon_phoenix_frostheart	60	80	0	vo_sel_hef_Frostheart_Phoenix	vo_sel_melee	vo_sel_culture	1.0000	large	0	0	0	0	0	0	0	0	flying_melee_flanker	false	false	false	false	cant_capture	cant_capture	cant_capture			melee	1.0000	1.0000	false	false
kadon_kin_ghorgon	10	wh2_main_body_50	2100	inf_melee	46	inf_mel	wh2_dlc17_unit_long_text_bst_mon_ghorgon	hu11b_dlc17_ghorgon	wh2_dlc17_bst_mon_ghorgon_blood	57	34	80	21760		0	wh2_dlc17_bst_ghorgon		2	none	wh2_dlc17_unit_short_text_bst_mon_ghorgon	wh_main_monster	trained			true	40.0000	1500.0000	wh2_dlc17_bst_mon_ghorgon_0	60	80	0	vo_sel_beastmen_gors	vo_sel_default	vo_sel_culture	1.0000	large_bst	0	0	0	0	0	0	0	0	melee_gatecrusher	false	false	false	false	high	high	domination_monsters			melee	1.0000	1.0000	false	false
kadon_kin_giant	10	wh2_main_body_50	2100	inf_melee	40	inf_mel	wh_main_unit_long_text_grn_giant	hu4_giant_club	wh_main_monster_giant_blood	65	30	100	25224		0	wh_main_club_giant		2	none	wh_main_unit_short_text_grn_giant	wh_main_monster	trained			true	40.0000	1500.0000	wh_main_grn_mon_giant	60	80	0	vo_sel_default	vo_sel_melee	vo_sel_culture	1.0000	large	0	0	0	0	0	0	15	0	melee_gatecrusher	false	false	false	false	medium	medium	domination_monsters			melee	1.0000	1.0000	false	false
kadon_kin_giant_spined_chaos_beast	10	wh2_main_body_60	2100	inf_melee	56	inf_mel	wh3_dlc29_unit_long_text_chs_giant_spined_chaos_beast	bc3d_dlc29_giant_spined_chaos_beast	wh3_dlc29_chs_mon_giant_spined_chaos_beast	49	27	70	13544		0	wh3_dlc29_chs_giant_spined_chaos_beast		2	none	wh3_dlc29_unit_short_text_chs_giant_spined_chaos_beast	wh_main_monster	trained			true	40.0000	1500.0000	wh3_dlc29_chs_mon_giant_spined_chaos_beast	60	80	0	vo_sel_default	vo_sel_generic	vo_sel_culture	1.0000	large	0	0	0	0	0	0	15	0	melee_flanker_shock	false	false	false	false	medium	medium	domination_monsters			melee	1.0000	1.0000	false	false
kadon_kin_giant_wolves	10	wh2_main_leather_15	2100	inf_melee	38	inf_mel	wh2_dlc16_unit_long_text_wef_mon_wolves	wf1_giant_wolf	wh_main_monster_wolf_hound_blood	26	21	45	135		0	wh2_dlc16_wef_wolf_fangs		6	none	wh2_dlc16_unit_short_text_wef_mon_wolves	wh_main_cavalry_very_chaotic	trained			true	40.0000	1500.0000	wh2_dlc16_wef_mon_wolves_0	60	80	0	vo_sel_marauders	vo_sel_generic	vo_sel_generic_short	1.0000	elves_wef	0	0	0	0	0	0	15	0	melee_flanker	false	false	false	false	high	high	domination_cav			melee	1.0000	1.0000	false	false
kadon_kin_great_cave_squigs	10	wh2_main_leather_50	2100	inf_melee	65	cav_mel	jvj_kadon_great_cave_squig	rp2_great_cave_squig	kadon_great_cave_squig	45	53	60	548		0	kadon_great_cave_squig		6	none	jvj_kadon_great_cave_squig	wh_dlc03_bst_razorgor	trained			true	40.0000	1500.0000	wh_dlc06_grn_inf_squig_herd_0	60	80	0	vo_sel_default	vo_sel_generic	vo_sel_generic	1.0000	large	0	0	0	0	0	0	0	0	melee_highvalue	false	false	false	false	medium	medium	domination_cav			melee	1.0000	1.0000	false	false
kadon_kin_great_eagle	0	wh2_main_body_30	2100	inf_melee	62	inf_mel	wh_dlc05_unit_long_text_wef_great_eagle	bi1_eagle	wh_dlc05_wef_mon_great_eagle_blood	44	30	60	9310		0	wh_dlc05_wef_great_eagle		2	none	wh_dlc05_unit_short_text_wef_great_eagle	wh_main_monster	trained			true	40.0000	1500.0000	wh_dlc05_wef_mon_great_eagle_0	60	80	0	vo_sel_default	vo_sel_melee	vo_sel_culture	1.0000	elves_wef_large	0	0	0	0	0	0	0	0	flying_melee_flanker_shock	false	false	false	false	cant_capture	cant_capture	cant_capture			melee	1.0000	1.0000	false	false
kadon_kin_great_hawks	10	wh2_main_body_15	2100	inf_melee	46	inf_mel	wh2_dlc16_unit_long_text_wef_mon_hawks	bi1_hawk	wh_dlc05_wef_hawk_blood	30	24	60	348		0	wh_dlc05_wef_hawk_talons		10	none	wh2_dlc16_unit_short_text_wef_mon_hawks	wh_dlc05_cavalry_hawk_riders	trained			true	40.0000	1500.0000	wh2_dlc16_wef_mon_hawks_0	60	80	0	vo_sel_hef_Great_Eagle	vo_sel_melee	vo_sel_culture	1.0000	elves_wef_large	0	0	0	0	0	0	0	0	flying_melee_flanker_shock	false	false	false	false	cant_capture	cant_capture	cant_capture			melee	1.0000	1.0000	false	false
kadon_kin_great_moon_bird	10	wh2_main_body_40	2100	inf_melee	46	inf_mel	wh3_dlc24_unit_long_text_cth_mon_great_moon_bird	bi1_dlc24_moon_bird	wh3_dlc24_cth_mon_great_moon_bird	44	50	70	14580		0	wh3_dlc24_cth_mon_great_moon_bird		2	none	wh3_dlc24_unit_short_text_cth_mon_great_moon_bird	wh_main_monster	trained			true	40.0000	1500.0000	wh3_dlc24_cth_mon_great_moon_bird	60	80	0	vo_sel_hef_Flamespyre_Phoenix	vo_sel_melee	vo_sel_culture	1.0000	large	0	0	40	0	0	0	15	0	flying_melee_flanker	false	false	false	false	cant_capture	cant_capture	cant_capture			melee	1.0000	1.0000	false	false
kadon_kin_great_taurus	10	wh2_main_body_50	2100	inf_melee	80	inf_mel	wh3_dlc23_unit_long_text_chd_mon_great_taurus	ox1_dlc23_taurus_feral	wh3_dlc23_chd_mon_great_taurus	46	28	60	13320		0	wh3_dlc23_chd_mon_great_taurus		2	none	wh3_dlc23_unit_short_text_chd_mon_great_taurus	wh_main_monster	trained			true	40.0000	1500.0000	wh3_dlc23_chd_mon_great_taurus	60	80	0	vo_sel_default	vo_sel_culture	vo_sel_culture	1.0000	large	0	0	35	0	0	0	15	0	flying_melee_flanker_shock	false	false	false	false	cant_capture	cant_capture	cant_capture			melee	1.0000	1.0000	false	false
kadon_kin_great_unclean_one	10	wh2_main_body_50	2100	inf_melee	20	inf_mel	wh3_main_unit_long_text_nur_mon_great_unclean_one_0	hu9b_wh3_great_unclean_one_sword	wh3_main_monster_great_unclean_one	55	45	75	24704		0	wh3_main_great_unclean_one		2	none	wh3_main_unit_short_text_nur_mon_great_unclean_one_0	wh_main_monster	trained			true	40.0000	1500.0000	wh3_main_nur_mon_great_unclean_one_0	60	80	0	vo_sel_default	vo_sel_melee	vo_sel_culture	1.0000	large	0	0	0	0	0	20	0	0	melee_gatecrusher	false	false	false	false	medium	medium	domination_monsters			melee	1.0000	1.0000	false	false
kadon_kin_griffon	10	wh2_main_bone_50	2100	inf_melee	60	inf_mel	jvj_kadon_griffon	bc2_griffon	kadon_griffon	42	32	60	10480		0	kadon_griffon		2	none	jvj_kadon_griffon	wh_main_monster	elite			true	40.0000	1500.0000	wh3_dlc25_emp_cha_engineer_warhorse	60	80	0	vo_sel_default	vo_sel_culture	vo_sel_culture	1.0000	large	0	0	0	0	0	0	15	0	flying_melee_highvalue	false	false	false	false	cant_capture	cant_capture	cant_capture			melee	1.0000	1.0000	false	false
kadon_kin_harpies	10	wh2_main_leather_15	2100	inf_melee	20	inf_mel	wh_dlc05_unit_long_text_bst_harpies	hu10b_harpy	wh_dlc05_bst_inf_harpy	22	38	52	79		0	wh_dlc05_bst_harpy_claws		10	none	wh_dlc05_unit_short_text_bst_harpies	wh_main_infantry_large_very_chaotic	trained			false	40.0000	1500.0000	wh_dlc05_bst_mon_harpies_0	60	80	0	vo_sel_default	vo_sel_melee	vo_sel_culture	1.0000	small	0	0	0	0	0	0	0	0	flying_melee_flanker	false	false	false	false	cant_capture	cant_capture	cant_capture			melee	1.0000	1.0000	false	false
kadon_kin_hef_moon_dragon	10	wh2_main_body_70	2100	inf_melee	50	inf_mel	wh2_main_unit_long_text_hef_mon_moon_dragon	dr1_dragon	wh2_main_hef_mon_moon_dragon_blood	50	46	75	16632		0	wh2_main_hef_moon_dragon		2	none	wh2_main_unit_short_text_hef_mon_moon_dragon	wh_main_monster	trained			true	40.0000	1500.0000	wh2_main_hef_mon_moon_dragon	60	80	0	vo_sel_hef_Moon_Dragon	vo_sel_melee	vo_sel_culture	1.0000	large	0	0	0	0	0	0	25	0	flying_melee_flanker	false	false	false	false	cant_capture	cant_capture	cant_capture			melee	1.0000	1.0000	false	false
kadon_kin_hef_star_dragon	10	wh2_main_body_90	2100	inf_melee	45	inf_mel	wh2_main_unit_long_text_hef_mon_star_dragon	dr1_dragon	wh2_main_hef_mon_star_dragon	64	50	80	18832		0	wh2_main_hef_star_dragon		2	none	wh2_main_unit_short_text_hef_mon_star_dragon	wh_main_monster	trained			true	40.0000	1500.0000	wh2_main_hef_mon_star_dragon	60	80	0	vo_sel_hef_Star_Dragon	vo_sel_melee	vo_sel_culture	1.0000	large	0	0	0	0	0	0	25	0	flying_melee_flanker	false	false	false	false	cant_capture	cant_capture	cant_capture			melee	1.0000	1.0000	false	false
kadon_kin_hell_pit_abomination	10	wh2_main_body_50	2100	inf_melee	25	inf_mel	wh2_main_unit_long_text_skv_mon_hell_pit_abomination	hc5_skv_hell_pit	wh2_main_skv_monster_hell_pit_abomination	42	30	90	24184		0	wh2_main_skv_hell_pit_abomination		2	none	wh2_main_unit_short_text_skv_mon_hell_pit_abomination	wh_main_monster	trained			true	40.0000	1500.0000	wh2_main_skv_mon_hell_pit_abomination	60	80	0	vo_sel_default	vo_sel_generic	vo_sel_culture	1.0000	large	0	0	0	0	0	0	15	0	melee_gatecrusher	false	false	false	false	medium	medium	domination_monsters			melee	1.0000	1.0000	false	false
kadon_kin_hierotitan	10	wh2_dlc09_bone_100	2100	inf_melee	20	inf_mel	wh2_dlc09_tmb_mon_heirotitan	gi1_hierotitan_staff_and_scales	wh2_dlc09_tmb_mon_hierotitan	56	45	60	25224		0	whh2_dlc09_tmb_heirotitan		2	none	wh2_dlc09_tmb_mon_heirotitan	wh_main_monster	trained			true	40.0000	1500.0000	wh2_dlc09_tmb_mon_heirotitan_0	60	80	0	vo_sel_default	vo_sel_melee	vo_sel_culture	1.0000	large	0	0	0	0	0	0	0	0	melee_gatecrusher_undead	false	false	false	false	medium	medium	domination_monsters			melee	1.0000	1.0000	false	false
kadon_kin_hunting_hounds	10	wh2_main_body_15	2100	inf_melee	22	inf_mel	wh3_dlc29_emp_inf_hunting_hounds	wf1_giant_wolf	wh3_dlc29_emp_inf_hunting_hounds	28	20	42	67		0	wh3_dlc29_emp_inf_hunting_hounds_bite		12	none	wh3_dlc29_emp_inf_hunting_hounds	wh_main_war_beasts	trained			true	40.0000	1500.0000	wh3_dlc29_emp_inf_hunting_hounds	60	80	0	vo_sel_default	vo_sel_melee	vo_sel_culture	1.0000	small	0	0	0	0	0	0	15	0	melee_flanker	false	false	false	false	medium	medium	domination_cav			melee	1.0000	1.0000	false	false
kadon_kin_hydra	10	wh2_main_body_60	2100	inf_melee	45	inf_mel	wh2_main_unit_long_text_def_mon_war_hydra_0	dr2_hydra	wh2_main_def_monster_war_hydra	52	32	65	20784		0	wh2_main_def_war_hydra		2	none	wh2_main_unit_short_text_def_mon_war_hydra_0	wh_main_monster	trained			true	40.0000	1500.0000	wh2_main_def_mon_war_hydra_0	60	80	0	vo_sel_default	vo_sel_melee	vo_sel_culture	1.0000	large	0	0	0	0	0	0	35	0	melee_gatecrusher	false	false	false	false	medium	medium	domination_monsters			melee	1.0000	1.0000	false	false
kadon_kin_incarnate_elemental_of_beasts	10	wh2_main_body_50	2100	inf_melee	64	inf_mel	wh3_dlc24_unit_long_text_ksl_mon_incarnate_elemental_of_beasts	hu6d_dlc24_elemental_of_beasts	wh3_dlc24_ksl_mon_incarnate_elemental_of_beasts	62	30	80	18000		0	wh3_dlc24_ksl_mon_incarnate_elemental_of_beasts		2	none	wh3_dlc24_unit_short_text_ksl_mon_incarnate_elemental_of_beasts	wh_main_monster	trained			true	40.0000	1500.0000	wh3_dlc24_ksl_mon_incarnate_elemental_of_beasts	160	160	0	vo_sel_default	vo_sel_default	vo_sel_culture	1.0000	large	0	0	0	20	0	20	0	0	melee_gatecrusher	false	false	false	false	medium	medium	domination_monsters			melee	1.0000	1.0000	false	false
kadon_kin_jabberslythe	10	wh2_main_body_60	2100	inf_melee	30	inf_mel	wh2_dlc17_unit_long_text_bst_mon_jabberslythe	hc3_dlc17_jabberslythe	wh2_dlc17_bst_mon_jabberslythe	36	42	75	18424		0	wh2_dlc17_bst_jabberslythe		2	none	wh2_dlc17_unit_short_text_bst_mon_jabberslythe	wh_main_monster	trained			true	40.0000	1500.0000	wh2_dlc17_bst_mon_jabberslythe_0	60	80	0	vo_sel_default	vo_sel_culture	vo_sel_culture	1.0000	large_bst	0	0	0	0	0	0	15	0	melee_highvalue	false	false	false	false	high	high	domination_monsters			melee	1.0000	1.0000	false	false
kadon_kin_jade_lion	10	wh2_main_body_90	2100	inf_melee	40	inf_mel	wh3_dlc24_unit_long_text_cth_mon_jade_jet_lions	bc5_dlc24_jade_lion	wh3_dlc24_cth_mon_jade_lion	55	40	65	5800		0	wh3_dlc24_cth_mon_jade_lion		2	none	wh3_dlc24_unit_short_text_cth_mon_jade_lion	wh_main_monster	trained			true	40.0000	1500.0000	wh3_dlc24_cth_mon_jade_lion	60	80	0	vo_sel_default	vo_sel_melee	vo_sel_culture	1.0000	large	0	0	0	0	0	0	15	0	melee	false	false	false	false	low	low	domination_monsters			melee	1.0000	1.0000	false	false
kadon_kin_jet_lion	10	wh2_main_body_90	2100	inf_melee	40	inf_mel	wh3_dlc24_unit_long_text_cth_mon_jade_jet_lions	bc5_dlc24_jet_lion	wh3_dlc24_cth_mon_jet_lion	40	60	65	5800		0	wh3_dlc24_cth_mon_jet_lion		2	none	wh3_dlc24_unit_short_text_cth_mon_jet_lion	wh_main_monster	trained			true	40.0000	1500.0000	wh3_dlc24_cth_mon_jet_lion	60	80	0	vo_sel_default	vo_sel_culture	vo_sel_culture	1.0000	large	0	0	0	50	0	0	15	0	melee	false	false	false	false	low	low	domination_monsters			melee	1.0000	1.0000	false	false
kadon_kin_kdaai_destroyer	10	wh2_main_heavy_metal_120	2100	inf_melee	45	inf_mel	wh3_dlc23_unit_long_text_chd_mon_kdaai_destroyer	hq5_dlc23_kdaai_destroyer	wh3_dlc23_chd_mon_kdaai_destroyer	56	38	70	20464		0	wh3_dlc23_chd_mon_kdaai_destroyer		2	none	wh3_dlc23_unit_short_text_chd_mon_kdaai_destroyer	wh_main_monster	trained			true	40.0000	1500.0000	wh3_dlc23_chd_mon_kdaai_destroyer	60	80	0	vo_sel_default	vo_sel_culture	vo_sel_culture	1.0000	large	0	0	35	0	0	10	15	0	melee_gatecrusher_highvalue	false	true	false	false	medium	medium	domination_monsters			melee	1.0000	1.0000	false	false
kadon_kin_kdaai_fireborn	10	wh2_main_plate_80	2100	inf_melee	40	inf_mel	wh3_dlc23_unit_long_text_chd_mon_kdaai_fireborn	sn2b_dlc23_kdaai_fireborn_axe	wh3_dlc23_chd_mon_kdaai_fireborn	32	40	60	484		0	wh3_dlc23_chd_mon_kdaai_fireborn_dual_axe		6	none	wh3_dlc23_unit_short_text_chd_mon_kdaai_fireborn	wh3_dlc23_kdaai_fireborn	trained			true	40.0000	1500.0000	wh3_dlc23_chd_mon_kdaai_fireborn	60	80	0	vo_sel_default	vo_sel_melee	vo_sel_culture	1.0000	large	0	0	35	0	0	10	0	0	melee_gatecrusher_shock	false	true	false	false	medium	medium	domination_monsters			melee	1.0000	1.0000	false	false
kadon_kin_keeper_of_secrets	10	wh2_main_body_15	2100	inf_melee	60	inf_mel	wh3_main_unit_long_text_sla_mon_keeper_of_secrets_0	hu16b_wh3_keepers_secrets	wh3_main_monster_keeper_of_secrets	60	54	80	15424		0	wh3_main_sla_keeper_of_secrets_sword		2	wh_missile_block_30_metal	wh3_main_unit_short_text_sla_mon_keeper_of_secrets_0	wh_main_monster	trained			true	40.0000	1500.0000	wh3_main_sla_mon_keeper_of_secrets_0	60	80	0	vo_sel_default	vo_sel_melee	vo_sel_culture	1.0000	large	0	0	0	0	0	20	0	0	melee_gatecrusher	false	true	false	false	medium	medium	domination_monsters			melee	1.0000	1.0000	false	false
kadon_kin_kharibdyss	10	wh2_main_body_60	2100	inf_melee	45	inf_mel	wh2_dlc10_unit_long_text_def_mon_kharibdyss_0	dr2_kharibdyss	wh2_dlc10_def_monster_kharibdyss	60	38	65	20784		0	wh2_dlc10_def_kharibdyss		2	none	wh2_dlc10_unit_short_text_def_mon_kharibdyss_0	wh_main_monster	trained			true	40.0000	1500.0000	wh2_dlc10_def_mon_kharibdyss_0	60	80	0	vo_sel_default	vo_sel_melee	vo_sel_culture	1.0000	aquatic_large	0	0	0	0	0	0	35	0	melee_gatecrusher	false	false	false	false	medium	medium	domination_monsters			melee	1.0000	1.0000	false	false
kadon_kin_khemric_titan	10	wh2_dlc15_bone_120	2100	inf_melee	35	inf_mel	wh3_dlc29_tmb_mon_khemric_titan	sp2_dlc29_khemric_titan	wh3_dlc29_tmb_mon_khemric_titan	58	40	60	29984		0	wh3_dlc29_tmb_khemric_titan_claws		2	none	wh3_dlc29_tmb_mon_khemric_titan	wh3_dlc29_tmb_khemric_titan	trained			true	40.0000	1500.0000	wh3_dlc29_tmb_mon_khemric_titan	60	80	0	vo_sel_default	vo_sel_default	vo_sel_culture	1.0000	large	0	0	0	0	0	0	0	0	melee_gatecrusher_undead	false	false	false	false	medium	medium	domination_monsters			melee	1.0000	1.0000	false	false
kadon_kin_kroxigor	10	wh2_main_body_100	2100	inf_melee	22	inf_mel	wh2_main_unit_long_text_lzd_mon_kroxigors	hu7c_kroxigor_2handed_axe	wh2_main_lzd_mon_kroxigor	30	32	70	502		0	wh2_main_lzd_kroxigor		6	none	wh2_main_unit_short_text_lzd_mon_kroxigors	wh_main_monstrous_trolls	trained			true	40.0000	1500.0000	wh2_main_lzd_mon_kroxigors	160	160	0	vo_sel_default	vo_sel_melee	vo_sel_culture	1.0000	aquatic_large	0	0	0	0	0	0	15	0	melee_gatecrusher	false	true	false	false	medium	medium	domination_monsters			melee	1.0000	1.0000	false	false
kadon_kin_lammasu	10	wh2_main_body_45	2100	inf_melee	40	inf_mel	wh3_dlc23_unit_long_text_chd_mon_lammasu	bc2c_dlc23_lammasu_feral	wh3_dlc23_chd_mon_lammasu	36	44	70	12080		0	wh3_dlc23_chd_mon_lammasu		2	none	wh3_dlc23_unit_short_text_chd_mon_lammasu	wh_main_monster	trained			true	40.0000	1500.0000	wh3_dlc23_chd_mon_lammasu	60	80	0	vo_sel_default	vo_sel_culture	vo_sel_culture	1.0000	large	0	0	25	25	0	0	15	0	flying_melee_mage_highvalue	false	false	false	false	cant_capture	cant_capture	cant_capture			melee	1.0000	1.0000	false	false
kadon_kin_lord_of_change	10	wh2_main_body_30	2100	inf_melee	35	inf_mel	wh3_main_unit_long_text_tze_mon_lord_of_change_0	hu10c_exalted_lord_of_change_staff	wh_main_chs_lord_of_change_blood	45	45	75	14040		0	wh3_main_tze_lord_of_change_staff		2	none	wh3_main_unit_short_text_tze_mon_lord_of_change_0	wh_main_monster	trained			true	40.0000	1500.0000	wh3_main_tze_mon_lord_of_change_0	60	80	0	vo_sel_default	vo_sel_generic	vo_sel_culture	1.0000	large	0	0	0	0	0	20	0	0	flying_melee	false	false	false	false	cant_capture	cant_capture	cant_capture			melee	1.0000	1.0000	false	false
kadon_kin_mangler_squigs	10	wh2_main_body_40	2100	inf_melee	65	inf_mel	wh3_dlc26_unit_long_text_grn_mangler_squig	rp2_team_dlc26_mangler_squigs	wh3_dlc26_grn_mon_mangler_squig	40	22	55	3060		0	wh3_dlc26_grn_cav_mangler_squig		2	none	wh3_dlc26_unit_short_text_grn_mangler_squig	wh3_dlc26_mangler_squig	trained			true	40.0000	1500.0000	wh3_dlc26_grn_cav_mangler_squig	60	80	0	vo_sel_goblin_squig_herd	vo_sel_squig	vo_sel_default	1.0000	large	0	0	0	0	0	0	15	0	melee_flanker	false	false	false	false	medium	medium	domination_monsters			melee	1.0000	1.0000	false	false
kadon_kin_manticore	10	wh2_main_body_45	2100	inf_melee	50	inf_mel	wh_dlc03_unit_long_text_bst_feral_manticore	bc3_manticore	wh_dlc01_flying_manticore_blood	40	34	56	10190		0	wh_dlc03_bst_manticore		2	none	wh_dlc03_unit_short_text_bst_feral_manticore	wh_main_monster	trained			true	40.0000	1500.0000	wh_dlc03_bst_feral_manticore	60	80	0	vo_sel_default	vo_sel_culture	vo_sel_culture	1.0000	large_bst	0	0	0	0	0	0	15	0	flying_melee_flanker_shock	false	false	false	false	cant_capture	cant_capture	cant_capture			melee	1.0000	1.0000	false	false
kadon_kin_merwyrm	10	wh2_main_body_70	2100	inf_melee	42	inf_mel	wh3_dlc27_unit_long_text_hef_mon_merwyrm	sm02_dlc27_merwyrm	wh3_dlc27_hef_mon_merwyrm	59	38	70	25184		0	wh3_dlc27_hef_mon_merwyrm		2	none	wh3_dlc27_unit_short_text_hef_mon_merwyrm	wh_main_monster	trained			true	40.0000	1500.0000	wh3_dlc27_hef_mon_merwyrm	60	80	0	vo_sel_default	vo_sel_melee	vo_sel_culture	1.0000	aquatic_large	0	0	0	0	0	0	25	0	melee_gatecrusher	false	false	false	false	medium	medium	domination_monsters			melee	1.0000	1.0000	false	false
kadon_kin_minotaurs	10	wh2_main_body_35	2100	inf_melee	34	inf_mel	wh_dlc03_unit_long_text_bst_minotaur	hu12_minotaur_dual_axe	wh_dlc03_bst_mon_minotaur_blood	34	32	75	536		0	wh_dlc03_bst_minotaur_dual_axe		6	none	wh_dlc03_unit_short_text_bst_minotaur	wh_dlc03_bst_minotaur	trained			true	40.0000	1500.0000	wh_dlc03_bst_inf_minotaurs_0	60	80	0	vo_sel_beastmen_minotaurs	vo_sel_default	vo_sel_culture	1.0000	large_bst	0	0	0	0	0	0	0	0	melee_gatecrusher_shock	false	true	false	false	medium	medium	domination_monsters			melee	1.0000	1.0000	false	false
kadon_kin_minotaurs_of_khorne	10	wh2_main_heavy_metal_70	2100	inf_melee	34	inf_mel	wh3_main_unit_long_text_kho_mon_khornataurs_0	hu12_minotaur_dual_axe	wh3_main_kho_mon_minotaur_blood	34	27	70	536		0	wh3_main_kho_minotaur_dual_axe		6	none	wh3_main_unit_short_text_kho_mon_khornataurs_0	wh_dlc03_bst_minotaur	trained			true	40.0000	1500.0000	wh3_main_kho_mon_khornataurs_0	60	80	0	vo_sel_beastmen_minotaurs	vo_sel_default	vo_sel_culture	1.0000	large	0	0	0	35	0	0	0	0	melee_gatecrusher_shock	false	true	false	false	medium	medium	domination_monsters			melee	1.0000	1.0000	false	false
kadon_kin_morghast_archai	10	wh2_main_heavy_metal_100	2100	inf_melee	40	inf_mel	wh3_dlc29_vmp_mon_morghasts	hu10_dlc29_morghast_archai_halberd	wh3_dlc29_vmp_mon_morghast	40	45	60	750		0	wh3_dlc29_vmp_morghast_halberd		6	none	wh3_dlc29_vmp_mon_morghast_archai	wh3_dlc29_morghasts	trained			true	40.0000	1500.0000	wh2_dlc09_tmb_mon_morghast_archai	60	80	0	vo_sel_default	vo_sel_melee	vo_sel_culture	1.0000	large	0	0	0	0	0	0	0	0	melee_gatecrusher_undead	false	true	false	false	cant_capture	cant_capture	cant_capture			melee	1.0000	1.0000	false	false
kadon_kin_morghast_harbingers	10	wh2_main_bone_80	2100	inf_melee	45	inf_mel	wh3_dlc29_vmp_mon_morghasts	hu10_dlc29_morghast_harbingers_dual_swords	wh3_dlc29_vmp_mon_morghast	45	35	60	750		0	wh3_dlc29_vmp_morghast_dual_sword		6	none	wh3_dlc29_vmp_mon_morghast_harbingers	wh3_dlc29_morghasts	trained			true	40.0000	1500.0000	wh2_dlc09_tmb_mon_morghast_harbingers	60	80	0	vo_sel_default	vo_sel_melee	vo_sel_culture	1.0000	large	0	0	0	0	0	0	0	0	melee_gatecrusher_undead	false	true	false	false	cant_capture	cant_capture	cant_capture			melee	1.0000	1.0000	false	false
kadon_kin_mourngul	10	wh2_main_body_40	2100	inf_melee	40	com	wh2_dlc11_unit_long_text_cst_cha_mourngul_haunter	gh4_cst_mourngul_haunter	wh2_dlc11_cst_cha_mourngul_haunter_blood	48	38	60	13120		0	wh2_dlc11_cst_claws_mourngul_haunter		2	none	wh2_dlc11_unit_short_text_cst_cha_mourngul_haunter	wh_main_monster	trained			true	40.0000	1500.0000	wh2_dlc11_cst_cha_mourngul_haunter	60	80	0	vo_sel_default	vo_sel_culture	vo_sel_culture	1.0000	large	0	0	0	0	0	0	30	0	melee_highvalue_undead	false	true	false	false	high	high	domination_characters			melee	1.0000	1.0000	false	false
kadon_kin_mutalith_vortex_beast	10	wh2_main_body_70	2100	inf_melee	32	spcl	wh3_dlc24_unit_long_text_tze_mon_mutalith_vortex_beast	hc4_dlc24_mutalith	wh3_dlc24_tze_mon_mutalith_vortex_beast	45	40	65	16160		0	wh3_dlc24_tze_mon_mutalith_vortex_beast		2	none	wh3_dlc24_unit_short_text_tze_mon_mutalith_vortex_beast	wh_main_monster	trained			true	40.0000	1500.0000	wh3_dlc24_tze_mon_mutalith_vortex_beast	60	80	0	vo_sel_default	vo_sel_melee	vo_sel_culture	1.0000	large	0	0	0	0	0	0	15	0	melee_gatecrusher_highvalue	false	false	false	false	medium	medium	domination_monsters			melee	1.0000	1.0000	false	false
kadon_kin_mutant_rat_ogre	10	wh2_main_body_30	2100	inf_melee	60	inf_mel	wh2_main_unit_long_text_skv_mon_rat_ogres	hu18_dlc16_mutant_rat_ogre	wh2_dlc16_skv_monster_rat_ogre_mutant_blood	52	38	60	13000		0	wh2_dlc16_skv_claws_mutant_rat_ogre		2	none	wh2_dlc16_unit_short_text_skv_mon_rat_ogre_mutant	wh_main_monstrous_infantry_chaotic	trained			true	40.0000	1500.0000	wh2_dlc16_skv_mon_rat_ogre_mutant	60	80	0	vo_sel_default	vo_sel_melee	vo_sel_culture	1.0000	large	0	0	0	0	0	20	0	0	melee_gatecrusher_shock	false	false	false	false	high	high	domination_monsters			melee	1.0000	1.0000	false	false
kadon_kin_necrofex_colossus	10	wh2_main_body_75	2100	inf_ranged	20	spcl	wh2_dlc11_unit_long_text_cst_mon_necrofex_colossus	gi2_cst_colossus	wh2_dlc11_cst_mon_necrofex_colossus	42	34	50	18918		0	wh2_dlc11_cst_necrofex_colossus	wh2_cst_necrofex_colossus_cannon	2	none	wh2_dlc11_unit_short_text_cst_mon_necrofex_colossus	wh_main_monster	trained			true	40.0000	1500.0000	wh2_dlc11_cst_mon_necrofex_colossus_0	60	80	10	vo_sel_default	vo_sel_melee	vo_sel_culture	1.0000	aquatic_large	70	22	0	0	0	0	0	0	melee_gatecrusher_undead	false	false	false	false	medium	medium	domination_monsters			artillery	1.0000	1.0000	false	false
kadon_kin_necrosphinx	10	wh2_dlc09_bone_100	2100	inf_melee	52	inf_mel	wh2_dlc09_tmb_mon_necrosphinx	ce3_necrosphinx_blades	wh2_dlc09_tmb_mon_necrosphinx	48	40	60	17904		0	wh2_dlc09_swords_necrosphinx		2	none	wh2_dlc09_tmb_mon_necrosphinx	wh_main_monster	trained			true	40.0000	1500.0000	wh2_dlc09_tmb_mon_necrosphinx_0	60	80	0	vo_sel_default	vo_sel_default	vo_sel_culture	1.0000	large	0	0	0	0	0	0	0	0	melee_gatecrusher_undead	false	false	false	false	medium	medium	domination_monsters			melee	1.0000	1.0000	false	false
kadon_kin_nor_giant	10	wh2_main_leather_50	2100	inf_melee	40	inf_mel	wh_dlc08_unit_long_text_nor_norscan_giant	hu4_norscan_giant_club	wh3_main_nor_mon_giant_blood	65	30	100	25224		0	wh_main_club_giant		2	none	wh_dlc08_unit_short_text_nor_norscan_giant	wh_main_monster	trained			true	40.0000	1500.0000	wh_dlc08_nor_mon_norscan_giant_0	60	80	0	vo_sel_default	vo_sel_default	vo_sel_culture	1.0000	large	0	0	0	0	0	0	15	0	melee_gatecrusher	false	false	false	false	medium	medium	domination_monsters			melee	1.0000	1.0000	false	false
kadon_kin_nor_ice_trolls	10	wh2_main_body_60	2100	inf_melee	34	inf_mel	wh_dlc08_unit_long_text_nor_norscan_ice_trolls	hu4c_ice_troll_club	wh_main_monster_troll_ice_blood	38	32	45	486		0	wh_dlc08_club_ice_troll		6	none	wh_dlc08_unit_short_text_nor_norscan_ice_trolls	wh_main_monstrous_trolls	trained			true	40.0000	1500.0000	wh_dlc08_nor_mon_norscan_ice_trolls_0	60	80	0	vo_sel_default	vo_sel_melee	vo_sel_culture	1.0000	large	0	0	-25	0	0	0	0	0	melee_gatecrusher	false	true	false	false	medium	medium	domination_monsters			melee	1.0000	1.0000	false	false
kadon_kin_norscan_ice_wolves	10	wh2_main_leather_15	2100	inf_melee	38	inf_mel	wh_dlc08_unit_long_text_nor_marauder_warwolves	wf1_norscan_giant_wolf	wh_dlc08_nor_war_wolf_blood	30	21	45	135		0	wh_dlc08_nor_warwolf_claw		6	none	wh_dlc08_unit_short_text_nor_marauder_warwolves	wh_main_cavalry_very_chaotic	trained			true	40.0000	1500.0000	wh_dlc08_nor_mon_marauder_warwolves_0	60	80	0	vo_sel_marauders	vo_sel_generic	vo_sel_generic_short	1.0000	small	0	0	0	0	0	0	15	0	melee_flanker	false	true	false	false	medium	medium	domination_cav			melee	1.0000	1.0000	false	false
kadon_kin_oceanids	10	wh_main_body_0	2100	inf_melee	16	inf_mel	wh3_dlc27_unit_long_text_hef_mon_sea_elemental	sn3_dlc27_oceanids	wh3_dlc27_hef_inf_oceanids	24	55	65	582		0	wh3_dlc27_inf_oceanids		6	none	wh3_dlc27_unit_short_text_hef_inf_oceanids	wh3_dlc27_hef_inf_oceanids	trained			true	40.0000	1500.0000	wh3_dlc27_hef_inf_oceanids	60	80	0	vo_sel_default	vo_sel_melee	vo_sel_culture	1.0000	aquatic_large	0	0	20	0	0	30	20	0	melee	false	true	false	false	medium	medium	domination_monsters			melee	1.0000	1.0000	false	false
kadon_kin_onyx_crowmen	10	wh2_main_leather_15	2100	inf_melee	20	inf_mel	wh3_dlc24_unit_long_text_cth_inf_onyx_crowmen	hu22_dlc24_onyx_crowmen	wh3_dlc24_cth_inf_onyx_crowmen	30	32	50	79		0	wh3_dlc24_cth_onyx_crowmen		8	none	wh3_dlc24_unit_short_text_cth_inf_onyx_crowmen	wh3_dlc24_cth_inf_onyx_crowmen	trained			true	40.0000	1500.0000	wh3_dlc24_cth_inf_onyx_crowmen	60	80	0	vo_sel_default	vo_sel_melee	vo_sel_culture	1.0000	small	0	0	0	0	0	20	0	0	flying_melee_flanker	false	false	false	false	cant_capture	cant_capture	cant_capture			melee	1.0000	1.0000	false	false
kadon_kin_plague_toads	10	wh2_main_leather_50	2100	inf_melee	36	inf_mel	wh3_main_unit_long_text_nur_mon_plague_toads_0	to1_wh3_plague_toad	wh3_main_nur_mnt_plague_toad	30	24	55	250		0	wh3_main_nur_plague_toad_maw		6	none	wh3_main_unit_short_text_nur_mon_plague_toads_0	wh3_main_cavalry_plague_toads	trained			true	40.0000	1500.0000	wh3_main_nur_mon_plague_toads_0	60	80	0	vo_sel_default	vo_sel_melee	vo_sel_culture	1.0000	large	0	0	0	0	0	20	0	0	melee_flanker	false	false	false	false	medium	medium	domination_monsters			melee	1.0000	1.0000	false	false
kadon_kin_preyton	10	wh2_main_body_60	2100	inf_melee	40	inf_mel	wh3_dlc27_unit_long_text_sla_mon_preyton	bi2_dlc27_preyton	wh3_dlc27_sla_mon_preyton	50	28	70	14562		0	wh3_dlc27_preyton_claws		2	none	wh3_dlc27_unit_short_text_sla_mon_preyton	wh_main_monster	trained			true	40.0000	1500.0000	wh3_dlc27_sla_preyton	60	80	0	vo_sel_default	vo_sel_melee	vo_sel_culture	1.0000	large	0	0	0	0	0	20	45	0	flying_melee_flanker	false	false	false	false	cant_capture	cant_capture	cant_capture			melee	1.0000	1.0000	false	false
kadon_kin_rat_ogres	10	wh2_main_body_30	2100	inf_melee	46	inf_mel	wh2_main_unit_long_text_skv_mon_rat_ogres	hu18_rat_ogre_claws	wh2_main_skv_monster_rat_ogre	26	26	56	475		0	wh2_main_skv_rat_ogre		6	none	wh2_main_unit_short_text_skv_mon_rat_ogres	wh_main_monstrous_infantry_chaotic	trained			true	40.0000	1500.0000	wh2_main_skv_mon_rat_ogres	60	80	0	vo_sel_default	vo_sel_default	vo_sel_default	1.0000	large	0	0	0	0	0	0	0	0	melee_gatecrusher_shock	false	true	false	false	medium	medium	domination_monsters			melee	1.0000	1.0000	false	false
kadon_kin_razordon_hunting_pack	10	wh2_dlc10_bone_90	2100	inf_ranged	20	inf_mis	wh2_dlc13_unit_long_text_lzd_razordon_hunting_pack	lz1_dlc13_razordon	wh2_dlc13_lzd_inf_razordon_blood	20	29	55	122		0	wh2_dlc13_lzd_razordon	wh2_dlc13_lzd_razordon_spike	6	none	wh2_dlc13_unit_short_text_lzd_razordon_hunting_pack	wh2_dlc13_mon_razordons	trained			true	40.0000	1500.0000	wh2_dlc13_lzd_mon_razordon_pack_0	60	80	0	vo_sel_default	vo_sel_generic	vo_sel_generic	1.0000	aquatic_large	0	54	0	0	0	0	0	0	ranged_harasser	false	false	false	false	medium	medium	domination_monsters			archer	1.0000	1.0000	false	false
kadon_kin_razorgor	10	wh2_main_leather_45	2100	inf_melee	46	spcl	wh_dlc03_unit_long_text_bst_razorgor_herd	bo1_razorgor	wh_dlc03_bst_mon_razorgor	24	18	55	185		0	wh_dlc03_bst_razorgor_tusk		6	none	wh_dlc03_unit_short_text_bst_razorgor_herd	wh_dlc03_bst_razorgor	trained			true	40.0000	1500.0000	wh_dlc03_bst_inf_razorgor_herd_0	60	80	0	vo_sel_beastmen_razorgor	vo_sel_default	vo_sel_culture	1.0000	large	0	0	0	0	0	0	0	0	melee_flanker_shock	false	true	false	false	low	low	domination_cav			melee	1.0000	1.0000	false	false
kadon_kin_ripperdactyls	10	wh2_main_leather_45	2100	inf_melee	52	cav_mel	jvj_kadon_ripperdactyl	bi3_ripperdactyl	kadon_ripperdactyl	44	23	65	520		0	wh2_dlc12_lzd_ripperdactyl		4	none	jvj_kadon_ripperdactyl	wh_main_monstrous_infantry_flying	trained			true	60.0000	1500.0000	wh2_dlc12_lzd_cav_ripperdactyl_riders_0	60	80	10	vo_sel_default	vo_sel_generic	vo_sel_culture	1.0000	large	0	0	0	0	0	0	15	0	flying_melee_flanker	false	false	false	false	cant_capture	cant_capture	cant_capture			melee	1.0000	1.0000	false	false
kadon_kin_river_trolls	0	wh2_main_body_40	2100	inf_melee	30	inf_mel	wh2_dlc15_unit_long_text_grn_mon_river_trolls	hu4f_dlc15_river_troll_club	wh_main_monster_troll_blood	34	40	45	486		0	wh_dlc15_club_river_troll		6	none	wh2_dlc15_unit_short_text_grn_mon_river_trolls	wh_main_monstrous_trolls	trained			true	40.0000	1500.0000	wh2_dlc15_grn_mon_river_trolls_0	60	80	0	vo_sel_default	vo_sel_melee	vo_sel_culture	1.0000	aquatic_large	0	0	0	0	0	0	0	0	melee_gatecrusher_shock	false	false	false	false	default	default	domination_monsters			melee	1.0000	1.0000	false	false
kadon_kin_rogue_idol	10	wh2_main_bone_150	2100	inf_melee	30	inf_mel	wh2_dlc15_unit_long_text_grn_mon_rogue_idol	hu4e_dlc15_rogue_idol	wh2_dlc15_monster_rogue_idol	60	24	75	31984		0	wh2_dlc15_rogue_idol_fist		2	none	wh2_dlc15_unit_short_text_grn_mon_rogue_idol	wh_main_monster	trained			true	40.0000	1500.0000	wh2_dlc15_grn_mon_rogue_idol_0	60	80	0	vo_sel_default	vo_sel_melee	vo_sel_culture	1.0000	large	0	0	0	0	0	0	15	0	melee_gatecrusher_highvalue	false	false	false	false	default	default	domination_monsters			melee	1.0000	1.0000	false	false
kadon_kin_rot_flies	10	wh2_main_body_50	2100	inf_melee	32	inf_mel	wh3_main_unit_long_text_nur_mon_rot_flies_0	in1_wh3_rot_fly	wh3_main_flying_rot_fly_blood	34	24	60	508		0	wh3_main_nur_rot_fly_stinger		4	none	wh3_main_unit_short_text_nur_mon_rot_flies_0	wh3_main_rot_flies	trained			true	40.0000	1500.0000	wh3_main_nur_mon_rot_flies_0	60	80	0	vo_sel_default	vo_sel_melee	vo_sel_culture	1.0000	large	0	0	0	0	0	20	0	0	flying_melee_flanker	false	false	false	false	cant_capture	cant_capture	cant_capture			melee	1.0000	1.0000	false	false
kadon_kin_rotting_prometheans	0	wh2_main_body_120	2100	inf_melee	22	inf_mel	wh2_dlc11_unit_long_text_cst_mon_rotting_prometheans	cr1_cst_promethean	wh2_dlc11_cst_mon_rotting_promethean_blood	38	48	45	652		0	wh2_dlc11_cst_claws_promethians		4	none	wh2_dlc11_unit_short_text_cst_mon_rotting_prometheans	wh2_dlc11_cst_rotting_prometheans	trained			true	40.0000	1500.0000	wh2_dlc11_cst_mon_rotting_prometheans_0	60	80	0	vo_sel_default	vo_sel_culture	vo_sel_culture	1.0000	aquatic_large	0	0	0	0	0	0	0	0	melee_gatecrusher_undead	false	true	false	false	medium	medium	domination_monsters			melee	1.0000	1.0000	false	false
kadon_kin_sabretusk_pack	10	wh2_main_leather_30	2100	inf_melee	36	spcl	wh3_main_ogr_mon_sabretusk_pack_0	bc4_wh3_sabretusk	wh3_main_ogr_mon_sabretusk_blood	38	28	48	173		0	wh3_main_ogr_sabretusk_claw		6	none	wh3_main_ogr_mon_sabretusk_pack_0	wh3_main_ogr_sabretusk	trained			true	40.0000	1500.0000	wh3_main_ogr_mon_sabretusk_pack_0	60	80	0	vo_sel_beastmen_razorgor	vo_sel_default	vo_sel_culture	1.0000	large	0	0	0	0	0	0	0	0	melee_flanker_shock	false	false	false	false	low	low	domination_cav			melee	1.0000	1.0000	false	false
kadon_kin_salamander_hunting_pack	10	wh2_main_body_80	2100	inf_ranged	28	inf_mis	wh2_dlc12_unit_long_text_lzd_mon_salamanders	lz1_dlc12_salamander	wh2_dlc12_lzd_inf_salamander_blood	25	22	55	122		0	wh2_dlc12_lzd_salamander_flame	wh2_dlc12_lzd_salamander_flame	6	none	wh2_dlc12_unit_short_text_lzd_mon_salamander_pack_0	wh2_dlc12_inf_salamanders	trained			true	40.0000	1500.0000	wh2_dlc12_lzd_mon_salamander_pack_0	60	80	0	vo_sel_lzd_cold_one_riders	vo_sel_generic	vo_sel_generic	1.0000	aquatic_large	0	18	0	0	0	0	0	0	ranged_harasser	false	false	false	false	medium	medium	domination_monsters			archer	1.0000	1.0000	false	false
kadon_kin_screamers_of_tzeentch	10	wh2_main_body_30	2100	inf_melee	26	inf_mel	wh3_main_unit_long_text_tze_mon_screamers_0	mt1_wh3_screamers	wh3_main_tze_flying_screamer	26	22	60	297		0	w3h_main_tze_screamer		6	none	wh3_main_unit_short_text_tze_mon_screamers_0	wh3_main_screamers	trained			true	40.0000	1500.0000	wh3_main_tze_mon_screamers_0	60	80	0	vo_sel_default	vo_sel_melee	vo_sel_culture	1.0000	large	0	0	0	0	0	20	0	0	flying_melee_flanker	false	false	false	false	cant_capture	cant_capture	cant_capture			melee	1.0000	1.0000	false	false
kadon_kin_scurvy_dogs	10	wh_main_body_0	2100	inf_melee	28	inf_mel	wh2_dlc11_unit_long_text_cst_mon_scurvy_dogs	wf1_dire_wolf	wh_main_monster_wolf_hound_blood	26	14	35	68		0	wh_main_vmp_wolf_fangs		12	none	wh2_dlc11_unit_short_text_cst_mon_scurvy_dogs	wh_main_war_beasts	trained			true	40.0000	1500.0000	wh2_dlc11_cst_mon_scurvy_dogs	60	80	0	vo_sel_default	vo_sel_melee	vo_sel_culture	1.0000	aquatic_small	0	0	0	0	0	0	0	0	melee_flanker_undead	false	false	false	false	medium	medium	domination_cav			melee	1.0000	1.0000	false	false
kadon_kin_sea_elemental	10	wh_main_body_0	2100	inf_melee	32	inf_mel	wh3_dlc27_unit_long_text_hef_mon_sea_elemental	sn3_dlc27_sea_elemental	wh3_dlc27_hef_mon_sea_elemental	45	70	70	20784		0	wh3_dlc27_hef_sea_elemental		2	none	wh3_dlc27_unit_short_text_hef_mon_sea_elemental	wh_main_monster	trained			true	40.0000	1500.0000	wh3_dlc27_hef_mon_sea_elemental	60	80	0	vo_sel_default	vo_sel_melee	vo_sel_culture	1.0000	aquatic_large	0	0	20	0	0	30	20	0	melee_gatecrusher_highvalue	false	true	false	false	medium	medium	domination_monsters			melee	1.0000	1.0000	false	false
kadon_kin_sepulchral_stalkers	10	wh2_main_bone_80	2100	inf_ranged	10	inf_mis	wh2_dlc09_tmb_mon_sepulchral_stalkers	sn1_sepulchral_stalker_halberd	wh2_dlc09_tmb_mon_sepulchral_stalker	22	30	50	432		0	wh2_dlc09_tmb_halberd_stalker	wh2_dlc09_tmb_stalker_gaze	4	none	wh2_dlc09_tmb_mon_sepulchral_stalkers	wh2_dlc09_stalkers	trained			true	40.0000	1500.0000	wh2_dlc09_tmb_mon_sepulchral_stalkers_0	60	80	0	vo_sel_default	vo_sel_melee	vo_sel_culture	1.0000	large	0	12	0	0	0	0	0	0	melee_undead	false	true	false	false	medium	medium	domination_monsters			archer	1.0000	1.0000	false	false
kadon_kin_skinwolves	10	wh2_main_leather_15	2100	inf_melee	32	inf_mel	wh_dlc08_unit_long_text_nor_skin_wolves	hu8_skin_wolf	wh_dlc08_nor_skin_wolf_blood	32	28	60	301		0	wh_dlc08_nor_skinwolves_claws		6	none	wh_dlc08_unit_short_text_nor_skin_wolves	wh_main_monstrous_trolls	trained			true	40.0000	1500.0000	wh_dlc08_nor_mon_skinwolves_0	60	80	0	vo_sel_generic	vo_sel_generic	vo_sel_generic_short	1.0000	large	0	0	0	0	0	20	0	0	melee_flanker	false	true	false	false	medium	medium	domination_monsters			melee	1.0000	1.0000	false	false
kadon_kin_slaughterbrute	10	wh2_main_body_70	2100	inf_melee	60	inf_mel	wh3_dlc26_unit_long_text_kho_mon_slaughterbrute	hc4_dlc26_slaughterbrute	wh3_dlc26_kho_mon_slaughterbrute	65	45	60	9880		0	wh3_dlc26_kho_slaughterbrute_claws		2	none	wh3_dlc26_unit_short_text_kho_mon_slaughterbrute	wh_main_monster	trained			true	40.0000	1500.0000	wh3_dlc26_kho_mon_slaughterbrute	60	80	0	vo_sel_default	vo_sel_melee	vo_sel_culture	1.0000	large	0	0	0	35	0	0	25	0	melee_highvalue	false	true	false	false	medium	medium	domination_monsters			melee	1.0000	1.0000	false	false
kadon_kin_snow_leopard	0	wh2_main_body_20	2100	inf_melee	55	inf_mel	wh3_main_unit_long_text_ksl_mon_snow_leopard_0	bc4_wh3_snow_leopard	wh3_main_ksl_mon_snow_leopard_blood	50	38	60	6344		0	wh3_main_ksl_claws_snow_leopard		2	none	wh3_main_unit_short_text_ksl_mon_snow_leopard_0	wh_main_monster	trained			true	40.0000	1500.0000	wh3_main_ksl_mon_snow_leopard_0	60	80	0	vo_sel_default	vo_sel_melee	vo_sel_culture	1.0000	large	0	0	0	0	0	20	0	0	melee_flanker_shock_highvalue	false	false	false	false	medium	medium	domination_monsters			melee	1.0000	1.0000	false	false
kadon_kin_soopa_squig	0	wh2_main_leather_50	2100	inf_melee	40	inf_mel	wh_main_unit_long_text_grn_night_goblin_squig_herd	rp2_great_cave_squig	wh_dlc06_grn_inf_explosive_squig	26	20	36	660		0	wh_dlc06_grn_squig_maw		2	none	wh_dlc06_unit_short_text_grn_night_goblin_squig_herd	wh2_dlc09_tmb_squig_exploding	trained			true	40.0000	1500.0000	wh_dlc06_grn_inf_squig_explosive_0	60	80	0	vo_sel_goblin_squig_herd	vo_sel_squig	vo_sel_default	0.8000	large	0	0	0	0	0	0	0	0	melee_flanker_shock_undead	false	false	false	false	low	low	domination_cav			melee	1.0000	1.0000	false	false
kadon_kin_soul_grinder_of_khorne	10	wh2_main_heavy_metal_90	2100	inf_ranged	50	spcl	wh3_main_unit_long_text_kho_mon_soul_grinder_0	hc7_wh3_soul_grinder	wh3_main_monster_kho_soul_grinder_blood	55	35	70	16360		0	wh3_main_kho_soul_grinder	wh3_main_kho_soul_grinder_cannon	2	none	wh3_main_unit_short_text_kho_mon_soul_grinder_0	wh_main_monster	trained			true	40.0000	1500.0000	wh3_main_kho_mon_soul_grinder_0	60	80	0	vo_sel_default	vo_sel_melee	vo_sel_culture	1.0000	large	0	40	0	35	0	20	0	0	hybrid_gatecrusher	false	false	false	false	medium	medium	domination_monsters			artillery	1.0000	1.0000	false	false
kadon_kin_soul_grinder_of_nurgle	10	wh2_main_heavy_metal_90	2100	inf_ranged	30	spcl	wh3_main_unit_long_text_nur_mon_soul_grinder_0	hc7_wh3_nurgle_soul_grinder	wh3_main_monster_nur_soul_grinder_blood	42	35	70	8180		0	wh3_main_nurgle_soul_grinder	wh3_main_nur_soul_grinder_bombard	2	none	wh3_main_unit_short_text_nur_mon_soul_grinder_0	wh_main_monster	trained			true	40.0000	1500.0000	wh3_main_nur_mon_soul_grinder_0	60	80	0	vo_sel_default	vo_sel_default	vo_sel_culture	1.0000	large	0	45	0	0	0	20	0	0	ranged_no_skirmish_gatecrusher	false	false	false	false	medium	medium	domination_monsters			artillery	1.0000	1.0000	false	false
kadon_kin_soul_grinder_of_slaanesh	10	wh2_main_heavy_metal_90	2100	inf_melee	40	inf_mel	wh3_main_unit_long_text_sla_mon_soul_grinder_0	hc7_wh3_slaanesh_soul_grinder	wh3_main_monster_sla_soul_grinder_blood	55	35	70	16360		0	wh3_main_sla_soul_grinder		2	none	wh3_main_unit_short_text_sla_mon_soul_grinder_0	wh_main_monster	trained			true	40.0000	1500.0000	wh3_main_sla_mon_soul_grinder_0	60	80	0	vo_sel_default	vo_sel_melee	vo_sel_culture	1.0000	large	0	0	0	0	0	20	0	0	melee_gatecrusher	false	true	false	false	medium	medium	domination_monsters			melee	1.0000	1.0000	false	false
kadon_kin_soul_grinder_of_tzeentch	10	wh2_main_heavy_metal_90	2100	inf_ranged	30	spcl	wh3_main_unit_long_text_tze_mon_soul_grinder_0	hc7_wh3_tzeentch_soul_grinder	wh3_main_monster_tze_soul_grinder_blood	42	35	70	8180		0	wh3_main_tze_soul_grinder	wh3_main_tze_soul_grinder_bolt	2	none	wh3_main_unit_short_text_tze_mon_soul_grinder_0	wh_main_monster	trained			true	40.0000	1500.0000	wh3_main_tze_mon_soul_grinder_0	60	80	0	vo_sel_default	vo_sel_default	vo_sel_culture	1.0000	large	0	75	0	0	0	20	0	0	hybrid_direct_shock_arty_gatecrusher	false	true	false	false	medium	medium	domination_monsters			artillery	1.0000	1.0000	false	false
kadon_kin_spawn_of_khorne	10	wh2_main_body_30	2100	inf_melee	35	inf_mel	wh3_main_unit_long_text_kho_mon_spawn_of_khorne_0	hc2_chaos_spawn	wh3_main_monster_spawn_of_khorne_blood	36	23	100	540		0	wh3_main_kho_claws_chaos_spawn		4	none	wh3_main_unit_short_text_kho_mon_spawn_of_khorne_0	wh_main_monstrous_infantry_chaotic	trained			true	40.0000	1500.0000	wh3_main_kho_mon_spawn_of_khorne_0	60	80	0	vo_sel_default	vo_sel_melee	vo_sel_culture	1.0000	large	0	0	0	35	0	0	0	0	melee_gatecrusher	false	true	false	false	medium	medium	domination_monsters			melee	1.0000	1.0000	false	false
kadon_kin_spawn_of_nurgle	10	wh2_main_body_10	2100	inf_melee	35	inf_mel	wh3_main_unit_long_text_nur_mon_spawn_of_nurgle_0	hc2_chaos_spawn	wh3_main_monster_spawn_of_nurgle_blood	31	33	100	594		0	wh3_main_nur_claws_chaos_spawn		4	none	wh3_main_unit_short_text_nur_mon_spawn_of_nurgle_0	wh_main_monstrous_infantry_chaotic	trained			true	40.0000	1500.0000	wh3_main_nur_mon_spawn_of_nurgle_0	60	80	0	vo_sel_default	vo_sel_melee	vo_sel_culture	1.0000	large	0	0	0	0	0	0	0	0	melee_gatecrusher	false	true	false	false	medium	medium	domination_monsters			melee	1.0000	1.0000	false	false
kadon_kin_spawn_of_slaanesh	10	wh2_main_body_10	2100	inf_melee	35	inf_mel	wh3_main_unit_long_text_sla_mon_spawn_of_slaanesh_0	hc2_chaos_spawn	wh3_main_monster_spawn_of_slaanesh_blood	36	28	100	540		0	wh3_main_sla_claws_chaos_spawn		4	none	wh3_main_unit_short_text_sla_mon_spawn_of_slaanesh_0	wh_main_monstrous_infantry_chaotic	trained			true	40.0000	1500.0000	wh3_main_sla_mon_spawn_of_slaanesh_0	60	80	0	vo_sel_default	vo_sel_melee	vo_sel_culture	1.0000	large	0	0	0	0	0	5	0	0	melee_gatecrusher	false	true	false	false	medium	medium	domination_monsters			melee	1.0000	1.0000	false	false
kadon_kin_spawn_of_tzeentch	10	wh2_main_body_10	2100	inf_melee	35	inf_mel	wh3_main_unit_long_text_tze_mon_spawn_of_tzeentch_0	hc2_chaos_spawn	wh3_main_monster_spawn_of_tzeentch_blood	36	28	100	540		0	wh3_main_tze_claws_chaos_spawn		4	none	wh3_main_unit_short_text_tze_mon_spawn_of_tzeentch_0	wh_main_monstrous_infantry_chaotic	trained			true	40.0000	1500.0000	wh3_main_tze_mon_spawn_of_tzeentch_0	60	80	0	vo_sel_default	vo_sel_melee	vo_sel_culture	1.0000	large	0	0	0	0	0	0	0	0	melee_gatecrusher	false	true	false	false	medium	medium	domination_monsters			melee	1.0000	1.0000	false	false
kadon_kin_spider_hatchlings	10	wh2_main_bone_45	2100	inf_melee	19	inf_mel	wh_main_unit_long_text_grn_arachnarok_spider	sp1_giant_spider	wh_dlc06_monster_spider_hatchlings_blood	22	20	50	65		0	wh_dlc06_grn_spider_fangs_0		12	none	wh_dlc06_unit_short_text_grn_spider_hatchlings	wh_dlc06_infantry_spider	trained			true	40.0000	1500.0000	wh_dlc06_grn_mon_spider_hatchlings_0	60	80	0	vo_sel_default	vo_sel_default	vo_sel_culture	1.0000	small_strider	0	0	0	0	0	0	0	0	melee_flanker	false	false	false	false	low	low	domination_infantry_expendable			melee	1.0000	1.0000	false	false
kadon_kin_spiders	10	wh2_main_bone_70	2100	inf_melee	30	inf_mel	wh2_dlc16_unit_long_text_wef_mon_giant_spiders	sp1_giant_spider	wh_main_monster_spider_giant_blood	32	30	55	90		0	wh2_dlc16_wef_spider_fangs_0		12	none	wh2_dlc16_unit_short_text_wef_mon_giant_spiders	wh_main_monstrous_spiders	trained			true	40.0000	1500.0000	wh2_dlc16_wef_mon_giant_spiders_0	60	80	0	vo_sel_goblin_arachnorak	vo_sel_generic	vo_sel_generic	1.0000	elves_wef_large	0	0	0	0	0	0	0	0	melee_flanker	false	false	false	false	medium	medium	domination_monsters			melee	1.0000	1.0000	false	false
kadon_kin_squig_herd	10	wh2_main_leather_50	2100	inf_melee	40	inf_mel	wh_main_unit_long_text_grn_night_goblin_squig_herd	rp2_squig_herd	wh_dlc06_grn_inf_squig	26	20	36	125		0	wh_dlc06_grn_squig_maw		8	none	wh_dlc06_unit_short_text_grn_night_goblin_squig_herd	wh_main_cavalry_very_chaotic	trained			true	40.0000	1500.0000	wh_dlc06_grn_inf_squig_herd_0	60	80	0	vo_sel_goblin_squig_herd	vo_sel_squig	vo_sel_culture	0.8000	large	0	0	0	0	0	0	0	0	melee	false	true	false	false	medium	medium	domination_cav			melee	1.0000	1.0000	false	false
kadon_kin_stag	10	wh2_main_plate_30	2100	inf_melee	70	cav_shk	jvj_kadon_stag	st1_dlc16_great_stag	wh2_dlc16_wef_cav_great_stag_blood	40	24	75	280		0	kadon_great_stag		8	none	jvj_kadon_stag	wh_dlc03_bst_razorgor	trained			true	40.0000	1500.0000	wh3_dlc25_emp_cha_engineer_warhorse	60	80	0	vo_sel_wood_elves_wild_riders	vo_sel_default	vo_sel_culture	1.0000	large_bst	0	0	0	0	0	0	0	20	melee_flanker_shock	false	false	false	false	medium	medium	domination_monsters			melee	1.0000	1.0000	false	false
kadon_kin_stegadon	0	wh2_main_body_110	2100	inf_melee	70	inf_mel	wh2_main_unit_long_text_lzd_mon_stegadon_0	hq1_feral_stegadon	wh2_main_lzd_mon_stegadon	30	32	60	18064		0	wh2_main_lzd_stegadon		2	none	wh2_main_unit_short_text_lzd_mon_stegadon_0	wh_main_monster	trained			true	40.0000	1500.0000	wh2_main_lzd_mon_stegadon_0	60	80	0	vo_sel_default	vo_sel_generic	vo_sel_culture	1.0000	large	0	0	0	0	0	0	15	0	melee_gatecrusher	false	false	false	false	medium	medium	domination_monsters			melee	1.0000	1.0000	false	false
kadon_kin_stone_trolls	10	wh2_main_body_70	2100	inf_melee	34	inf_mel	wh2_dlc15_unit_long_text_grn_mon_stone_trolls	hu4c_dlc15_stone_troll_2h_club	wh2_dlc15_monster_troll_stone_blood	36	32	45	486		0	wh_dlc15_club_stone_troll		6	none	wh2_dlc15_unit_short_text_grn_mon_stone_trolls	wh_main_monstrous_trolls	trained			true	40.0000	1500.0000	wh2_dlc15_grn_mon_stone_trolls_0	60	80	0	vo_sel_default	vo_sel_melee	vo_sel_culture	1.0000	large	0	0	0	25	0	0	25	0	melee_gatecrusher_shock	false	false	false	false	default	default	domination_monsters			melee	1.0000	1.0000	false	false
kadon_kin_stormfiends	10	wh2_main_body_90	2100	inf_melee	45	inf_mel	wh3_dlc29_unit_long_text_skv_mon_stormfiends	hu18d_dlc29_stormfiend_grinderfists	wh3_dlc29_skv_monster_stormfiends_grinderfists	38	31	65	723		0	wh3_dlc29_skv_grinderfists_stormfiend		6	none	wh3_dlc29_unit_short_text_skv_mon_stormfiends_grinderfists	wh_main_monstrous_infantry	trained			true	40.0000	1500.0000	wh3_dlc29_skv_mon_stormfiends_grinderfists	60	80	0	vo_sel_default	vo_sel_default	vo_sel_default	1.0000	large	0	0	0	0	0	0	0	0	melee_gatecrusher_shock	false	true	false	false	medium	medium	domination_monsters			melee	1.0000	1.0000	false	false
kadon_kin_sun_dragon	10	wh2_main_body_70	2100	inf_melee	65	inf_mel	wh2_main_unit_long_text_hef_mon_sun_dragon	dr1_dragon	wh2_main_hef_mon_sun_dragon_blood	46	44	70	14000		0	wh2_main_hef_sun_dragon		2	none	wh2_main_unit_short_text_hef_mon_sun_dragon	wh_main_monster	trained			true	40.0000	1500.0000	wh2_main_hef_mon_sun_dragon	60	80	0	vo_sel_hef_Sun_Dragon	vo_sel_melee	vo_sel_culture	1.0000	large	0	0	0	0	0	0	25	0	flying_melee_flanker	false	false	false	false	cant_capture	cant_capture	cant_capture			melee	1.0000	1.0000	false	false
kadon_kin_terracotta_sentinel	10	wh2_main_body_100	2100	inf_melee	40	inf_mel	wh3_main_unit_long_text_cth_mon_terracotta_sentinel_0	gi1b_terracotta_sentinel_glaive	wh3_main_cth_terracotta_sentinel	65	30	85	25224		0	wh3_main_cth_terracotta_sentinel		2	none	wh3_main_unit_short_text_cth_mon_terracotta_sentinel_0	wh_main_monster	trained			true	40.0000	1500.0000	wh3_main_cth_mon_terracotta_sentinel_0	60	80	0	vo_sel_default	vo_sel_melee	vo_sel_culture	1.0000	large	0	0	0	0	0	0	15	0	melee_gatecrusher	false	false	false	false	medium	medium	domination_monsters			melee	1.0000	1.0000	false	false
kadon_kin_terradons	10	wh2_main_leather_15	2100	inf_melee	16	cav_mel	jvj_kadon_terradon	bi3_ripperdactyl	kadon_terradon	26	22	55	364		0	wh2_main_lzd_terradon		4	none	jvj_kadon_terradon	wh_main_monstrous_infantry_flying	trained			true	40.0000	1500.0000	wh2_main_lzd_cav_terradon_riders_0	60	80	10	vo_sel_default	vo_sel_generic	vo_sel_culture	1.0000	large	0	0	0	0	0	0	15	0	flying_melee_flanker	false	false	false	false	cant_capture	cant_capture	cant_capture			melee	1.0000	1.0000	false	false
kadon_kin_terrorgheist	10	wh2_main_bone_80	2100	inf_melee	40	inf_mel	wh_main_unit_long_text_vmp_terrorgheist	bi2_terrorgheist	wh_main_flying_terrorgheist_blood	41	47	45	16562		0	wh_main_vmp_terrorgheist		2	none	wh_main_unit_short_text_vmp_terrorgheist	wh_main_monster	trained			true	40.0000	1500.0000	wh_main_vmp_mon_terrorgheist	60	80	0	vo_sel_default	vo_sel_melee	vo_sel_culture	1.0000	large	0	0	0	0	0	0	0	0	flying_melee_flanker_undead	false	false	false	false	cant_capture	cant_capture	cant_capture			melee	1.0000	1.0000	false	false
kadon_kin_the_things_in_the_woods	10	wh2_main_leather_35	2100	inf_melee	46	spcl	wh3_dlc24_unit_long_text_ksl_mon_the_things_in_the_woods	hu8e_dlc24_thing_in_the_woods	wh3_dlc24_ksl_mon_the_things_in_the_woods	38	32	60	249		0	wh3_dlc24_ksl_mon_the_things_in_the_woods		6	none	wh3_dlc24_unit_short_text_ksl_mon_the_things_in_the_woods	wh3_dlc24_ksl_mon_the_things_in_the_woods	trained			true	40.0000	1500.0000	wh3_dlc24_ksl_mon_the_things_in_the_woods	160	160	0	vo_sel_beastmen_razorgor	vo_sel_default	vo_sel_culture	1.0000	large	0	0	0	0	0	20	0	0	melee_flanker_shock	false	false	false	false	low	low	domination_cav			melee	1.0000	1.0000	false	false
kadon_kin_toad_dragon	10	wh2_main_body_60	2100	inf_melee	42	inf_mel	wh3_dlc25_unit_long_text_nur_mon_toad_dragon	dr05_dlc25_toad_dragon	wh3_dlc25_nur_mon_toad_dragon	51	36	75	27924		0	wh3_dlc25_nur_mon_toad_dragon		2	none	wh3_dlc25_unit_short_text_nur_mon_toad_dragon	wh_colossal_unit	trained			true	40.0000	1500.0000	wh3_dlc25_nur_mon_toad_dragon	60	80	0	vo_sel_default	vo_sel_culture	vo_sel_culture	1.0000	large	0	0	0	0	0	0	25	0	melee_gatecrusher_highvalue	false	false	false	false	medium	medium	domination_monsters			melee	1.0000	1.0000	false	false
kadon_kin_tomb_scorpion	0	wh2_dlc10_bone_90	2100	inf_melee	45	inf_mel	wh2_dlc09_tmb_mon_tomb_scorpion	sc1_scorpion01	wh2_dlc09_tmb_mon_tomb_scorpion	35	33	55	12024		0	wh2_dlc09_tmb_scorpion_claws		2	none	wh2_dlc09_tmb_mon_tomb_scorpion	wh_main_monster	trained			true	40.0000	1500.0000	wh2_dlc09_tmb_mon_tomb_scorpion_0	60	80	0	vo_sel_default	vo_sel_default	vo_sel_culture	1.0000	large	0	0	0	20	0	0	0	0	melee_gatecrusher_undead	false	false	false	false	medium	medium	domination_monsters			melee	1.0000	1.0000	false	false
kadon_kin_tree_kin	0	wh2_main_body_90	2100	inf_melee	12	inf_mel	wh_dlc05_unit_long_text_wef_treekin	hc2_treekin	wh_dlc05_wef_monster_treekin	26	46	70	540		0	wh_dlc05_wef_treekin_claws		6	none	wh_dlc05_unit_short_text_wef_treekin	wh_main_monstrous_infantry	trained			true	40.0000	1500.0000	wh_dlc05_wef_mon_treekin_0	60	80	0	vo_sel_default	vo_sel_melee	vo_sel_culture	0.5000	elves_wef_large	0	0	-25	0	0	20	15	0	melee_gatecrusher	false	true	false	false	medium	medium	domination_monsters			melee	1.0000	1.0000	false	false
kadon_kin_treeman	0	wh2_main_body_110	2100	inf_melee	30	inf_mel	wh_dlc05_unit_long_text_wef_treemen	hu21_treeman	wh_dlc05_wef_inf_treeman	52	56	90	19640		0	wh_dlc05_wef_treeman_claws		2	none	wh_dlc05_unit_short_text_wef_treemen	wh_main_monster	trained			true	40.0000	1500.0000	wh_dlc05_wef_mon_treeman_0	60	80	0	vo_sel_default	vo_sel_melee	vo_sel_culture	0.5000	elves_wef_large	0	0	-25	0	0	20	15	0	melee_gatecrusher	false	true	false	false	medium	medium	domination_monsters			melee	1.0000	1.0000	false	false
kadon_kin_troglodon	10	wh2_main_body_95	2100	inf_melee	50	inf_mel	wh2_dlc17_unit_long_text_lzd_mon_troglodon	rp3b_dlc17_troglodon	wh2_dlc17_lzd_mon_troglodon	39	46	60	15024		0	wh2_dlc17_lzd_feral_troglodon	wh2_dlc17_lzd_troglodon_spit	2	none	wh2_dlc17_unit_short_text_lzd_mon_troglodon	wh_main_monster	trained			true	40.0000	1500.0000	wh2_dlc17_lzd_mon_troglodon_0	60	80	0	vo_sel_default	vo_sel_generic	vo_sel_culture	1.0000	aquatic_large	0	20	0	0	0	0	15	0	hybrid_highvalue	false	false	false	false	high	high	domination_monsters			archer	1.0000	1.0000	false	false
kadon_kin_trolls	10	wh2_main_body_40	2100	inf_melee	24	inf_mel	wh_main_unit_long_text_grn_trolls	hu4b_troll_club	wh_main_monster_troll_blood	34	32	45	486		0	wh_main_club_troll		6	none	wh_main_unit_short_text_grn_trolls	wh_main_monstrous_trolls	trained			true	40.0000	1500.0000	wh_main_grn_mon_trolls	60	80	0	vo_sel_default	vo_sel_melee	vo_sel_culture	1.0000	large	0	0	0	0	0	0	0	0	melee_gatecrusher	false	true	false	false	medium	medium	domination_monsters			melee	1.0000	1.0000	false	false
kadon_kin_unicorn	10	wh2_main_body_15	2100	inf_melee	72	cav_mel	jvj_kadon_unicorn	hr1_warhorse	kadon_unicorn	40	26	75	280		0	kadon_unicorn		6	none	jvj_kadon_unicorn	wh_dlc03_bst_razorgor	trained			true	40.0000	1500.0000	wh3_dlc25_emp_cha_engineer_warhorse	60	80	0	vo_sel_default	vo_sel_generic	vo_sel_culture	1.0000	large	0	0	0	40	0	0	0	20	mage_highvalue	false	false	false	false	medium	medium	domination_monsters			melee	1.0000	1.0000	false	false
kadon_kin_ushabti	10	wh2_dlc10_bone_90	2100	inf_melee	18	inf_mel	wh2_dlc09_tmb_mon_ushabti	hu6e_ushabti_dual_swords	wh2_dlc09_tmb_mon_ushabti	23	35	50	500		0	wh2_dlc09_dual_swords_ushabti		6	none	wh2_dlc09_tmb_mon_ushabti	wh_main_monstrous_trolls	trained			true	40.0000	1500.0000	wh2_dlc09_tmb_mon_ushabti_0	60	80	0	vo_sel_default	vo_sel_melee	vo_sel_culture	1.0000	large	0	0	0	0	0	0	0	0	melee_gatecrusher_undead	false	true	false	false	medium	medium	domination_monsters			melee	1.0000	1.0000	false	false
kadon_kin_vargheists	10	wh2_main_body_10	2100	inf_melee	26	inf_mel	wh_main_unit_long_text_vmp_vargheists	hu8b_vargheist	wh_main_flying_vargheists_blood	40	25	62	387		0	wh_main_vmp_claws_vargheist		6	none	wh_main_unit_short_text_vmp_vargheists	wh_main_monstrous_infantry	trained			true	40.0000	1500.0000	wh_main_vmp_mon_vargheists	60	80	0	vo_sel_default	vo_sel_melee	vo_sel_culture	1.0000	large	0	0	0	0	0	0	0	0	flying_melee_flanker_undead	false	false	false	false	cant_capture	cant_capture	cant_capture			melee	1.0000	1.0000	false	false
kadon_kin_varghulf	10	wh2_main_body_40	2100	inf_melee	50	inf_mel	wh_main_unit_long_text_vmp_varghulf	hu8b_varghulf	wh_main_monster_varghulf_blood	50	42	45	16480		0	wh_main_vmp_claws_varghulf		2	none	wh_main_unit_short_text_vmp_varghulf	wh_main_monster	trained			true	40.0000	1500.0000	wh_main_vmp_mon_varghulf	60	80	0	vo_sel_default	vo_sel_melee	vo_sel_culture	1.0000	large	0	0	0	0	0	0	0	0	melee_gatecrusher_shock_undead	false	false	false	false	medium	medium	domination_monsters			melee	1.0000	1.0000	false	false
kadon_kin_war_lions_of_chrace	10	wh2_main_leather_35	2100	inf_melee	40	inf_mel	wh2_dlc15_unit_long_text_hef_mon_war_lions_of_chrace	bc4_dlc15_lion	wh2_dlc15_hef_mon_war_lion	34	30	55	256		0	wh2_dlc15_hef_war_lion		6	none	wh2_dlc15_unit_short_text_hef_mon_war_lions_of_chrace	wh2_dlc15_hef_war_lions	trained			true	40.0000	1500.0000	wh2_dlc15_hef_mon_war_lions_of_chrace_0	60	80	0	vo_sel_marauders	vo_sel_generic	vo_sel_generic_short	1.0000	large	0	0	0	0	0	0	30	0	melee_flanker	false	false	false	false	low	low	domination_cav			melee	1.0000	1.0000	false	false
kadon_kin_war_mammoth	10	wh2_main_leather_50	2100	inf_melee	68	inf_mel	wh_dlc08_unit_long_text_nor_feral_mammoth	hq3_mammoth	wh_dlc08_nor_mon_mammoth_blood	30	28	60	25960		0	wh_dlc08_nor_mammoth_tusks		2	none	wh_dlc08_unit_short_text_nor_feral_mammoth	wh_main_monster	trained			true	40.0000	1500.0000	wh_dlc08_nor_mon_war_mammoth_0	60	80	0	vo_sel_default	vo_sel_default	vo_sel_culture	1.0000	large	0	0	0	0	0	0	15	0	melee_gatecrusher_shock	false	false	false	false	medium	medium	domination_monsters			melee	1.0000	1.0000	false	false
kadon_kin_wolf_rats	10	wh2_main_body_15	2100	inf_melee	30	inf_mel	wh2_dlc16_unit_long_text_skv_mon_wolf_rats	wf1_dlc16_wolf_rat	wh2_dlc16_skv_monster_wolf_rat_blood	28	19	34	75		0	wh2_dlc16_skv_wolf_rat_ap		12	none	wh2_dlc16_unit_short_text_skv_mon_wolf_rats	wh_main_war_beasts	trained			true	40.0000	1500.0000	wh2_dlc16_skv_mon_wolf_rats_0	60	80	0	vo_sel_default	vo_sel_melee	vo_sel_culture	1.0000	small	0	0	0	0	0	0	0	0	melee_flanker	false	false	false	false	high	high	domination_cav			melee	1.0000	1.0000	false	false
kadon_kin_wyvern	10	wh2_main_body_60	2100	inf_melee	80	inf_mel	wh2_dlc15_unit_long_text_grn_mon_wyvern_waaagh	bi2_wyvern	wh_main_flying_wyvern_blood	44	28	60	13264		0	wh_main_grn_wyvern		2	none	wh2_dlc15_unit_short_text_grn_mon_wyvern_waaagh	wh_main_monster	trained			true	40.0000	1500.0000	wh2_dlc15_grn_mon_wyvern_waaagh_0	60	80	0	vo_sel_default	vo_sel_culture	vo_sel_culture	1.0000	large	0	0	0	0	0	0	25	0	flying_melee_flanker	false	false	false	false	cant_capture	cant_capture	cant_capture			melee	1.0000	1.0000	false	false
kadon_kin_yhetees	10	wh2_main_body_40	2100	inf_melee	40	inf_mel	wh3_dlc26_unit_long_text_ogr_mon_yhetees	hu4i_dlc26_yhetee_sword_and_club	wh3_dlc26_ogr_mon_yhetees	38	34	70	510		0	wh3_dlc26_ogr_yhetee_ice_sword_club		6	none	wh3_dlc26_unit_short_text_ogr_mon_yhetees	wh_main_monstrous_trolls	trained			true	40.0000	1500.0000	wh3_dlc26_ogr_mon_yhetees	60	80	0	vo_sel_default	vo_sel_generic	vo_sel_culture	1.0000	large	0	0	-25	0	0	0	0	0	melee_highvalue	false	false	false	false	medium	medium	domination_monsters			melee	1.0000	1.0000	false	false
kadon_kin_zoats	10	wh2_main_body_60	2100	inf_melee	28	inf_mel	wh2_dlc16_unit_long_text_wef_mon_zoats	ce2_dlc16_zoat_2handed_mace	wh2_dlc16_wef_zoat_blood	30	40	75	518		0	wh2_dlc16_wef_zoat		4	none	wh2_dlc16_unit_short_text_wef_mon_zoats	wh_main_monstrous_infantry	trained			true	40.0000	1500.0000	wh2_dlc16_wef_mon_zoats	60	80	0	vo_sel_default	vo_sel_melee	vo_sel_culture	1.0000	elves_wef_large	0	0	0	0	0	0	25	0	melee_gatecrusher	false	true	false	false	high	high	domination_monsters			melee	1.0000	1.0000	false	false
