key	accuracy	armour	campaign_action_points	category	charge_bonus	class	historical_description_text	man_animation	man_entity	melee_attack	melee_defence	morale	bonus_hit_points	mount	num_mounts	primary_melee_weapon	primary_missile_weapon	rank_depth	shield	short_description_text	spacing	training_level	articulated_record	engine	is_male	visibility_spotting_range_min	visibility_spotting_range_max	attribute_group	spot_dist_tree	spot_dist_scrub	reload	selection_vo	selected_vo_secondary	selected_vo_tertiary	hiding_scalar	ground_stat_effect_group	secondary_ammo	primary_ammo	damage_mod_flame	damage_mod_magic	num_engines	damage_mod_physical	damage_mod_missile	damage_mod_all	ai_usage_group	can_skirmish	can_brace	mounted_draughts	sync_locomotion	capture_tier	key_building_capture_tier	score_capture_tier	harmony_amplification_type	first_person	ar_unit_category	healing_power	spell_mastery	infinite_secondary_ammo	default_guard_mode
#land_units_tables;54;db/land_units_tables/!!!!!!!2xunitsize_compat_pwner1_wh3_ete_unit_pack
10tze	10	wh2_main_body_30	2100	inf_melee	35	inf_mel	wh3_main_unit_long_text_tze_mon_lord_of_change_0	hu10c_exalted_lord_of_change_staff	wh_main_chs_lord_of_change_blood	45	45	60	10440		0	wh3_main_tze_lord_of_change_staff		2	none	10tze	wh2_dlc11_cst_rotting_prometheans	trained			true	40.0000	1500.0000	10tze	60	80	0	vo_sel_default	vo_sel_culture	vo_sel_culture	1.0000	large	0	0	0	0	0	20	0	0	flying_melee	false	false	false	false	cant_capture	cant_capture	cant_capture			melee	1.0000	1.0000	false	false
11tze	10	wh2_main_plate_50	2100	inf_melee	30	com	wh3_main_unit_long_text_dae_cha_daemon_prince_tze_MP	hu10e_dlc20_daemon_prince_1h_noarmoury	wh3_dlc20_chs_cha_daemon_prince_mtze	55	55	80	10184		0	wh3_main_dae_daemon_prince_tzeentch_staff_MP		2	none	11tze	wh2_dlc11_cst_rotting_prometheans	trained			true	40.0000	1500.0000	11tze	60	80	0	vo_sel_default	vo_sel_culture	vo_sel_culture	1.0000	large	0	0	0	0	0	20	0	0	flying_melee_highvalue	false	true	false	false	cant_capture	cant_capture	cant_capture				1.0000	1.0000	false	false
12dae	10	wh2_main_body_45	2100	inf_melee	55	com	wh3_main_unit_long_text_dae_cha_daemon_prince_0	hu10_belakor	wh3_main_dae_cha_be_lakor	70	55	80	11192		0	wh3_main_dae_belakor_sword		2	none	12dae	wh2_dlc11_cst_rotting_prometheans	trained			true	40.0000	1500.0000	12dae	60	80	0	vo_sel_default	vo_sel_culture	vo_sel_culture	1.0000	large	0	0	0	0	0	20	0	0	flying_melee_highvalue	false	true	false	false	cant_capture	cant_capture	cant_capture				1.0000	1.0000	false	false
1dae	10	wh2_main_plate_60	2100	inf_melee	50	com	wh3_main_unit_long_text_dae_cha_daemon_prince_0	hu10e_wh3_daemon_prince_1h	wh3_main_dae_cha_daemon_prince_generic	55	55	90	10184		0	wh3_main_dae_daemon_prince_flame		2	none	1dae	wh2_dlc11_cst_rotting_prometheans	trained			true	40.0000	1500.0000	1dae	60	80	0	vo_sel_default	vo_sel_culture	vo_sel_culture	1.0000	large	0	0	0	0	0	20	0	0	flying_melee_highvalue	false	true	false	false	cant_capture	cant_capture	cant_capture				1.0000	1.0000	false	false
1wyrm	10	wh2_main_body_70	2100	war_beast	57	cav_mel	wh_dlc08_unit_long_text_nor_frost_wyrm	hu1c_chaos_dr1b_chaos_dragon_wb_sword_and_shield	wh_main_infantry_rider	45	41	70	20448	1wyrm	16	wh_dlc08_nor_wyrm		4	wh_missile_block_35_metal	1wyrm	wh2_dlc15_super_monstrous_cavalry_flying	trained			true	40.0000	1500.0000	1wyrm	60	80	0	vo_sel_default	vo_sel_generic	vo_sel_culture	1.0000	large	0	0	-25	0	0	0	15	0	flying_melee_flanker_shock_highvalue	false	false	false	false	cant_capture	cant_capture	cant_capture				1.0000	1.0000	false	false
2dae	10	wh2_main_heavy_metal_120	2100	inf_melee	50	com	wh3_main_unit_long_text_dae_cha_daemon_prince_0	hu10e_dlc20_daemon_prince_1h_noarmoury	wh3_dlc20_chs_cha_daemon_prince	55	55	90	10184		0	wh3_main_dae_daemon_prince_sword_MP		2	none	2dae	wh2_dlc11_cst_rotting_prometheans	trained			true	40.0000	1500.0000	2dae	60	80	0	vo_sel_default	vo_sel_culture	vo_sel_culture	1.0000	large	0	0	80	0	0	20	0	0	flying_melee_highvalue	false	true	false	false	cant_capture	cant_capture	cant_capture				1.0000	1.0000	false	false
2mammoth	10	wh2_main_leather_50	2100	war_beast	68	inf_mel	wh_dlc08_unit_long_text_nor_feral_mammoth	hu1c_norsca_wm_chaos_chariot_throwing_axes	wh_main_infantry_rider	30	28	50	33520	2mammoth	16	wh_dlc08_nor_mammoth_tusks		4	none	2mammoth	wh_dlc08_nor_mammoth_herd_ror	trained			true	40.0000	1500.0000	2mammoth	60	80	0	vo_sel_default	vo_sel_cavalry	vo_sel_culture	1.0000	large	0	50	0	0	0	0	15	0	melee_gatecrusher_highvalue	false	false	false	false	medium	medium	domination_monsters			melee	1.0000	1.0000	false	false
3dae	10	wh2_main_heavy_metal_90	2100	inf_ranged	30	spcl	wh3_main_unit_long_text_nur_mon_soul_grinder_0	hc7_wh3_nurgle_soul_grinder	wh3_main_monster_nur_soul_grinder_blood	42	35	55	6680		0	wh3_main_nurgle_soul_grinder	wh3_main_nur_soul_grinder_bombard	2	none	wh3_main_sla_mon_soul_grinder_0_ete	wh_dlc08_nor_mammoth_herd_ror	trained			true	40.0000	1500.0000	wh3_main_nur_mon_soul_grinder_0	60	80	0	vo_sel_default	vo_sel_default	vo_sel_culture	1.0000	large	0	15	0	0	0	20	0	0	ranged_no_skirmish_gatecrusher	false	false	false	false	medium	medium	domination_monsters			artillery	1.0000	1.0000	false	false
3manticore	10	wh2_main_body_80	2100	war_beast	50	cav_mel	wh3_dlc20_unit_long_text_chs_chaos_lord_all_und	hu1c_chaos_bc3_manticore_wb_sword_and_shield	wh_main_infantry_rider	55	34	66	8520	3manticore	8	wh_dlc01_chs_manticore_exalted_hero		2	wh_missile_block_35_metal	3manticore	wh2_dlc15_super_monstrous_cavalry_flying	trained			true	40.0000	1500.0000	3manticore	60	80	0	vo_sel_chaos_knights	vo_sel_cavalry	vo_sel_culture	1.0000	large	0	0	0	0	0	0	15	0	flying_melee_flanker_shock_highvalue	false	false	false	false	cant_capture	cant_capture	cant_capture				1.0000	1.0000	false	false
3manticore_kho	10	wh2_main_heavy_metal_130	2100	war_beast	50	cav_mel	wh3_dlc20_unit_long_text_chs_chaos_lord_all_und	hu1c_dlc26_bc4_flesh_hound_arbaal_axe	wh3_dlc20_chs_cha_lord_hero	70	33	75	7928	wh3_dlc26_kho_mnt_flesh_hound_of_khorne_arbaal_ete	16	wh3_dlc20_chs_cha_exalted_hero_mnur_great_axe_rot_beast_ete		4	wh_missile_block_35_metal	3manticore_sla	wh2_dlc09_necroserpents	trained			true	40.0000	1500.0000	3manticore_kho	60	80	0	vo_sel_chaos_knights	vo_sel_cavalry	vo_sel_dlc20_chaos_faction_leader	1.0000	large	0	0	0	20	0	0	0	0	flying_melee_flanker_shock_highvalue	false	false	false	false	cant_capture	cant_capture	cant_capture				1.0000	1.0000	false	false
3manticore_nur	10	wh2_main_heavy_metal_100	2100	war_beast	65	cav_mel	wh3_dlc20_unit_long_text_chs_chaos_lord_all_und	hu1c_b4c_exalted_hero_nur_rot_beast_2hax	wh3_dlc20_chs_cha_hero_mnur	60	43	75	8868	wh3_dlc25_nur_mnt_rot_beast_hero_ete	8	wh3_dlc20_chs_cha_exalted_hero_mnur_great_axe_rot_beast		2	none	3manticore_sla	wh2_dlc09_necroserpents	trained			true	40.0000	1500.0000	3manticore_nur	60	80	0	vo_sel_chaos_knights	vo_sel_cavalry	vo_sel_dlc20_chaos_faction_leader	1.0000	large	0	0	0	0	0	0	0	0	flying_melee_flanker_shock_highvalue	false	false	false	false	cant_capture	cant_capture	cant_capture				1.0000	1.0000	false	false
3manticore_sla	10	wh2_main_heavy_metal_90	2100	war_beast	65	cav_mel	wh3_dlc20_unit_long_text_chs_chaos_lord_all_und	hu1c_dlc27_chaos_sn1b_daemonic_steed_sword_and_shield	wh3_dlc20_chs_cha_lord_msla	55	48	75	7328	wh3_dlc27_sla_mnt_daemonic_steed_lord	8	wh3_dlc27_chs_sword_lord_daemonic_steed		2	wh_missile_block_55_metal	3manticore_sla	wh2_dlc09_necroserpents	trained			true	40.0000	1500.0000	3manticore_sla	60	80	0	vo_sel_chaos_knights	vo_sel_generic	vo_sel_dlc20_chaos_faction_leader	1.0000	large	0	0	0	0	0	5	0	0	flying_melee_flanker_shock_highvalue	false	false	false	false	cant_capture	cant_capture	cant_capture				1.0000	1.0000	false	false
3manticore_tze	10	wh2_main_heavy_metal_100	2100	war_beast	35	cav_mel	wh3_dlc20_unit_long_text_chs_chaos_lord_all_und	hu1c_dlc24_chaos_lord_tzeentch_wm_disc01_halberd_and_shield	wh3_dlc20_chs_cha_chaos_lord_hero_mtze_disc	40	53	75	6328		0	wh3_dlc24_chs_cha_exalted_hero_mtze_halberd		2	wh_missile_block_55_metal	3manticore_sla	wh2_dlc09_necroserpents	trained			true	40.0000	1500.0000	3manticore_tze	60	80	0	vo_sel_chaos_knights	vo_sel_cavalry	vo_sel_dlc20_chaos_faction_leader	1.0000	large	0	0	0	0	0	0	0	0	flying_melee_flanker_shock_highvalue	false	false	false	false	cant_capture	cant_capture	cant_capture				1.0000	1.0000	false	false
4dragon	10	wh2_main_body_70	2100	war_beast	50	cav_mel	wh3_dlc20_unit_long_text_chs_chaos_lord_all_und	hu1c_chaos_dr1b_chaos_dragon_wb_sword_and_shield	wh_main_infantry_rider	54	44	60	10632	wh_dlc01_chs_mnt_dragon	8	wh_dlc01_chs_dragon		2	wh_missile_block_35_metal	4dragon	wh_dlc08_nor_mammoth_herd_ror	trained			true	40.0000	1500.0000	4dragon	60	80	0	vo_sel_chaos_knights	vo_sel_cavalry	vo_sel_culture	1.0000	large	0	0	0	0	0	0	10	0	flying_melee_flanker_shock_highvalue	false	false	false	false	cant_capture	cant_capture	cant_capture				1.0000	1.0000	false	false
4dragon_kho	10	wh2_main_body_70	2100	war_beast	50	cav_mel	wh3_dlc20_unit_long_text_chs_chaos_lord_all_und	hu1c_chaos_dr1b_chaos_dragon_wb_sword_and_shield	wh_main_infantry_rider	59	39	60	10632	4dragon_kho	8	wh_dlc01_chs_dragon_kho		2	wh_missile_block_35_metal	4dragon_kho	wh_dlc08_nor_mammoth_herd_ror	trained			true	40.0000	1500.0000	4dragon_kho	60	80	0	vo_sel_chaos_knights	vo_sel_cavalry	vo_sel_culture	1.0000	large	0	0	0	20	0	5	10	0	flying_melee_flanker_shock_highvalue	false	false	false	false	cant_capture	cant_capture	cant_capture				1.0000	1.0000	false	false
4dragon_nur	10	wh2_main_body_70	2100	war_beast	50	cav_mel	wh3_dlc20_unit_long_text_chs_chaos_lord_all_und	hu1c_chaos_dr1b_chaos_dragon_wb_sword_and_shield	wh_main_infantry_rider	49	49	60	11632	4dragon_nur	8	wh_dlc01_chs_dragon_nur		2	wh_missile_block_35_metal	4dragon_nur	wh_dlc08_nor_mammoth_herd_ror	trained			true	40.0000	1500.0000	4dragon_nur	60	80	0	vo_sel_chaos_knights	vo_sel_cavalry	vo_sel_culture	1.0000	large	0	0	0	0	0	0	10	0	flying_melee_flanker_shock_highvalue	false	false	false	false	cant_capture	cant_capture	cant_capture				1.0000	1.0000	false	false
4dragon_sla	10	wh2_main_body_70	2100	war_beast	50	cav_mel	wh3_dlc20_unit_long_text_chs_chaos_lord_all_und	hu1c_chaos_dr1b_chaos_dragon_wb_sword_and_shield	wh_main_infantry_rider	55	41	60	21264	4dragon_sla	16	wh_dlc01_chs_dragon_sla		4	wh_missile_block_35_metal	4dragon_sla	wh_dlc08_nor_mammoth_herd_ror	trained			true	40.0000	1500.0000	4dragon_sla	60	80	0	vo_sel_chaos_knights	vo_sel_cavalry	vo_sel_culture	1.0000	large	0	0	0	0	0	0	10	0	flying_melee_flanker_shock_highvalue	false	false	false	false	cant_capture	cant_capture	cant_capture				1.0000	1.0000	false	false
4dragon_tze	10	wh2_main_body_70	2100	war_beast	50	cav_mel	wh3_dlc20_unit_long_text_chs_chaos_lord_all_und	hu1c_chaos_dr1b_chaos_dragon_wb_sword_and_shield	wh_main_infantry_rider	50	46	60	10632	4dragon_tze	8	wh_dlc01_chs_dragon_tze		2	wh_missile_block_35_metal	4dragon_tze	wh_dlc08_nor_mammoth_herd_ror	trained			true	40.0000	1500.0000	4dragon_tze	60	80	0	vo_sel_chaos_knights	vo_sel_cavalry	vo_sel_culture	1.0000	large	0	0	0	0	0	0	10	0	flying_melee_flanker_shock_highvalue	false	false	false	false	cant_capture	cant_capture	cant_capture				1.0000	1.0000	false	false
4kho	10	wh2_main_body_70	2100	inf_melee	55	inf_mel	wh3_main_unit_long_text_kho_mon_bloodthirster_0	hu10_wh3_bloodthirster_great_axe	wh3_main_kho_mon_bloodthirster	60	44	60	12048		0	wh3_main_kho_bloodthirster_axe		2	none	4kho	wh2_dlc11_cst_rotting_prometheans	trained			true	40.0000	1500.0000	4kho	60	80	0	vo_sel_default	vo_sel_culture	vo_sel_culture	1.0000	large	0	0	0	35	0	20	0	0	flying_melee_flanker	false	false	false	false	cant_capture	cant_capture	cant_capture			melee	1.0000	1.0000	false	false
5kho	10	wh2_dlc15_heavy_metal_60	2100	inf_melee	50	com	wh3_main_unit_long_text_dae_cha_daemon_prince_kho_MP	hu10e_wh3_daemon_prince_2h_sword	wh3_dlc20_chs_cha_daemon_prince_mkho	55	50	80	10184		0	wh3_main_dae_daemon_prince_khorne_axe_MP		2	none	5kho	wh2_dlc11_cst_rotting_prometheans	trained			true	40.0000	1500.0000	5kho	60	80	0	vo_sel_default	vo_sel_culture	vo_sel_culture	1.0000	large	0	0	0	40	0	20	0	0	flying_melee_highvalue	false	true	false	false	cant_capture	cant_capture	cant_capture				1.0000	1.0000	false	false
6nur	10	wh2_main_body_50	2100	inf_melee	20	inf_mel	wh3_main_unit_long_text_nur_mon_great_unclean_one_0	hu9b_wh3_great_unclean_one_sword	wh3_main_monster_great_unclean_one	55	45	75	18304		0	wh3_main_great_unclean_one		2	none	6nur	wh2_dlc11_cst_rotting_prometheans	trained			true	40.0000	1500.0000	6nur	60	80	0	vo_sel_default	vo_sel_culture	vo_sel_culture	1.0000	large	0	0	0	0	0	10	0	0	melee_highvalue	false	true	false	false	cant_capture	cant_capture	cant_capture				1.0000	1.0000	false	false
7nur	10	wh2_main_body_50	2100	inf_melee	35	com	wh3_main_unit_long_text_dae_cha_daemon_prince_nur_MP	hu10e_dlc20_daemon_prince_1h_noarmoury	wh3_dlc20_chs_cha_daemon_prince_mnur	45	55	80	11184		0	wh3_dlc20_chs_daemon_prince_mnur		2	none	7nur	wh2_dlc11_cst_rotting_prometheans	trained			true	40.0000	1500.0000	7nur	60	80	0	vo_sel_default	vo_sel_culture	vo_sel_culture	1.0000	large	0	0	0	0	0	10	0	0	flying_melee_highvalue	false	true	false	false	cant_capture	cant_capture	cant_capture				1.0000	1.0000	false	false
8sla	10	wh2_main_body_15	2100	inf_melee	60	inf_mel	wh3_main_unit_long_text_sla_mon_keeper_of_secrets_0	hu16b_wh3_keepers_secrets	wh3_main_monster_keeper_of_secrets	60	50	60	10440		0	wh3_main_sla_keeper_of_secrets_sword		2	wh_missile_block_20_metal	8sla	wh2_dlc11_cst_rotting_prometheans	trained			true	40.0000	1500.0000	8sla	60	80	0	vo_sel_default	vo_sel_melee	vo_sel_culture	1.0000	large	0	0	0	0	0	20	0	0	melee_gatecrusher	false	true	false	false	medium	medium	domination_monsters			melee	1.0000	1.0000	false	false
9sla	10	wh2_main_plate_50	2100	inf_melee	50	com	wh3_main_unit_long_text_dae_cha_daemon_prince_sla_MP	hu10e_dlc20_daemon_prince_1h_noarmoury	wh3_dlc20_chs_cha_daemon_prince_msla	45	45	80	10040		0	wh3_dlc20_chs_daemon_prince_msla		2	none	9sla	wh2_dlc11_cst_rotting_prometheans	trained			true	40.0000	1500.0000	9sla	60	80	0	vo_sel_default	vo_sel_culture	vo_sel_culture	1.0000	large	0	0	0	0	0	25	0	0	flying_melee_highvalue	false	true	false	false	cant_capture	cant_capture	cant_capture				1.0000	1.0000	false	false
def_rider_1	0	wh2_main_body_45	2100	war_beast	50	cav_mel	wh2_main_unit_long_text_def_cha_death_hag_0	hu1b_elf_bc3_manticore_wb_dual_sword	wh2_main_cavalry_rider_standard_hero	40	34	56	4095	wh2_dlc10_def_mnt_manticore	8	wh_dlc03_bst_manticore		2	none	def_rider_1	wh_main_chariot	trained			false	40.0000	1500.0000	def_rider_1	60	80	0	vo_sel_default	vo_sel_melee	vo_sel_culture	1.0000	large	0	0	0	0	0	0	10	0	flying_melee_highvalue	false	false	false	false	cant_capture	cant_capture	cant_capture				1.0000	1.0000	false	false
def_rider_2	10	wh2_main_body_80	2100	war_beast	65	cav_mel	wh2_dlc14_unit_long_text_def_cha_high_beastmaster	hu1d_dlc14_bc3_manticore_wb_beastmaster_spear_whip	wh2_main_cavalry_rider_standard_hero	55	45	80	4260	wh2_dlc10_def_mnt_manticore_1	8	wh2_dlc14_def_high_beastmaster_manticore		2	none	def_rider_2	wh_main_chariot	trained			true	40.0000	1500.0000	def_rider_2	60	80	0	vo_sel_default	vo_sel_melee	vo_sel_culture	1.0000	large	0	0	0	0	0	0	10	0	flying_melee_highvalue	false	false	false	false	cant_capture	cant_capture	cant_capture				1.0000	1.0000	false	false
def_rider_3	10	wh2_main_body_90	2100	war_beast	65	cav_mel	wh2_main_unit_long_text_def_inf_black_guard_0	hu1d_elf_dr1_dragon_wb_malekith_sword_and_shield	wh2_main_def_infantry_hero_blood	55	45	80	5460	wh2_main_def_mnt_black_dragon_seraphon	8	wh2_twa03_def_rakarth_black_dragon		2	none	def_rider_3	wh_dlc08_nor_mammoth_herd_ror	trained			true	40.0000	1500.0000	def_rider_3	60	80	0	vo_sel_def_Black_Guard_of_Naggarond	vo_sel_melee	vo_sel_culture	1.0000	large	0	0	0	0	0	15	10	0	flying_melee_highvalue	false	false	false	false	cant_capture	cant_capture	cant_capture				1.0000	1.0000	false	false
def_rider_4	10	wh2_main_body_90	2100	war_beast	50	cav_mel	wh2_dlc14_unit_long_text_def_cha_high_beastmaster	hu1d_twa03_wb_dr1_rakarth_spear_whip	wh2_main_cavalry_rider_standard_hero	50	46	60	5316	wh2_main_def_mnt_black_dragon	8	wh2_main_def_black_dragon		2	none	def_rider_4	wh_dlc08_nor_mammoth_herd_ror	trained			true	40.0000	1500.0000	def_rider_4	60	80	0	vo_sel_default	vo_sel_melee	vo_sel_culture	1.0000	large	0	0	0	0	0	0	10	0	flying_hybrid_highvalue	false	false	false	false	cant_capture	cant_capture	cant_capture				1.0000	1.0000	false	false
hef_rider_1	10	wh2_main_plate_120	2100	war_beast	90	cav_mel	wh2_main_unit_long_text_hef_cha_noble_3	hu1d_elf_hr1_warhorse_lance_sword_shield	wh_main_cavalry_rider_standard_blood_fireborn	40	48	85	3520	wh2_main_hef_mnt_dragon_princes_ete	8	wh2_dlc15_hef_imrik_lance_ete		2	wh_missile_block_35_metal	hef_rider_1	wh3_main_cth_crane_gunners	trained			true	40.0000	1500.0000	hef_rider_1	60	80	0	vo_sel_hef_Phoenix_Guard	vo_sel_cavalry	vo_sel_culture	1.0000	large	0	0	0	0	0	0	0	0	flying_melee_highvalue	false	false	false	false	cant_capture	cant_capture	cant_capture				1.0000	1.0000	false	false
hef_rider_2	0	wh2_main_bone_110	2100	war_beast	65	cav_mel	wh2_dlc15_unit_long_text_hef_cha_imrik	hu1d_hef_imrik_dlc15_wb_dr1_dragon_lance_horn	wh2_main_cavalry_rider_standard_hero	77	61	75	5808	wh2_dlc15_hef_mnt_star_dragon_minaithnir	8	wh2_dlc15_hef_imrik_star_dragon_minaithnir		2	none	hef_rider_2	wh_dlc08_nor_mammoth_herd_ror	trained			true	40.0000	1500.0000	hef_rider_2	60	80	0	vo_sel_default	vo_sel_melee	vo_sel_culture	1.0000	large	0	0	0	0	0	0	10	0	flying_melee_highvalue	false	false	false	false	cant_capture	cant_capture	cant_capture				1.0000	1.0000	false	false
hef_rider_3	10	wh2_main_body_80	2100	war_beast	40	cav_mel	wh2_main_unit_long_text_hef_mon_phoenix_frostheart	hu1d_elf_bi1_eagle_wb_halberd	wh2_main_cavalry_rider_standard_hero	50	58	75	4190	wh3_dlc27_hef_mnt_ashtari	8	wh3_dlc27_hef_caradryan_ashtari		2	none	hef_rider_3	wh_main_chariot	trained			true	40.0000	1500.0000	hef_rider_3	60	80	0	vo_sel_default	vo_sel_cavalry	vo_sel_culture	1.0000	large	0	0	0	15	0	0	0	0	flying_melee_flanker_shock_highvalue	false	false	false	false	cant_capture	cant_capture	cant_capture				1.0000	1.0000	false	false
hef_rider_4	10	wh2_main_body_30	2100	war_beast	54	cav_mel	wh2_main_unit_long_text_hef_mon_phoenix_flamespyre	hu1d_elf_bi1_eagle_wb_sword_and_shield	wh2_main_cavalry_rider_standard_hero	42	30	60	3820	flamer_phoenix	8	wh2_main_hef_flamespyre_phoenix		2	wh_missile_block_35_metal	hef_rider_4	wh_main_chariot	trained			true	40.0000	1500.0000	hef_rider_4	60	80	0	vo_sel_hef_Phoenix_Guard	vo_sel_culture	vo_sel_culture	1.0000	large	0	0	0	0	0	0	0	0	flying_melee_flanker_shock_highvalue	false	false	false	false	cant_capture	cant_capture	cant_capture				1.0000	1.0000	false	false
hef_rider_5	10	wh2_main_body_50	2100	war_beast	62	cav_mis	wh2_main_unit_long_text_hef_cha_noble_3	hu1b_elf_bi1_eagle_wb_sword_and_bow	wh2_main_cavalry_rider_standard_hero	44	30	65	3085	wh2_main_hef_mnt_great_eagle	8	wh_dlc05_wef_great_eagle	wh2_dlc10_hef_longbow_arrow_handmaiden	2	none	hef_rider_5	wh_main_chariot	trained			false	40.0000	1500.0000	hef_rider_5	60	80	0	vo_sel_missile	vo_sel_generic	vo_sel_generic_short	1.0000	large	0	20	0	0	0	0	0	0	flying_hybrid_highvalue	true	false	false	false	cant_capture	cant_capture	cant_capture				1.0000	1.0000	false	false
hef_rider_6	10	wh2_main_body_70	2100	war_beast	65	cav_mel	wh2_main_unit_long_text_hef_cha_prince_4	hu1d_elf_dr1_dragon_wb_sword_and_shield	wh2_main_cavalry_rider_standard_hero	46	44	60	5000	wh2_main_hef_mnt_sun_dragon	8	wh2_main_hef_sun_dragon		2	none	hef_rider_6	wh_dlc08_nor_mammoth_herd_ror	trained			true	40.0000	1500.0000	hef_rider_6	60	80	0	vo_sel_hef_The_Fireborn	vo_sel_cavalry	vo_sel_culture	1.0000	large	0	0	0	0	0	0	10	0	flying_melee_highvalue	false	false	false	false	cant_capture	cant_capture	cant_capture				1.0000	1.0000	false	false
hef_rider_7	10	wh2_main_plate_100	2100	cavalry	90	cav_shk	wh2_main_unit_long_text_hef_cav_dragon_princes	hu1d_hef_imrik_dlc15_hr1_warhorse_lance_horn	wh2_main_hef_infantry_hero_tyrion_blood	52	54	95	3690	wh2_dlc15_hef_mnt_dragon_princes_imrik	8	wh2_dlc15_hef_imrik_lance		2	none	hef_rider_7	wh3_main_cth_crane_gunners	trained			true	40.0000	1500.0000	hef_rider_7	60	80	0	vo_sel_hef_The_Fireborn	vo_sel_cavalry	vo_sel_culture	1.0000	large	0	0	35	0	0	20	0	0	melee_flanker_shock	false	false	false	false	low	low	domination_cav			melee	1.0000	1.0000	false	false
hef_rider_8	10	wh2_main_chainmail_40	2100	artillery	12	art_fld	wh2_main_unit_long_text_hef_art_eagle_claw_bolt_thrower	hu1d_elf_sword	wh2_main_hef_infantry_heavy_blood_dismembers	31	22	70	55		0	wh2_main_def_sword		6	none	hef_rider_8	wh_main_artillery	trained		wh2_main_hef_art_eagle_claw_bolt_thrower	true	40.0000	1500.0000	hef_rider_8	60	80	0	vo_sel_hef_Eagle_Claw_Bolt_Thrower	vo_sel_artillery	vo_sel_generic	1.0000	small	0	19	0	0	24	0	0	0	ranged_direct_arty	false	false	false	false	medium	medium	domination_artillery		wh_dlc06_dwf_art_bolt_thrower	artillery	1.0000	1.0000	false	false
lzd_rider_1	10	wh2_main_body_120	2100	war_beast	30	inf_mel	wh2_dlc13_unit_long_text_lzd_dread_saurian	hu9_dlc12_kroak	wh2_main_lzd_slann_mage	64	41	80	19968	dread	8	dread		2	none	lzd_rider_1	wh_dlc08_nor_mammoth_herd_ror	trained			true	40.0000	1500.0000	lzd_rider_1	60	80	0	vo_sel_default	vo_sel_generic	vo_sel_generic	1.0000	large	0	0	0	0	0	10	0	0	hybrid_gatecrusher	false	false	false	false	medium	medium	domination_monsters				1.0000	1.0000	false	false
lzd_rider_2	0	wh2_main_body_95	2100	war_beast	67	com	wh2_main_unit_long_text_lzd_cha_saurus_scar_veteran_2	hu7b_saurus_rp3b_carnosaur_wb_club_and_shield	wh2_main_lzd_warbeast_rider_360_hero_blood	56	50	60	11920	carno_1	8	wh2_main_lzd_cha_kroq_gar_grymloq		2	none	lzd_rider_2	wh3_main_ogr_mournfangs	trained			true	40.0000	1500.0000	lzd_rider_2	60	80	0	vo_sel_default	vo_sel_generic	vo_sel_culture	1.0000	large	0	0	0	0	0	15	0	0	melee_gatecrusher_shock	false	false	false	false	medium	medium	domination_monsters				1.0000	1.0000	false	false
lzd_rider_3	0	wh2_main_body_95	2100	war_beast	50	inf_mel	wh2_main_unit_long_text_lzd_mon_carnosaur_0	hu7b_saurus_rp3b_carnosaur_wb_club_and_shield	wh2_main_lzd_warbeast_rider_360_hero_blood	45	40	60	11272	carno_2	8	wh2_main_lzd_feral_carnosaur		2	none	lzd_rider_3	wh3_main_ogr_mournfangs	trained			true	40.0000	1500.0000	lzd_rider_3	60	80	0	vo_sel_default	vo_sel_generic	vo_sel_culture	1.0000	large	0	0	0	0	0	0	0	0	melee_gatecrusher_highvalue	false	false	false	false	medium	medium	domination_monsters				1.0000	1.0000	false	false
lzd_rider_4	10	wh2_main_body_140	2100	war_beast	34	inf_mis	wh2_main_unit_long_text_lzd_mon_bastiladon_2	hu9_dlc12_kroak	wh2_main_lzd_slann_mage	22	28	65	11380	bastil	8	bastiladon		2	none	lzd_rider_4	wh_main_chariot	trained			true	40.0000	1500.0000	lzd_rider_4	60	80	0	vo_sel_default	vo_sel_generic	vo_sel_culture	1.0000	large	0	0	0	0	0	0	0	0	melee_mage_highvalue	false	false	false	false	medium	medium	domination_monsters				1.0000	1.0000	false	false
lzd_rider_5	10	wh2_main_body_95	2100	war_beast	50	com	wh2_dlc17_unit_long_text_lzd_cha_skink_oracle_troglodon	hu7_dlc17_rp3b_wb_oracle_club	wh2_dlc17_lzd_warbeast_rider_60_hero_blood_low_kb_resist	39	46	60	10024	wh2_dlc17_lzd_mnt_troglodon	8	wh2_dlc17_lzd_feral_troglodon	wh2_dlc17_lzd_troglodon_spit	2	none	lzd_rider_5	wh3_main_ogr_mournfangs	trained			true	40.0000	1500.0000	lzd_rider_5	60	80	0	vo_sel_default	vo_sel_generic	vo_sel_culture	1.0000	large	0	12	0	0	0	0	0	0	hybrid_mage_highvalue	false	false	false	false	medium	medium	domination_monsters				1.0000	1.0000	false	false
lzd_rider_6	10	wh2_main_body_140	2100	war_beast	34	inf_mis	wh2_main_unit_long_text_lzd_mon_bastiladon_2	hu7_skink_hq1_stegadon_wb_javelin	wh2_main_lzd_mon_bastiladon_platform	22	28	60	11380	wh2_main_lzd_mnt_bastiladon_2	8	wh2_main_lzd_bastiladon	wh2_main_lzd_bastiladon_solar_engine	2	none	lzd_rider_6	wh_main_chariot	trained			true	40.0000	1500.0000	wh2_main_lzd_mon_bastiladon_2	60	80	0	vo_sel_default	vo_sel_generic	vo_sel_culture	1.0000	large	30	12	0	0	0	0	0	0	ranged_no_skirmish_gatecrusher	false	false	false	false	medium	medium	domination_monsters				1.0000	1.0000	false	false
vmp_rider_1	10	wh2_main_body_70	2100	war_beast	40	cav_mel	wh_dlc02_unit_long_text_vmp_blood_knights	hu1_vampire_counts_dr1_zombie_dragon_wb_sword_and_shield	wh_main_infantry_standard_large_blood	54	46	65	10256	wh_main_vmp_mnt_dragon_zombie_1	8	wh_main_vmp_hero_zombie_dragon		2	wh_missile_block_35_metal	vmp_rider_1	wh_dlc08_nor_mammoth_herd_ror	trained			true	40.0000	1500.0000	vmp_rider_1	60	80	0	vo_sel_vampire_bloodknight	vo_sel_cavalry	vo_sel_culture	1.0000	large	0	0	0	0	0	0	10	0	flying_melee_highvalue	false	false	false	false	cant_capture	cant_capture	cant_capture				1.0000	1.0000	false	false
vmp_rider_2	10	wh2_main_body_70	2100	war_beast	40	cav_mel	wh2_dlc11_unit_long_text_cst_inf_depth_guard	hu1_cst_noctilus_gi2_colossus_wb_2handed_axe	wh2_dlc11_cst_infantry_depth_guard_blood_dismembers	54	46	65	10256	wh_main_vmp_mnt_dragon_zombie_2	8	wh_main_vmp_hero_zombie_dragon		2	none	vmp_rider_2	wh_dlc08_nor_mammoth_herd_ror	trained			true	40.0000	1500.0000	vmp_rider_2	60	80	0	vo_sel_default	vo_sel_melee	vo_sel_culture	1.0000	aquatic_large	0	0	0	0	0	0	10	0	flying_melee_highvalue	false	false	false	false	cant_capture	cant_capture	cant_capture				1.0000	1.0000	false	false
vmp_rider_3	10	wh2_main_bone_80	2100	war_beast	45	cav_mel	wh_dlc04_unit_long_text_vmp_strigoi_ghoul_king	hu8_strigoi_bi2_terrorgheist_wb	wh_dlc04_vmp_strigoi_blood	52	47	45	10562	wh_dlc04_vmp_mnt_terrorgheist	8	wh_main_vmp_terrorgheist		2	none	vmp_rider_3	wh_dlc08_nor_mammoth_herd_ror	trained			true	40.0000	1500.0000	vmp_rider_3	60	80	0	vo_sel_default	vo_sel_generic	vo_sel_default	1.0000	large	0	0	0	0	0	0	10	0	flying_melee_highvalue	false	false	false	false	cant_capture	cant_capture	cant_capture				1.0000	1.0000	false	false
vmp_rider_4	10	wh2_main_bone_80	2100	war_beast	40	cav_mel	wh2_dlc11_unit_long_text_cst_mon_terrorgheist	bi2_terrorgheist	wh_main_infantry_standard_large_blood	41	47	45	10562	wh2_dlc11_cst_mnt_terrorgheist	8	wh2_dlc11_cst_terrorgheist		2	none	vmp_rider_4	wh_dlc08_nor_mammoth_herd_ror	trained			true	40.0000	1500.0000	vmp_rider_4	60	80	0	vo_sel_default	vo_sel_melee	vo_sel_culture	1.0000	aquatic_large	0	20	0	0	0	0	0	0	flying_melee_flanker	false	false	false	false	cant_capture	cant_capture	cant_capture				1.0000	1.0000	false	false
vmp_rider_5	10	wh2_main_body_75	2100	war_beast	20	inf_mis	wh2_dlc11_unit_long_text_cst_mon_necrofex_colossus	hu1_cst_zombie_gi2_colossus_wb_crew_1	wh2_dlc11_cst_mon_necrofex_colossus	41	47	45	13162	wh2_dlc11_cst_mnt_necrofex_colossus	8	wh2_dlc11_cst_necrofex_colossus	wh2_cst_necrofex_colossus_cannon	2	none	vmp_rider_5	wh_dlc08_nor_mammoth_herd_ror	trained			true	40.0000	1500.0000	wh2_dlc11_cst_mon_necrofex_colossus_0	60	80	0	vo_sel_default	vo_sel_melee	vo_sel_culture	1.0000	aquatic_large	70	16	0	0	0	0	0	0	melee_gatecrusher	false	false	false	false	medium	medium	domination_monsters				1.0000	1.0000	false	false
wef_rider_1	15	wh2_main_plate_50	2100	war_beast	60	com	wh2_dlc16_unit_long_text_wef_cha_sisters_of_twilight	hu1b_dlc16_arahan_bi1_wb_bow	wh2_main_cavalry_rider_standard_hero	60	40	80	3555	wh2_dlc16_wef_mnt_great_eagle_gwindalor	8	wh2_main_hef_lord_great_eagle		2	none	wef_rider_1	wh_main_chariot	trained			true	40.0000	1500.0000	wef_rider_1	60	80	0	vo_sel_default	vo_sel_generic	vo_sel_generic_short	1.0000	elves_wef_large	0	45	0	0	0	0	0	0	flying_hybrid_highvalue	false	false	false	false	cant_capture	cant_capture	cant_capture				1.0000	1.0000	false	false
wef_rider_2	15	wh2_main_body_60	2100	war_beast	60	com	wh2_dlc16_unit_long_text_wef_cha_sisters_of_twilight	hu1b_dlc16_arahan_dr1_wb_bow	wh2_main_cavalry_rider_standard_hero	58	52	75	5608	wh2_dlc16_wef_mnt_forest_dragon_ceithin_har	8	wh2_dlc16_wef_dragon_ceithin_har		2	none	wef_rider_2	wh_dlc08_nor_mammoth_herd_ror	trained			true	40.0000	1500.0000	wef_rider_2	60	80	0	vo_sel_default	vo_sel_generic	vo_sel_generic_short	1.0000	elves_wef_large	0	45	0	0	0	20	10	0	flying_hybrid_highvalue	false	false	false	false	cant_capture	cant_capture	cant_capture				1.0000	1.0000	false	false
wef_rider_3	10	wh2_main_body_30	2100	war_beast	60	com	wh_dlc05_unit_long_text_wef_glade_lord	hu1d_elf_bi1_eagle_wb_sword_and_bow	wh2_main_cavalry_rider_standard_hero	44	30	60	3155	wh_dlc05_wef_mnt_hawk_1	8	wh_dlc05_wef_great_eagle	wh2_twa02_wef_glade_captain_bow	2	none	wef_rider_3	wh_main_chariot	trained			true	40.0000	1500.0000	wef_rider_3	60	80	0	vo_sel_default	vo_sel_generic	vo_sel_generic_short	1.0000	elves_wef_large	0	20	0	0	0	0	0	0	flying_melee_highvalue	false	false	false	false	cant_capture	cant_capture	cant_capture				1.0000	1.0000	false	false
wef_rider_4	10	wh2_main_body_60	2100	war_beast	60	com	wh_dlc05_unit_long_text_wef_glade_lord	hu1d_elf_dr1_dragon_wb_sword_and_shield	wh2_main_cavalry_rider_standard_hero	46	38	65	5500	wh_dlc05_wef_mnt_forest_dragon	8	wh_dlc05_wef_dragon		2	none	wef_rider_4	wh_dlc08_nor_mammoth_herd_ror	trained			true	40.0000	1500.0000	wef_rider_4	60	80	0	vo_sel_default	vo_sel_generic	vo_sel_generic_short	1.0000	elves_wef_large	0	0	0	0	0	20	10	0	flying_hybrid_highvalue	false	false	false	false	cant_capture	cant_capture	cant_capture				1.0000	1.0000	false	false
wh2_dlc09_tmb_art_screaming_skull_catapult_0_ete	10	wh2_main_bone_20	2100	artillery	5	art_fld	wh2_dlc09_tmb_art_screaming_skull_catapult	hu1_tomb_skeleton_sword	wh2_dlc09_tmb_skeleton	32	22	45	68		0	wh2_main_def_sword		5	none	wh2_dlc09_tmb_art_screaming_skull_catapult_0_ete	wh_main_artillery	trained		wh2_dlc09_tmb_art_screaming_skull_catapult	true	40.0000	1500.0000	wh2_dlc09_tmb_art_screaming_skull_catapult_0_ete	60	80	0	vo_sel_bretonnian_field_trebuchet	vo_sel_artillery	vo_sel_culture	1.0000	small	0	18	0	0	24	0	0	0	ranged_indirect_arty	false	false	false	false	medium	medium	domination_artillery		dwf_grudge_thrower	artillery	1.0000	1.0000	false	false
wh2_dlc09_tmb_cav_necropolis_knights_1_ete	10	wh2_main_body_100	2100	cavalry	70	cav_shk	wh2_dlc09_tmb_cav_necropolis_knights	hu1_tomb_sn1_serpent_spear	wh2_dlc09_tmb_skeleton	40	43	65	3927	wh2_dlc09_tmb_mnt_necroserpent_ete	8	wh2_dlc09_tmb_necropolis_knights_halberd_ete		2	none	wh2_dlc09_tmb_cav_necropolis_knights_1_ete	wh3_main_ogr_mournfangs	trained			true	40.0000	1500.0000	wh2_dlc09_tmb_cav_necropolis_knights_1_ete	60	80	0	vo_sel_demigryph_knights	vo_sel_cavalry	vo_sel_culture	1.0000	large	0	0	0	0	0	0	0	0	melee_flanker_shock	false	false	false	false	low	low	domination_cav			melee	1.0000	1.0000	false	false
wh2_dlc09_tmb_cav_necropolis_knights_ror_ete	10	wh2_main_bone_110	2100	cavalry	80	cav_shk	wh2_dlc09_tmb_cav_necropolis_knights	hu1_tomb_sn1_serpent_spear_and_shield	wh2_dlc09_tmb_skeleton	55	56	75	3927	wh2_dlc09_tmb_mnt_necroserpent_ror_ete	8	wh2_dlc09_tmb_necropolis_knights_lance_ete		2	wh_missile_block_55_wood	wh2_dlc09_tmb_cav_necropolis_knights_ror_ete	wh3_main_ogr_mournfangs	trained			true	40.0000	1500.0000	wh2_dlc09_tmb_cav_necropolis_knights_ror_ete	60	80	0	vo_sel_demigryph_knights	vo_sel_cavalry	vo_sel_culture	1.0000	large	0	0	0	0	0	0	0	0	melee_flanker_shock_undead	false	false	false	false	low	low	domination_cav			melee	1.0000	1.0000	false	false
wh2_dlc09_tmb_cav_nehekhara_horsemen_0_ete	10	wh2_main_bone_80	2100	cavalry	50	cav_mel	wh2_dlc09_tmb_cav_nehekhara_horsemen	hu1_tomb_hr1_tomb_steed_sword_and_shield	wh2_dlc09_tmb_skeleton_infantry_hero	40	40	70	3260	wh2_dlc09_tmb_mnt_tomb_steed_ete	8	wh2_dlc09_tmb_sword_hero		2	wh_missile_block_35_wood	wh2_dlc09_tmb_cav_nehekhara_horsemen_0_ete	wh2_dlc09_necroserpents	trained			true	40.0000	1500.0000	wh2_dlc09_tmb_cav_nehekhara_horsemen_0_ete	60	80	0	vo_sel_default	vo_sel_cavalry	vo_sel_culture	1.0000	large	0	0	0	0	0	0	0	0	melee_flanker	false	false	false	false	medium	medium	domination_cav			melee	1.0000	1.0000	false	false
wh2_dlc09_tmb_cav_nehekhara_horsemen_ror_ete	10	wh2_main_bone_80	2100	cavalry	50	cav_mel	wh2_dlc09_tmb_cav_nehekhara_horsemen	hu1_tomb_hr1_tomb_steed_sword_and_shield	wh2_dlc09_tmb_skeleton_infantry_hero	43	58	80	3460	wh2_dlc09_tmb_mnt_tomb_steed_ete_ror	8	wh2_dlc09_tmb_halberd_prince		2	wh_missile_block_55_wood	wh2_dlc09_tmb_cav_nehekhara_horsemen_ror_ete	wh2_dlc09_necroserpents	trained			true	40.0000	1500.0000	wh2_dlc09_tmb_cav_nehekhara_horsemen_ror_ete	60	80	0	vo_sel_default	vo_sel_cavalry	vo_sel_culture	1.0000	large	0	0	0	0	0	0	0	0	melee_flanker_undead	false	false	false	false	medium	medium	domination_cav			melee	1.0000	1.0000	false	false
wh2_dlc09_tmb_inf_nehekhara_warriors_0_ete	10	wh2_main_bone_10	2100	inf_melee	10	inf_mel	wh2_dlc09_tmb_inf_nehekhara_warriors	hu1_liche_priest_staff_and_sword	wh2_dlc09_tmb_skeleton_infantry_hero_liche_priest	25	30	80	2512		0	wh2_dlc09_tmb_staff_hero		2	none	wh2_dlc09_tmb_inf_nehekhara_warriors_0_ete	wh_main_cavalry_ordered	trained			true	40.0000	1500.0000	wh2_dlc09_tmb_inf_nehekhara_warriors_0_ete	60	80	0	vo_sel_default	vo_sel_melee	vo_sel_culture	1.0000	small	0	0	0	0	0	0	0	0	melee	false	true	false	false	medium	medium	domination_infantry			melee	1.0000	1.0000	false	false
wh2_dlc09_tmb_inf_nehekhara_warriors_ror_ete	10	wh2_main_plate_60	2100	inf_melee	12	inf_mel	wh2_dlc09_tmb_inf_nehekhara_warriors	hu1_arkhan_staff_and_sword	wh2_dlc09_tmb_skeleton_infantry_hero	40	50	90	2732		0	wh2_dlc09_tmb_sword_hero_lord		2	none	wh2_dlc09_tmb_inf_nehekhara_warriors_ror_ete	wh_dlc06_grn_Krimson	trained			true	40.0000	1500.0000	wh2_dlc09_tmb_inf_nehekhara_warriors_ror_ete	60	80	0	vo_sel_default	vo_sel_melee	vo_sel_culture	1.0000	ethereal	0	0	0	0	0	55	0	0	melee	false	true	false	false	medium	medium	domination_infantry			melee	1.0000	1.0000	false	false
wh2_dlc09_tmb_inf_tomb_guard_0_ete	10	wh2_main_chainmail_70	2100	inf_melee	25	inf_mel	wh2_dlc09_tmb_inf_tomb_guard	hu1_tomb_sword_and_shield	wh2_dlc09_tmb_skeleton_infantry_hero	40	50	65	3888		0	wh2_dlc09_tmb_sword_hero_lord		2	wh_missile_block_55_wood	wh2_dlc09_tmb_inf_tomb_guard_0_ete	wh_main_cavalry_ordered	trained			true	40.0000	1500.0000	wh2_dlc09_tmb_inf_tomb_guard_0_ete	60	80	0	vo_sel_default	vo_sel_melee	vo_sel_culture	1.0000	small	0	0	0	0	0	0	0	0	melee	false	true	false	false	medium	medium	domination_infantry			melee	1.0000	1.0000	false	false
wh2_dlc09_tmb_inf_tomb_guard_ror_ete	10	wh2_main_chainmail_70	2100	inf_melee	20	inf_mel	wh2_dlc09_tmb_inf_tomb_guard	hu1_tomb_halberd_and_shield	wh2_dlc16_tmb_skeleton_settra_hero_lord	45	65	75	3888		0	wh2_dlc14_def_master_halberd		2	wh_missile_block_65_wood	wh2_dlc09_tmb_inf_tomb_guard_ror_ete	wh_main_cavalry_ordered	trained			true	40.0000	1500.0000	wh2_dlc09_tmb_inf_tomb_guard_ror_ete	60	80	0	vo_sel_default	vo_sel_melee	vo_sel_culture	1.0000	small	0	0	0	0	0	0	0	0	melee_anti_large	false	true	false	false	medium	medium	domination_infantry			melee	1.0000	1.0000	false	false
wh2_dlc09_tmb_mon_heirotitan_0_ete	10	wh2_dlc09_bone_100	2100	inf_melee	20	inf_mel	wh2_dlc09_tmb_mon_heirotitan	gi1_hierotitan_staff_and_scales	wh2_dlc09_tmb_mon_hierotitan	56	45	50	11224		0	whh2_dlc09_tmb_heirotitan		2	none	wh2_dlc09_tmb_mon_heirotitan_0_ete	wh_dlc08_nor_mammoth_herd_ror	trained			true	40.0000	1500.0000	wh2_dlc09_tmb_mon_heirotitan_0_ete	60	80	0	vo_sel_default	vo_sel_melee	vo_sel_culture	1.0000	large	0	0	0	0	0	0	0	0	melee_gatecrusher	false	false	false	false	medium	medium	domination_monsters			melee	1.0000	1.0000	false	false
wh2_dlc09_tmb_mon_necrosphinx_0_ete	10	wh2_dlc09_bone_100	2100	inf_melee	52	inf_mel	wh2_dlc09_tmb_mon_necrosphinx	ce3_necrosphinx_blades	wh2_dlc09_tmb_mon_necrosphinx	48	40	50	13304		0	wh2_dlc09_swords_necrosphinx		2	none	wh2_dlc09_tmb_mon_necrosphinx_0_ete	wh_dlc08_nor_mammoth_herd_ror	trained			true	40.0000	1500.0000	wh2_dlc09_tmb_mon_necrosphinx_0_ete	60	80	0	vo_sel_default	vo_sel_default	vo_sel_culture	1.0000	large	0	0	0	0	0	0	0	0	melee_gatecrusher	false	false	false	false	medium	medium	domination_monsters			melee	1.0000	1.0000	false	false
wh2_dlc09_tmb_mon_necrosphinx_ror_ete	10	wh2_dlc09_bone_100	2100	inf_melee	52	inf_mel	wh2_dlc09_tmb_mon_necrosphinx	ce3_necrosphinx_blades	wh2_dlc09_tmb_mon_necrosphinx	59	50	60	11624		0	wh2_dlc09_swords_necrosphinx_RoR		2	none	wh2_dlc09_tmb_mon_necrosphinx_ror	wh_dlc08_nor_mammoth_herd_ror	trained			true	40.0000	1500.0000	wh2_dlc09_tmb_mon_necrosphinx_ror_ete	60	80	0	vo_sel_default	vo_sel_default	vo_sel_culture	1.0000	large	0	0	20	0	0	0	0	0	melee_gatecrusher_undead	false	false	false	false	medium	medium	domination_monsters			melee	1.0000	1.0000	false	false
wh2_dlc09_tmb_mon_ushabti_0_ete	10	wh2_dlc10_bone_90	2100	inf_melee	25	inf_mel	wh2_dlc09_tmb_mon_ushabti	hu6e_ushabti_dual_swords	wh2_dlc09_tmb_mon_ushabti_ete	50	40	50	3460		0	wh2_dlc16_skv_ghoritch_claws		2	none	wh2_dlc09_tmb_mon_ushabti_0_ete	wh3_main_ogr_mournfangs	trained			true	40.0000	1500.0000	wh2_dlc09_tmb_mon_ushabti_0_ete	60	80	0	vo_sel_default	vo_sel_melee	vo_sel_culture	1.0000	large	0	0	0	0	0	0	0	0	melee_gatecrusher	false	true	false	false	medium	medium	domination_monsters			melee	1.0000	1.0000	false	false
wh2_dlc10_def_cav_knights_of_the_ebon_claw_ror_0_ete	10	wh2_main_plate_110	2100	cavalry	65	cav_mel	wh2_main_unit_long_text_def_cav_cold_one_knights_1	hu1d_elf_rp3_cold_one_lance_sword_shield	wh2_main_def_infantry_hero_blood	65	55	85	3776	wh2_dlc14_cold_one_spite	8	wh2_dlc14_def_master_cold_one_ete_ror		2	wh_missile_block_55_metal	wh2_dlc10_def_cav_knights_of_the_ebon_claw_ror_0_ete	wh3_main_skullcrushers	trained			true	40.0000	1500.0000	wh2_dlc10_def_cav_knights_of_the_ebon_claw_ror_0_ete	60	80	0	vo_sel_def_Cold_One_Dread_Knights	vo_sel_cavalry	vo_sel_culture	1.0000	large	0	0	0	0	0	0	0	0	melee_flanker	false	false	false	false	medium	medium	domination_cav			melee	1.0000	1.0000	false	false
wh2_dlc10_def_inf_the_hellebronai_ror_0_ete	10	wh2_main_plate_40	2100	inf_melee	30	inf_mel	wh2_main_unit_long_text_def_inf_dreadspears_0	hu1d_def_lord_sword_and_shield	wh2_main_def_infantry_hero_blood	54	52	77	2850		0	wh_main_emp_sword_hero_ete		2	wh_missile_block_60_metal	wh2_dlc10_def_inf_the_hellebronai_ror_0_ete	wh_main_infantry	trained			true	40.0000	1500.0000	wh2_dlc10_def_inf_the_hellebronai_ror_0_ete	60	80	0	vo_sel_def_Bleakswords	vo_sel_melee	vo_sel_culture	1.0000	small	0	0	0	0	0	0	0	0	melee	false	true	false	false	medium	medium	domination_infantry			melee	1.0000	1.0000	false	false
wh2_dlc10_def_mon_chill_of_sontar_ror_0_ete	10	wh2_main_body_60	2100	inf_melee	45	inf_mel	wh2_main_unit_long_text_def_mon_war_hydra_0	dr2_hydra	wh2_dlc10_hydra_chill_of_sontar	64	41	70	10784		0	wh2_dlc10_def_war_hydra_ror_0_ete		2	none	wh2_dlc10_def_mon_chill_of_sontar_ror_0_ete	wh_dlc08_nor_mammoth_herd_ror	trained			true	40.0000	1500.0000	wh2_dlc10_def_mon_chill_of_sontar_ror_0_ete	60	80	0	vo_sel_default	vo_sel_melee	vo_sel_culture	1.0000	large	0	0	-30	0	0	0	35	0	melee_gatecrusher	false	false	false	false	medium	medium	domination_monsters			melee	1.0000	1.0000	false	false
wh2_dlc10_def_mon_kharibdyss_0_ete	10	wh2_main_body_60	2100	inf_melee	45	inf_mel	wh2_dlc10_unit_long_text_def_mon_kharibdyss_0	dr2_kharibdyss	wh2_dlc10_def_monster_kharibdyss	60	38	60	14784		0	wh2_dlc10_def_kharibdyss		2	none	wh2_dlc10_def_mon_kharibdyss_0_ete	wh_dlc08_nor_mammoth_herd_ror	trained			true	40.0000	1500.0000	wh2_dlc10_def_mon_kharibdyss_0_ete	60	80	0	vo_sel_default	vo_sel_melee	vo_sel_culture	1.0000	aquatic_large	0	0	0	0	0	0	25	0	melee_gatecrusher	false	false	false	false	medium	medium	domination_monsters			melee	1.0000	1.0000	false	false
wh2_dlc10_hef_inf_shadow_walkers_0_ete	33	wh2_main_leather_30	2100	inf_ranged	12	inf_mis	wh2_dlc10_unit_long_text_hef_inf_shadow_walkers_0	hu1d_shadow_walkers_dual_sword_bow	wh2_dlc10_hef_infantry_shadow_walker	40	38	65	3080		0	wh2_main_def_khainite_assassin_ete	wh2_main_hef_longbow_arrow_princess	2	none	wh2_dlc10_hef_inf_shadow_walkers_0_ete	wh_main_cavalry_ordered	trained			true	40.0000	1500.0000	wh2_dlc10_hef_inf_shadow_walkers_0_ete	60	80	0	vo_sel_melee	vo_sel_culture	vo_sel_culture	1.0000	small	0	20	0	0	0	0	0	0	ranged_stalkers_harasser	true	true	false	false	medium	medium	domination_infantry			skirmish	1.0000	1.0000	false	false
wh2_dlc10_hef_inf_the_scions_of_mathlann_ror_0_ete	10	wh2_main_body_25	2100	inf_melee	15	inf_mel	wh2_main_unit_long_text_hef_inf_spearmen_0	hu1b_elf_staff_and_sword	wh2_main_infantry_standard_wizard_blood_dismembers_high	45	36	65	2412		0	wh3_main_tze_staff_cultist		2	none	wh2_dlc10_hef_inf_the_scions_of_mathlann_ror_0_ete	wh_main_cavalry_ordered	trained			true	40.0000	1500.0000	wh2_dlc10_hef_inf_the_scions_of_mathlann_ror_0_ete	60	80	0	vo_sel_hef_The_Scions_of_Mathlann	vo_sel_melee	vo_sel_culture	1.0000	small	0	0	0	0	0	0	0	0	melee_anti_large	false	true	false	false	medium	medium	domination_infantry			melee	1.0000	1.0000	false	false
wh2_dlc10_hef_inf_the_silverpelts_ror_0_ete	10	wh2_main_plate_80	2100	inf_melee	22	inf_mel	wh2_main_unit_long_text_hef_inf_white_lions_of_chrace_0	hu1d_elf_2handed_axe	wh2_main_hef_infantry_hero_alastar_blood	52	50	85	2700		0	wh2_dlc09_tmb_halberd_prince		10	none	wh2_dlc10_hef_inf_the_silverpelts_ror_0_ete	wh_main_cavalry_ordered	trained			true	40.0000	1500.0000	wh2_dlc10_hef_inf_the_silverpelts_ror_0_ete	60	80	0	vo_sel_hef_White_Lions_of_Chrace	vo_sel_melee	vo_sel_culture	1.0000	small_forest_strider	0	0	0	0	0	15	0	0	melee	false	true	false	false	medium	medium	domination_infantry			melee	1.0000	1.0000	false	false
wh2_dlc10_hef_mon_treeman_0_ete	0	wh2_main_body_110	2100	inf_melee	30	inf_mel	wh_dlc05_unit_long_text_wef_treemen	hu21_treeman	wh_dlc05_wef_inf_treeman	52	56	90	13640		0	wh_dlc05_wef_treeman_claws		2	none	wh_dlc05_wef_mon_treeman_0_ete	wh_dlc08_nor_mammoth_herd_ror	trained			true	40.0000	1500.0000	wh_dlc05_wef_mon_treeman_0_ete	60	80	0	vo_sel_default	vo_sel_melee	vo_sel_culture	0.5000	elves_wef_large	0	0	-25	0	0	20	0	0	melee_gatecrusher	false	true	false	false	medium	medium	domination_monsters			melee	1.0000	1.0000	false	false
wh2_dlc11_cst_art_mortar_ete	10	wh2_main_leather_20	2100	artillery	10	art_fld	wh_main_unit_long_text_emp_mortar	hu1_cst_zombie_dual_cutlass	wh2_dlc11_infantry_zombie_blood	17	15	40	67		0	wh2_dlc11_cst_dual_sword		8	none	wh2_dlc11_cst_art_mortar_ete	wh_main_artillery_small	trained		wh2_dlc11_cst_art_mortar	true	40.0000	1500.0000	wh2_dlc11_cst_art_mortar_ete	60	80	0	vo_sel_mortar	vo_sel_artillery	vo_sel_culture	1.0000	small	0	17	0	0	24	0	0	0	ranged_indirect_arty	false	true	false	false	medium	medium	domination_artillery		emp_mortar	artillery	1.0000	1.0000	false	false
wh2_dlc11_cst_inf_depth_guard_1_ete	10	wh2_main_plate_90	2100	inf_melee	35	inf_mel	wh2_dlc11_unit_long_text_cst_inf_depth_guard	hu1l_dlc25_theodore_bruckner_sword	wh_main_infantry_wulfrik_fast_hero_blood	50	40	60	3888		0	wh2_dlc11_cst_halberd_depth_guard_ete		2	none	wh2_dlc11_cst_inf_depth_guard_1_ete	wh3_main_cth_crane_gunners	trained			true	40.0000	1500.0000	wh2_dlc11_cst_inf_depth_guard_1_ete	60	80	0	vo_sel_default	vo_sel_melee	vo_sel_culture	1.0000	aquatic_small	0	0	0	0	0	0	0	0	melee_undead	false	true	false	false	medium	medium	domination_infantry_elite			melee	1.0000	1.0000	false	false
wh2_dlc11_cst_inf_depth_guard_ror_0_ete	10	wh2_main_plate_90	2100	inf_melee	35	inf_mel	wh2_dlc11_unit_long_text_cst_inf_depth_guard	hu1l_dlc25_theodore_bruckner_sword	wh_main_infantry_wulfrik_fast_hero_blood	61	50	70	3888		0	wh2_dlc11_cst_halberd_depth_guard_ete_ror		2	none	wh2_dlc11_cst_inf_depth_guard_ror_0_ete	wh3_main_cth_crane_gunners	trained			true	40.0000	1500.0000	wh2_dlc11_cst_inf_depth_guard_ror_0_ete	60	80	0	vo_sel_default	vo_sel_melee	vo_sel_culture	1.0000	aquatic_small	0	0	0	0	0	0	0	0	melee_undead	false	true	false	false	medium	medium	domination_infantry_elite			melee	1.0000	1.0000	false	false
wh2_dlc11_cst_inf_zombie_deckhands_mob_0_ete	10	wh2_main_body_15	2100	inf_melee	10	inf_mel	wh2_dlc11_unit_long_text_cst_inf_zombie_deckhands	hu1_empire_staff_and_sword	wh2_dlc16_infantry_standard_hero_blood_dismembers_low_kb_resist	25	30	55	2412		0	wh3_main_tze_staff_cultist		2	none	wh2_dlc11_cst_inf_zombie_deckhands_mob_0_ete	wh3_main_cth_crane_gunners	trained			true	40.0000	1500.0000	wh2_dlc11_cst_inf_zombie_deckhands_mob_0_ete	60	80	0	vo_sel_default	vo_sel_melee	vo_sel_culture	1.0000	small	0	0	0	0	0	0	0	0	mage_highvalue	false	true	false	false	medium	medium	domination_infantry			melee	1.0000	1.0000	false	false
wh2_dlc11_cst_inf_zombie_deckhands_mob_ror_0_ete	0	wh2_main_body_15	2100	inf_melee	10	inf_mel	wh2_dlc11_unit_long_text_cst_inf_zombie_deckhands	hu1_empire_staff_and_sword	wh2_dlc16_infantry_standard_hero_blood_dismembers_low_kb_resist	32	38	65	2412		0	wh3_main_tze_staff_cultist		2	none	wh2_dlc11_cst_inf_zombie_deckhands_mob_ror_0_ete	wh3_main_cth_crane_gunners	trained			true	40.0000	1500.0000	wh2_dlc11_cst_inf_zombie_deckhands_mob_ror_0_ete	60	80	0	vo_sel_default	vo_sel_melee	vo_sel_culture	1.0000	small	0	0	0	0	0	0	0	0	mage_highvalue	false	true	false	false	medium	medium	domination_infantry			melee	1.0000	1.0000	false	false
wh2_dlc11_cst_mon_mournguls_0_ete	10	wh_main_body_0	2100	inf_melee	40	inf_mel	wh2_dlc11_unit_long_text_cst_mon_mournguls	gh4_cst_mourngul_haunter	wh2_dlc11_cst_cha_mourngul_haunter_blood_ete	48	38	50	4560		0	wh2_dlc11_cst_claws_mourngul_haunter		2	none	wh2_dlc11_cst_mon_mournguls_0_ete	wh_dlc07_brt_royal_hippogryph_knights	trained			true	40.0000	1500.0000	wh2_dlc11_cst_mon_mournguls_0_ete	60	80	0	vo_sel_default	vo_sel_melee	vo_sel_culture	1.0000	large	0	0	0	0	0	25	0	0	melee_highvalue	false	true	false	false	medium	medium	domination_monsters			melee	1.0000	1.0000	false	false
wh2_dlc11_cst_mon_mournguls_0_ete_ror	10	wh_main_body_0	2100	inf_melee	40	inf_mel	wh2_dlc11_unit_long_text_cst_mon_mournguls	gh4_cst_mourngul_haunter	wh2_dlc11_cst_cha_mourngul_haunter_blood	48	38	50	4560		0	wh2_dlc11_cst_claws_mourngul_haunter_ete		2	none	wh2_dlc11_cst_mon_mournguls_0_ete_ror	wh_dlc07_brt_royal_hippogryph_knights	trained			true	40.0000	1500.0000	wh2_dlc11_cst_mon_mournguls_0_ete_ror	60	80	0	vo_sel_default	vo_sel_melee	vo_sel_culture	1.0000	large	0	0	0	0	0	25	0	0	melee_highvalue	false	true	false	false	medium	medium	domination_monsters			melee	1.0000	1.0000	false	false
wh2_dlc11_cst_mon_necrofex_colossus_ror_0_ete	10	wh2_main_body_75	2100	war_beast	20	inf_mis	wh2_dlc11_unit_long_text_cst_mon_necrofex_colossus	hu1_cst_zombie_gi2_colossus_wb_crew_1	wh2_dlc11_cst_mon_necrofex_colossus	51	58	55	13162	wh2_dlc11_cst_mnt_necrofex_colossus_1	8	wh2_dlc11_cst_necrofex_colossus	wh2_cst_necrofex_colossus_cannon_1	2	none	wh2_dlc11_cst_mon_necrofex_colossus_ror_0_ete	wh_dlc08_nor_mammoth_herd_ror	trained			true	40.0000	1500.0000	wh2_dlc11_cst_mon_necrofex_colossus_ror_0_ete	60	80	18	vo_sel_default	vo_sel_melee	vo_sel_culture	1.0000	aquatic_large	70	18	0	0	0	0	0	0	melee_gatecrusher	false	false	false	false	medium	medium	domination_monsters			artillery	1.0000	1.0000	false	false
wh2_dlc12_lzd_inf_temple_guards_ror_0_ete	10	wh2_main_body_100	2100	inf_melee	30	inf_mel	wh2_main_unit_long_text_lzd_inf_temple_guards	hu7b_dlc13_saurus_gor_rok_club	wh2_dlc13_lzd_inf_gor_rok_blood_dismembers	45	60	85	4428		0	wh2_main_lzd_cha_saurus_scar_veteran_ete		2	wh_missile_block_70_wood	wh2_dlc12_lzd_inf_temple_guards_ror_0_ete	wh2_main_lzd_saurus	trained			true	40.0000	1500.0000	wh2_dlc12_lzd_inf_temple_guards_ror_0_ete	160	160	0	vo_sel_lzd_warriors	vo_sel_generic	vo_sel_generic	1.0000	small	0	0	0	0	0	0	25	0	melee	false	true	false	false	medium	medium	domination_infantry_elite			melee	1.0000	1.0000	false	false
wh2_dlc12_skv_inf_stormvermin_ror_0_ete	10	wh2_main_plate_100	2100	inf_melee	20	inf_mel	wh2_main_unit_long_text_skv_inf_stormvermin_0	hu17_dlc14_eshin_triad_naginata	wh2_main_skv_infantry_hero	45	60	65	3260		0	wh2_dlc16_tmb_chieftain_halberd		2	none	wh2_dlc12_skv_inf_stormvermin_ror_0_ete	wh2_dlc16_cavalry_great_stag_knights	trained			true	40.0000	1500.0000	wh2_dlc12_skv_inf_stormvermin_ror_0_ete	60	80	0	vo_sel_generic	vo_sel_skv_Stormvermin	vo_sel_culture	1.0000	small	0	0	0	0	0	0	0	0	melee_anti_large	false	true	false	false	medium	medium	domination_infantry			melee	1.0000	1.0000	false	false
wh2_dlc12_skv_inf_warplock_jezzails_0_ete	10	wh2_main_heavy_metal_70	2100	inf_ranged	2	inf_mis	wh2_dlc12_unit_long_text_skv_inf_warplock_jezzails	skv1_dlc12_weapon_team03	wh2_main_skv_infantry_weaponteam_jezzails	16	16	50	115		0	wh2_main_skv_sword	wh2_dlc12_skv_warp_jezzails	2	wh_missile_block_70_wood	wh2_dlc12_skv_inf_warplock_jezzails_0_ete	wh2_main_skv_weaponteam_jezzails	trained			true	40.0000	1500.0000	wh2_dlc12_skv_inf_warplock_jezzails_0_ete	160	160	0	vo_sel_skv_Warplock_Jezzails	vo_sel_generic	vo_sel_culture	1.0000	small	0	22	0	0	0	0	0	0	ranged_direct	true	true	false	false	medium	medium	domination_infantry			artillery	1.0000	1.0000	false	false
wh2_dlc12_skv_inf_warplock_jezzails_ror_0_ete	33	wh2_main_heavy_metal_70	2100	inf_ranged	2	inf_mis	wh2_dlc12_unit_long_text_skv_inf_warplock_jezzails	skv1_dlc12_weapon_team03	wh2_main_skv_infantry_weaponteam_jezzails_ror	22	22	60	115		0	wh2_main_skv_sword	wh2_dlc12_skv_warp_jezzails_ror	2	wh_missile_block_90_metal	wh2_dlc12_skv_inf_warplock_jezzails_ror_0_ete	wh2_main_skv_weaponteam_jezzails	trained			true	40.0000	1500.0000	wh2_dlc12_skv_inf_warplock_jezzails_ror_0_ete	160	160	18	vo_sel_skv_Warplock_Jezzails	vo_sel_generic	vo_sel_culture	1.0000	small	0	22	0	0	0	0	0	0	ranged_direct	true	true	false	false	medium	medium	domination_infantry			artillery	1.0000	1.0000	false	false
wh2_dlc12_skv_veh_doom_flayer_0_ete	10	wh2_main_heavy_metal_90	2100	war_machine	40	chariot	wh2_dlc12_unit_long_text_skv_veh_doom_flayer	hu17_dlc12_ikit_halberd_and_claw_gun	wh2_main_skv_infantry	35	32	60	3912		0	wh2_dlc12_skv_warlock_master_doom_flayer		1	none	wh2_dlc12_skv_veh_doom_flayer_0_ete	wh_main_chariot	trained		wh2_dlc12_skv_veh_doom_flayer	true	40.0000	1500.0000	wh2_dlc12_skv_veh_doom_flayer_0_ete	60	80	0	vo_sel_skv_Doom_Flayer	vo_sel_cavalry	vo_sel_culture	1.0000	large	0	0	0	0	8	0	0	0	melee_flanker_shock	false	false	false	false	medium	medium	domination_cav			melee	1.0000	1.0000	false	false
wh2_dlc12_skv_veh_doom_flayer_ror_0_ete	10	wh2_main_heavy_metal_100	2100	war_machine	55	chariot	wh2_dlc12_unit_long_text_skv_veh_doom_flayer	hu17_dlc12_skaven_doomflayer_driver_01	wh2_main_skv_infantry	44	41	70	4180		0	wh2_dlc12_skv_ikit_claw_doom_flayer		1	none	wh2_dlc12_skv_veh_doom_flayer_ror_0_ete	wh_main_chariot	trained		wh2_dlc12_skv_veh_doom_flayer_tech_lab_ror	true	40.0000	1500.0000	wh2_dlc12_skv_veh_doom_flayer_ror_0_ete	60	80	0	vo_sel_skv_Doom_Flayer	vo_sel_cavalry	vo_sel_culture	1.0000	large	0	0	0	0	8	0	0	0	melee_flanker_shock	false	false	false	false	medium	medium	domination_cav			melee	1.0000	1.0000	false	false
wh2_dlc13_lzd_mon_sacred_kroxigors_0_ete	10	wh2_main_body_100	2100	inf_melee	24	inf_mel	wh2_dlc13_unit_long_text_lzd_sacred_kroxigor	hu7c_dlc13_kroxigor_ancient_2handed_axe	wh2_dlc13_lzd_mon_kroxigor_hero	49	32	70	5360		0	wh_dlc13_lzd_ancient_kroxigor_axe		4	none	wh2_dlc13_lzd_mon_sacred_kroxigors_0_ete	wh3_main_ogr_mournfangs	trained			true	40.0000	1500.0000	wh2_dlc13_lzd_mon_sacred_kroxigors_0_ete	160	160	0	vo_sel_default	vo_sel_melee	vo_sel_culture	1.0000	aquatic_large	0	0	0	0	0	0	15	0	melee_gatecrusher	false	false	false	false	medium	medium	domination_monsters			melee	1.0000	1.0000	false	false
wh2_dlc13_lzd_mon_sacred_kroxigors_ror_0_ete	10	wh2_main_body_120	2100	inf_melee	32	inf_mel	wh2_dlc13_unit_long_text_lzd_sacred_kroxigor_ror	hu7c_dlc13_kroxigor_nakai_club	wh2_dlc13_lzd_mon_nakai	60	40	80	5360		0	wh_dlc13_lzd_nakai_club		2	none	wh2_dlc13_lzd_mon_sacred_kroxigors_ror_0_ete	wh3_main_ogr_mournfangs	trained			true	40.0000	1500.0000	wh2_dlc13_lzd_mon_sacred_kroxigors_ror_0_ete	160	160	0	vo_sel_default	vo_sel_melee	vo_sel_culture	1.0000	aquatic_large	0	0	0	0	0	0	15	0	melee_gatecrusher	false	false	false	false	medium	medium	domination_monsters			melee	1.0000	1.0000	false	false
wh2_dlc14_def_mon_bloodwrack_medusa_0_ete	10	wh2_main_body_30	2100	inf_melee	52	inf_mel	wh2_dlc14_unit_long_text_def_mon_bloodwrack_medusa	sn2_dlc14_medusa_2h_halberd	wh2_dlc14_def_mon_medusa	45	40	60	8824		0	wh2_dlc14_def_medusa	wh2_dlc14_def_medusa_gaze	2	none	wh2_dlc14_def_mon_bloodwrack_medusa_0_ete	wh_main_chariot	trained			true	40.0000	1500.0000	wh2_dlc14_def_mon_bloodwrack_medusa_0_ete	60	80	0	vo_sel_default	vo_sel_default	vo_sel_culture	1.0000	large	0	150	0	0	0	0	0	0	ranged_direct_highvalue	false	false	false	false	medium	medium	domination_monsters			archer	1.0000	1.0000	false	false
wh2_dlc14_def_veh_bloodwrack_shrine_0_ete	10	wh2_main_plate_80	2100	war_machine	39	chariot	wh2_dlc14_unit_long_text_def_veh_bloodwrack_shrine	sn2_dlc14_wm_bloodwrack_shrine01_medusa_2h_halberd	wh2_dlc14_def_mon_medusa	29	34	90	5084		0	wh2_dlc14_def_bloodwrack_shrine	wh2_dlc14_def_medusa_gaze	1	none	wh2_dlc14_def_veh_bloodwrack_shrine_0_ete	wh_main_chariot	trained		wh2_dlc14_def_veh_bloodwrack_shrine	false	40.0000	1500.0000	wh2_dlc14_def_veh_bloodwrack_shrine_0_ete	60	80	0	vo_sel_default	vo_sel_default	vo_sel_culture	1.0000	large	25	175	0	25	8	0	25	0	melee_cav	false	false	false	false	medium	medium	domination_monsters			archer	1.0000	1.0000	false	false
wh2_dlc14_skv_inf_death_runners_ror_0_ete	10	wh_main_body_0	2100	inf_melee	60	inf_mel	wh2_main_unit_long_text_skv_inf_death_runners_0	hu17_dlc14_snikch_dual_sword	wh2_dlc14_skv_infantry_hero_snikch_blood	70	55	60	3912		0	wh2_dlc14_skv_cha_snikch_ete		2	none	wh2_dlc14_skv_inf_death_runners_ror_0_ete	wh_dlc06_grn_Krimson	trained			true	40.0000	1500.0000	wh2_dlc14_skv_inf_death_runners_ror_0_ete	60	80	0	vo_sel_skv_Deathrunners	vo_sel_generic	vo_sel_culture	0.8000	small	0	0	0	0	0	30	0	0	melee_stalkers_flankers	false	true	false	false	medium	medium	domination_infantry			melee	1.0000	1.0000	false	false
wh2_dlc14_skv_inf_eshin_triads_0_ete	10	wh_main_body_0	2100	inf_melee	25	inf_mel	wh2_dlc14_unit_long_text_skv_inf_eshin_triads	hu17_dlc14_eshin_triad_naginata	wh2_main_skv_infantry_fast_360	30	28	64	3012		0	wh2_dlc16_tmb_chieftain_halberd_ete		2	none	wh2_dlc14_skv_inf_eshin_triads_0_ete	wh_dlc06_grn_Krimson	trained			true	40.0000	1500.0000	wh2_dlc14_skv_inf_eshin_triads_0_ete	60	80	0	vo_sel_skv_Eshin_Triads	vo_sel_generic	vo_sel_culture	0.8000	small	0	0	0	0	0	30	0	0	melee_stalkers_flankers	false	true	false	false	medium	medium	domination_infantry			melee	1.0000	1.0000	false	false
wh2_dlc15_grn_mon_river_trolls_0_ete	0	wh2_main_body_50	2100	inf_melee	24	inf_mel	wh2_dlc15_unit_long_text_grn_cha_river_troll_hag	hu4f_dlc15_hag_staff_net	wh2_dlc15_monster_troll_hag_blood	25	32	55	3611		0	wh2_dlc15_grn_river_troll_hag_stump		2	none	wh2_dlc15_grn_mon_river_trolls_0_ete	wh3_main_ogr_mournfangs	trained			true	40.0000	1500.0000	wh2_dlc15_grn_mon_river_trolls_0_ete	60	80	0	vo_sel_default	vo_sel_melee	vo_sel_culture	1.0000	aquatic_large	0	0	0	0	0	0	0	0	mage_highvalue	false	true	false	false	default	default	domination_monsters			melee	1.0000	1.0000	false	false
wh2_dlc15_grn_mon_river_trolls_0_ete_throgg	0	wh2_main_body_50	2100	inf_melee	24	inf_mel	wh2_dlc15_unit_long_text_grn_cha_river_troll_hag	hu4f_dlc15_hag_staff_net	wh2_dlc15_monster_troll_hag_blood	25	32	55	3611		0	wh2_dlc15_grn_river_troll_hag_stump		2	none	wh2_dlc15_grn_mon_river_trolls_0_ete_throgg	wh3_main_ogr_mournfangs	trained			true	40.0000	1500.0000	wh2_dlc15_grn_mon_river_trolls_0_ete	60	80	0	vo_sel_default	vo_sel_melee	vo_sel_culture	1.0000	aquatic_large	0	0	0	0	0	0	0	0	mage_highvalue	false	true	false	false	default	default	domination_monsters			melee	1.0000	1.0000	false	false
wh2_dlc16_skv_mon_brood_horror_0_ete	10	wh2_main_body_40	2100	cavalry	65	inf_mel	wh2_dlc16_unit_long_text_skv_mon_brood_horror	hu17_dlc16_rt1_brood_horror_ratcatcher	wh2_main_skv_infantry_hero_packmaster	40	30	70	4095	wh2_dlc16_skv_mnt_brood_horror	8	wh2_dlc16_skv_cha_packmaster_brood_horror		2	none	wh2_dlc16_skv_mon_brood_horror_0_ete	wh3_main_ogr_mournfangs	trained			true	40.0000	1500.0000	wh2_dlc16_skv_mon_brood_horror_0_ete	60	80	0	vo_sel_default	vo_sel_generic	vo_sel_culture	1.0000	large	0	0	0	0	0	0	0	0	melee_flanker	false	false	false	false	medium	medium	domination_monsters			melee	1.0000	1.0000	false	false
wh2_dlc16_skv_mon_hell_pit_abomination_ror_0_ete	10	wh2_main_body_50	2100	inf_melee	25	inf_mel	wh2_main_unit_long_text_skv_mon_hell_pit_abomination	hc5_skv_hell_pit	wh2_main_skv_monster_hell_pit_abomination	52	42	80	12184		0	wh2_dlc16_skv_hell_pit_abomination_ror		2	none	wh2_dlc16_skv_mon_hell_pit_abomination_ror_0_ete	wh_dlc07_brt_royal_hippogryph_knights	trained			true	40.0000	1500.0000	wh2_dlc16_skv_mon_hell_pit_abomination_ror_0_ete	60	80	0	vo_sel_default	vo_sel_generic	vo_sel_culture	1.0000	large	0	0	0	0	0	0	15	0	melee	false	false	false	false	high	high	domination_monsters			melee	1.0000	1.0000	false	false
wh2_dlc16_skv_mon_rat_ogres_ror_0_ete	0	wh2_main_body_30	2100	inf_melee	60	inf_mel	wh2_main_unit_long_text_skv_mon_rat_ogres	hu18_dlc16_mutant_rat_ogre	wh2_main_skv_monster_rat_ogre	52	38	55	4348		0	wh2_dlc16_skv_claws_mutant_rat_ogre_ror		2	none	wh2_dlc16_skv_mon_rat_ogres_ror_0_ete	wh_dlc07_brt_royal_hippogryph_knights	trained			true	40.0000	1500.0000	wh2_dlc16_skv_mon_rat_ogres_ror_0_ete	60	80	0	vo_sel_default	vo_sel_default	vo_sel_default	1.0000	large	0	0	0	0	0	0	0	0	melee_gatecrusher_shock	false	false	false	false	high	high	domination_monsters			melee	1.0000	1.0000	false	false
wh2_dlc16_wef_cav_great_stag_knights_0_ete	10	wh2_main_plate_80	2100	cavalry	70	cav_shk	wh2_dlc16_unit_long_text_wef_cav_great_stag_knights	hu1d_dlc16_st1_great_stag_spear_shield	wh_main_cavalry_rider_standard_blood	45	45	75	3776	wh2_dlc16_wef_mnt_great_stag_lord	8	wh2_dlc16_wef_stag_knight_spear_ete		6	wh_missile_block_35_wood	wh2_dlc16_wef_cav_great_stag_knights_0_ete	wh_main_chariot	trained			true	40.0000	1500.0000	wh2_dlc16_wef_cav_great_stag_knights_0_ete	60	80	0	vo_sel_default	vo_sel_default	vo_sel_culture	1.0000	elves_wef_large	0	0	0	0	0	20	0	0	melee_cav_shock_highvalue	false	false	false	false	medium	medium	domination_cav			melee	1.0000	1.0000	false	false
wh2_dlc16_wef_mon_malicious_treeman_0_ete	0	wh2_main_body_110	2100	inf_melee	30	inf_mel	wh_dlc05_unit_long_text_wef_treemen	hu21_treeman	wh2_dlc16_wef_inf_malicious_treeman	52	56	90	13640		0	wh_dlc05_wef_treeman_claws		2	none	wh2_dlc16_wef_mon_malicious_treeman_0_ete	wh_dlc08_nor_mammoth_herd_ror	trained			true	40.0000	1500.0000	wh2_dlc16_wef_mon_malicious_treeman_0_ete	60	80	0	vo_sel_default	vo_sel_melee	vo_sel_culture	0.5000	elves_wef_large	0	0	-25	0	0	20	10	0	melee_gatecrusher	false	true	false	false	medium	medium	domination_monsters			melee	1.0000	1.0000	false	false
wh2_dlc17_bst_mon_jabberslythe_0_ete	10	wh2_main_body_60	2100	inf_melee	30	inf_mel	wh2_dlc17_unit_long_text_bst_mon_jabberslythe	hc3_dlc17_jabberslythe	wh2_dlc17_bst_mon_jabberslythe	36	42	60	10424		0	wh2_dlc17_bst_jabberslythe		2	none	wh2_dlc17_bst_mon_jabberslythe_0_ete	wh_dlc08_nor_mammoth_herd_ror	trained			true	40.0000	1500.0000	wh2_dlc17_bst_mon_jabberslythe_0_ete	60	80	0	vo_sel_default	vo_sel_culture	vo_sel_culture	1.0000	large_bst	0	0	0	0	0	0	0	0	melee_highvalue	false	false	false	false	high	high	domination_monsters			melee	1.0000	1.0000	false	false
wh2_dlc17_lzd_inf_chameleon_stalkers_0_ete	10	wh_main_body_0	2100	inf_melee	16	inf_mis	wh2_dlc17_unit_long_text_lzd_inf_chameleon_stalkers	hu7_skink_club_and_blowpipe	wh2_main_lzd_inf_skink_chief_blood_dismembers	33	36	60	2364		0	wh2_main_lzd_skink_chief_hero	wh2_main_lzd_blowpipe_skink_chief	2	none	wh2_dlc17_lzd_inf_chameleon_stalkers_0_ete	wh3_main_cth_crane_gunners	trained			true	40.0000	1500.0000	wh2_dlc17_lzd_inf_chameleon_stalkers_0_ete	60	80	0	vo_sel_default	vo_sel_generic	vo_sel_culture	0.7000	aquatic_small	0	50	0	0	0	25	25	0	ranged_harasser_highvalue	true	true	false	false	high	high	domination_infantry			skirmish	1.0000	1.0000	false	false
wh2_dlc17_lzd_inf_chameleon_stalkers_0_ror_ete	15	wh_main_body_0	2100	inf_ranged	30	inf_mis	wh2_dlc17_unit_long_text_lzd_inf_chameleon_stalkers	hu7_dlc17_oxyotl_blowpipe	wh2_dlc17_lzd_cha_oxyotl_blood	50	45	70	2680		0	wh2_dlc17_lzd_cha_oxyotl_0	wh2_dlc17_lzd_blowpipe_oxyotl	2	none	wh2_dlc17_lzd_inf_chameleon_stalkers_0_ror_ete	wh3_main_cth_crane_gunners	trained			true	40.0000	1500.0000	wh2_dlc17_lzd_inf_chameleon_stalkers_0_ror	60	80	0	vo_sel_default	vo_sel_generic	vo_sel_culture	0.7000	aquatic_small	0	50	0	0	0	25	25	0	ranged_harasser_highvalue	true	true	false	false	high	high	domination_infantry			skirmish	1.0000	1.0000	false	false
wh2_dlc17_lzd_mon_troglodon_ror_0_ete	10	wh2_main_body_95	2100	war_beast	50	com	wh2_dlc17_unit_long_text_lzd_mon_troglodon	hu7_dlc17_rp3b_wb_oracle_club	wh2_dlc17_lzd_warbeast_rider_60_hero_blood_low_kb_resist	49	57	70	10424	wh2_dlc17_lzd_mnt_troglodon_ror	8	wh2_dlc17_lzd_feral_troglodon	trog	2	none	wh2_dlc17_lzd_mon_troglodon_ror_0_ete	wh3_main_ogr_mournfangs	trained			true	40.0000	1500.0000	wh2_dlc17_lzd_mon_troglodon_ror_0_ete	60	80	18	vo_sel_default	vo_sel_generic	vo_sel_culture	1.0000	aquatic_large	0	12	0	0	0	0	0	0	hybrid_highvalue	false	false	false	false	high	high	domination_monsters			archer	1.0000	1.0000	false	false
wh2_main_def_art_reaper_bolt_thrower_ete	10	wh2_main_plate_40	2100	artillery	16	art_fld	wh2_main_unit_long_text_def_art_reaper_bolt_thrower	hu1d_elf_sword	wh2_main_def_infantry_blood_dismembers	36	24	66	55		0	wh2_main_def_sword		6	none	wh2_main_def_art_reaper_bolt_thrower_ete	wh_main_artillery	trained		wh2_main_def_art_reaper_bolt_thrower	true	40.0000	1500.0000	wh2_main_def_art_reaper_bolt_thrower	60	80	0	vo_sel_def_Repeater_Bolt_Thrower	vo_sel_artillery	vo_sel_generic	1.0000	small	0	19	0	0	24	0	0	0	ranged_direct_arty	false	false	false	false	medium	medium	domination_artillery		wh_dlc06_dwf_art_bolt_thrower	artillery	1.0000	1.0000	false	false
wh2_main_def_cav_cold_one_knights_1_ete	10	wh2_main_plate_110	2100	cavalry	55	cav_mel	wh2_main_unit_long_text_def_cav_cold_one_knights_1	hu1d_elf_rp3_cold_one_sword_shield	wh2_main_def_infantry_hero_blood	55	45	75	3470	wh2_main_def_mnt_cold_one_armoured_hero	8	wh2_dlc14_def_master_cold_one_ete		2	wh_missile_block_35_metal	wh2_main_def_cav_cold_one_knights_1_ete	wh3_main_skullcrushers	trained			true	40.0000	1500.0000	wh2_main_def_cav_cold_one_knights_1_ete	60	80	0	vo_sel_def_Cold_Ones	vo_sel_cavalry	vo_sel_culture	1.0000	large	0	0	0	0	0	0	0	0	melee_flanker	false	false	false	false	medium	medium	domination_cav			melee	1.0000	1.0000	false	false
wh2_main_def_inf_black_guard_0_ete	10	wh2_main_chainmail_100	2100	inf_melee	35	inf_mel	wh2_main_unit_long_text_def_inf_black_guard_0	hu1d_def_2handed_sword	wh2_main_def_infantry_hero_blood_ete	55	45	75	3202		0	wh2_dlc14_brt_repanse_sword_great		2	wh_missile_block_30_inaudible	wh2_main_def_inf_black_guard_0_ete	wh3_main_cth_crane_gunners	trained			true	40.0000	1500.0000	wh2_main_def_inf_black_guard_0_ete	60	80	0	vo_sel_def_Black_Guard_of_Naggarond	vo_sel_melee	vo_sel_culture	1.0000	small	0	0	0	0	0	0	0	0	melee_highvalue	false	true	false	false	medium	medium	domination_infantry_elite			melee	1.0000	1.0000	false	false
wh2_main_def_inf_black_guard_0_ete_ror	10	wh2_main_chainmail_100	2100	inf_melee	18	inf_mel	wh2_main_unit_long_text_def_inf_black_guard_0	hu1d_elf_halberd	wh2_main_def_infantry_hero_blood	50	70	85	3202		0	wh2_dlc14_def_master_halberd_ete		2	none	wh2_main_def_inf_black_guard_0_ete_ror	wh_main_infantry_2handed	trained			true	40.0000	1500.0000	wh2_main_def_inf_black_guard_0_ete_ror	60	80	0	vo_sel_def_Black_Guard_of_Naggarond	vo_sel_melee	vo_sel_culture	1.0000	small	0	0	0	0	0	0	0	0	melee_anti_large	false	true	false	false	medium	medium	domination_infantry_elite			melee	1.0000	1.0000	false	false
wh2_main_def_inf_bleakswords_0_ete	10	wh2_main_body_10	2100	inf_melee	15	inf_mel	wh2_main_unit_long_text_def_inf_bleakswords_0	hu1b_elf_staff_and_sword	wh2_main_def_infantry_hero_blood_low_kb_resist	39	30	55	2412		0	wh3_main_tze_staff_cultist		2	none	wh2_main_def_inf_bleakswords_0_ete	wh_main_cavalry_ordered	trained			true	40.0000	1500.0000	wh2_main_def_inf_bleakswords_0_ete	60	80	0	vo_sel_default	vo_sel_melee	vo_sel_culture	1.0000	small	0	0	0	0	0	0	0	0	mage_highvalue	false	true	false	false	medium	medium	domination_infantry			melee	1.0000	1.0000	false	false
wh2_main_def_inf_bleakswords_0_ete_ror	10	wh2_main_leather_15	2100	inf_melee	55	inf_mel	wh2_main_unit_long_text_def_inf_bleakswords_0	hu1b_def_lord_staff_and_sword	wh2_main_def_infantry_hero_fast_blood	55	40	65	2680		0	wh2_main_def_morathi_staff		2	none	wh2_main_def_inf_bleakswords_0_ete_ror	wh_main_infantry	trained			true	40.0000	1500.0000	wh2_main_def_inf_bleakswords_0_ete_ror	60	80	0	vo_sel_default	vo_sel_melee	vo_sel_culture	1.0000	small	0	0	0	0	0	0	0	0	mage_highvalue	false	true	false	false	medium	medium	domination_infantry			melee	1.0000	1.0000	false	false
wh2_main_def_inf_dreadspears_0_ete	10	wh2_main_plate_40	2100	inf_melee	18	inf_mel	wh2_main_unit_long_text_def_inf_dreadspears_0	hu1d_def_spear_and_shield	wh2_main_def_infantry_hero_blood	37	47	67	2850		0	wh2_dlc10_hef_handmaiden_spear		2	wh_missile_block_55_metal	wh2_main_def_inf_dreadspears_0_ete	wh_main_cavalry_ordered	trained			true	40.0000	1500.0000	wh2_main_def_inf_dreadspears_0_ete	60	80	0	vo_sel_def_Dreadspears	vo_sel_melee	vo_sel_culture	1.0000	small	0	0	0	0	0	0	0	0	melee_anti_large	false	true	false	false	medium	medium	domination_infantry			melee	1.0000	1.0000	false	false
wh2_main_def_inf_shades_0_ete	10	wh2_main_leather_20	2100	inf_ranged	18	inf_mis	wh2_main_unit_long_text_def_inf_shades_0	hu1d_elf_sword_and_handbow	wh2_main_def_infantry_hero_fast_blood_khainite_assassin	50	42	60	2880		0	wh2_main_def_khainite_assassin_ete	wh2_main_def_handbow_bolt_khainite_assassin	2	none	wh2_main_def_inf_shades_0_ete	wh_main_cavalry_ordered	trained			false	40.0000	1500.0000	wh2_main_def_inf_shades_0_ete	60	80	0	vo_sel_default	vo_sel_ranged	vo_sel_culture	0.9000	small	0	18	0	0	0	0	0	0	ranged_stalkers_harasser	true	true	false	false	medium	medium	domination_infantry			archer	1.0000	1.0000	false	false
wh2_main_def_inf_shades_1_ete	10	wh2_main_leather_20	2100	inf_ranged	18	inf_mis	wh2_main_unit_long_text_def_inf_shades_1	hu1d_elf_sword_and_handbow	wh2_main_def_infantry_hero_fast_blood_khainite_assassin	65	52	70	2880		0	wh2_main_def_khainite_assassin_ete_ror	wh2_main_def_handbow_bolt_khainite_assassin	2	none	wh2_main_def_inf_shades_1_ete	wh_main_cavalry_ordered	trained			true	40.0000	1500.0000	wh2_main_def_inf_shades_1_ete	60	80	0	vo_sel_def_Shades	vo_sel_ranged	vo_sel_culture	0.9000	small	0	18	0	0	0	20	0	0	ranged_stalkers_harasser	true	true	false	false	medium	medium	domination_infantry			archer	1.0000	1.0000	false	false
wh2_main_hef_inf_spearmen_0_ete	10	wh2_main_body_15	2100	inf_melee	15	inf_mel	wh2_main_unit_long_text_hef_inf_spearmen_0	hu1b_elf_staff_and_sword	wh2_main_infantry_standard_wizard_blood_dismembers_high	36	28	55	2412		0	wh3_main_tze_staff_cultist		2	none	wh2_main_hef_inf_spearmen_0_ete	wh_main_cavalry_ordered	trained			true	40.0000	1500.0000	wh2_main_hef_inf_spearmen_0_ete	60	80	0	vo_sel_default	vo_sel_melee	vo_sel_culture	1.0000	small	0	0	0	0	0	0	0	0	mage_highvalue	false	true	false	false	medium	medium	domination_infantry			melee	1.0000	1.0000	false	false
wh2_main_hef_inf_swordmasters_of_hoeth_0_ete	10	wh2_main_plate_100	2100	inf_melee	35	inf_mel	wh2_main_unit_long_text_hef_inf_swordmasters_of_hoeth_0	hu1d_hef_2handed_sword	wh2_main_infantry_standard_hero_blood_loremaster_ete	52	43	80	3080		0	wh2_main_hef_loremaster_of_hoeth		2	wh_missile_block_55_inaudible	wh2_main_hef_inf_swordmasters_of_hoeth_0_ete	wh3_main_cth_crane_gunners	trained			true	40.0000	1500.0000	wh2_main_hef_inf_swordmasters_of_hoeth_0_ete	60	80	0	vo_sel_hef_Swordmaster_of_Hoeth	vo_sel_melee	vo_sel_culture	1.0000	small	0	0	0	0	0	0	0	0	melee	false	true	false	false	medium	medium	domination_infantry_elite			melee	1.0000	1.0000	false	false
wh2_main_hef_inf_white_lions_of_chrace_0_ete	10	wh2_main_plate_80	2100	inf_melee	22	inf_mel	wh2_main_unit_long_text_hef_inf_white_lions_of_chrace_0	hu1d_elf_2handed_axe	wh2_main_hef_infantry_hero_alastar_blood	42	40	75	2700		0	wh2_dlc09_tmb_halberd_prince		2	none	wh2_main_hef_inf_white_lions_of_chrace_0_ete	wh_main_cavalry_ordered	trained			true	40.0000	1500.0000	wh2_main_hef_inf_white_lions_of_chrace_0_ete	60	80	0	vo_sel_hef_White_Lions_of_Chrace	vo_sel_melee	vo_sel_culture	1.0000	small_forest_strider	0	0	0	0	0	0	30	0	melee_anti_large	false	true	false	false	medium	medium	domination_infantry			melee	1.0000	1.0000	false	false
wh2_main_lzd_inf_temple_guards_ete	10	wh2_main_body_85	2100	inf_melee	22	inf_mel	wh2_main_unit_long_text_lzd_inf_temple_guards	hu7b_saurus_halberd_and_shield	wh2_main_lzd_inf_saurus_hero_blood_dismembers	38	47	75	4160		0	wh2_main_lzd_cha_saurus_scar_veteran		2	wh_missile_block_55_wood	wh2_main_lzd_inf_temple_guards_ete	wh3_main_cth_crane_gunners	trained			true	40.0000	1500.0000	wh2_main_lzd_inf_temple_guards_ete	160	160	0	vo_sel_lzd_templeguard	vo_sel_generic	vo_sel_generic	1.0000	small	0	0	0	0	0	0	0	0	melee_anti_large	false	true	false	false	medium	medium	domination_infantry_elite			melee	1.0000	1.0000	false	false
wh2_main_skv_art_plagueclaw_catapult_ete	10	wh2_main_leather_20	2100	artillery	14	art_fld	wh2_main_unit_long_text_skv_art_plagueclaw_catapult	hu17_skaven_sword	wh2_main_skv_infantry_plague_monk	28	25	68	68		0	wh2_main_skv_sword_stormvermin		8	none	wh2_main_skv_art_plagueclaw_catapult_ete	wh_main_artillery	trained		wh2_main_skv_art_plagueclaw_catapult_ete	true	40.0000	1500.0000	wh2_main_skv_art_plagueclaw_catapult_ete	60	80	0	vo_sel_skv_Plagueclaw_Catapult	vo_sel_generic	vo_sel_culture	1.0000	small	0	16	0	0	24	0	0	0	ranged_indirect_arty	false	false	false	false	medium	medium	domination_artillery		wh2_main_skv_art_plagueclaw_catapult	artillery	1.0000	1.0000	false	false
wh2_main_skv_art_warp_lightning_cannon_ete	10	wh2_main_leather_25	2100	artillery	10	art_fld	wh2_main_unit_long_text_skv_art_warp_lightning_cannon	hu17_skaven_sword	wh2_main_skv_infantry	24	18	50	52		0	wh2_main_skv_sword		8	none	wh2_main_skv_art_warp_lightning_cannon_ete	wh_main_artillery	trained		wh2_main_skv_art_warplightning_cannon_ete	true	40.0000	1500.0000	wh2_main_skv_art_warp_lightning_cannon_ete	60	80	0	vo_sel_skv_Warpfire_Lightning_Cannon	vo_sel_generic	vo_sel_culture	1.0000	small	0	16	0	0	24	0	0	0	ranged_direct_arty	false	false	false	false	medium	medium	domination_artillery		wh2_main_skv_art_warp_lightning_cannon	artillery	1.0000	1.0000	false	false
wh2_main_skv_inf_clanrat_spearmen_1_ete	10	wh2_main_heavy_metal_65	2100	inf_melee	16	inf_mel	wh2_main_unit_long_text_skv_inf_clanrat_spearmen_1	hu17_skaven_spear_and_shield	wh2_main_skv_infantry_hero	40	45	50	2860		0	wh2_dlc10_hef_handmaiden_spear		2	wh_missile_block_55_wood	wh2_main_skv_inf_clanrat_spearmen_1_ete	wh_main_cavalry_very_chaotic	trained			true	40.0000	1500.0000	wh2_main_skv_inf_clanrat_spearmen_1	60	80	0	vo_sel_skv_Clanrats_Spearmen	vo_sel_generic	vo_sel_culture	0.8000	small	0	0	0	0	0	0	0	0	melee_anti_large	false	true	false	false	medium	medium	domination_infantry			melee	1.0000	1.0000	false	false
wh2_main_skv_inf_death_runners_0_ete	10	wh_main_body_0	2100	inf_melee	60	inf_mel	wh2_main_unit_long_text_skv_inf_death_runners_0	hu17_dlc14_master_assassin_dual_claw	wh2_dlc14_skv_infantry_hero_master_assassin_blood	60	45	50	2980		0	wh2_main_skv_cha_assassin_ete	wh2_dlc14_skv_throwing_stars_master_assassin	2	none	wh2_main_skv_inf_death_runners_0_ete	wh_dlc06_grn_Krimson	trained			true	40.0000	1500.0000	wh2_main_skv_inf_death_runners_0_ete	60	80	0	vo_sel_skv_Deathrunners	vo_sel_generic	vo_sel_culture	0.8000	small	0	8	0	0	0	30	0	0	melee_stalkers_flankers	true	true	false	false	medium	medium	domination_infantry			melee	1.0000	1.0000	false	false
wh2_main_skv_inf_plague_monk_censer_bearer_ete	10	wh2_main_body_20	2100	inf_melee	36	inf_mel	wh2_main_unit_long_text_skv_inf_plague_monks	hu17_skaven_censer	wh2_main_skv_infantry_hero_plague_priest	40	32	60	3032		0	wh2_main_skv_cha_censer_hero		2	none	wh2_main_skv_inf_plague_monk_censer_bearer_ete	wh_main_cavalry_very_chaotic	trained			true	40.0000	1500.0000	wh2_main_skv_inf_plague_monks_ete	60	80	0	vo_sel_skv_Plague_Monks	vo_sel_generic	vo_sel_culture	1.0000	small	0	0	0	0	0	15	0	0	melee	false	true	false	false	medium	medium	domination_infantry			melee	1.0000	1.0000	false	false
wh2_main_skv_inf_plague_monks_ror_ete	10	wh_main_body_0	2100	inf_melee	32	inf_mel	wh2_main_unit_long_text_skv_inf_plague_monk_censer_bearer	hu17_skaven_sword_and_hook	wh2_main_skv_infantry_plague_monk_censer	60	42	70	3664		0	wh2_main_skv_cha_skrolk_ete		2	none	wh2_dlc12_skv_inf_plague_monk_censer_bearer_ror_0_ete	wh_dlc06_grn_Krimson	trained			true	40.0000	1500.0000	wh2_dlc12_skv_inf_plague_monk_censer_bearer_ror_0_ete	60	80	0	vo_sel_skv_Blightscabs_Plaguepack	vo_sel_skv_Plague_Monk_Censer_Bearers	vo_sel_culture	1.0000	small	0	0	0	0	0	25	0	0	melee	false	true	false	false	medium	medium	domination_infantry			melee	1.0000	1.0000	false	false
wh2_main_skv_inf_skavenslaves_0_ete	10	wh2_main_body_10	2100	inf_melee	20	inf_mel	wh2_main_unit_long_text_skv_inf_skavenslaves_0	hu17_skaven_sword_and_hook	wh2_main_skv_infantry_fast_hero	24	32	80	395		0	wh_dlc06_chs_aspiring_champions_sword_slv		4	none	wh2_main_skv_inf_skavenslaves_0_ete	wh_dlc06_grn_Krimson	trained			true	40.0000	1500.0000	wh2_main_skv_inf_skavenslaves_0_ete	60	80	0	vo_sel_skv_Skavenslaves	vo_sel_generic	vo_sel_culture	0.8000	small	0	0	0	0	0	0	0	0	melee	false	true	false	false	medium	medium	domination_infantry_expendable			melee	1.0000	1.0000	false	false
wh2_main_skv_inf_stormvermin_1_ete	10	wh2_main_heavy_metal_90	2100	inf_melee	30	inf_mel	wh2_main_unit_long_text_skv_inf_stormvermin_1	hu17_skaven_stormvermin_sword_and_shield	wh2_main_skv_infantry_hero	45	50	55	3260		0	wh_main_emp_sword_hero_general		2	wh_missile_block_70_wood	wh2_main_skv_inf_stormvermin_1_ete	wh_main_cavalry_very_chaotic	trained			true	40.0000	1500.0000	wh2_main_skv_inf_stormvermin_1_ete	60	80	0	vo_sel_skv_Stormvermin	vo_sel_generic	vo_sel_culture	1.0000	small	0	0	0	0	0	0	0	0	melee	false	true	false	false	medium	medium	domination_infantry			melee	1.0000	1.0000	false	false
wh2_main_skv_mon_hell_pit_abomination_ete	10	wh2_main_body_50	2100	inf_melee	25	inf_mel	wh2_main_unit_long_text_skv_mon_hell_pit_abomination	hc5_skv_hell_pit	wh2_main_skv_monster_hell_pit_abomination	42	34	70	12184		0	wh2_main_skv_hell_pit_abomination		2	none	wh2_main_skv_mon_hell_pit_abomination_ete	wh_dlc07_brt_royal_hippogryph_knights	trained			true	40.0000	1500.0000	wh2_main_skv_mon_hell_pit_abomination_ete	60	80	0	vo_sel_default	vo_sel_generic	vo_sel_culture	1.0000	large	0	0	0	0	0	0	15	0	melee	false	false	false	false	medium	medium	domination_monsters			melee	1.0000	1.0000	false	false
wh2_main_skv_mon_rat_ogres_ete	10	wh2_main_body_30	2100	inf_melee	60	inf_mel	wh2_main_unit_long_text_skv_mon_rat_ogres	hu18_rat_ogre_drill	wh2_dlc16_skv_monster_rat_ogre_mutant_blood	52	38	55	4348		0	wh2_dlc16_skv_claws_mutant_rat_ogre		2	none	wh2_main_skv_mon_rat_ogres_ete	wh_dlc07_brt_royal_hippogryph_knights	trained			true	40.0000	1500.0000	wh2_main_skv_mon_rat_ogres_ete	60	80	0	vo_sel_default	vo_sel_default	vo_sel_default	1.0000	large	0	0	0	0	0	0	0	0	melee_gatecrusher_shock	false	true	false	false	medium	medium	domination_monsters			melee	1.0000	1.0000	false	false
wh2_pro06_tmb_mon_bone_giant_0_ete	10	wh2_main_bone_80	2100	inf_ranged	20	inf_mis	wh2_pro06_unit_long_text_tmb_mon_bone_giant	gi1_colossus_bow	wh2_pro06_tmb_mon_bone_giant	30	28	50	12584		0	wh2_dlc10_tmb_bone_giant	wh2_dlc10_tmb_bone_giant_bow	2	none	wh2_pro06_tmb_mon_bone_giant_0_ete	wh3_main_ogr_mournfangs	trained			true	40.0000	1500.0000	wh2_pro06_tmb_mon_bone_giant_0_ete	60	80	0	vo_sel_default	vo_sel_melee	vo_sel_culture	1.0000	large	0	15	0	0	0	0	0	0	ranged_direct_highvalue	false	false	false	false	medium	medium	domination_monsters			artillery	1.0000	1.0000	false	false
wh3_cp1_cth_inf_iron_claw_guandao_ete	0	wh2_main_chainmail_60	2100	inf_melee	45	inf_mel	wh3_cp1_unit_long_text_cth_inf_iron_claw_guandao	hu23_cp1_sawai_glaive	wh3_cp1_cth_cha_sawai	40	45	65	4068		0	wh3_cp1_cth_sawai_glaive		2	none	wh3_cp1_cth_inf_iron_claw_guandao_ete	wh_main_cavalry_ordered	trained			true	40.0000	1500.0000	wh3_cp1_cth_inf_iron_claw_guandao_ete	160	160	0	vo_sel_cth_tiger_warrior_iron_claws	vo_sel_cth_tiger_warrior_iron_claws	vo_sel_generic	1.0000	small	0	0	0	0	0	0	0	0	melee_anti_large	false	true	false	false	medium	medium	domination_infantry			melee	1.0000	1.0000	false	false
wh3_cp1_cth_inf_tiger_warriors_dual_axe_ete	0	wh_main_body_0	2100	inf_melee	50	inf_mel	wh3_cp1_unit_long_text_cth_cha_sawai	hu23_cp1_bhashiva	wh3_cp1_cth_cha_bhashiva	55	50	75	4240		0	wh3_cp1_cth_bhashiva_katara_dual		2	none	wh3_cp1_cth_inf_tiger_warriors_dual_axe_ete	wh_main_cavalry_ordered	trained			true	40.0000	1500.0000	wh3_cp1_cth_inf_tiger_warriors_dual_axe_ete	160	160	0	vo_sel_cth_tiger_warriors	vo_sel_generic	vo_sel_generic	1.0000	small	0	0	0	0	0	25	0	0	melee_highvalue	false	true	false	false	medium	medium	domination_infantry			melee	1.0000	1.0000	false	false
wh3_dlc20_chs_inf_chaos_marauders_mnur_ete	10	wh2_main_heavy_metal_80	2100	inf_melee	20	inf_mel	wh3_dlc20_unit_long_text_chs_marauders_mnur	hu1c_dlc25_nurgle_sorcerer_staff_and_mace	wh3_dlc20_chs_cha_hero_mnur	37	45	70	3112		0	wh3_dlc25_chs_sword_caster_hero_mnur		2	none	wh_main_chs_inf_chaos_warriors_0_ete	wh3_main_cth_crane_gunners	trained			true	40.0000	1500.0000	wh3_dlc20_chs_inf_chaos_marauders_mnur_ete	60	80	0	vo_sel_default	vo_sel_generic	vo_sel_generic_short	1.0000	small	0	0	0	0	0	0	0	0	melee_mage_highvalue	false	true	false	false	medium	medium	domination_infantry			melee	1.0000	1.0000	false	false
wh3_dlc20_chs_inf_chaos_marauders_msla_ete	10	wh2_main_heavy_metal_80	2100	inf_melee	20	inf_mel	wh3_dlc20_unit_long_text_chs_chaos_sorcerer_msla	hu1c_chaos_staff_and_sword	wh3_dlc20_chs_cha_lord_msla	42	40	70	2812		0	wh_main_chs_sword_caster_hero		2	none	wh_main_chs_inf_chaos_warriors_0_ete	wh3_main_cth_crane_gunners	trained			true	40.0000	1500.0000	wh3_dlc20_chs_inf_chaos_marauders_msla_ete	60	80	0	vo_sel_default	vo_sel_culture	vo_sel_culture	1.0000	small	0	0	0	0	0	5	0	0	melee_mage_highvalue	false	true	false	false	medium	medium	domination_infantry			melee	1.0000	1.0000	false	false
wh3_dlc20_chs_inf_chaos_marauders_mtze_ete	10	wh2_main_heavy_metal_80	2100	inf_melee	20	inf_mel	wh3_dlc20_unit_long_text_chs_chaos_sorcerer_lord_mtze	hu1c_chaos_staff_and_sword	wh3_dlc24_chs_cha_lord_hero_mtze	42	40	70	2812		0	wh3_dlc20_chs_sword_caster_hero_mtze		2	none	wh_main_chs_inf_chaos_warriors_0_ete	wh3_main_cth_crane_gunners	trained			true	40.0000	1500.0000	wh3_dlc20_chs_inf_chaos_marauders_mtze_ete	60	80	0	vo_sel_default	vo_sel_culture	vo_sel_culture	1.0000	small	0	0	0	0	0	0	0	0	melee_mage_highvalue	false	true	false	false	medium	medium	domination_infantry			melee	1.0000	1.0000	false	false
wh3_dlc20_chs_inf_chosen_mkho_dualweapons_ete	10	wh2_main_heavy_metal_120	2100	inf_melee	40	inf_mel	wh3_dlc20_unit_long_text_chs_chosen_mkho	hu1c_chaos_axe_and_shield	wh3_pro11_chs_cha_harry_the_hammer	70	50	85	3060		0	wh3_pro11_chs_cha_harald_hammerstorm		2	wh_missile_block_55_metal	wh3_dlc20_chs_inf_chosen_mkho_dualweapons_ete	wh_main_cavalry_very_chaotic	trained			true	40.0000	1500.0000	wh3_dlc20_chs_inf_chosen_mkho_dualweapons_ete	60	80	0	vo_sel_chaos_chosen	vo_sel_generic	vo_sel_dlc20_chaos_faction_leader	1.0000	small	0	0	0	0	0	0	0	0	melee	false	true	false	false	medium	medium	domination_infantry			melee	1.0000	1.0000	false	false
wh3_dlc20_chs_inf_chosen_msla_ete	10	wh2_main_heavy_metal_120	2100	inf_melee	45	inf_mel	wh3_dlc20_unit_long_text_chs_chosen_msla	hu1c_wh3_kislev_tsar_guard_sword_and_shield	wh2_dlc16_infantry_sigvald_fast_hero	56	60	80	3260		0	wh_dlc01_chs_prince_sigvald_ete		2	wh_missile_block_55_metal	wh3_dlc20_chs_inf_chosen_msla_ete	wh_main_cavalry_very_chaotic	trained			true	40.0000	1500.0000	wh3_dlc20_chs_inf_chosen_msla_ete	60	80	0	vo_sel_chaos_chosen	vo_sel_generic	vo_sel_dlc20_chaos_faction_leader	1.0000	small	0	0	0	0	0	5	0	0	melee	false	true	false	false	medium	medium	domination_infantry			melee	1.0000	1.0000	false	false
wh3_dlc20_chs_inf_chosen_mtze_ete	10	wh2_main_heavy_metal_80	2100	inf_melee	30	inf_mel	wh3_dlc20_unit_long_text_chs_chosen_mtze	hu1g_wh3_dlc20_sword_flail_staff	wh3_dlc20_tze_cha_vilitch	55	55	75	3392		0	wh3_dlc20_tze_cha_vilitch		2	none	wh3_dlc20_chs_inf_chosen_mtze_ete	wh_main_cavalry_very_chaotic	trained			true	40.0000	1500.0000	wh3_dlc20_chs_inf_chosen_mtze_ete	60	80	0	vo_sel_chaos_chosen	vo_sel_generic	vo_sel_dlc20_chaos_faction_leader	1.0000	small	0	0	0	0	0	0	0	0	melee	false	true	false	false	medium	medium	domination_infantry			melee	1.0000	1.0000	false	false
wh3_dlc20_chs_inf_chosen_mtze_halberds_ete	10	wh2_main_heavy_metal_120	2100	inf_melee	15	inf_mel	wh3_dlc20_unit_long_text_chs_chosen_mtze	hu1c_dlc24_chaos_lord_tzeentch_halberd_and_shield	wh3_dlc24_chs_cha_lord_hero_mtze	45	60	80	3260		0	wh3_dlc24_chs_cha_chaos_lord_mtze_halberd		2	wh_missile_block_90_metal	wh3_dlc20_chs_inf_chosen_mtze_halberds_ete	wh_main_cavalry_very_chaotic	trained			true	40.0000	1500.0000	wh3_dlc20_chs_inf_chosen_mtze_halberds_ete	60	80	0	vo_sel_chaos_chosen	vo_sel_generic	vo_sel_dlc20_chaos_faction_leader	1.0000	small	0	0	0	0	0	0	0	0	melee_anti_large	false	true	false	false	medium	medium	domination_infantry			melee	1.0000	1.0000	false	false
wh3_dlc20_chs_inf_forsaken_mkho_ete	10	wh2_main_body_100	2100	inf_melee	40	inf_mel	wh3_dlc20_unit_long_text_chs_forsaken_mkho	hu1l_dlc25_theodore_bruckner_sword	wh_dlc01_chs_infantry_forsaken_blood_dismembers_ete	65	30	70	3052		0	wh3_dlc25_emp_theodore_sword_kho		2	none	wh_dlc01_chs_inf_forsaken_0_ete	wh_main_cavalry_very_chaotic	trained			true	40.0000	1500.0000	wh3_dlc20_chs_inf_forsaken_mkho_ete	60	80	0	vo_sel_melee	vo_sel_melee	vo_sel_culture	1.0000	small	0	0	0	35	0	0	0	0	melee	false	true	false	false	medium	medium	domination_infantry			melee	1.0000	1.0000	false	false
wh3_dlc20_chs_inf_forsaken_msla_ete	10	wh2_main_body_85	2100	inf_melee	40	inf_mel	wh3_dlc20_unit_long_text_chs_forsaken_msla	hu1l_dlc25_theodore_bruckner_sword	wh3_dlc20_chs_infantry_forsaken_msla_blood_dismembers_ete	60	35	70	3052		0	wh3_dlc25_emp_theodore_sword_sla		2	none	wh_dlc01_chs_inf_forsaken_0_ete	wh_main_cavalry_very_chaotic	trained			true	40.0000	1500.0000	wh3_dlc20_chs_inf_forsaken_msla_ete	60	80	0	vo_sel_melee	vo_sel_melee	vo_sel_culture	1.0000	small	0	0	0	0	0	5	0	0	melee	false	true	false	false	medium	medium	domination_infantry			melee	1.0000	1.0000	false	false
wh3_dlc23_chd_cav_bull_centaurs_dual_axe_ror_ete	33	wh2_main_plate_70	2100	inf_melee	40	inf_mel	wh3_dlc23_unit_long_text_chd_cav_bull_centaurs_dual_axe_ror	ce1b_dlc23_bullcentaur_axe_shield	wh3_dlc23_chd_cav_bull_centaur_taurruk_blood	42	48	85	4372		0	wh2_dlc23_chd_bull_centaur_taurruk_great_axe_ete		2	none	wh3_dlc23_chd_cav_bull_centaurs_dual_axe_ror_ete	wh_main_monstrous_cavalry	trained			true	40.0000	1500.0000	wh3_dlc23_chd_cav_bull_centaurs_dual_axe_ror_ete	60	80	18	vo_sel_chd_bull_centaurs_dark_ravagers	vo_sel_generic	vo_sel_culture	1.0000	large_bst	0	0	15	0	0	20	25	0	melee_gatecrusher_highvalue	false	true	false	false	medium	medium	domination_monsters				1.0000	1.0000	false	false
wh3_dlc23_chd_cav_bull_centaurs_greatweapons_ete	10	wh2_main_plate_70	2100	inf_melee	50	inf_mel	wh3_dlc23_unit_long_text_chd_cav_bull_centaurs	ce1b_dlc23_bullcentaur_taurruk_2handed_axe	wh3_dlc23_chd_cav_bull_centaur_taurruk_blood	48	42	70	4172		0	wh2_dlc23_chd_bull_centaur_taurruk_great_axe		2	none	wh3_dlc23_chd_cav_bull_centaurs_greatweapons_ete	wh_main_monstrous_cavalry	trained			true	40.0000	1500.0000	wh3_dlc23_chd_cav_bull_centaurs_greatweapons_ete	60	80	0	vo_sel_default	vo_sel_generic	vo_sel_culture	1.0000	large_bst	0	0	15	0	0	0	15	0	melee_gatecrusher_highvalue	false	true	false	false	medium	medium	domination_monsters				1.0000	1.0000	false	false
wh3_dlc23_chd_inf_chaos_dwarf_warriors_ete	10	wh2_main_plate_100	2100	inf_melee	40	inf_mel	wh_main_unit_long_text_dwf_ironbreakers	hu3b_dlc23_astragoth_mech	wh3_dlc23_chd_cha_astragoth_ironhand	39	36	75	3660		0	wh3_dlc23_chd_cha_astragoth_ironhand		2	none	wh3_dlc23_chd_inf_chaos_dwarf_warriors_ete	wh_main_monstrous_infantry	trained			true	40.0000	1500.0000	wh3_dlc23_chd_inf_chaos_dwarf_warriors_ete	60	80	0	vo_sel_default	vo_sel_generic	vo_sel_generic_short	1.0000	large	0	0	0	35	0	0	0	0	melee_gatecrusher	false	true	false	false	medium	medium	domination_infantry				1.0000	1.0000	false	false
wh3_dlc23_chd_inf_infernal_guard_fireglaives_ete	10	wh2_main_plate_120	2100	inf_ranged	14	inf_mis	wh3_dlc23_unit_long_text_chd_inf_infernal_guard	hu3_dlc23_castellan_rifle	wh3_dlc23_chd_cha_infernal_castellan	45	42	75	3280		0	wh3_dlc23_chd_infernal_castellan_fireglaive	wh3_dlc23_chd_infernal_castellan_fireglaive	4	none	wh3_dlc23_chd_inf_infernal_guard_fireglaives_ete	wh_main_monstrous_cavalry	trained			true	40.0000	1500.0000	wh3_dlc23_chd_inf_infernal_guard_fireglaives_ete	60	80	0	vo_sel_chd_infernal_guard	vo_sel_ranged	vo_sel_generic	1.0000	small	0	30	25	0	0	0	0	0	hybrid_melee_direct_no_skirmish	true	true	false	false	medium	medium	domination_infantry				1.0000	1.0000	false	false
wh3_dlc23_chd_inf_infernal_ironsworn_ete	10	wh2_main_plate_130	2100	inf_melee	30	inf_mel	wh3_dlc23_unit_long_text_chd_inf_infernal_ironsworn	hu3_dwarf_axe_and_shield	wh3_dlc23_chd_cha_overseer	55	55	80	3660		0	wh_main_dwf_axe_hero_ete	wh3_dlc23_chd_naptha_bombs_ete	2	wh_missile_block_55_metal	wh3_dlc23_chd_inf_infernal_ironsworn_ete	wh_main_monstrous_cavalry	trained			true	40.0000	1500.0000	wh3_dlc23_chd_inf_infernal_ironsworn_ete	60	80	0	vo_sel_chd_infernal_ironsworn	vo_sel_generic	vo_sel_generic_short	1.0000	small	0	1	25	0	0	0	0	0	melee	false	true	false	false	medium	medium	domination_infantry_elite			archer	1.0000	1.0000	false	false
wh3_dlc23_chd_inf_infernal_ironsworn_ror_ete	10	wh2_main_plate_130	2100	inf_melee	40	inf_mel	wh3_dlc23_unit_long_text_chd_inf_infernal_ironsworn_ror	hu3_dwarf_2handed_axe_ungrim	wh3_dlc23_chd_cha_overseer	70	60	100	3660		0	wh3_dlc23_chd_cha_overseer_ete		2	none	wh3_dlc23_chd_inf_infernal_ironsworn_ror_ete	wh_main_monstrous_cavalry	trained			true	40.0000	1500.0000	wh3_dlc23_chd_inf_infernal_ironsworn_ror_ete	60	80	0	vo_sel_chd_immortals	vo_sel_generic	vo_sel_generic_short	1.0000	small	0	0	25	0	0	0	0	0	melee	false	true	false	false	medium	medium	domination_infantry_elite			melee	1.0000	1.0000	false	false
wh3_dlc23_chd_mon_bale_taurus_ete	10	wh2_main_plate_125	2100	war_beast	80	com	wh3_dlc23_unit_long_text_chd_inf_infernal_ironsworn	hu3_dlc23_ox1_taurus_wb1_axe_shield	wh3_dlc23_chd_cha_overseer	56	40	75	12500	wh3_dlc23_chd_mnt_bale_taurus	8	wh3_dlc23_chd_mon_bale_taurus		2	none	wh3_dlc23_chd_mon_bale_taurus_ete	wh_dlc08_nor_mammoth_herd_ror	trained			true	40.0000	1500.0000	wh3_dlc23_chd_mon_bale_taurus_ete	60	80	0	vo_sel_chd_infernal_ironsworn	vo_sel_generic	vo_sel_generic_short	1.0000	small	0	0	35	0	0	0	15	0	flying_melee_flanker_shock_highvalue	false	true	false	false	cant_capture	cant_capture	cant_capture			melee	1.0000	1.0000	false	false
wh3_dlc23_chd_mon_bale_taurus_ror_ete	10	wh2_main_plate_115	2100	war_beast	80	com	wh3_dlc23_unit_long_text_chd_inf_infernal_ironsworn	hu3_dlc23_ox1_taurus_wb1_axe_pistol	wh3_dlc23_chd_cha_daemonsmith_sorcerer	66	50	70	12500	wh3_dlc23_chd_mnt_bale_taurus_cinderbreath	8	wh3_dlc23_chd_mon_bale_taurus_cinderbreath		2	none	wh3_dlc23_chd_mon_bale_taurus_ror_ete	wh_dlc08_nor_mammoth_herd_ror	trained			true	40.0000	1500.0000	wh3_dlc23_chd_mon_bale_taurus_ror_ete	60	80	0	vo_sel_default	vo_sel_culture	vo_sel_culture	1.0000	large	0	20	35	0	0	0	15	0	flying_melee_flanker_shock_highvalue	false	true	false	false	cant_capture	cant_capture	cant_capture			melee	1.0000	1.0000	false	false
wh3_dlc23_chd_mon_great_taurus_ete	10	wh2_main_plate_100	2100	war_beast	80	com	wh3_dlc23_unit_long_text_chd_inf_chaos_dwarf_warriors	hu3_dlc23_ox1_taurus_wb1_axe_shield	wh3_dlc23_chd_cha_overseer	46	28	65	10520	wh3_dlc23_chd_mnt_great_taurus_ete	8	wh3_dlc23_chd_mon_great_taurus		2	wh_missile_block_35_metal	wh3_dlc23_chd_mon_great_taurus_ete	wh3_main_ogr_mournfangs	trained			true	40.0000	1500.0000	wh3_dlc23_chd_mon_great_taurus_ete	60	80	0	vo_sel_chd_infernal_guard	vo_sel_generic	vo_sel_generic_short	1.0000	small	0	0	35	0	0	0	15	0	melee_cav_shock_highvalue	false	true	false	false	low	low	domination_cav				1.0000	1.0000	false	false
wh3_dlc23_chd_mon_kdaai_destroyer_ete	10	wh2_main_heavy_metal_120	2100	inf_melee	45	inf_mel	wh3_dlc23_unit_long_text_chd_mon_kdaai_destroyer	hq5_dlc23_kdaai_destroyer	wh3_dlc23_chd_mon_kdaai_destroyer	56	38	65	14464		0	wh3_dlc23_chd_mon_kdaai_destroyer		2	none	wh3_dlc23_chd_mon_kdaai_destroyer_ete	wh_dlc08_nor_mammoth_herd_ror	trained			true	40.0000	1500.0000	wh3_dlc23_chd_mon_kdaai_destroyer_ete	60	80	0	vo_sel_default	vo_sel_culture	vo_sel_culture	1.0000	large	0	0	35	0	0	10	10	0	melee_gatecrusher_highvalue	false	true	false	false	medium	medium	domination_monsters			melee	1.0000	1.0000	false	false
wh3_dlc23_chd_mon_kdaai_fireborn_ete	10	wh2_main_plate_80	2100	inf_melee	40	inf_mel	wh3_dlc23_unit_long_text_chd_mon_kdaai_fireborn	sn2b_dlc23_kdaai_fireborn_axe	wh3_dlc23_chd_mon_kdaai_fireborn	32	40	60	484		0	wh3_dlc23_chd_mon_kdaai_fireborn_dual_axe		2	none	wh3_dlc23_chd_mon_kdaai_fireborn_ete	wh3_dlc23_kdaai_fireborn	trained			true	40.0000	1500.0000	wh3_dlc23_chd_mon_kdaai_fireborn_ete	60	80	0	vo_sel_default	vo_sel_melee	vo_sel_culture	1.0000	large	0	0	35	0	0	10	0	0	melee_gatecrusher_shock	false	true	false	false	medium	medium	domination_monsters			melee	1.0000	1.0000	false	false
wh3_dlc23_chd_veh_deathshrieker_rocket_launcher_ete	10	wh2_main_heavy_metal_70	2100	war_machine	5	chariot	wh3_dlc23_unit_long_text_chd_veh_deathshrieker_rocket_launcher	wm_dlc23_cannon02_deathshrieker	wh3_dlc23_chd_veh_war_machine_rider_deathshrieker	30	20	65	400		0	wh3_dlc23_chd_veh_artillery	wh3_dlc23_chd_veh_deathshrieker_rocket_primary	1	none	wh3_dlc23_chd_veh_deathshrieker_rocket_launcher_ete	wh_main_artillery	trained		wh3_dlc23_chd_veh_deathshrieker_rocket_launcher_flame	true	40.0000	1500.0000	wh3_dlc23_chd_veh_deathshrieker_rocket_launcher_ete	60	80	0	vo_sel_chd_deathshrieker_rocket_launcher	vo_sel_artillery	vo_sel_generic	1.0000	large	0	18	15	0	8	0	0	0	ranged_indirect_arty	false	false	false	false	medium	medium	domination_artillery		chd_war_machines	artillery	1.0000	1.0000	false	false
wh3_dlc23_chd_veh_dreadquake_mortar_ete	10	wh2_main_heavy_metal_70	2100	war_machine	5	chariot	wh3_dlc23_unit_long_text_chd_veh_dreadquake_mortar	wm_dlc23_dreadquake01	wh3_dlc23_chd_veh_war_machine_rider_deathshrieker	30	20	65	400	chd_hidden_mount_dreadquake_ror	8	wh3_dlc23_chd_veh_artillery	wh3_dlc23_chd_veh_dreadquake_mortar_shell_primary_ror	1	none	wh3_dlc23_chd_veh_dreadquake_mortar_ete	wh_main_artillery	trained	wh3_dlc23_chd_veh_dreadquake_mortar	wh3_dlc23_chd_veh_dreadquake_flame	true	40.0000	1500.0000	wh3_dlc23_chd_veh_deathshrieker_rocket_launcher_ete	60	80	0	vo_sel_chd_dreadquake_mortar	vo_sel_artillery	vo_sel_generic_short	1.0000	large	0	11	15	0	6	0	0	0	ranged_indirect_arty	false	false	false	false	medium	medium	domination_artillery		chd_war_machines	artillery	1.0000	1.0000	false	false
wh3_dlc23_chd_veh_magma_cannon_ete	10	wh2_main_heavy_metal_70	2100	war_machine	5	chariot	wh3_dlc23_unit_long_text_chd_veh_magma_cannon	wm_dlc23_cannon02_magma_cannon	wh3_dlc23_chd_veh_war_machine_rider_magma_cannon	30	20	65	400		0	wh3_dlc23_chd_veh_artillery	wh3_dlc23_chd_veh_magma_cannon_ball_primary	1	none	wh3_dlc23_chd_veh_magma_cannon_ete	wh_main_artillery	trained		wh3_dlc23_chd_veh_magma_cannon_flame	true	40.0000	1500.0000	wh3_dlc23_chd_veh_deathshrieker_rocket_launcher_ete	60	80	0	vo_sel_chd_magma_cannon	vo_sel_artillery	vo_sel_generic	1.0000	large	0	18	15	0	8	0	0	0	ranged_direct_arty	false	false	false	false	medium	medium	domination_artillery		chd_war_machines	artillery	1.0000	1.0000	false	false
wh3_dlc24_cth_inf_dragon_guard_crossbowmen_ror_ete	33	wh2_main_chainmail_110	2100	inf_ranged	25	inf_mis	wh3_main_unit_long_text_cth_inf_peasant_archers_0	hu1e_dlc24_gatemaster_sword_and_shield	wh3_dlc24_cth_inf_celestial_crossbowmen_ror	34	41	88	3420		0	wh3_main_cth_lord_magistrate_sword	wh3_dlc24_cth_gate_master_crossbow	2	wh_missile_block_55_metal	wh3_dlc24_cth_inf_dragon_guard_crossbowmen_ror_ete	wh_main_cavalry_ordered	trained			true	40.0000	1500.0000	wh3_dlc24_cth_inf_dragon_guard_crossbowmen_ror_ete	60	80	18	vo_sel_cth_dragon_guard_crossbows	vo_sel_crossbowmen	vo_sel_culture	1.0000	small	0	44	0	0	0	0	0	0	ranged_no_skirmish	true	true	false	false	medium	medium	domination_infantry			archer	1.0000	1.0000	false	false
wh3_dlc24_cth_inf_onyx_crowmen_ete	10	wh2_main_leather_15	2100	inf_melee	20	inf_mel	wh3_dlc24_unit_long_text_cth_inf_onyx_crowmen	hu22_dlc24_onyx_crowmen	wh3_dlc24_cth_inf_onyx_crowmen	30	32	50	64		0	wh3_dlc24_cth_onyx_crowmen		18	none	wh3_dlc24_cth_inf_onyx_crowmen_ete	wh2_main_inf_chaotic_formation_tight	trained			true	40.0000	1500.0000	wh3_dlc24_cth_inf_onyx_crowmen_ete	60	80	0	vo_sel_default	vo_sel_melee	vo_sel_culture	1.0000	small	0	0	0	0	0	20	0	0	flying_melee_flanker	false	false	false	false	cant_capture	cant_capture	cant_capture			melee	1.0000	1.0000	false	false
wh3_dlc24_cth_inf_onyx_crowmen_ror_ete	10	wh2_main_leather_15	2100	inf_melee	20	inf_mel	wh3_dlc24_unit_long_text_cth_inf_onyx_crowmen	hu22_dlc24_onyx_crowmen	wh3_dlc24_cth_inf_onyx_crowmen_ror	38	41	60	79		0	wh3_dlc24_cth_onyx_crowmen		18	none	wh3_dlc24_cth_inf_onyx_crowmen_ror_ete	wh2_main_inf_chaotic_formation_tight	trained			true	40.0000	1500.0000	wh3_dlc24_cth_inf_onyx_crowmen_ror_ete	60	80	0	vo_sel_default	vo_sel_melee	vo_sel_culture	1.0000	small	0	0	0	0	0	20	0	0	flying_fast_melee_flanker_bomber	false	false	false	false	cant_capture	cant_capture	cant_capture			melee	1.0000	1.0000	false	false
wh3_dlc24_cth_mon_great_moon_bird_ete	10	wh2_main_body_40	2100	inf_melee	46	inf_mel	wh3_dlc24_unit_long_text_cth_mon_great_moon_bird	bi1_dlc24_moon_bird	wh3_dlc24_cth_mon_great_moon_bird	44	50	60	10580		0	wh3_dlc24_cth_mon_great_moon_bird		2	none	wh3_dlc24_unit_short_text_cth_mon_great_moon_bird	wh_dlc08_nor_mammoth_herd_ror	trained			true	40.0000	1500.0000	wh3_dlc24_cth_mon_great_moon_bird	60	80	0	vo_sel_hef_Flamespyre_Phoenix	vo_sel_melee	vo_sel_culture	1.0000	large	0	0	40	0	0	0	15	0	flying_melee_flanker	false	false	false	false	cant_capture	cant_capture	cant_capture			melee	1.0000	1.0000	false	false
wh3_dlc24_cth_mon_jade_lion_ete	10	wh2_main_body_90	2100	inf_melee	40	inf_mel	wh3_dlc24_unit_long_text_cth_mon_jade_jet_lions	bc5_dlc24_jet_lion	wh3_dlc24_cth_mon_jade_lion	42	50	40	4200		0	wh3_dlc24_cth_mon_jet_lion_ete		2	none	wh3_dlc24_cth_mon_jade_lion_ete	wh_main_chariot	trained			true	40.0000	1500.0000	wh3_dlc24_cth_mon_jet_lion_ete	60	80	0	vo_sel_default	vo_sel_melee	vo_sel_culture	1.0000	large	0	0	0	50	0	0	15	0	melee	false	false	false	false	low	low	domination_monsters			melee	1.0000	1.0000	false	false
wh3_dlc24_ksl_inf_kislevite_warriors_ete	10	wh2_main_leather_30	2100	inf_ranged	25	inf_mel	wh3_dlc24_unit_long_text_ksl_inf_kislevite_warriors	hu1n_dlc24_druzhina_2handed_axe_and_bow	wh3_dlc24_druzhina_hero_blood_dismembers	40	40	85	2390		0	wh3_dlc24_ksl_druzhina_great_axe_ete	wh3_dlc24_ksl_druzhina_bow_ete	2	none	wh3_dlc24_ksl_inf_kislevite_warriors_ete	wh_main_monstrous_cavalry	trained			true	40.0000	1500.0000	wh3_dlc24_ksl_inf_kislevite_warriors_ete	60	80	0	vo_sel_generic	vo_sel_generic	vo_sel_generic	1.0000	small	0	12	0	0	0	0	0	0	hybrid_melee	true	true	false	false	medium	medium	domination_infantry			melee	1.0000	1.0000	false	false
wh3_dlc24_ksl_mon_frost_wyrm_ete	10	wh2_main_plate_90	2100	war_beast	50	inf_mel	wh3_dlc24_unit_long_text_ksl_mon_frost_wyrm	hu1_dlc24_katarin_lz02_frostwyrm_staff_and_sword	wh3_main_ksl_frost_maiden_rider_blood_dismembers	48	35	65	10344	wh3_dlc24_ksl_mnt_frost_wyrm	8	wh3_dlc24_ksl_mon_frost_wyrm		2	none	wh3_dlc24_ksl_mon_frost_wyrm_ete	wh_main_chariot	trained			false	40.0000	1500.0000	wh3_dlc24_ksl_mon_frost_wyrm_ete	60	80	0	vo_sel_default	vo_sel_generic	vo_sel_generic_short	1.0000	large	0	0	0	0	0	0	25	0	melee_gatecrusher	false	false	false	false	medium	medium	domination_monsters			melee	1.0000	1.0000	false	false
wh3_dlc24_ksl_mon_incarnate_elemental_of_beasts_ete	10	wh_main_body_0	2100	inf_melee	64	inf_mel	wh3_dlc24_unit_long_text_ksl_mon_incarnate_elemental_of_beasts	hu6d_dlc24_elemental_of_beasts	wh3_dlc24_ksl_mon_incarnate_elemental_of_beasts	62	30	60	20000		0	wh3_dlc24_ksl_mon_incarnate_elemental_of_beasts		4	none	wh3_dlc24_ksl_mon_incarnate_elemental_of_beasts_ete	wh_dlc08_nor_mammoth_herd_ror	trained			true	40.0000	1500.0000	wh3_dlc24_ksl_mon_incarnate_elemental_of_beasts_ete	160	160	0	vo_sel_default	vo_sel_default	vo_sel_culture	1.0000	large	0	0	0	0	0	35	0	0	melee_gatecrusher	false	false	false	false	medium	medium	domination_monsters			melee	1.0000	1.0000	false	false
wh3_dlc24_tze_inf_tzaangors_ete	10	wh2_main_plate_80	2100	inf_melee	25	inf_mel	wh3_dlc24_unit_long_text_tze_inf_tzaangors	hu6_gor_2handed_axe	wh_dlc03_bst_cha_gor_hero_blood_dismember	40	50	60	3248		0	wh2_dlc17_bst_wargor_mace_tze		4	none	wh3_dlc24_tze_inf_tzaangors_ete	wh_main_cavalry_chaotic	trained			true	40.0000	1500.0000	wh3_dlc24_tze_inf_tzaangors_ete	60	80	0	vo_sel_default	vo_sel_default	vo_sel_culture	1.0000	small	0	0	0	0	0	0	0	0	melee	false	true	false	false	medium	medium	domination_infantry			melee	1.0000	1.0000	false	false
wh3_dlc25_dwf_veh_thunderbarge_ete	10	wh2_main_plate_80	2100	war_beast	15	inf_mis	wh3_dlc25_unit_long_text_dwf_veh_thunderbarge	zeppelin01_dlc25_thunderbarge	wh3_dlc25_dwf_mnt_veh_thunderbarge	20	1	90	7920	wh3_dlc25_dwf_mnt_veh_thunderbarge	6	wh3_dlc25_dwf_veh_thunderbarge	wh3_dlc25_dwf_thunderbarge_bomb	1	none	wh3_dlc25_dwf_veh_thunderbarge_ete	wh2_dlc15_super_monstrous_cavalry_flying	trained			true	40.0000	1500.0000	wh3_dlc25_dwf_veh_thunderbarge_ete	60	80	0	vo_sel_default	vo_sel_flying	vo_sel_flying_short	1.0000	large	50	40	0	35	0	0	0	0	thunderbarge	false	false	false	false	cant_capture	cant_capture	cant_capture			skirmish	1.0000	1.0000	true	false
wh3_dlc25_dwf_veh_thunderbarge_ete_ror	10	wh2_main_plate_80	2100	war_beast	15	inf_mis	wh3_dlc25_unit_long_text_dwf_veh_thunderbarge	zeppelin01_dlc25_thunderbarge	wh3_dlc25_dwf_mnt_veh_thunderbarge	20	4	100	8240	wh3_dlc25_dwf_mnt_veh_thunderbarge_ete	6	wh3_dlc25_dwf_veh_thunderbarge	wh3_dlc25_dwf_thunderbarge_bomb	1	none	wh3_dlc25_dwf_veh_thunderbarge_ete_ror	wh2_dlc15_super_monstrous_cavalry_flying_ete	trained			true	40.0000	1500.0000	wh3_dlc25_dwf_veh_thunderbarge_ete_ror	60	80	0	vo_sel_default	vo_sel_flying	vo_sel_flying_short	1.0000	large	50	40	0	35	0	0	0	0	thunderbarge	false	false	false	false	cant_capture	cant_capture	cant_capture			skirmish	1.0000	1.0000	true	false
wh3_dlc25_emp_veh_steam_tank_volley_gun_ete	10	wh2_main_heavy_metal_160	2100	war_machine	80	chariot	wh3_dlc25_unit_long_text_emp_veh_steam_tank_volley_gun	wm_steam_tank01	wh_main_emp_veh_steam_tank	46	27	100	6552	emp_hidden_mount_steam_tank	1	wh_main_steamtank	wh3_dlc25_emp_steam_tank_cannon_volley_gun	1	wh_missile_block_90_metal	wh3_dlc25_emp_veh_steam_tank_volley_gun_ete	wh3_main_ogr_mournfangs	trained	wh3_dlc25_emp_veh_steam_tank	wh2_dlc13_emp_veh_steam_tank_ror	true	40.0000	1500.0000	wh3_dlc25_emp_veh_steam_tank_volley_gun_ete	60	80	0	vo_sel_steam_tank	vo_sel_generic	vo_sel_generic_short	1.0000	large	40	120	0	0	8	0	0	0	ranged_direct_arty	false	false	false	false	medium	medium	domination_cav			artillery	1.0000	1.0000	false	false
wh3_dlc25_nur_inf_pestigors_ete	10	wh2_main_heavy_metal_65	2100	inf_melee	50	inf_mel	wh3_dlc25_unit_long_text_nur_inf_pestigor	hu6_gor_2handed_axe	wh_dlc03_bst_cha_gor_hero_blood_dismember	45	45	60	3648		0	wh2_dlc17_bst_wargor_mace_nur		4	none	wh3_dlc25_nur_inf_pestigors_ete	wh_main_cavalry_chaotic	trained			true	40.0000	1500.0000	wh3_dlc25_nur_inf_pestigors_ete	60	80	0	vo_sel_beastmen_gors	vo_sel_default	vo_sel_culture	1.0000	small	0	0	0	0	0	0	25	0	melee	false	true	false	false	medium	medium	domination_infantry			melee	1.0000	1.0000	false	false
wh3_dlc25_nur_inf_plague_ogres_great_weapons_ete	10	wh2_main_body_80	2100	inf_melee	50	inf_mel	wh3_dlc25_unit_long_text_nur_inf_plague_ogres	hu13_dlc25_tamurkhan_axe_ete	wh3_dlc25_nur_char_tamurkhan_blood	50	38	75	4692		0	wh3_dlc25_cha_tamurkhan_greataxe_ete		2	none	wh3_dlc25_nur_inf_plague_ogres_great_weapons_ete	wh2_dlc09_necroserpents	trained			true	40.0000	1500.0000	wh3_dlc25_nur_inf_plague_ogres_great_weapons_ete	60	80	0	vo_sel_default	vo_sel_melee	vo_sel_culture	1.0000	large	0	0	0	0	0	0	0	0	melee_gatecrusher_shock	false	true	false	false	medium	medium	domination_monsters			melee	1.0000	1.0000	false	false
wh3_dlc25_nur_inf_plague_ogres_great_weapons_ete_ror	10	wh2_main_body_80	2100	inf_melee	50	inf_mel	wh3_dlc25_unit_long_text_nur_inf_plague_ogres	hu13_dlc25_tamurkhan_axe	wh3_dlc25_nur_char_tamurkhan_blood	61	50	50	4992		0	wh3_dlc25_cha_tamurkhan_greataxe		2	none	wh3_dlc25_nur_inf_plague_ogres_great_weapons_ete_ror	wh2_dlc09_necroserpents	trained			true	40.0000	1500.0000	wh3_dlc25_nur_inf_plague_ogres_great_weapons_ete_ror	60	80	0	vo_sel_default	vo_sel_melee	vo_sel_culture	1.0000	large	0	0	0	0	0	0	0	0	melee_gatecrusher_shock	false	true	false	false	medium	medium	domination_monsters			melee	1.0000	1.0000	false	false
wh3_dlc25_nur_mon_soul_grinder_0_ror_ete	10	wh2_main_heavy_metal_90	2100	inf_ranged	30	spcl	wh3_main_unit_long_text_nur_mon_soul_grinder_0	hc7_wh3_nurgle_soul_grinder_RoR	wh3_main_monster_nur_soul_grinder_blood	52	44	65	6680		0	wh3_dlc25_nurgle_soul_grinder_ror	wh3_main_nur_soul_grinder_bombard_ror	2	none	wh3_dlc25_nur_mon_soul_grinder_0_ror_ete	wh_dlc08_nor_mammoth_herd_ror	trained			true	40.0000	1500.0000	wh3_dlc25_nur_mon_soul_grinder_0_ror_ete	35	80	18	vo_sel_default	vo_sel_default	vo_sel_culture	1.0000	large	0	25	0	0	0	20	0	0	ranged_no_skirmish_gatecrusher	false	false	false	false	medium	medium	domination_monsters			artillery	1.0000	1.0000	false	false
wh3_dlc25_nur_mon_toad_dragon_ete	10	wh2_main_body_60	2100	war_beast	42	cav_mel	wh3_dlc25_unit_long_text_nur_mon_toad_dragon	hu13_dlc25_tamurkhan_dr05_toad_dragon_axe_ete	wh3_dlc25_nur_char_tamurkhan_rider	51	36	70	35848	wh3_dlc25_nur_mnt_bubebolos_ete	16	wh3_dlc25_nur_mon_toad_dragon		4	none	wh3_dlc25_nur_mon_toad_dragon_ete	wh_dlc08_nor_mammoth_herd_ror	trained			true	40.0000	1500.0000	wh3_dlc25_nur_mon_toad_dragon_ete	60	80	0	vo_sel_default	vo_sel_culture	vo_sel_culture	1.0000	large	0	0	0	0	0	0	15	0	melee_gatecrusher_highvalue	false	false	false	false	medium	medium	domination_monsters			melee	1.0000	1.0000	false	false
wh3_dlc25_nur_mon_toad_dragon_ete_ror	10	wh2_main_body_60	2100	war_beast	42	cav_mel	wh3_dlc25_unit_long_text_nur_mon_toad_dragon	hu13_dlc25_tamurkhan_dr05_toad_dragon_axe	wh3_dlc25_nur_char_tamurkhan_rider	62	45	60	17924	wh3_dlc25_nur_mnt_bubebolos_ete_ror	8	wh3_dlc25_nur_mon_toad_dragon_bubebolos		2	none	wh3_dlc25_nur_mon_toad_dragon_ete_ror	wh_dlc08_nor_mammoth_herd_ror	trained			true	40.0000	1500.0000	wh3_dlc25_nur_mon_toad_dragon_ete_ror	60	80	0	vo_sel_default	vo_sel_culture	vo_sel_culture	1.0000	large	0	0	0	0	0	0	10	0	melee_gatecrusher_highvalue	false	false	false	false	medium	medium	domination_monsters			melee	1.0000	1.0000	false	false
wh3_dlc26_chs_inf_chosen_mkho_ror_ete	10	wh2_main_heavy_metal_110	2100	inf_melee	50	inf_mel	wh3_dlc20_unit_long_text_chs_chosen_mkho	hu1c_dlc26_wrathmongers_dual_flails_ror	wh3_dlc20_chs_cha_lord_hero	70	50	55	3060		0	wh3_pro11_chs_cha_harald_hammerstorm_ete_ror		2	none	wh3_dlc26_chs_inf_chosen_mkho_ror_ete	wh_main_cavalry_very_chaotic	trained			true	40.0000	1500.0000	wh3_dlc26_chs_inf_chosen_mkho_ror_ete	60	80	0	vo_sel_chaos_chosen	vo_sel_melee	vo_sel_dlc20_chaos_faction_leader	1.0000	small	0	0	0	35	0	20	0	0	melee	false	true	false	false	medium	medium	domination_infantry			melee	1.0000	1.0000	false	false
wh3_dlc26_grn_mon_arachnarok_spider_flinger_ete	10	wh2_dlc15_bone_120	2100	war_beast	40	inf_mel	wh_main_unit_long_text_grn_arachnarok_spider	hu5_goblin_dlc26_sp1b_arachnarok_flinger_crew	wh_main_grn_arachnarok_rider_360_blood	58	30	65	11914	wh3_dlc26_grn_arachnarok_spider_flinger_ete	8	wh_main_grn_arachnarok	wh3_dlc26_arachnarok_flinger	2	none	wh3_dlc26_grn_mon_arachnarok_spider_flinger_ete	wh_dlc08_nor_mammoth_herd_ror	trained			true	40.0000	1500.0000	wh3_dlc26_grn_mon_arachnarok_spider_flinger_ete	60	80	0	vo_sel_default	vo_sel_culture	vo_sel_culture	1.0000	large_bst	75	12	0	0	0	0	0	0	melee_gatecrusher	false	false	false	false	medium	medium	domination_monsters			melee	1.0000	1.0000	false	false
wh3_dlc26_kho_inf_khorngors_ete	10	wh2_main_heavy_metal_100	2100	inf_melee	70	inf_mel	wh3_dlc26_unit_long_text_kho_inf_khorngors	hu6_gor_dual_axe	wh_dlc03_bst_cha_gor_hero_blood_dismember	55	35	60	3248		0	wh2_dlc17_bst_wargor_mace_kho		4	none	wh3_dlc26_kho_inf_khorngors_ete	wh_main_cavalry_chaotic	trained			true	40.0000	1500.0000	wh3_dlc26_kho_inf_khorngors_ete	60	80	0	vo_sel_beastmen_gors	vo_sel_default	vo_sel_culture	1.0000	small	0	0	0	35	0	0	0	0	melee	false	true	false	false	medium	medium	domination_infantry			melee	1.0000	1.0000	false	false
wh3_dlc26_kho_inf_skullreapers_ete	10	wh_main_body_0	2100	inf_melee	20	inf_mel	wh3_dlc26_unit_long_text_kho_inf_skullreapers	hu1c_dlc26_bloodspeaker_sword_and_head	wh3_dlc26_kho_cha_bloodspeaker	63	55	100	2808		0	wh3_dlc26_kho_cha_bloodspeaker		2	none	wh3_dlc26_kho_inf_skullreapers_ete	wh_main_cavalry_very_chaotic	trained			true	40.0000	1500.0000	wh3_dlc26_kho_inf_skullreapers_ete	60	80	0	vo_sel_default	vo_sel_melee	vo_sel_generic_short	1.0000	small	0	0	0	35	0	15	0	0	melee	false	true	false	false	medium	medium	domination_infantry			melee	1.0000	1.0000	false	false
wh3_dlc26_kho_inf_wrathmongers_ete	10	wh2_main_heavy_metal_120	2100	inf_melee	55	inf_mel	wh3_dlc26_unit_long_text_kho_inf_wrathmongers	hu1c_dlc26_wrathmongers_dual_flails	wh3_dlc20_chs_cha_lord_hero	60	35	70	3260		0	wh3_pro11_chs_cha_harald_hammerstorm_ete		2	none	wh3_dlc26_kho_inf_wrathmongers_ete	wh2_dlc09_necroserpents	trained			true	40.0000	1500.0000	wh3_dlc26_kho_inf_wrathmongers_ete	60	80	0	vo_sel_default	vo_sel_melee	vo_sel_generic_short	1.0000	small	0	0	0	35	0	0	0	0	melee	false	true	false	false	medium	medium	domination_infantry			melee	1.0000	1.0000	false	false
wh3_dlc26_ogr_inf_eshin_maneater_ete	10	wh_main_body_0	2100	inf_melee	50	inf_mel	wh3_dlc26_unit_long_text_ogr_inf_maneaters	hu13_dlc26_eshin_maneater_sword	wh3_dlc26_ogr_inf_eshin_maneater_ror	45	40	70	3808		0	wh3_dlc26_ogr_eshin_maneater_ror_swords		2	none	wh3_dlc26_ogr_inf_eshin_maneater_ete	wh_main_monstrous_infantry	trained			true	40.0000	1500.0000	wh3_dlc26_ogr_inf_eshin_maneater_ete	60	80	0	vo_sel_default	vo_sel_ogr_maneaters	vo_sel_culture	1.0000	large	0	0	0	0	0	25	0	0	melee_gatecrusher	false	true	false	false	medium	medium	domination_characters			melee	1.0000	1.0000	false	false
wh3_dlc26_ogr_inf_eshin_maneater_ete_ror	10	wh_main_body_0	2100	inf_melee	50	inf_mel	wh3_dlc26_unit_long_text_ogr_inf_maneaters	hu13_dlc26_bragg_2handed_poleaxe	wh3_dlc26_ogr_inf_eshin_maneater_ror	50	55	80	3808		0	wh3_dlc26_ogr_bragg_poleaxe_ete		2	none	wh3_dlc26_ogr_inf_eshin_maneater_ete_ror	wh_main_monstrous_infantry	trained			true	40.0000	1500.0000	wh3_dlc26_ogr_inf_eshin_maneater_ete_ror	60	80	0	vo_sel_default	vo_sel_ogr_maneaters	vo_sel_culture	1.0000	large	0	0	0	0	0	25	0	0	melee_gatecrusher	false	true	false	false	medium	medium	domination_characters			melee	1.0000	1.0000	false	false
wh3_dlc26_ogr_inf_golgfags_maneaters_ete	10	wh2_main_plate_80	2100	inf_melee	50	inf_mel	wh3_dlc26_unit_long_text_ogr_inf_maneaters	hu13b_dlc26_golgfag_sword_mace	wh3_dlc26_ogr_cha_golgfag_maneater	55	50	90	4408		0	wh3_dlc26_ogr_golgfag_sword_mace		2	none	wh3_dlc26_ogr_inf_golgfags_maneaters_ete	wh_main_monstrous_trolls	trained			true	40.0000	1500.0000	wh3_dlc26_ogr_inf_golgfags_maneaters_ete	60	80	0	vo_sel_default	vo_sel_generic	vo_sel_generic_short	1.0000	large	0	0	0	0	0	0	0	0	melee_gatecrusher_highvalue	false	true	false	false	medium	medium	domination_infantry			melee	1.0000	1.0000	false	false
wh3_dlc26_ogr_mon_blood_vultures_ete	10	wh2_main_body_10	2100	inf_melee	24	inf_mel	wh3_dlc26_unit_long_text_ogr_mon_blood_vultures	bi1b_carrion	wh3_dlc26_ogr_blood_vultures_ete	34	28	45	98		0	wh3_dlc26_ogr_blood_vultures_beak		12	none	wh3_dlc26_ogr_mon_blood_vultures_ete	wh_main_war_beasts	trained			true	40.0000	1500.0000	wh3_dlc26_ogr_mon_blood_vultures_ete	60	80	0	vo_sel_default	vo_sel_melee	vo_sel_culture	1.0000	small	0	0	0	0	0	0	0	0	flying_melee_flanker	false	false	false	false	cant_capture	cant_capture	cant_capture			melee	1.0000	1.0000	false	false
wh3_dlc26_ogr_mon_blood_vultures_ete_ror	10	wh2_main_body_10	2100	inf_melee	24	inf_mel	wh3_dlc26_unit_long_text_ogr_mon_blood_vultures	bi1b_carrion	wh3_dlc26_ogr_blood_vultures_ete	43	36	55	112		0	wh3_dlc26_ogr_blood_vultures		12	none	wh3_dlc26_ogr_mon_blood_vultures_ete_ror	wh_main_war_beasts	trained			true	40.0000	1500.0000	wh3_dlc26_ogr_mon_blood_vultures_ete_ror	60	80	0	vo_sel_default	vo_sel_melee	vo_sel_culture	1.0000	small	0	0	0	0	0	0	0	0	flying_melee_flanker	false	false	false	false	cant_capture	cant_capture	cant_capture			melee	1.0000	1.0000	false	false
wh3_dlc26_ogr_mon_thundertusk_ete	10	wh2_main_body_100	2100	war_beast	50	inf_mel	wh3_dlc26_unit_long_text_ogr_mon_thundertusk	hu13_wh3_hq3b_stonehorn_sword_and_crossbow	wh3_dlc26_ogr_monster_thundertusk	44	30	70	15200	wh3_dlc26_ogr_mon_thundertusk	8	wh3_dlc26_ogr_thundertusk	wh3_dlc26_thundertusk_ice_shard	2	none	wh3_dlc26_ogr_mon_thundertusk_ete	wh_dlc08_nor_mammoth_herd_ror	trained			true	40.0000	1500.0000	wh3_dlc26_ogr_mon_thundertusk_ete	60	80	0	vo_sel_default	vo_sel_generic	vo_sel_culture	1.0000	large	14	20	0	0	0	0	10	0	melee_gatecrusher_shock	false	false	false	false	medium	medium	domination_monsters			artillery	1.0000	1.0000	false	false
wh3_dlc26_ogr_mon_thundertusk_ror_ete	10	wh2_main_body_155	2100	war_beast	50	inf_mel	wh3_dlc26_unit_long_text_ogr_mon_thundertusk	hu13_wh3_hq3b_stonehorn_sword_and_crossbow	wh3_dlc26_ogr_monster_thundertusk	44	30	70	15200	wh3_dlc26_ogr_mon_thundertusk_ete	8	wh3_dlc26_ogr_thundertusk_ete	wh3_dlc26_thundertusk_ice_shard	2	none	wh3_dlc26_ogr_mon_thundertusk_ror_ete	wh_dlc08_nor_mammoth_herd_ror	trained			true	40.0000	1500.0000	wh3_dlc26_ogr_mon_thundertusk_ror_ete	60	80	0	vo_sel_default	vo_sel_generic	vo_sel_culture	1.0000	large	14	30	-35	0	0	0	10	0	melee_gatecrusher_shock	false	false	false	false	medium	medium	domination_monsters			artillery	1.0000	1.0000	false	false
wh3_dlc27_hef_inf_swordmasters_of_hoeth_ror_ete	10	wh2_main_plate_100	2100	inf_melee	35	inf_mel	wh2_main_unit_long_text_hef_inf_swordmasters_of_hoeth_0	hu1d_hef_2handed_sword	wh2_main_infantry_standard_hero_blood_loremaster	62	53	90	3080		0	wh2_main_hef_loremaster_of_hoeth_ete		2	wh_missile_block_70_inaudible	wh3_dlc27_hef_inf_swordmasters_of_hoeth_ror_ete	wh3_main_cth_crane_gunners	trained			true	40.0000	1500.0000	wh3_dlc27_hef_inf_swordmasters_of_hoeth_ror_ete	60	80	0	vo_sel_hef_Swordmaster_of_Hoeth	vo_sel_melee	vo_sel_culture	1.0000	small	0	0	0	25	0	0	0	0	melee	false	true	false	false	medium	medium	domination_infantry_elite			melee	1.0000	1.0000	false	false
wh3_dlc27_hef_mon_merwyrm_ete	10	wh2_main_body_60	2100	inf_melee	38	inf_mel	wh3_dlc27_unit_long_text_hef_mon_merwyrm	sm02_dlc27_merwyrm	wh3_dlc27_hef_mon_merwyrm_ete_1	59	34	60	17184		0	wh3_dlc27_hef_mon_merwyrm_ete		2	none	wh3_dlc27_hef_mon_merwyrm_ete	wh_dlc08_nor_mammoth_herd_ror	trained			true	40.0000	1500.0000	wh3_dlc27_hef_mon_merwyrm_ete	60	80	0	vo_sel_default	vo_sel_melee	vo_sel_culture	1.0000	aquatic_large	0	0	0	0	0	0	10	0	melee_gatecrusher	false	false	false	false	medium	medium	domination_monsters			melee	1.0000	1.0000	false	false
wh3_dlc27_hef_mon_merwyrm_ror_ete	10	wh2_main_body_70	2100	inf_melee	42	inf_mel	wh3_dlc27_unit_long_text_hef_mon_merwyrm_ror	sm02_dlc27_merwyrm	wh3_dlc27_hef_mon_merwyrm_ete	71	52	80	49184		0	wh3_dlc27_hef_mon_merwyrm_ete_ror		2	none	wh3_dlc27_hef_mon_merwyrm_ror_ete	wh_main_monster	trained			true	40.0000	1500.0000	wh3_dlc27_hef_mon_merwyrm_ror_ete	60	80	0	vo_sel_default	vo_sel_melee	vo_sel_culture	1.0000	aquatic_large	0	0	-30	0	0	0	35	0	melee_gatecrusher	false	false	false	false	medium	medium	domination_monsters			melee	1.0000	1.0000	false	false
wh3_dlc27_hef_mon_merwyrm_ror_ete_cst	10	wh2_main_body_70	2100	inf_melee	42	inf_mel	wh3_dlc27_unit_long_text_hef_mon_merwyrm_ror	sm02_dlc27_merwyrm	wh3_dlc27_hef_mon_merwyrm_ete	71	52	70	55184		0	wh3_dlc27_hef_mon_merwyrm_ete_ror_cst		2	none	wh3_dlc27_hef_mon_merwyrm_ror_ete_cst	wh_main_monster	trained			true	40.0000	1500.0000	wh3_dlc27_hef_mon_merwyrm_ror_ete_cst	60	80	0	vo_sel_default	vo_sel_melee	vo_sel_culture	1.0000	aquatic_large	0	0	-50	0	0	0	35	0	melee_gatecrusher	false	false	false	false	medium	medium	domination_monsters			melee	1.0000	1.0000	false	false
wh3_dlc27_hef_mon_sea_elemental_ete	10	wh_main_body_0	2100	inf_melee	32	inf_mel	wh3_dlc27_unit_long_text_hef_mon_sea_elemental	sn3_dlc27_sea_elemental	wh3_dlc27_hef_mon_sea_elemental	45	70	50	15184		0	wh3_dlc27_hef_sea_elemental_ete		2	none	wh3_dlc27_hef_mon_sea_elemental_ete	wh_dlc08_nor_mammoth_herd_ror	trained			true	40.0000	1500.0000	wh3_dlc27_hef_mon_sea_elemental_ete	60	80	0	vo_sel_default	vo_sel_melee	vo_sel_culture	1.0000	aquatic_large	0	0	25	0	0	0	0	0	melee_gatecrusher_highvalue	false	true	false	false	medium	medium	domination_monsters			melee	1.0000	1.0000	false	false
wh3_dlc27_hef_veh_skycutter_bolt_thrower_ete	10	wh2_main_plate_80	2100	war_beast	60	chariot	wh3_dlc27_unit_long_text_hef_veh_sky_cutter	hu1d_dlc27_skycutter01_bolt_thrower	wh2_dlc16_hef_infantry_bolt_thrower_crew_blood_dismembers	30	26	70	1124	wh3_dlc27_hef_mnt_skycutter_bolt	32	wh3_dlc27_hef_skycutter	wh3_dlc27_hef_veh_skycutter_bolt_thrower	1	none	wh3_dlc27_hef_veh_skycutter_bolt_thrower_ete	wh_main_chariot	trained			true	40.0000	1500.0000	wh3_dlc27_hef_veh_skycutter_bolt_thrower_ete	60	80	0	vo_sel_hef_Sky_Cutters	vo_sel_culture	vo_sel_culture	1.0000	large	0	12	0	0	0	0	0	0	flying_ranged_harasser_flanker	true	false	false	false	cant_capture	cant_capture	cant_capture			skirmish	1.0000	1.0000	false	false
wh3_dlc27_hef_veh_skycutter_bows_ete	10	wh2_main_plate_80	2100	war_beast	75	chariot	wh3_dlc27_unit_long_text_hef_veh_sky_cutter	hu1d_elf_wm_tiranoc_chariot01_sword_and_bow	wh2_main_hef_infantry_blood_dismembers	30	26	70	1116	wh3_dlc27_hef_mnt_skycutter_ete	32	wh3_dlc27_hef_skycutter	wh3_dlc27_hef_skycutter_bow	1	none	wh3_dlc27_unit_short_text_hef_veh_sky_cutter_bows_ror	wh_main_chariot	trained			true	40.0000	1500.0000	wh3_dlc27_hef_veh_skycutter_bows_ete	60	80	0	vo_sel_hef_Sky_Cutters	vo_sel_culture	vo_sel_culture	1.0000	large	0	55	0	0	0	0	0	0	flying_ranged_harasser_flanker	true	false	false	false	cant_capture	cant_capture	cant_capture			skirmish	1.0000	1.0000	false	false
wh3_dlc27_nor_mon_cursd_ettin_ete	10	wh2_main_leather_35	2100	inf_melee	45	inf_mel	wh3_dlc27_unit_long_text_nor_mon_cursd_ettin	gi3_dlc27_cursd_ettin	wh3_dlc27_nor_mon_cursd_ettin	65	40	70	20624		0	wh3_dlc27_nor_mon_cursd_ettin_fist		2	none	wh3_dlc27_nor_mon_cursd_ettin_ete	wh_dlc08_nor_mammoth_herd_ror	trained			true	40.0000	1500.0000	wh3_dlc27_nor_mon_cursd_ettin_ete	60	80	0	vo_sel_default	vo_sel_melee	vo_sel_culture	1.0000	large	0	0	0	25	0	0	0	0	melee_gatecrusher	false	false	false	false	medium	medium	domination_monsters			melee	1.0000	1.0000	false	false
wh3_dlc27_nor_mon_cursd_ettin_runecaller_ete	10	wh2_main_leather_35	2100	inf_melee	35	inf_mel	wh3_dlc27_unit_long_text_nor_mon_cursd_ettin	gi3_dlc27_cursd_ettin	wh3_dlc27_nor_mon_runecaller	70	45	80	18424		0	wh3_dlc27_nor_mon_cursd_ettin_fist_runecaller		2	none	wh3_dlc27_nor_mon_cursd_ettin_runecaller_ete	wh_dlc08_nor_mammoth_herd_ror	trained			true	40.0000	1500.0000	wh3_dlc27_nor_mon_cursd_ettin_runecaller_ete	60	80	0	vo_sel_nor_cursd_ettin_runecaller	vo_sel_default	vo_sel_culture	1.0000	large	0	0	0	25	0	0	15	0	melee_mage_gatecrusher	false	false	false	false	medium	medium	domination_monsters			melee	1.0000	1.0000	false	false
wh3_dlc27_sla_inf_slaangors_ete	10	wh2_main_chainmail_50	2100	inf_melee	45	inf_mel	wh3_dlc27_unit_long_text_sla_inf_slaangors	hu6_gor_axe_and_shield	wh_dlc03_bst_cha_gor_hero_blood_dismember	50	45	60	3248		0	wh2_dlc17_bst_wargor_mace		4	wh_missile_block_55_metal	wh3_dlc27_sla_inf_slaangors_ete	wh3_main_cth_crane_gunners	trained			true	40.0000	1500.0000	wh3_dlc27_sla_inf_slaangors_ete	60	80	0	vo_sel_default	vo_sel_default	vo_sel_culture	1.0000	small	0	0	0	0	0	5	0	0	melee	false	true	false	false	medium	medium	domination_infantry			melee	1.0000	1.0000	false	false
wh3_main_cth_art_fire_rain_rocket_battery_0_ete	10	wh2_main_chainmail_70	2100	artillery	12	art_fld	wh3_main_unit_long_text_cth_art_fire_rain_rocket_battery_0	hu1e_sword	wh3_main_cth_infantry_heavy_blood_dismembers	24	34	64	61	wh3_main_cth_mnt_oxen_draught_artillery	4	wh3_main_cth_jade_warrior_sword		6	wh_missile_block_35_wood	wh3_main_cth_art_fire_rain_rocket_battery_0_ete	wh_main_artillery	trained	wh3_main_cth_art_grand_cannon_articulation	wh3_main_cth_art_fire_rain_rocket_battery	false	40.0000	1500.0000	wh3_main_cth_art_fire_rain_rocket_battery_0_ete	60	80	0	vo_sel_cth_rocket_battery	vo_sel_artillery	vo_sel_culture	1.0000	small	0	64	0	0	24	0	0	0	ranged_indirect_arty	false	false	false	false	medium	medium	domination_artillery		wh3_main_cth_art_fire_rain_rocket_battery	artillery	1.0000	1.0000	false	false
wh3_main_cth_cav_jade_lancers_0_ete	10	wh2_main_chainmail_110	2100	war_beast	60	cav_shk	wh3_main_unit_long_text_cth_cav_jade_lancers_0	hu1e_hr1_warhorse_lance_and_shield	wh_main_cavalry_rider_standard_blood	50	40	70	3420	wh3_main_cth_mnt_horse_heavy	4	wh3_main_cth_jade_lancer_lance		1	wh_missile_block_35_metal	wh3_main_cth_cav_jade_lancers_0_ete	wh_main_monstrous_cavalry	trained			true	40.0000	1500.0000	wh3_main_cth_cav_jade_lancers_0_ete	60	80	0	vo_sel_cth_jade_riders	vo_sel_cavalry	vo_sel_culture	1.0000	large	0	0	0	0	0	0	0	0	melee_flanker_shock	false	false	false	false	low	low	domination_cav			melee	1.0000	1.0000	false	false
wh3_main_cth_cav_jade_lancers_0_ete_ror	10	wh2_main_heavy_metal_110	2100	war_beast	70	cav_shk	wh3_main_unit_long_text_cth_cav_jade_lancers_0	hu1e_dlc24_hr1_warhorse_celestial_general	wh3_dlc24_cth_cha_hum_celestial_general_yang_blood	61	45	88	3520	wh3_main_cth_mnt_horse_hero	4	wh3_dlc24_cth_celestial_general_hammer		1	none	wh3_main_cth_cav_jade_lancers_0_ete_ror	wh_main_monstrous_cavalry	trained			true	40.0000	1500.0000	wh3_main_cth_cav_jade_lancers_0_ete_ror	60	80	0	vo_sel_cth_dragon_guard	vo_sel_cavalry	vo_sel_culture	1.0000	large	0	0	0	0	0	0	0	0	melee_flanker_shock_highvalue	false	false	false	false	low	low	domination_cav			melee	1.0000	1.0000	false	false
wh3_main_cth_cav_jade_longma_riders_0_ete	10	wh2_main_plate_80	2100	war_beast	65	cav_shk	wh3_main_unit_long_text_cth_cav_jade_longma_riders_0	hu1e_dlc24_bc2_celestial_lion_celestial_general	wh_main_cavalry_rider_standard_blood	50	36	80	4068	wh3_dlc24_cth_mnt_celestial_lion	8	wh3_dlc24_cth_celestial_general_hammer_lion		2	none	wh3_main_cth_cav_jade_longma_riders_0_ete	wh_dlc07_brt_royal_hippogryph_knights	trained			true	40.0000	1500.0000	wh3_main_cth_cav_jade_longma_riders_0_ete	60	80	0	vo_sel_cavalry	vo_sel_cth_dragon_guard	vo_sel_culture	1.0000	large	0	0	0	0	0	0	0	0	flying_melee_flanker_shock_highvalue	false	false	false	false	cant_capture	cant_capture	cant_capture			melee	1.0000	1.0000	false	false
wh3_main_cth_inf_dragon_guard_0_ete	10	wh2_main_chainmail_110	2100	inf_melee	30	inf_mel	wh3_main_unit_long_text_cth_inf_dragon_guard_0	hu1e_cp1_taoyan_trident	wh3_dlc24_cth_cha_hum_celestial_general_yang_blood	50	45	78	3420		0	wh2_main_hef_noble_halberd		2	none	wh3_main_cth_inf_dragon_guard_0_ete	wh3_main_cth_crane_gunners	trained			true	40.0000	1500.0000	wh3_main_cth_inf_dragon_guard_0_ete	60	80	0	vo_sel_cth_dragon_guard	vo_sel_melee	vo_sel_culture	1.0000	small	0	0	0	0	0	0	0	0	melee_anti_large	false	true	false	false	medium	medium	domination_infantry_elite			melee	1.0000	1.0000	false	false
wh3_main_cth_inf_jade_warrior_crossbowmen_0_ete	10	wh2_main_chainmail_95	2100	inf_ranged	25	inf_mis	wh3_main_unit_long_text_cth_inf_jade_warrior_crossbowmen_0	hu1e_dlc24_gatemaster_sword_and_shield	wh_main_infantry_standard_slow_hero_blood_dismembers	46	50	70	3120		0	wh3_dlc24_cth_gate_master_sword	wh3_dlc24_cth_gate_master_crossbow	2	wh_missile_block_35_metal	wh3_main_cth_inf_jade_warrior_crossbowmen_0_ete	wh3_main_cth_crane_gunners	trained			true	40.0000	1500.0000	wh3_main_cth_inf_jade_warrior_crossbowmen_0_ete	60	80	0	vo_sel_cth_jade_warrior_crossbows	vo_sel_crossbowmen	vo_sel_culture	1.0000	small	0	22	0	0	0	0	0	0	ranged_no_skirmish	true	true	false	false	medium	medium	domination_infantry			archer	1.0000	1.0000	false	false
wh3_main_cth_inf_peasant_spearmen_1_ete	10	wh2_main_leather_15	2100	inf_melee	15	inf_mel	wh3_main_unit_long_text_cth_peasants	hu1e_sword_lord	wh_main_infantry_standard_slow_hero_blood_dismembers	40	25	55	2412		0	wh3_main_tze_staff_cultist		2	none	wh3_main_cth_inf_peasant_spearmen_1_ete	wh_main_cavalry_ordered	trained			true	40.0000	1500.0000	wh3_main_cth_inf_peasant_spearmen_1_ete	60	80	0	vo_sel_default	vo_sel_melee	vo_sel_culture	1.0000	small	0	0	0	0	0	0	0	0	melee_mage_highvalue	false	true	false	false	medium	medium	domination_infantry			melee	1.0000	1.0000	false	false
wh3_main_cth_mon_terracotta_sentinel_0_ete	10	wh2_main_body_100	2100	inf_melee	40	inf_mel	wh3_main_unit_long_text_cth_mon_terracotta_sentinel_0	gi1b_terracotta_sentinel_glaive	wh3_main_cth_terracotta_sentinel	65	30	60	12424		0	wh3_main_cth_terracotta_sentinel		2	none	wh3_main_cth_mon_terracotta_sentinel_0_ete	wh_dlc08_nor_mammoth_herd_ror	trained			true	40.0000	1500.0000	wh3_main_cth_mon_terracotta_sentinel_0_ete	60	80	0	vo_sel_default	vo_sel_melee	vo_sel_culture	1.0000	large	0	0	0	0	0	0	0	0	melee_gatecrusher	false	false	false	false	medium	medium	domination_monsters			melee	1.0000	1.0000	false	false
wh3_main_kho_cav_bloodcrushers_0_ete	10	wh2_main_heavy_metal_100	2100	cavalry	65	cav_shk	wh3_main_unit_long_text_kho_cav_bloodcrushers_0	hu6f_wh3_herald_hq4_juggernaught_2handed_sword	wh3_main_kho_cha_bloodreaper_hero_blood_dismembers	55	35	65	3840	wh3_dlc20_chs_mnt_juggernaut_lord	8	wh3_main_kho_bloodreaper_juggernaut		2	none	wh3_main_kho_cav_bloodcrushers_0_ete	wh3_main_ogr_mournfangs	trained			true	40.0000	1500.0000	wh3_main_kho_cav_bloodcrushers_0_ete	60	80	0	vo_sel_default	vo_sel_cavalry	vo_sel_culture	1.0000	large	0	0	0	35	0	20	0	0	melee_flanker_shock	false	false	false	false	low	low	domination_cav			melee	1.0000	1.0000	false	false
wh3_main_kho_inf_bloodletters_1_ete	10	wh2_main_body_40	2100	inf_melee	45	inf_mel	wh3_main_unit_long_text_kho_inf_bloodletters_1	hu6f_wh3_bloodreaper_2handed_sword	wh3_main_kho_cha_bloodreaper_hero_blood_dismembers	55	35	60	3440		0	wh3_main_kho_bloodreaper_2handed_sword		2	none	wh3_main_sla_inf_daemonette_1_ete	wh3_main_cth_crane_gunners	trained			true	40.0000	1500.0000	wh3_main_kho_inf_bloodletters_1_ete	60	80	0	vo_sel_default	vo_sel_melee	vo_sel_culture	1.0000	small	0	0	0	35	0	20	0	0	melee_highvalue	false	true	false	false	medium	medium	domination_infantry_elite			melee	1.0000	1.0000	false	false
wh3_main_kho_mon_khornataurs_1_ete	10	wh2_main_body_70	2100	inf_melee	60	inf_mel	wh3_dlc26_unit_long_text_kho_mon_slaughterbrute	hc4_dlc26_slaughterbrute	wh3_dlc26_kho_mon_slaughterbrute	65	45	50	7880		0	wh3_dlc26_kho_slaughterbrute_claws		2	none	wh3_main_kho_mon_khornataurs_1_ete	wh_dlc08_nor_mammoth_herd_ror	trained			true	40.0000	1500.0000	wh3_main_kho_mon_khornataurs_1_ete	60	80	0	vo_sel_default	vo_sel_melee	vo_sel_culture	1.0000	large	0	0	0	35	0	0	10	0	melee_highvalue	false	true	false	false	medium	medium	domination_monsters			melee	1.0000	1.0000	false	false
wh3_main_kho_mon_soul_grinder_0_ete	10	wh2_main_heavy_metal_90	2100	inf_ranged	50	spcl	wh3_main_unit_long_text_kho_mon_soul_grinder_0	hc7_wh3_soul_grinder	wh3_main_monster_kho_soul_grinder_blood	55	35	55	10360		0	wh3_main_kho_soul_grinder	wh3_main_kho_soul_grinder_cannon	2	none	wh3_main_kho_mon_soul_grinder_0_ete	wh_dlc08_nor_mammoth_herd_ror	trained			true	40.0000	1500.0000	wh3_main_kho_mon_soul_grinder_0_ete	60	80	0	vo_sel_default	vo_sel_melee	vo_sel_culture	1.0000	large	0	40	0	35	0	20	0	0	hybrid_gatecrusher	false	false	false	false	medium	medium	domination_monsters			artillery	1.0000	1.0000	false	false
wh3_main_ksl_cav_gryphon_legion_0_ete	10	wh2_main_plate_105	2100	war_beast	75	cav_shk	wh3_main_unit_long_text_ksl_cav_gryphon_legion_0	hu1c_wh3_kislev_hr1_warhorse_lance_and_shield_gryphon	wh_main_war_beast_rider_standard_blood	45	40	75	3660	wh3_main_ksl_mnt_horse_heavy_lord	8	wh_main_brt_sword_hero		2	wh_missile_block_35_metal	wh3_main_ksl_cav_gryphon_legion_0_ete	wh_main_monstrous_cavalry	trained			true	40.0000	1500.0000	wh3_main_ksl_cav_gryphon_legion_0_ete	60	80	0	vo_sel_ksl_gryphon_legion	vo_sel_generic	vo_sel_culture	1.0000	large	0	0	0	0	0	0	0	0	melee_flanker_shock_highvalue	false	false	false	false	low	low	domination_cav			melee	1.0000	1.0000	false	false
wh3_main_ksl_cav_war_bear_riders_1_ete	10	wh2_main_plate_115	2100	war_beast	65	cav_mel	wh3_main_unit_long_text_ksl_cav_war_bear_riders_1	hu1c_wh3_kislev_be1_warbear_dual_axe	wh_main_war_beast_rider_standard_blood	55	45	75	4008	wh3_main_ksl_mnt_war_bear_heavy_ete	8	wh3_main_ksl_war_bear_boyar		2	none	wh3_main_ksl_cav_war_bear_riders_1_ete	wh3_main_ogr_mournfangs	trained			true	40.0000	1500.0000	wh3_main_ksl_cav_war_bear_riders_1_ete	60	80	0	vo_sel_ksl_war_bear_riders	vo_sel_generic	vo_sel_culture	1.0000	large	0	0	0	0	0	0	0	0	melee_flanker_shock_highvalue	false	false	false	false	low	low	domination_cav			melee	1.0000	1.0000	false	false
wh3_main_ksl_cav_winged_lancers_0_ete	10	wh2_main_plate_80	2100	war_beast	70	cav_shk	wh3_main_unit_long_text_ksl_cav_winged_lancers_0	hu1c_wh3_kislev_hr1_warhorse_lance_and_shield	wh_main_war_beast_rider_standard_blood	40	40	65	3580	wh3_main_ksl_mnt_horse_medium_ete	8	wh_main_brt_sword_hero_ete_2_ror		2	wh_missile_block_30_metal	wh3_main_ksl_cav_winged_lancers_0_ete	wh_main_monstrous_cavalry	trained			true	40.0000	1500.0000	wh3_main_ksl_cav_winged_lancers_0_ete	60	80	0	vo_sel_ksl_winged_lancers	vo_sel_generic	vo_sel_culture	1.0000	large	0	0	0	0	0	0	0	0	melee_flanker_shock_highvalue	false	false	false	false	low	low	domination_cav			melee	1.0000	1.0000	false	false
wh3_main_ksl_inf_armoured_kossars_0_ete	10	wh2_main_plate_85	2100	inf_ranged	20	inf_mis	wh3_main_unit_long_text_ksl_inf_armoured_kossars_0	hu1c_wh3_kislev_pistol_axe_and_shield	wh3_main_infantry_boyar_hero_blood_dismembers	45	55	70	2960		0	wh3_main_ksl_axe_ataman	wh3_main_ksl_ataman_pistol	2	wh_missile_block_55_metal	wh3_main_ksl_inf_armoured_kossars_0_ete	wh_main_cavalry_ordered	trained			true	40.0000	1500.0000	wh3_main_ksl_inf_armoured_kossars_0_ete	60	80	0	vo_sel_ksl_armoured_kossars	vo_sel_generic	vo_sel_generic	1.0000	small	0	6	0	0	0	0	0	0	hybrid_melee	false	true	false	false	medium	medium	domination_infantry			archer	1.0000	1.0000	false	false
wh3_main_ksl_inf_ice_guard_0_ete	10	wh2_main_plate_60	2100	inf_ranged	16	inf_mis	wh3_main_unit_long_text_ksl_inf_ice_guard_0	hu1_wh3_kislev_glaive_and_bow	wh3_dlc23_ulrika_standard_blood	40	55	75	3160		0	wh2_dlc10_hef_handmaiden_spear_ksl	wh3_dlc24_ksl_bow_katarin_sled	2	none	wh3_main_ksl_inf_ice_guard_0_ete	wh_main_infantry_chaos_chosen	trained			false	40.0000	1500.0000	wh3_main_ksl_inf_ice_guard_0_ete	60	80	0	vo_sel_ksl_ice_guard	vo_sel_generic	vo_sel_generic	1.0000	small	0	22	0	15	0	10	0	0	hybrid_melee	true	true	false	false	medium	medium	domination_infantry			archer	1.0000	1.0000	false	false
wh3_main_ksl_inf_kossars_0_ete	10	wh2_main_bone_30	2100	war_machine	62	com	wh3_dlc24_unit_long_text_ksl_cha_hag_witch	hu1i_dlc24_hag_witch_sled01	wh3_dlc24_ksl_cha_hag_witch_hags_blood	36	28	70	2600	wh3_dlc24_ksl_mnt_steed_of_kurnous_draught	4	wh3_dlc24_ksl_hag_witch	wh3_dlc24_ksl_hag_witch_hags	2	none	wh3_main_ksl_inf_kossars_0_ete	wh_main_chariot	trained	wh3_dlc24_ksl_cha_hag_witch_sled	wh3_dlc24_ksl_hag_witch_sled	true	40.0000	1500.0000	wh3_main_ksl_inf_kossars_0_ete	60	80	0	vo_sel_default	vo_sel_generic	vo_sel_generic	1.0000	large	0	16	0	0	4	15	0	0	ranged_direct_arty	false	false	false	false	medium	medium	domination_monsters			skirmish	1.0000	1.0000	false	false
wh3_main_ksl_inf_kossars_1_ete	10	wh2_main_bone_50	2100	war_machine	62	com	wh3_dlc24_unit_long_text_ksl_cha_hag_witch	hu1i_dlc24_mother_ostankya_sled01	wh3_dlc24_ksl_cha_mother_ostankya_blood	46	32	80	2900	wh3_dlc24_ksl_mnt_the_thing_in_the_woods_draught_ete	4	wh3_dlc24_ksl_mother_ostankya	wh3_dlc24_ksl_mother_ostankya_cauldron	2	none	wh3_main_ksl_inf_kossars_1_ete	wh_main_chariot	trained	wh3_dlc24_ksl_cha_mother_ostankya_sled	wh3_dlc24_ksl_ostankya_sled	true	40.0000	1500.0000	wh3_main_ksl_inf_kossars_1_ete	60	80	0	vo_sel_default	vo_sel_generic	vo_sel_generic	1.0000	large	0	16	0	0	4	20	0	0	ranged_direct_arty	false	false	false	false	medium	medium	domination_monsters			skirmish	1.0000	1.0000	false	false
wh3_main_ksl_inf_kossars_2_ete	10	wh_main_body_0	2100	inf_melee	20	spcl	wh3_main_unit_long_text_ksl_inf_kossars_0	gr1_grail_reliquae	wh_dlc07_brt_inf_grail_reliquae_blood	24	28	90	3466		0	wh_dlc07_brt_grail_reliquae_ksl		2	none	wh3_main_ksl_inf_kossars_2_ete	wh_main_hero	trained			true	40.0000	1500.0000	wh3_main_ksl_inf_kossars_2_ete	60	80	0	vo_sel_default	vo_sel_generic	vo_sel_generic_short	1.0000	large	0	0	0	0	0	25	0	0	melee_highvalue	false	true	false	false	medium	medium	domination_monsters			melee	1.0000	1.0000	false	false
wh3_main_ksl_inf_streltsi_0_ete	10	wh2_main_plate_75	2100	inf_ranged	24	inf_mis	wh3_main_unit_long_text_ksl_inf_streltsi_0	hu1c_wh3_kislev_gun_halberd	wh_main_infantry_standard_hero_blood	45	40	75	3160		0	wh3_dlc24_ksl_druzhina_great_axe_ete_2	wh_main_dwf_master_engineer_rifle	2	none	wh3_main_ksl_inf_streltsi_0_ete	wh3_main_kislev_infantry_2handed	trained			true	40.0000	1500.0000	wh3_main_ksl_inf_streltsi_0_ete	60	80	0	vo_sel_ksl_streltsi	vo_sel_generic	vo_sel_generic	1.0000	small	0	14	0	0	0	0	0	0	hybrid	true	true	false	false	medium	medium	domination_infantry			archer	1.0000	1.0000	false	false
wh3_main_ksl_inf_tzar_guard_0_ete	0	wh2_main_plate_100	2100	inf_melee	35	inf_mel	wh3_main_unit_long_text_ksl_inf_tzar_guard_1	hu1c_wh3_kislev_tsar_guard_2handed_sword	wh3_main_infantry_boyar_hero_blood_dismembers	65	50	80	3260		0	wh2_dlc14_brt_repanse_sword_great		2	none	wh3_main_ksl_inf_tzar_guard_0_ete	wh3_main_kislev_infantry_2handed	trained			true	40.0000	1500.0000	wh3_main_ksl_inf_tzar_guard_0_ete	60	80	0	vo_sel_ksl_tsar_guard	vo_sel_generic	vo_sel_generic	1.0000	small	0	0	0	0	0	0	0	0	melee	false	true	false	false	medium	medium	domination_infantry			melee	1.0000	1.0000	false	false
wh3_main_ksl_veh_heavy_war_sled_0_ete	10	wh2_main_plate_110	2100	war_machine	46	chariot	wh3_main_unit_long_text_ksl_veh_heavy_war_sled_0	hu1c_wh3_kislev_wm_warsled01_driver	wh_main_cavalry_rider_standard_blood	38	26	70	1200	wh3_main_ksl_mnt_war_bear_draught_war_sled_heavy	4	wh3_main_ksl_bear_draught_sled	wh3_main_ksl_sled_rifle	1	none	wh3_main_ksl_veh_heavy_war_sled_0_ete	wh_main_sled	trained	wh3_main_vehicle_heavy_war_sled	wh3_main_ksl_veh_war_sled_heavy	true	40.0000	1500.0000	wh3_main_ksl_veh_heavy_war_sled_0_ete	60	80	0	vo_sel_ksl_heavy_war_sled	vo_sel_generic	vo_sel_culture	1.0000	large	0	60	0	0	24	0	0	0	hybrid_flanker_shock_harasser_highvalue	true	false	false	false	low	low	domination_cav			skirmish	1.0000	1.0000	false	false
wh3_main_ksl_veh_little_grom_0_ete	10	wh2_main_plate_105	2100	war_machine	25	chariot	wh3_main_unit_long_text_ksl_veh_little_grom_0	hu1c_wh3_kislev_wm_warsled01_driver	wh_main_infantry_standard_blood_dismembers	40	28	70	5180	wh3_main_ksl_mnt_war_bear_draught_little_grom	4	wh3_main_ksl_bear_draught_little_grom	wh3_main_ksl_little_grom_cannon_ball	1	none	wh3_main_ksl_veh_little_grom_0_ete	wh_main_artillery	trained	wh3_main_vehicle_little_grom	wh3_main_ksl_veh_little_grom	true	40.0000	1500.0000	wh3_main_ksl_veh_little_grom_0_ete	60	80	0	vo_sel_ksl_little_grom	vo_sel_generic	vo_sel_culture	1.0000	large	0	16	0	0	6	0	0	0	ranged_indirect_arty	false	false	false	false	low	low	domination_cav		wh3_main_ksl_art_little_grom	artillery	1.0000	1.0000	false	false
wh3_main_nur_inf_forsaken_0_ete	10	wh2_main_body_85	2100	inf_melee	40	inf_mel	wh3_dlc20_unit_long_text_chs_forsaken_mnur	hu1l_dlc25_theodore_bruckner_sword	wh3_main_nur_infantry_forsaken_blood_dismembers_ete	55	40	70	3332		0	wh3_dlc25_emp_theodore_sword_nur		2	none	wh_dlc01_chs_inf_forsaken_0_ete	wh_main_cavalry_very_chaotic	trained			true	40.0000	1500.0000	wh3_main_nur_inf_forsaken_0_ete	60	80	0	vo_sel_melee	vo_sel_melee	vo_sel_culture	1.0000	small	0	0	0	0	0	0	0	0	melee	false	true	false	false	medium	medium	domination_infantry			melee	1.0000	1.0000	false	false
wh3_main_nur_inf_plaguebearers_1_ete	10	wh2_main_body_30	2100	inf_melee	20	inf_mel	wh3_main_unit_long_text_nur_inf_plaguebearers_1	hu4d_wh3_herald_of_nurgle_sword	wh3_main_nur_inf_plagueridden_hero_blood_dismembers	32	47	60	4000		0	wh3_main_nur_sword_plagueridden_ete		2	none	wh3_main_sla_inf_daemonette_1_ete	wh3_main_cth_crane_gunners	trained			true	40.0000	1500.0000	wh3_main_nur_inf_plaguebearers_1_ete	60	80	0	vo_sel_nur_plaguebearers	vo_sel_generic	vo_sel_culture	1.0000	small	0	0	0	0	0	20	0	0	melee_highvalue	false	true	false	false	medium	medium	domination_infantry_elite			melee	1.0000	1.0000	false	false
wh3_main_nur_mon_beast_of_nurgle_0_ete	0	wh2_main_body_50	2100	inf_melee	22	inf_mel	wh3_main_unit_long_text_nur_mon_beast_of_nurgle_0	hc8_wh3_beast_of_nurgle	wh3_main_nur_mon_beast_of_nurgle	42	34	60	9960		0	wh3_main_nur_beast_of_nurgle		2	none	wh3_main_nur_mon_beast_of_nurgle_0_ete	wh_dlc08_nor_mammoth_herd_ror	trained			true	40.0000	1500.0000	wh3_main_nur_mon_beast_of_nurgle_0_ete	60	80	0	vo_sel_default	vo_sel_generic	vo_sel_culture	1.0000	large	0	0	0	0	0	20	0	0	melee_gatecrusher_highvalue	false	false	false	false	medium	medium	domination_monsters			melee	1.0000	1.0000	false	false
wh3_main_ogr_cav_crushers_0_ete	10	wh2_main_heavy_metal_130	2100	cavalry	80	inf_mel	wh3_main_ogr_cav_crushers_0	hu13_wh3_ogre_hq2_mournfang_2handed_sword	wh3_main_ogr_monster_ogre_blood	44	30	75	4524	wh3_main_ogr_mnt_rhinox	8	wh3_main_ogr_hammer_sword_tyrant_ete_ror		2	none	wh3_main_ogr_cav_crushers_0_ete	wh3_main_ogr_mournfangs	trained			true	40.0000	1500.0000	wh3_main_ogr_cav_crushers_0_ete	60	80	0	vo_sel_ogr_crushers	vo_sel_melee	vo_sel_culture	1.0000	large	0	0	0	0	0	0	0	0	melee_gatecrusher_flanker_shock	false	false	false	false	medium	medium	domination_cav			melee	1.0000	1.0000	false	false
wh3_main_ogr_inf_ironguts_0_ete	10	wh2_main_heavy_metal_120	2100	inf_melee	50	inf_mel	wh3_main_ogr_inf_ironguts_0	hu13_wh3_ogre_2handed_sword	wh3_dlc26_ogr_bruiser	55	32	75	4108		0	wh3_dlc26_ogr_bruiser_wristblade		2	none	wh3_main_ogr_inf_ironguts_0_ete	wh3_main_ogr_ironguts	trained			true	40.0000	1500.0000	wh3_main_ogr_inf_ironguts_0_ete	60	80	0	vo_sel_ogr_ironguts	vo_sel_melee	vo_sel_culture	1.0000	large	0	0	0	0	0	0	0	0	melee_gatecrusher_shock	false	true	false	false	medium	medium	domination_infantry			melee	1.0000	1.0000	false	false
wh3_main_ogr_inf_ironguts_0_ete_ror	10	wh2_main_heavy_metal_130	2100	inf_melee	30	inf_mel	wh3_main_ogr_inf_ironguts_0	hu13_dlc26_bruiser_mace_and_ironfist	wh3_main_ogr_monster_ogre_ironguts_blood	55	52	85	4108		0	wh3_dlc26_ogr_bruiser_wristblade		2	none	wh3_main_ogr_inf_ironguts_0_ete_ror	wh3_main_ogr_ironguts	trained			true	40.0000	1500.0000	wh3_main_ogr_inf_ironguts_0_ete_ror	60	80	0	vo_sel_ogr_ironguts	vo_sel_ogr_ironfists	vo_sel_culture	1.0000	large	0	0	0	0	0	0	0	0	melee_gatecrusher_shock	false	true	false	false	medium	medium	domination_infantry			melee	1.0000	1.0000	false	false
wh3_main_ogr_inf_maneaters_2_ete	10	wh2_main_body_40	2100	inf_melee	55	inf_mel	wh3_dlc26_unit_long_text_ogr_inf_maneaters	hu13_wh3_ogre_2handed_hammer	wh3_dlc26_ogr_cha_paymaster	45	40	75	4408		0	wh3_dlc26_ogr_ogre_paymaster_ete		2	none	wh3_main_ogr_inf_maneaters_2_ete	wh3_main_ogr_maneaters_great_weapons	trained			true	40.0000	1500.0000	wh3_main_ogr_inf_maneaters_2_ete	60	80	0	vo_sel_ogr_maneaters	vo_sel_melee	vo_sel_culture	1.0000	large	0	0	0	0	0	5	0	0	melee_gatecrusher_shock	false	true	false	false	medium	medium	domination_infantry			melee	1.0000	1.0000	false	false
wh3_main_ogr_inf_maneaters_3_ete	10	wh2_main_body_40	2100	inf_ranged	50	inf_mis	wh3_dlc26_unit_long_text_ogr_inf_maneaters	hu13_wh3_ogre_sword_and_pistol	wh3_dlc26_ogr_cha_paymaster	40	45	70	4408		0	wh3_dlc26_ogr_bruiser_wristblade_ete	wh2_dlc11_gunnery_wight_rifle_bullet_blunderbuss	2	none	wh3_main_ogr_inf_maneaters_3_ete	wh_main_monstrous_trolls	trained			true	40.0000	1500.0000	wh3_main_ogr_inf_maneaters_3_ete	60	80	0	vo_sel_ogr_maneater_pistols	vo_sel_ogr_maneaters	vo_sel_culture	1.0000	large	0	12	0	0	0	0	0	0	hybrid_gatecrusher	true	true	false	false	medium	medium	domination_infantry			archer	1.0000	1.0000	false	false
wh3_main_ogr_inf_ogres_0_ete	10	wh2_main_body_15	2100	inf_melee	40	inf_mel	wh3_main_ogr_inf_ogres_0	hu13_dlc26_bruiser_mace_and_ironfist	wh3_main_ogr_monster_ogre_butcher_blood	40	48	70	3108		0	wh3_main_ogr_hammer_slaughtermaster		2	wh_missile_block_30_metal	wh3_main_ogr_inf_ogres_0_ete	wh3_main_ogr_mournfangs	trained			true	40.0000	1500.0000	wh3_main_ogr_inf_ogres_0_ete	60	80	0	vo_sel_default	vo_sel_melee	vo_sel_culture	1.0000	large	0	0	0	0	0	0	0	0	melee_gatecrusher_shock	false	true	false	false	medium	medium	domination_infantry			melee	1.0000	1.0000	false	false
wh3_main_ogr_inf_ogres_0_ror_ete	10	wh2_main_body_40	2100	inf_melee	50	inf_mel	wh3_main_ogr_inf_ogres_0	hu13d_wh3_skrag_dual_handblades	wh3_main_ogr_monster_skrag_blood	50	50	80	3508		0	wh3_main_ogr_handblades_dual_skrag_ete		2	none	wh3_main_ogr_inf_ogres_0_ror_ete	wh3_main_ogr_mournfangs	trained			true	40.0000	1500.0000	wh3_main_ogr_inf_ogres_0_ror_ete	60	80	0	vo_sel_default	vo_sel_melee	vo_sel_culture	1.0000	large	0	0	0	0	0	0	0	0	melee_gatecrusher_shock	false	true	false	false	medium	medium	domination_infantry			melee	1.0000	1.0000	false	false
wh3_main_ogr_mon_giant_0_ete	10	wh2_main_body_20	2100	inf_melee	37	inf_mel	wh3_main_ogr_mon_giant_0	hu4_giant_club	wh_main_monster_giant_blood	55	30	60	17224		0	wh_main_club_giant		2	none	wh3_main_ogr_mon_giant_0_ete	wh_main_chariot	trained			true	40.0000	1500.0000	wh_main_grn_mon_giant_ete	60	80	0	vo_sel_default	vo_sel_melee	vo_sel_culture	1.0000	large	0	0	0	0	0	10	10	0	melee_gatecrusher	false	false	false	false	medium	medium	domination_monsters			melee	1.0000	1.0000	false	false
wh3_main_ogr_mon_giant_0_ete_ror	10	wh2_main_body_20	2100	inf_melee	37	inf_mel	wh3_main_ogr_mon_giant_0	hu4_giant_club	wh_main_monster_giant_blood	67	38	70	17224		0	wh_main_club_giant		2	none	wh3_main_ogr_mon_giant_0_ete_ror	wh_main_chariot	trained			true	40.0000	1500.0000	wh_main_grn_mon_giant_ete	60	80	0	vo_sel_default	vo_sel_melee	vo_sel_culture	1.0000	large	0	0	0	0	0	15	10	0	melee_gatecrusher	false	false	false	false	medium	medium	domination_monsters			melee	1.0000	1.0000	false	false
wh3_main_ogr_mon_gorgers_0_ete	10	wh_main_body_0	2100	inf_melee	42	inf_mel	wh3_main_ogr_mon_gorgers_0	hu8d_wh3_gorger	wh3_main_ogr_monster_gorger_blood	44	28	100	4208		0	wh2_dlc09_tmb_scorpion_claws		2	none	wh3_main_ogr_mon_gorgers_0_ete	wh3_main_gorgers	trained			true	40.0000	1500.0000	wh3_main_ogr_mon_gorgers_0_ete	60	80	0	vo_sel_default	vo_sel_melee	vo_sel_culture	1.0000	large	0	0	0	0	0	15	0	0	melee_gatecrusher	false	true	false	false	medium	medium	domination_infantry			melee	1.0000	1.0000	false	false
wh3_main_ogr_mon_sabretusk_pack_0_ete	10	wh2_main_leather_30	2100	inf_melee	36	spcl	wh3_main_ogr_mon_sabretusk_pack_0	bc4_wh3_sabretusk	wh3_main_ogr_mon_sabretusk_blood_ete	38	28	38	143		0	wh3_main_ogr_sabretusk_claw		12	none	wh3_main_ogr_mon_sabretusk_pack_0_ete	wh_main_war_beasts	trained			true	40.0000	1500.0000	wh3_main_ogr_mon_sabretusk_pack_0_ete	60	80	0	vo_sel_beastmen_razorgor	vo_sel_default	vo_sel_culture	1.0000	large	0	0	0	0	0	0	0	0	melee_flanker_shock	false	false	false	false	low	low	domination_cav			melee	1.0000	1.0000	false	false
wh3_main_ogr_mon_stonehorn_0_ete	10	wh2_main_body_110	2100	war_beast	70	inf_mel	wh3_main_ogr_mon_stonehorn_0	hu13_wh3_hq3b_stonehorn_spear	wh3_main_ogr_monster_ogre_blood	44	32	65	12600	wh3_main_ogr_mnt_stonehorn	8	wh3_main_ogr_stonehorn		2	none	wh3_main_ogr_mon_stonehorn_0_ete	wh_dlc08_nor_mammoth_herd_ror	trained			true	40.0000	1500.0000	wh3_main_ogr_mon_stonehorn_0_ete	60	80	0	vo_sel_default	vo_sel_generic	vo_sel_culture	1.0000	large	0	0	0	0	0	0	10	0	melee_gatecrusher_shock	false	false	false	false	medium	medium	domination_monsters			melee	1.0000	1.0000	false	false
wh3_main_ogr_veh_gnoblar_scraplauncher_0_ete	10	wh2_main_heavy_metal_80	2100	war_machine	48	chariot	wh3_main_ogr_veh_gnoblar_scraplauncher_0	hu5_goblin_spear_and_shield	wh_main_infantry_standard_blood_dismembers	26	16	55	3880	wh3_main_ogr_veh_rhinox_draft	1	wh3_main_ogr_rhinox_draught_chariot	wh3_main_ogr_veh_gnoblar_scraplauncher	1	none	wh3_main_ogr_veh_gnoblar_scraplauncher_0_ete	wh_main_chariot	trained	wh3_main_ogr_gnoblar_scraplauncher_ironblaster	wh3_main_ogr_scrap_launcher	true	40.0000	1500.0000	wh3_main_ogr_veh_gnoblar_scraplauncher_0_ete	60	80	0	vo_sel_ogr_gnoblar_scraplauncher	vo_sel_ranged	vo_sel_generic	1.0000	large	0	12	0	0	8	0	0	0	ranged_direct_arty	false	false	false	false	medium	medium	domination_cav		wh3_main_ogr_veh_gnoblar_scraplauncher	artillery	1.0000	1.0000	false	false
wh3_main_ogr_veh_ironblaster_0_ete	10	wh2_main_heavy_metal_90	2100	war_machine	48	chariot	wh3_main_ogr_veh_ironblaster	hu13_wh3_ogre_wm_ironblaster_invisible_01	wh_main_infantry_standard_blood_dismembers	26	20	60	4080	wh3_main_ogr_veh_rhinox_draft	1	wh3_main_ogr_rhinox_draught_chariot	wh3_main_ogr_veh_ironblaster	1	none	wh3_main_ogr_veh_ironblaster_0_ete	wh_main_chariot	trained	wh3_main_ogr_gnoblar_scraplauncher_ironblaster	wh3_main_ogr_ironblaster	true	40.0000	1500.0000	wh3_main_ogr_veh_ironblaster_0_ete	60	80	0	vo_sel_default	vo_sel_culture	vo_sel_culture	1.0000	large	0	12	0	0	8	0	0	0	ranged_direct_arty	false	false	false	false	medium	medium	domination_cav		wh3_main_ogr_veh_ironblaster	artillery	1.0000	1.0000	false	false
wh3_main_sla_cav_heartseekers_of_slaanesh_0_ete	10	wh2_main_body_15	2100	war_beast	50	cav_shk	wh3_main_unit_long_text_sla_cav_heartseekers_of_slaanesh_0	hu16_wh3_slaanesh_rp1_heartseekers_of_slaanesh	wh_main_cavalry_rider_standard_blood	55	50	65	3160	wh3_main_sla_mnt_steed_of_slaanesh_hero	8	wh3_main_sla_cha_alluress_steed_claw		2	none	wh3_main_sla_cav_heartseekers_of_slaanesh_0_ete	wh2_dlc09_necroserpents	trained			true	40.0000	1500.0000	wh3_main_sla_cav_heartseekers_of_slaanesh_0_ete	60	80	0	vo_sel_sla_heartseekers	vo_sel_cavalry	vo_sel_culture	1.0000	large	0	0	0	0	0	20	0	0	melee_flanker_shock	false	false	false	false	low	low	domination_cav			melee	1.0000	1.0000	false	false
wh3_main_sla_inf_daemonette_1_ete	10	wh2_main_body_15	2100	inf_melee	40	inf_mel	wh3_main_unit_long_text_sla_inf_daemonette_1	hu16_wh3_daemonette_exalted	wh3_main_sla_inf_daemonette_blood_dismembers	50	50	60	2960		0	wh3_main_sla_cha_alluress_claw		2	none	wh3_main_sla_inf_daemonette_1_ete	wh3_main_cth_crane_gunners	trained			false	40.0000	1500.0000	wh3_main_sla_inf_daemonette_1_ete	60	80	0	vo_sel_sla_exalted_daemonettes	vo_sel_melee	vo_sel_culture	1.0000	small	0	0	0	0	0	20	0	0	melee_highvalue	false	true	false	false	medium	medium	domination_infantry_elite			melee	1.0000	1.0000	false	false
wh3_main_sla_mon_soul_grinder_0_ete	10	wh2_main_heavy_metal_90	2100	inf_melee	40	inf_mel	wh3_main_unit_long_text_sla_mon_soul_grinder_0	hc7_wh3_slaanesh_soul_grinder	wh3_main_monster_sla_soul_grinder_blood	55	35	55	10360		0	wh3_main_sla_soul_grinder		2	none	wh3_main_sla_mon_soul_grinder_0_ete	wh_dlc08_nor_mammoth_herd_ror	trained			true	40.0000	1500.0000	wh3_main_sla_mon_soul_grinder_0_ete	60	80	0	vo_sel_default	vo_sel_melee	vo_sel_culture	1.0000	large	0	0	0	0	0	20	0	0	melee_gatecrusher	false	true	false	false	medium	medium	domination_monsters			melee	1.0000	1.0000	false	false
wh3_main_sla_veh_exalted_seeker_chariot_0_ete	10	wh2_main_plate_70	2100	war_machine	75	chariot	wh3_main_unit_long_text_sla_veh_exalted_seeker_chariot_0	hu16_wh3_daemonette_wm_seeker_chariot01_exalted	wh_main_cavalry_rider_standard_blood	34	32	60	4260	wh3_main_sla_mnt_steed_of_slaanesh_draught_exalted	8	wh3_main_sla_exalted_seeker_chariot		1	none	wh3_main_sla_veh_exalted_seeker_chariot_0_ete	wh3_main_hellflayer	trained	wh3_main_vehicle_sla_exalted_seeker_chariot	wh3_main_sla_exalted_seeker_chariot	true	40.0000	1500.0000	wh3_main_sla_veh_exalted_seeker_chariot_0_ete	60	80	0	vo_sel_sla_seekers	vo_sel_sla_exalted_daemonettes	vo_sel_culture	1.0000	large	0	0	0	0	8	20	0	0	melee_flanker_shock	false	false	false	false	low	low	domination_cav			melee	1.0000	1.0000	false	false
wh3_main_sla_veh_exalted_seeker_chariot_0_ete_ror	10	wh2_main_plate_70	2100	war_machine	80	chariot	wh3_main_unit_long_text_sla_veh_exalted_seeker_chariot_0	hu16_wh3_daemonette_wm_seeker_chariot01_exalted	wh_main_cavalry_rider_standard_blood	43	41	70	4260	wh3_main_sla_mnt_steed_of_slaanesh_draught_exalted_ete	8	wh3_main_sla_exalted_seeker_chariot_alluress		1	none	wh3_main_sla_veh_exalted_seeker_chariot_0_ete_ror	wh3_main_hellflayer	trained	wh3_main_vehicle_sla_exalted_seeker_chariot	wh3_dlc27_sla_seeker_chariot_ror_ete	true	40.0000	1500.0000	wh3_main_sla_veh_exalted_seeker_chariot_0_ete_ror	60	80	0	vo_sel_sla_seekers	vo_sel_sla_exalted_daemonettes	vo_sel_culture	1.0000	large	0	0	0	0	8	20	0	0	melee_flanker_shock	false	false	false	false	low	low	domination_cav			melee	1.0000	1.0000	false	false
wh3_main_tze_cav_doom_knights_0_ete	10	wh2_main_heavy_metal_100	2100	inf_melee	40	inf_mel	wh3_main_unit_long_text_tze_cav_doom_knights_1	hu1m_dlc24_exalted_hero_tzeentch_wm_disc01_2h_halberd	wh3_dlc20_chs_cha_chaos_lord_hero_mtze_disc	55	48	85	3664		0	wh3_dlc24_chs_cha_chaos_lord_mtze_halberd		2	none	wh3_main_tze_cav_doom_knights_0_ete	wh2_dlc09_necroserpents	trained			true	40.0000	1500.0000	wh3_main_tze_cav_doom_knights_0_ete	60	80	0	vo_sel_tze_doom_knights	vo_sel_cavalry	vo_sel_dlc20_chaos_faction_leader	1.0000	large	0	0	0	0	0	0	0	0	flying_melee_flanker_shock	false	false	false	false	cant_capture	cant_capture	cant_capture			melee	1.0000	1.0000	false	false
wh3_main_tze_inf_forsaken_0_ete	10	wh2_main_body_85	2100	inf_melee	40	inf_mel	wh3_dlc20_unit_long_text_chs_forsaken_mtze	hu1l_dlc25_theodore_bruckner_sword	wh_dlc01_chs_infantry_forsaken_blood_dismembers_ete	60	35	70	3052		0	wh3_dlc25_emp_theodore_sword_tze		2	none	wh_dlc01_chs_inf_forsaken_0_ete	wh_main_cavalry_very_chaotic	trained			true	40.0000	1500.0000	wh3_main_tze_inf_forsaken_0_ete	60	80	0	vo_sel_melee	vo_sel_melee	vo_sel_culture	1.0000	small	0	0	0	0	0	0	0	0	melee	false	true	false	false	medium	medium	domination_infantry			melee	1.0000	1.0000	false	false
wh3_main_tze_mon_soul_grinder_0_ete	10	wh2_main_heavy_metal_90	2100	inf_ranged	30	spcl	wh3_main_unit_long_text_tze_mon_soul_grinder_0	hc7_wh3_tzeentch_soul_grinder	wh3_main_monster_tze_soul_grinder_blood	42	35	55	5180		0	wh3_main_tze_soul_grinder	wh3_main_tze_soul_grinder_bolt	2	none	wh3_main_tze_mon_soul_grinder_0_ete	wh_dlc08_nor_mammoth_herd_ror	trained			true	40.0000	1500.0000	wh3_main_tze_mon_soul_grinder_0_ete	60	80	0	vo_sel_default	vo_sel_default	vo_sel_culture	1.0000	large	0	75	0	0	0	20	0	0	ranged_no_skirmish_gatecrusher	false	true	false	false	medium	medium	domination_monsters			artillery	1.0000	1.0000	false	false
wh3_main_tze_veh_burning_chariot_0_ete	10	wh2_main_body_20	2100	war_beast	35	chariot	wh3_main_unit_long_text_tze_veh_burning_chariot_0	gh3_wh3_flamer_burningchariot01_exalted	wh3_main_tze_mon_exalted_flamer	35	28	60	3064	wh3_main_tze_burning_chariot	8	wh3_main_tze_burning_chariot_exalted_flamer	wh3_main_tze_burning_chariot_exalted_flamer_warpflame	1	none	wh3_main_tze_veh_burning_chariot_0_ete	wh_dlc08_nor_mammoth_herd_ror	trained			true	40.0000	1500.0000	wh3_main_tze_veh_burning_chariot_0	60	80	0	vo_sel_default	vo_sel_default	vo_sel_culture	1.0000	large	0	90	0	0	0	20	0	0	flying_ranged_harasser_flanker	true	false	false	false	cant_capture	cant_capture	cant_capture			skirmish	1.0000	1.0000	false	false
wh3_main_vmp_blood_knights_sword_shield_ete	10	wh2_main_plate_100	2100	cavalry	50	cav_shk	wh_dlc02_unit_long_text_vmp_blood_knights	hu1_bretonnian_hr1_warhorse_2handed_sword	wh_main_infantry_standard_large_blood	50	40	65	4264	wh2_dlc11_vmp_mnt_barded_nightmare_blood_dragon_hero	8	wh_main_vmp_sword_hero_ete		2	none	wh3_main_vmp_blood_knights_sword_shield_ete	wh_main_cavalry_chaotic	trained			true	40.0000	1500.0000	wh3_main_vmp_blood_knights_sword_shield_ete	60	80	0	vo_sel_vampire_bloodknight	vo_sel_cavalry	vo_sel_culture	1.0000	large	0	0	0	0	0	0	0	0	melee_flanker_shock	false	false	false	false	low	low	domination_cav			melee	1.0000	1.0000	false	false
wh3_twa06_kho_inf_bloodletters_ror_0_ete	10	wh2_main_body_60	2100	inf_melee	50	inf_mel	wh3_main_unit_long_text_kho_inf_bloodletters_0	hu6i_dlc26_skulltaker_sword	wh3_dlc26_kho_cha_skulltaker	70	55	70	3840		0	wh3_dlc26_kho_skulltaker		2	none	wh3_twa06_kho_inf_bloodletters_ror_0_ete	wh3_main_cth_crane_gunners	trained			true	40.0000	1500.0000	wh3_twa06_kho_inf_bloodletters_ror_0_ete	60	80	0	vo_sel_default	vo_sel_melee	vo_sel_melee	1.0000	small	0	0	0	35	0	20	0	0	melee_highvalue	false	true	false	false	medium	medium	domination_infantry_elite			melee	1.0000	1.0000	false	false
wh3_twa06_ksl_inf_tzar_guard_ror_0_ete	0	wh2_main_plate_100	2100	inf_melee	18	inf_mel	wh3_main_unit_long_text_ksl_inf_tzar_guard_0	hu1c_chaos_halberd	wh3_main_infantry_boyar_hero_blood_dismembers	65	65	85	3360		0	wh3_main_ksl_boris_glaive		8	none	wh3_twa06_ksl_inf_tzar_guard_ror_0_ete	wh3_main_kislev_infantry_2handed	trained			true	40.0000	1500.0000	wh3_twa06_ksl_inf_tzar_guard_ror_0_ete	60	80	0	vo_sel_ksl_tsar_guard	vo_sel_generic	vo_sel_generic	1.0000	small	0	0	40	0	0	0	0	0	melee	false	true	false	false	medium	medium	domination_infantry			melee	1.0000	1.0000	false	false
wh3_twa06_nur_inf_plaguebearers_ror_0_ete	10	wh2_main_body_80	2100	inf_melee	20	inf_mel	wh3_main_unit_long_text_nur_inf_plaguebearers_0	hu4d_wh3_nurgle_sword_on_palanquin	wh3_main_nur_cha_herald_of_nurgle_hero_blood_dismembers	42	57	70	4684	wh3_main_nur_mnt_nurgling_palanquin_ete	8	wh3_dlc25_nur_cha_epidmius_sword		2	none	wh3_twa06_nur_inf_plaguebearers_ror_0_ete	wh3_main_cth_crane_gunners	trained			true	40.0000	1500.0000	wh3_twa06_nur_inf_plaguebearers_ror_0_ete	60	80	0	vo_sel_nur_plaguebearers	vo_sel_generic	vo_sel_generic	1.0000	small	0	0	0	0	0	20	0	0	melee_gatecrusher_highvalue	false	true	false	false	medium	medium	domination_infantry_elite			melee	1.0000	1.0000	false	false
wh3_twa06_ogr_inf_maneaters_ror_0_ete	33	wh2_main_body_40	2100	inf_ranged	50	inf_mis	wh3_dlc26_unit_long_text_ogr_inf_maneaters	hu13_wh3_ogre_sword_and_pistol	wh3_dlc26_ogr_cha_paymaster	50	52	85	4408		0	wh3_dlc26_ogr_ogre_paymaster_ete	wh3_dlc25_chd_castellan_bullet_anti_large	2	none	wh3_twa06_ogr_inf_maneaters_ror_0_ete	wh_main_monstrous_trolls	trained			true	40.0000	1500.0000	wh3_twa06_ogr_inf_maneaters_ror_0_ete	60	80	18	vo_sel_ogr_powder_guts_ror	vo_sel_ogr_maneater_pistols	vo_sel_culture	1.0000	large	0	20	0	0	0	0	0	0	hybrid_gatecrusher	true	true	false	false	medium	medium	domination_infantry			archer	1.0000	1.0000	false	false
wh3_twa06_sla_inf_daemonette_ror_0_ete	10	wh2_main_body_15	2100	inf_melee	40	inf_mel	wh3_main_unit_long_text_sla_inf_daemonette_0	hu16_wh3_herald_of_slaanesh	wh3_main_sla_cha_herald_of_slaanesh_blood_dismembers	65	60	70	3160		0	wh3_main_sla_cha_herald_of_slaanesh_claw_ete		2	none	wh3_twa06_sla_inf_daemonette_ror_0_ete	wh3_main_cth_crane_gunners	trained			false	40.0000	1500.0000	wh3_twa06_sla_inf_daemonette_ror_0_ete	60	80	0	vo_sel_sla_exalted_daemonettes	vo_sel_melee	vo_sel_melee	1.0000	small	0	0	0	0	0	20	0	0	melee_highvalue	false	true	false	false	medium	medium	domination_infantry_elite			melee	1.0000	1.0000	false	false
wh3_twa07_kho_cav_bloodcrushers_ror_0_ete	10	wh2_main_heavy_metal_120	2100	cavalry	70	cav_shk	wh3_main_unit_long_text_kho_cav_bloodcrushers_0	hu6i_dlc26_skulltaker_hq4_juggernaut_sword	wh3_dlc26_kho_cha_skulltaker	61	57	80	4040	wh3_dlc26_kho_mnt_juggernaut_skulltaker_ete	8	wh3_dlc26_kho_skulltaker_juggernaut		2	none	wh3_twa07_kho_cav_bloodcrushers_ror_0_ete	wh_main_monstrous_cavalry	trained			true	40.0000	1500.0000	wh3_twa07_kho_cav_bloodcrushers_ror_0_ete	60	80	0	vo_sel_default	vo_sel_cavalry	vo_sel_culture	1.0000	large	0	0	0	35	0	20	0	0	melee_flanker_shock_highvalue	false	false	false	false	low	low	domination_cav			melee	1.0000	1.0000	false	false
wh3_twa07_ksl_cav_war_bear_riders_ror_0_ete	10	wh2_main_plate_100	2100	war_beast	65	cav_mel	wh3_main_unit_long_text_ksl_cav_war_bear_riders_1	hu1c_wh3_boris_be1_warbear_glaive	wh_main_war_beast_rider_standard_blood	57	43	80	4408	wh3_main_ksl_mnt_urskin	8	wh3_main_ksl_boris_urskin		2	none	wh3_twa07_ksl_cav_war_bear_riders_ror_0_ete	wh3_main_ogr_mournfangs	trained			true	40.0000	1500.0000	wh3_twa07_ksl_cav_war_bear_riders_ror_0_ete	60	80	0	vo_sel_ksl_war_bear_riders	vo_sel_generic	vo_sel_culture	1.0000	large	0	0	0	0	0	0	0	0	melee_flanker_shock_highvalue	false	false	false	false	low	low	domination_cav			melee	1.0000	1.0000	false	false
wh3_twa07_ogr_cav_crushers_ror_0_ete	10	wh2_main_heavy_metal_110	2100	cavalry	68	inf_mel	wh3_main_ogr_cav_crushers_1	hu13_wh3_ogre_hq2_mournfang_sword_and_ironfist	wh3_main_ogr_monster_ogre_blood	44	48	85	4024	wh3_main_ogr_mnt_mournfang_ete	8	wh3_main_ogr_hammer_sword_tyrant_ete		2	wh_missile_block_40_metal	wh3_twa07_ogr_cav_crushers_ror_0_ete	wh3_main_ogr_mournfangs	trained			true	40.0000	1500.0000	wh3_twa07_ogr_cav_crushers_ror_0_ete	60	80	0	vo_sel_ogr_mournfang_cavalry	vo_sel_ogr_ironfists	vo_sel_culture	1.0000	large	0	0	0	0	0	0	20	0	melee_gatecrusher_flanker_shock	false	false	false	false	medium	medium	domination_cav			melee	1.0000	1.0000	false	false
wh3_twa07_sla_cav_heartseekers_of_slaanesh_ror_0_ete	10	wh2_main_body_15	2100	war_beast	50	cav_shk	wh3_main_unit_long_text_sla_cav_heartseekers_of_slaanesh_0	hu16_wh3_slaanesh_rp1_heartseekers_of_slaanesh	wh_main_cavalry_rider_standard_blood	60	55	70	3360	wh3_main_sla_mnt_steed_of_slaanesh_hero_ete_ror	8	wh3_main_sla_cha_herald_of_slaanesh_steed_claw_ete		2	none	wh3_twa07_sla_cav_heartseekers_of_slaanesh_ror_0_ete	wh2_dlc09_necroserpents	trained			true	40.0000	1500.0000	wh3_twa07_sla_cav_heartseekers_of_slaanesh_ror_0_ete	60	80	0	vo_sel_sla_heartseekers	vo_sel_cavalry	vo_sel_culture	1.0000	large	0	0	0	0	0	20	0	0	melee_flanker_shock	false	false	false	false	low	low	domination_cav			melee	1.0000	1.0000	false	false
wh3_twa08_cth_mon_terracotta_sentinel_0_ror_ete	10	wh2_main_body_100	2100	inf_melee	20	inf_mel	wh3_main_unit_long_text_cth_mon_terracotta_sentinel_0	gi01c_dlc24_saytang_bow	wh3_dlc24_cth_saytang_the_watcher	42	28	70	12424		0	wh3_dlc24_cth_saytang_the_watcher	wh3_dlc24_cth_saytang_bow	2	none	wh3_twa08_cth_mon_terracotta_sentinel_0_ror_ete	wh3_main_hellflayer	trained			true	40.0000	1500.0000	wh3_twa08_cth_mon_terracotta_sentinel_0_ror_ete	60	80	0	vo_sel_default	vo_sel_melee	vo_sel_culture	1.0000	large	0	15	0	0	0	0	0	0	melee_gatecrusher	false	false	false	false	medium	medium	domination_monsters			melee	1.0000	1.0000	false	false
wh3_twa08_kho_mon_bloodthirster_0_ror_ete	10	wh2_main_body_80	2100	inf_melee	88	inf_mel	wh3_main_unit_long_text_kho_mon_bloodthirster_0	hu10_wh3_bloodthirster_axe_and_whip	wh3_main_kho_cha_exalted_bloodthirster_ete	88	8	88	7206		0	wh3_main_kho_bloodthirster_axe_ete		2	none	wh3_twa08_kho_mon_bloodthirster_0_ror_ete	wh_dlc08_nor_mammoth_herd_ror	trained			true	40.0000	1500.0000	wh3_twa08_kho_mon_bloodthirster_0_ror_ete	60	80	0	vo_sel_default	vo_sel_culture	vo_sel_culture	1.0000	large	0	0	0	35	0	20	0	0	flying_melee_flanker	false	false	false	false	cant_capture	cant_capture	cant_capture			melee	1.0000	1.0000	false	false
wh3_twa08_nur_mon_great_unclean_one_0_ror_ete	10	wh2_main_body_70	2100	war_beast	12	inf_mel	wh3_main_unit_long_text_nur_mon_great_unclean_one_0	hu9b_wh3_nurgle_kugath	wh3_main_monster_exalted_great_unclean_one	60	50	75	19224	wh3_main_nur_mnt_nurgling_palanquin_kugath_ete	8	wh3_main_ku_gath_plaguefather	wh3_main_nur_kugath_necrotic_nurglings	2	none	wh3_twa08_nur_mon_great_unclean_one_0_ror_ete	wh_dlc08_nor_mammoth_herd_ror	trained			true	40.0000	1500.0000	wh3_twa08_nur_mon_great_unclean_one_0_ror_ete	60	80	0	vo_sel_default	vo_sel_melee	vo_sel_culture	1.0000	large	0	20	0	0	0	20	0	0	hybrid_highvalue	false	false	false	false	medium	medium	domination_monsters			skirmish	1.0000	1.0000	false	false
wh3_twa08_ogr_mon_stonehorn_0_ror_ete	10	wh2_main_body_110	2100	war_beast	70	inf_mel	wh3_main_ogr_mon_stonehorn_0	hu13_wh3_hq3b_stonehorn_spear	wh3_main_stonehorn_ogre_mon_ror	54	41	75	12600	wh3_twa08_ogr_mnt_stonehorn_ror_ete	8	wh3_twa08_ogr_mon_stonehorn_0_ror		2	none	wh3_twa08_ogr_mon_stonehorn_0_ror_ete	wh_main_monster	trained			true	40.0000	1500.0000	wh3_twa08_ogr_mon_stonehorn_0_ror_ete	60	80	0	vo_sel_default	vo_sel_generic	vo_sel_culture	1.0000	large	0	0	-25	0	0	0	10	0	melee_gatecrusher_shock	false	false	false	false	medium	medium	domination_monsters			melee	1.0000	1.0000	false	false
wh3_twa08_sla_mon_keeper_of_secrets_0_ror_ete	10	wh2_main_body_15	2100	inf_melee	70	inf_mel	wh3_main_unit_long_text_sla_mon_keeper_of_secrets_0	hu16b_wh3_exalted_keepers_secrets	wh3_main_monster_keeper_of_secrets_nkari	50	60	80	11640		0	wh3_main_sla_exalted_keeper_of_secrets_spear		2	none	wh3_twa08_sla_mon_keeper_of_secrets_0_ror_ete	wh_dlc08_nor_mammoth_herd_ror	trained			true	40.0000	1500.0000	wh3_twa08_sla_mon_keeper_of_secrets_0_ror_ete	60	80	0	vo_sel_default	vo_sel_melee	vo_sel_culture	1.0000	large	0	0	0	0	0	20	0	0	melee_gatecrusher	false	true	false	false	medium	medium	domination_monsters			melee	1.0000	1.0000	false	false
wh3_twa08_tze_mon_lord_of_change_0_ror_ete	10	wh2_main_body_30	2100	inf_melee	40	inf_mel	wh3_main_unit_long_text_tze_mon_lord_of_change_0	hu10c_lord_of_change_staff_sarthorael	wh3_main_tze_cha_exalted_lord_of_change	50	50	80	10440		0	wh3_main_tze_exalted_lord_of_change_staff		2	none	wh3_twa08_tze_mon_lord_of_change_0_ror_ete	wh_dlc08_nor_mammoth_herd_ror	trained			true	40.0000	1500.0000	wh3_twa08_tze_mon_lord_of_change_0_ror_ete	60	80	0	vo_sel_default	vo_sel_generic	vo_sel_culture	1.0000	large	0	0	0	0	0	20	0	0	flying_melee	false	false	false	false	cant_capture	cant_capture	cant_capture			melee	1.0000	1.0000	false	false
wh3_twa10_cth_inf_peasant_archers_ror_ete	10	wh2_main_leather_15	2100	inf_melee	15	inf_mis	wh3_main_unit_long_text_cth_peasants	hu1e_mage_iron_dragon	wh3_main_cth_hum_iron_dragon_blood	50	35	65	2412		0	wh3_main_cth_shugengan_lord_ete		2	none	wh3_twa10_cth_inf_peasant_archers_ror_ete	wh_main_cavalry_ordered	trained			true	40.0000	1500.0000	wh3_twa10_cth_inf_peasant_archers_ror_ete	60	80	18	vo_sel_default	vo_sel_melee	vo_sel_culture	1.0000	small	0	0	0	0	0	0	0	0	melee_mage	false	true	false	false	medium	medium	domination_infantry			melee	1.0000	1.0000	false	false
wh3_twa10_ksl_inf_armoured_kossars_ror_ete	10	wh2_main_plate_85	2100	inf_ranged	28	inf_mis	wh3_twa10_ksl_inf_armoured_kossars_ror	hu1c_wh3_kislev_pistol_2handed_mace	wh3_main_infantry_boyar_hero_blood_dismembers	62	61	80	2960		0	wh2_pro08_neu_felix_sword	wh2_dlc11_cst_vampire_fleet_admiral_female_pistol_blunderbuss	2	none	wh3_twa10_ksl_inf_armoured_kossars_ror_ete	wh3_main_kislev_infantry_2handed	trained			true	40.0000	1500.0000	wh3_twa10_ksl_inf_armoured_kossars_ror_ete	60	80	0	vo_sel_ksl_armoured_kossars	vo_sel_generic	vo_sel_generic	1.0000	small	0	6	0	0	0	0	0	0	melee	false	true	false	false	medium	medium	domination_infantry			melee	1.0000	1.0000	false	false
wh_dlc01_chs_inf_chosen_2_ete	10	wh2_main_heavy_metal_100	2100	inf_melee	15	inf_mel	wh3_dlc20_unit_long_text_chs_chosen_all_und	hu1c_chaos_halberd	wh3_dlc20_chs_cha_lord_hero	45	50	75	3060		0	wh2_dlc11_cst_count_noctilus_halberd		2	none	wh_dlc01_chs_inf_chosen_2_ete	wh_main_cavalry_very_chaotic	trained			true	40.0000	1500.0000	wh_dlc01_chs_inf_chosen_2_ete	60	80	0	vo_sel_chaos_chosen	vo_sel_melee	vo_sel_culture	1.0000	small	0	0	0	0	0	0	0	0	melee_anti_large	false	true	false	false	medium	medium	domination_infantry			melee	1.0000	1.0000	false	false
wh_dlc01_chs_inf_forsaken_0_ete	10	wh2_main_body_85	2100	inf_melee	40	inf_mel	wh3_main_unit_long_text_tze_inf_forsaken_0	hu1l_dlc25_theodore_bruckner_sword	wh_dlc01_chs_infantry_forsaken_blood_dismembers_ete	60	35	70	3052		0	wh3_dlc25_emp_theodore_sword_sla		2	none	wh_dlc01_chs_inf_forsaken_0_ete	wh_main_cavalry_very_chaotic	trained			true	40.0000	1500.0000	wh_dlc01_chs_inf_forsaken_0_ete	60	80	0	vo_sel_melee	vo_sel_melee	vo_sel_culture	1.0000	small	0	0	0	0	0	0	0	0	melee	false	true	false	false	medium	medium	domination_infantry			melee	1.0000	1.0000	false	false
wh_dlc01_chs_mon_dragon_ogre_ete	10	wh2_main_body_60	2100	inf_melee	52	inf_mel	wh_main_unit_long_text_chs_dragon_ogre	ce2_shaggoth_2handed_axe	wh_dlc01_chs_dragon_ogre_shaggoth_blood	58	44	75	11160		0	wh_dlc01_chs_dragon_ogre_shaggoth		4	none	wh_dlc01_chs_mon_dragon_ogre_ete	wh_dlc08_nor_mammoth_herd_ror	trained			true	40.0000	1500.0000	wh_dlc01_chs_mon_dragon_ogre_ete	60	80	0	vo_sel_default	vo_sel_melee	vo_sel_culture	1.0000	large	0	0	0	0	0	0	25	0	melee_gatecrusher	false	true	false	false	medium	medium	domination_monsters			melee	1.0000	1.0000	false	false
wh_dlc01_chs_mon_trolls_1_ete_throgg	10	wh2_main_body_55	2100	inf_melee	50	inf_mel	wh_dlc08_unit_long_text_nor_norscan_ice_trolls	hu4c_dlc15_stone_troll_2h_club	wh_dlc08_monster_throgg_blood	60	35	45	3838		0	wh_dlc08_club_troll_throgg_ete_3		2	none	wh_dlc01_chs_mon_trolls_1_ete_throgg	wh3_main_ogr_mournfangs	trained			true	40.0000	1500.0000	wh_main_grn_mon_trolls_ete	60	80	0	vo_sel_default	vo_sel_melee	vo_sel_culture	1.0000	large	0	0	0	0	0	0	0	0	melee_gatecrusher	false	true	false	false	medium	medium	domination_monsters			melee	1.0000	1.0000	false	false
wh_dlc03_bst_inf_centigors_2_ete	10	wh2_main_heavy_metal_80	2100	inf_melee	60	inf_mis	wh_dlc03_unit_long_text_bst_centigors	ce1_centigor_spear_and_throwing_axes	wh_dlc03_bst_cav_centigor_blood	40	30	70	3048		0	wh_dlc07_brt_alberic_sword	wh_dlc03_bst_centigor_throwing_axe_ete	4	none	wh_dlc03_bst_inf_centigors_2_ete	wh3_main_ogr_mournfangs	trained			true	40.0000	1500.0000	wh_dlc03_bst_inf_centigors_2_ete	60	80	0	vo_sel_beastmen_centigors	vo_sel_default	vo_sel_culture	1.0000	large	0	8	0	0	0	0	0	0	ranged_highvalue	true	false	false	false	low	low	domination_cav			melee	1.0000	1.0000	false	false
wh_dlc03_bst_inf_cygor_0_ete	10	wh2_main_leather_50	2100	inf_ranged	28	spcl	wh_dlc03_unit_long_text_bst_cygor	hu11_cygor	wh_main_monster_giant_blood	44	25	60	4192		0	wh_dlc03_bst_cygor	wh_dlc03_bst_cygor_rock	4	none	wh_dlc03_bst_inf_cygor_0_ete	wh_dlc08_nor_mammoth_herd_ror	trained			true	40.0000	1500.0000	wh_dlc03_bst_inf_cygor_0_ete	60	80	0	vo_sel_beastmen_gors	vo_sel_default	vo_sel_culture	1.0000	large_bst	0	18	0	25	0	0	0	0	ranged_no_skirmish_gatecrusher	false	false	false	false	medium	medium	domination_monsters			artillery	1.0000	1.0000	false	false
wh_dlc03_bst_inf_gor_herd_0_ete	10	wh2_main_leather_15	2100	inf_melee	38	inf_mel	wh_dlc03_unit_long_text_bst_gor_herd	hu6_gor_staff_and_sword	wh2_dlc16_bst_cha_gor_hero_blood_dismember_low_kb_resist	30	28	75	2460		0	wh_dlc03_bst_staff_bray_shaman		2	none	wh_dlc03_bst_inf_gor_herd_0_ete	wh_main_cavalry_ordered	trained			true	40.0000	1500.0000	wh_dlc03_bst_inf_gor_herd_0_ete	60	80	0	vo_sel_default	vo_sel_culture	vo_sel_culture	1.0000	small	0	0	0	0	0	0	0	0	mage_highvalue	false	true	false	false	medium	medium	domination_infantry			melee	1.0000	1.0000	false	false
wh_dlc03_bst_inf_gor_herd_1_ete	10	wh2_main_leather_40	2100	inf_melee	50	inf_mel	wh_dlc03_unit_long_text_bst_gor_herd	hu6_gor_axe_and_shield	wh_dlc03_bst_cha_gor_hero_blood_dismember	50	40	60	3148		0	wh2_dlc17_bst_wargor_mace		2	wh_missile_block_55_wood	wh_dlc03_bst_inf_gor_herd_1_ete	wh_main_cavalry_ordered	trained			true	40.0000	1500.0000	wh_dlc03_bst_inf_gor_herd_1_ete	60	80	0	vo_sel_beastmen_gors	vo_sel_default	vo_sel_culture	1.0000	small	0	0	0	0	0	0	0	0	melee	false	true	false	false	medium	medium	domination_infantry			melee	1.0000	1.0000	false	false
wh_dlc03_bst_inf_minotaurs_0_ete	10	wh2_main_heavy_metal_100	2100	inf_melee	46	inf_mel	wh_dlc03_unit_long_text_bst_minotaur	hu12_minotaur_axe	wh_dlc03_bst_cha_gorebull_blood	39	28	70	3660		0	wh_dlc03_bst_gor_axe_gorebull_ete		2	none	wh_dlc03_bst_inf_minotaurs_0_ete	wh3_main_ogr_mournfangs	trained			true	40.0000	1500.0000	wh_dlc03_bst_inf_minotaurs_0_ete	60	80	0	vo_sel_beastmen_minotaurs	vo_sel_default	vo_sel_culture	1.0000	large_bst	0	0	0	0	0	0	0	0	melee_gatecrusher_highvalue	false	true	false	false	medium	medium	domination_monsters			melee	1.0000	1.0000	false	false
wh_dlc03_bst_inf_razorgor_herd_0_ete	10	wh2_main_leather_45	2100	inf_melee	46	spcl	wh_dlc03_unit_long_text_bst_razorgor_herd	bo1_razorgor	wh_dlc03_bst_mon_razorgor_ete	24	18	55	185		0	wh_dlc03_bst_razorgor_tusk		12	none	wh_dlc03_bst_inf_razorgor_herd_0_ete	wh_dlc05_wef_infantry_dryad	trained			true	40.0000	1500.0000	wh_dlc03_bst_inf_razorgor_herd_0_ete	60	80	0	vo_sel_beastmen_razorgor	vo_sel_default	vo_sel_culture	1.0000	large	0	0	0	0	0	0	0	0	melee_flanker_shock	false	true	false	false	low	low	domination_cav			melee	1.0000	1.0000	false	false
wh_dlc03_bst_mon_chaos_spawn_0_ete	10	wh2_main_leather_15	2100	inf_melee	56	inf_mel	wh_dlc03_unit_long_text_bst_chaos_spawn	hu6_gor_sword_and_claw_morghur	wh_dlc05_bst_cha_gor_hero_morghur_blood	55	45	75	3684		0	wh_dlc05_bst_morghur_claws		2	none	wh_dlc03_bst_mon_chaos_spawn_0_ete	wh_main_cavalry_ordered	trained			true	40.0000	1500.0000	wh_dlc03_bst_mon_chaos_spawn_0_ete	60	80	0	vo_sel_default	vo_sel_default	vo_sel_culture	1.0000	large_bst	0	0	0	25	0	0	75	0	melee_highvalue	false	true	false	false	medium	medium	domination_monsters			melee	1.0000	1.0000	false	false
wh_dlc03_bst_mon_giant_0_ete	10	wh2_main_body_50	2100	inf_melee	37	inf_mel	wh_dlc03_unit_long_text_bst_giants	hu4_beastmen_giant_club	wh_main_monster_giant_blood	50	30	66	17224		0	wh_main_club_giant		2	none	wh_dlc03_bst_mon_giant_0_ete	wh3_main_ogr_mournfangs	trained			true	40.0000	1500.0000	wh_dlc03_bst_mon_giant_0_ete	60	80	0	vo_sel_default	vo_sel_default	vo_sel_culture	1.0000	large_bst	0	0	0	0	0	0	0	0	melee_gatecrusher	false	false	false	false	medium	medium	domination_monsters			melee	1.0000	1.0000	false	false
wh_dlc04_emp_art_sunmaker_0_ete	33	wh2_main_plate_60	2100	artillery	14	art_fld	wh_main_unit_long_text_emp_helstorm_rocket_battery	hu1_empire_helstorm_crew	wh3_dlc25_emp_inf_nuln_ironsides	41	31	70	68		0	wh_main_emp_sword		6	none	wh_dlc04_emp_art_sunmaker_0_ete	wh_main_artillery_small	trained		wh3_dlc25_emp_art_deathstorm_battery	true	40.0000	1500.0000	wh_dlc04_emp_art_sunmaker_0_ete	60	80	18	vo_sel_helstorm	vo_sel_artillery	vo_sel_culture	1.0000	small	0	48	0	0	24	0	0	0	ranged_indirect_arty	false	false	false	false	medium	medium	domination_artillery		emp_helstorm_rocket_battery	artillery	1.0000	1.0000	false	false
wh_dlc04_emp_inf_flagellants_0_ete	10	wh_main_body_0	2100	inf_melee	26	inf_mel	wh_dlc04_unit_long_text_emp_flagellants	hu1c_norsca_dual_axe_emp	wh_main_infantry_standard_hero_blood_dismembers	65	30	100	4060		0	wh3_dlc20_chs_cha_exalted_hero_mkho_dual_axe_ete		2	none	wh_dlc04_emp_inf_flagellants_0_ete	wh_main_monstrous_cavalry	trained			true	40.0000	1500.0000	wh_dlc04_emp_inf_flagellants_0_ete	60	80	0	vo_sel_empire_flagellents	vo_sel_generic	vo_sel_generic_short	1.0000	small	0	0	0	0	0	15	0	0	melee	false	true	false	false	medium	medium	domination_infantry				1.0000	1.0000	false	false
wh_dlc04_emp_inf_flagellants_0_ror_ete	10	wh_main_body_0	2100	inf_melee	26	inf_mel	wh_dlc04_unit_long_text_emp_flagellants	hu1c_dlc26_arbaal_axe	wh_main_infantry_standard_hero_blood_dismembers	73	38	100	4060		0	wh3_dlc20_chs_cha_chaos_lord_mkho_dual_axe_ete		2	none	wh_dlc04_emp_inf_flagellants_0_ror_ete	wh_main_monstrous_cavalry	trained			true	40.0000	1500.0000	wh_dlc04_emp_inf_flagellants_0_ror_ete	60	80	0	vo_sel_empire_flagellents	vo_sel_generic	vo_sel_generic_short	1.0000	small	0	0	0	0	0	15	0	0	melee	false	true	false	false	medium	medium	domination_infantry				1.0000	1.0000	false	false
wh_dlc04_emp_inf_free_company_militia_0_ete	10	wh2_main_plate_40	2100	inf_ranged	18	inf_mis	wh_dlc04_unit_long_text_emp_free_company_militia	hu1_empire_sword_and_pistol	wh2_main_infantry_standard_hero_360_blood_dismembers	38	38	65	3380		0	wh2_dlc09_tmb_sword_hero	wh2_dlc11_cst_vampire_fleet_captain_pistol	2	none	wh_dlc04_emp_inf_free_company_militia_0_ete	wh_main_monstrous_cavalry	trained			true	40.0000	1500.0000	wh_dlc04_emp_inf_free_company_militia_0_ete	60	80	0	vo_sel_empire_free_company	vo_sel_empire_militia	vo_sel_generic_short	1.0000	small	0	16	0	0	0	0	0	0	hybrid_melee	true	true	false	false	medium	medium	domination_infantry				1.0000	1.0000	false	false
wh_dlc04_emp_inf_free_company_militia_0_ror_ete	10	wh2_main_plate_60	2100	inf_ranged	18	inf_mis	wh_dlc04_unit_long_text_emp_free_company_militia	hu1_empire_sword_and_pistol	wh2_main_infantry_standard_hero_360_blood_dismembers	48	48	75	3380		0	wh2_dlc09_tmb_sword_hero_ete	wh2_dlc11_cst_vampire_fleet_admiral_female_pistol	2	none	wh_dlc04_emp_inf_free_company_militia_0_ror_ete	wh_main_monstrous_cavalry	trained			true	40.0000	1500.0000	wh_dlc04_emp_inf_free_company_militia_0_ror_ete	60	80	0	vo_sel_empire_free_company	vo_sel_empire_militia	vo_sel_generic_short	1.0000	small	0	16	0	0	0	0	0	0	hybrid_melee	true	true	false	false	medium	medium	domination_infantry				1.0000	1.0000	false	false
wh_dlc04_vmp_inf_sternsmen_0_ete	10	wh2_main_plate_90	2100	inf_melee	15	inf_mel	wh_main_unit_long_text_vmp_grave_guard	hu1_wight_king_sword_and_shield_vmp	wh_main_vmp_inf_wight	54	59	60	3888		0	wh_main_vmp_sword_hero_wight_king		2	wh_missile_block_70_wood	wh_dlc04_vmp_inf_sternsmen_0_ete	wh_main_infantry	trained			true	40.0000	1500.0000	wh_dlc04_vmp_inf_sternsmen_0_ete	60	80	0	vo_sel_default	vo_sel_melee	vo_sel_culture	1.0000	small	0	0	0	0	0	0	20	0	melee	false	true	false	false	medium	medium	domination_infantry			melee	1.0000	1.0000	false	false
wh_dlc04_vmp_mon_devils_swartzhafen_0_ete	10	wh_main_body_0	2100	inf_melee	26	inf_mel	wh_main_unit_long_text_vmp_vargheists	hu8b_vargheist	wh_main_flying_vargheists_blood_ete	45	32	64	327		0	wh_main_vmp_claws_vargheist		10	none	wh_dlc04_vmp_mon_devils_swartzhafen_0_ete	wh_main_monstrous_trolls	trained			true	40.0000	1500.0000	wh_dlc04_vmp_mon_devils_swartzhafen_0_ete	60	80	0	vo_sel_default	vo_sel_melee	vo_sel_culture	1.0000	large	0	0	0	0	0	25	0	0	flying_melee_flanker_undead	false	false	false	false	cant_capture	cant_capture	cant_capture			melee	1.0000	1.0000	false	false
wh_dlc05_bst_mon_harpies_0_ete	10	wh2_main_leather_15	2100	inf_melee	20	inf_mel	wh_dlc05_unit_long_text_bst_harpies	hu10b_harpy	wh_dlc05_bst_inf_harpy_ete	22	38	47	68		0	wh_dlc05_bst_harpy_claws		36	none	wh_dlc05_bst_mon_harpies_0_ete	wh2_main_inf_chaotic_formation_tight	trained			false	40.0000	1500.0000	wh_dlc05_bst_mon_harpies_0_ete	60	80	0	vo_sel_default	vo_sel_melee	vo_sel_culture	1.0000	small	0	0	0	0	0	0	0	0	flying_melee_flanker	false	false	false	false	cant_capture	cant_capture	cant_capture			melee	1.0000	1.0000	false	false
wh_dlc05_wef_inf_eternal_guard_0_ete	10	wh2_main_body_15	2100	inf_melee	20	inf_mel	wh_dlc05_unit_long_text_wef_eternal_guard	hu1b_elf_spellsinger_sword	wh_dlc05_wef_spellsinger_blood_dismembers	33	34	75	2460		0	wh_dlc05_wef_sword_wizard_ete		2	none	wh_dlc05_wef_inf_eternal_guard_0_ete	wh3_main_cth_crane_gunners	trained			true	40.0000	1500.0000	wh_dlc05_wef_inf_eternal_guard_0_ete	60	80	0	vo_sel_default	vo_sel_generic	vo_sel_generic_short	1.0000	elves_wef	0	0	0	0	0	0	0	0	mage_highvalue	false	true	false	false	medium	medium	domination_infantry			melee	1.0000	1.0000	false	false
wh_dlc05_wef_inf_eternal_guard_1_ete	10	wh2_main_chainmail_60	2100	inf_melee	20	inf_mel	wh_dlc05_unit_long_text_wef_eternal_guard	hu1d_dlc14_master_spear_and_shield	wh2_main_def_infantry_hero_blood	40	55	70	3080		0	wh2_twa02_wef_glade_captain_spear_ete		2	wh_missile_block_55_wood	wh_dlc05_wef_inf_eternal_guard_1_ete	wh3_main_cth_crane_gunners	trained			true	40.0000	1500.0000	wh_dlc05_wef_inf_eternal_guard_1_ete	60	80	0	vo_sel_wood_elves_eternal_guard	vo_sel_default	vo_sel_generic_short	1.0000	elves_wef	0	0	0	0	0	0	0	0	melee_anti_large	false	true	false	false	medium	medium	domination_infantry			melee	1.0000	1.0000	false	false
wh_dlc05_wef_inf_waywatchers_0_ete	20	wh2_main_chainmail_40	2100	inf_ranged	28	inf_mis	wh_dlc05_unit_long_text_wef_waywatchers	hu1d_waystalker_dual_sword_bow	wh_dlc05_wef_way_stalker_blood_dismembers	55	45	50	2880		0	wh_dlc05_wef_sword_hero_waystalker	wh_dlc05_wef_glade_lord_bow	2	none	wh_dlc05_wef_inf_waywatchers_0_ete	wh3_main_cth_crane_gunners	trained			true	40.0000	1500.0000	wh_dlc05_wef_inf_waywatchers_0_ete	60	80	0	vo_sel_wood_elves_waywatchers	vo_sel_wood_elves_missile_archers	vo_sel_wood_elves_missile_generic	1.0000	elves_wef	0	23	0	0	0	0	0	0	ranged_stalkers_harasser_highvalue	true	true	false	false	medium	medium	domination_infantry			skirmish	1.0000	1.0000	false	false
wh_dlc05_wef_mon_treeman_0_ete	0	wh2_main_body_110	2100	inf_melee	30	inf_mel	wh_dlc05_unit_long_text_wef_treemen	hu21_treeman	wh_dlc05_wef_inf_treeman	52	56	90	13640		0	wh_dlc05_wef_treeman_claws		2	none	wh_dlc05_wef_mon_treeman_0_ete	wh_dlc08_nor_mammoth_herd_ror	trained			true	40.0000	1500.0000	wh_dlc05_wef_mon_treeman_0_ete	60	80	0	vo_sel_default	vo_sel_melee	vo_sel_culture	0.5000	elves_wef_large	0	0	-25	0	0	20	0	0	melee_gatecrusher_highvalue	false	true	false	false	medium	medium	domination_monsters			melee	1.0000	1.0000	false	false
wh_dlc05_wef_mon_treeman_0_ete_ror	0	wh2_main_body_110	2100	inf_melee	40	inf_mel	wh_dlc05_unit_long_text_wef_treemen	hu21_treeman_sword	wh2_dlc16_wef_cha_treeman_coeddil	75	62	100	14640		0	wh_dlc16_wef_ancient_treeman_coeddil_claws		2	none	wh_dlc05_wef_mon_treeman_0_ete_ror	wh_dlc08_nor_mammoth_herd_ror	trained			true	40.0000	1500.0000	wh_dlc05_wef_mon_treeman_0_ete_ror	60	80	0	vo_sel_default	vo_sel_melee	vo_sel_culture	0.5000	elves_wef_large	0	0	-25	0	0	20	10	0	melee_gatecrusher_highvalue	false	true	false	false	medium	medium	domination_monsters			melee	1.0000	1.0000	false	false
wh_dlc06_chs_inf_aspiring_champions_0_ete	10	wh2_main_heavy_metal_120	2100	inf_melee	45	inf_mel	wh3_dlc20_unit_long_text_chs_aspiring_champions	hu1c_archaon_sword_and_shield_ete	wh3_dlc20_chs_cha_lord_hero	60	50	80	3260		0	wh_main_chs_sword_lord_ete		4	wh_missile_block_55_metal	wh_dlc06_chs_inf_aspiring_champions_0_ete	wh_main_cavalry_very_chaotic	trained			true	40.0000	1500.0000	wh_dlc06_chs_inf_aspiring_champions_0_ete	60	80	0	vo_sel_generic	vo_sel_generic	vo_sel_generic	1.0000	small	0	0	0	0	0	0	0	0	melee	false	true	false	false	medium	medium	domination_infantry			melee	1.0000	1.0000	false	false
wh_dlc06_chs_inf_aspiring_champions_0_ete_ror	10	wh2_main_heavy_metal_120	2100	inf_melee	55	inf_mel	wh3_dlc20_unit_long_text_chs_aspiring_champions	hu1c_archaon_sword_and_shield	wh_main_infantry_archaon_blood	73	61	90	3460		0	wh_main_chs_archaon_0		2	wh_missile_block_60_metal	wh_dlc06_chs_inf_aspiring_champions_0_ete_ror	wh_main_cavalry_very_chaotic	trained			true	40.0000	1500.0000	wh_dlc06_chs_inf_aspiring_champions_0_ete_ror	60	80	0	vo_sel_chaos_chosen	vo_sel_melee	vo_sel_culture	1.0000	small	0	0	0	0	0	0	0	0	melee	false	true	false	false	medium	medium	domination_infantry			melee	1.0000	1.0000	false	false
wh_dlc06_dwf_inf_bugmans_rangers_0_ete	10	wh2_main_chainmail_40	2100	inf_ranged	20	inf_mis	wh_main_unit_long_text_dwf_rangers	hu3_dlc23_blunderbuss_axe_shield	wh3_dlc25_dwf_cha_malakai_makaisson_blood	45	50	75	3280		0	wh_main_dwf_axe_hero	wh2_dlc17_dwf_master_engineer_grudge_raker_bullet	2	none	wh_dlc06_dwf_inf_bugmans_rangers_0_ete	wh_main_monstrous_cavalry	trained			true	40.0000	1500.0000	wh_dlc06_dwf_inf_bugmans_rangers_0_ete	60	80	0	vo_sel_missile	vo_sel_generic	vo_sel_generic_short	1.0000	small	0	20	0	35	0	0	0	0	ranged_stalkers_no_skirmish	false	true	false	false	medium	medium	domination_infantry				1.0000	1.0000	false	false
wh_dlc06_dwf_inf_norgrimlings_ironbreakers_0_ete	33	wh2_main_heavy_metal_160	2100	inf_melee	10	inf_mel	wh_main_unit_long_text_dwf_ironbreakers	hu3_dwarf_axe_shield_and_blasting_charges	wh_main_dwf_cha_dwarf_hero_blood_dismembers	61	61	95	4160		0	wh2_dlc17_dwf_thorek_hammer	wh_dwf_ironbreakers_cinderblast_bomb_ete_ror	2	wh_missile_block_90_metal	wh_dlc06_dwf_inf_norgrimlings_ironbreakers_0_ete	wh_main_monstrous_cavalry	trained			true	40.0000	1500.0000	wh_dlc06_dwf_inf_norgrimlings_ironbreakers_0_ete	60	80	18	vo_sel_ironbreakers	vo_sel_generic	vo_sel_generic_short	1.0000	small	0	8	25	35	0	0	0	0	hybrid_melee	false	true	false	false	medium	medium	domination_infantry_elite			archer	1.0000	1.0000	false	false
wh_dlc06_dwf_inf_old_grumblers_0_ete	10	wh2_main_chainmail_100	2100	inf_melee	40	inf_mel	wh_main_unit_long_text_dwf_longbeards	hu3_dwarf_2handed_axe_ungrim	wh_main_dwf_cha_dwarf_hero_blood_dismembers	65	50	80	3660		0	wh2_dlc14_def_malus_sword		2	none	wh_dlc06_dwf_inf_old_grumblers_0_ete	wh_main_monstrous_cavalry	trained			true	40.0000	1500.0000	wh_dlc06_dwf_inf_old_grumblers_0_ete	60	80	0	vo_sel_longbeards	vo_sel_generic	vo_sel_generic_short	1.0000	small	0	0	0	35	0	0	0	0	melee	false	true	false	false	medium	medium	domination_infantry			melee	1.0000	1.0000	false	false
wh_dlc06_dwf_inf_peak_gate_guard_0_ete	10	wh2_main_chainmail_100	2100	inf_melee	40	inf_mel	wh_main_unit_long_text_dwf_hammerers	hu3_dwarf_2handed_hammer_infantry_hammerer	wh_main_dwf_cha_dwarf_hero_blood_dismembers	73	61	95	3660		0	wh_main_dwf_axe_hero_lord_ete_ror		2	none	wh_dlc06_dwf_inf_peak_gate_guard_0_ete	wh_main_monstrous_cavalry	trained			true	40.0000	1500.0000	wh_dlc06_dwf_inf_peak_gate_guard_0_ete	60	80	0	vo_sel_hammerers	vo_sel_generic	vo_sel_generic_short	1.0000	small	0	0	0	35	0	0	0	0	melee	false	true	false	false	medium	medium	domination_infantry_elite			melee	1.0000	1.0000	false	false
wh_dlc06_dwf_inf_rangers_0_ete	10	wh2_main_chainmail_40	2100	inf_ranged	25	inf_mis	wh_main_unit_long_text_dwf_rangers	hu3_dwarf_2handed_hammer_and_rifle	wh3_dlc25_dwf_cha_malakai_makaisson_blood	40	32	70	3280		0	wh_main_dwf_master_engineer_hammer	wh_main_dwf_master_engineer_rifle	2	none	wh_dlc06_dwf_inf_rangers_0_ete	wh_main_monstrous_cavalry	trained			true	40.0000	1500.0000	wh_dlc06_dwf_inf_rangers_0_ete	60	80	0	vo_sel_missile	vo_sel_generic	vo_sel_generic_short	1.0000	small	0	20	0	35	0	0	0	0	ranged_stalkers_no_skirmish	true	true	false	false	medium	medium	domination_infantry				1.0000	1.0000	false	false
wh_dlc06_dwf_inf_rangers_0_ete_ror	10	wh2_main_chainmail_40	2100	inf_ranged	20	inf_mis	wh_main_unit_long_text_dwf_rangers	hu3_dlc25_malakai_axe_and_rifle	wh3_dlc25_dwf_cha_malakai_makaisson_blood	40	32	70	3280		0	wh_main_dwf_axe_hero_lord	wh3_dlc25_dwf_malakai_rifle	2	none	wh_dlc06_dwf_inf_rangers_0_ete_ror	wh_main_monstrous_cavalry	trained			true	40.0000	1500.0000	wh_dlc06_dwf_inf_rangers_0_ete_ror	60	80	0	vo_sel_missile	vo_sel_generic	vo_sel_generic_short	1.0000	small	0	60	0	35	0	0	0	0	ranged_stalkers_no_skirmish	true	true	false	false	medium	medium	domination_infantry				1.0000	1.0000	false	false
wh_dlc06_dwf_veh_skyhammer_0_ete	20	wh2_main_plate_100	2100	inf_ranged	30	inf_mis	wh_main_unit_long_text_dwf_gyrobombers	wm_gyrobomber01	wh_main_dwf_flying_gyrobomber	50	6	76	854		0	wh_main_dwf_gyrobomber	wh_main_dwf_clatter_gun	1	none	wh_dlc06_dwf_veh_skyhammer_0_ete	wh_main_war_machines	trained			true	40.0000	1500.0000	wh_dlc06_dwf_veh_skyhammer_0_ete	60	80	18	vo_sel_gyrobomber	vo_sel_flying	vo_sel_flying_short	1.0000	large	0	176	0	35	0	0	0	0	gyrocopter	true	false	false	false	cant_capture	cant_capture	cant_capture			archer	1.0000	1.0000	false	false
wh_dlc06_grn_inf_krimson_killerz_0_ror_ete	10	wh2_main_heavy_metal_120	2100	inf_melee	70	inf_mel	wh_main_unit_long_text_grn_black_orcs	hu2_orc_2handed_axe	wh_main_grn_cha_orc_hero_grimgor_blood	70	50	85	3668		0	wh_main_grn_axe_great_grimgor		2	none	wh_dlc06_grn_inf_krimson_killerz_0_ete	wh_main_monstrous_trolls	trained			true	40.0000	1500.0000	wh_dlc06_grn_inf_krimson_killerz_0_ete	60	80	0	vo_sel_black_orcs	vo_sel_melee	vo_sel_culture	1.0000	small	0	0	0	0	0	0	0	0	melee	false	true	false	false	medium	medium	domination_infantry			melee	1.0000	1.0000	false	false
wh_dlc06_grn_inf_nasty_skulkers_0_ete	10	wh2_main_chainmail_50	2100	inf_melee	40	inf_mel	wh_main_unit_long_text_grn_nasty_skulkers	hu5_goblin_dual_sword	wh_main_grn_cha_goblin_hero_blood_dismembers	50	60	56	2493		0	wh2_dlc14_skv_master_assassin_claw_blade		2	none	wh_dlc06_grn_inf_nasty_skulkers_0_ete	wh_dlc06_grn_Krimson	trained			true	40.0000	1500.0000	wh_dlc06_grn_inf_nasty_skulkers_0_ete	60	80	0	vo_sel_goblin_nasty_skulkers	vo_sel_melee	vo_sel_goblin_goblins	0.8000	small	0	0	0	0	0	15	0	0	melee_stalkers	false	true	false	false	medium	medium	domination_infantry			melee	1.0000	1.0000	false	false
wh_dlc06_grn_inf_squig_herd_0_ete	10	wh2_main_leather_50	2100	inf_melee	40	inf_mel	wh_main_unit_long_text_grn_night_goblin_squig_herd	rp2_squig_herd	wh_dlc06_grn_inf_squig	26	20	50	106		0	wh_dlc06_grn_squig_maw		8	none	wh_dlc06_grn_inf_squig_herd_0_ete	wh_main_infantry_large_very_chaotic	trained			true	40.0000	1500.0000	wh_dlc06_grn_inf_squig_herd_0_ete	60	80	0	vo_sel_goblin_squig_herd	vo_sel_squig	vo_sel_culture	0.8000	large	0	0	0	0	0	0	0	0	melee	false	true	false	false	medium	medium	domination_cav			melee	1.0000	1.0000	false	false
wh_dlc07_brt_art_blessed_field_trebuchet_0_ete	10	wh2_main_leather_30	2100	artillery	18	art_fld	wh_main_unit_long_text_brt_blessed_field_trebuchet	hu1_empire_hammer	wh_main_infantry_standard_blood_dismembers	46	40	81	61		0	wh_dlc07_brt_sword_pilgrim		8	none	wh_dlc07_brt_art_blessed_field_trebuchet_0_ete	wh_main_artillery	trained		wh_dlc07_brt_art_field_blessed_trebuchet	true	40.0000	1500.0000	wh_dlc07_brt_art_blessed_field_trebuchet_0_ete	60	80	0	vo_sel_bretonnian_blessed_field_trebuchet	vo_sel_artillery	vo_sel_culture	1.0000	small	0	18	0	0	24	0	0	0	ranged_indirect_arty	false	false	false	false	medium	medium	domination_artillery		brt_field_trebuchet	artillery	1.0000	1.0000	false	false
wh_dlc07_brt_cav_knights_errant_0_ete	10	wh2_main_plate_80	2100	cavalry	55	cav_shk	wh_dlc07_unit_long_text_brt_knights_errant	hu1_empire_hr1_warhorse_lance_sword_shield	wh_main_cavalry_rider_standard_blood	40	40	65	3580	wh_main_brt_mnt_warhorse_hero_ete	8	wh_main_brt_sword_hero_ete_2		2	wh_missile_block_35_wood	wh_dlc07_brt_cav_knights_errant_0_ete	wh_main_cavalry_ordered	trained			true	40.0000	1500.0000	wh_dlc07_brt_cav_knights_errant_0_ete	60	80	0	vo_sel_bretonnian_knights_errant	vo_sel_cavalry	vo_sel_culture	1.0000	large	0	0	0	0	0	0	0	0	melee_flanker_shock	false	false	false	false	low	low	domination_cav			melee	1.0000	1.0000	false	false
wh_dlc07_brt_cav_questing_knights_0_ete	10	wh2_main_plate_95	2100	cavalry	70	cav_shk	wh_dlc07_unit_long_text_brt_questing_knights	hu1_dlc14_hr1_warhorse_repanse_2handed_sword	wh_main_cavalry_rider_standard_blood	50	45	75	3760	wh_main_brt_mnt_warhorse_hero_ete_2	8	wh_main_brt_sword_hero_ete		2	none	wh_dlc07_brt_cav_questing_knights_0_ete	wh_main_cavalry_ordered	trained			true	40.0000	1500.0000	wh_dlc07_brt_cav_questing_knights_0_ete	60	80	0	vo_sel_bretonnian_questing_knights	vo_sel_cavalry	vo_sel_culture	1.0000	large	0	0	0	0	0	0	0	0	melee_flanker_shock	false	false	false	false	low	low	domination_cav				1.0000	1.0000	false	false
wh_dlc07_brt_cav_royal_hippogryph_knights_0_ete	10	wh2_main_plate_90	2100	war_beast	75	cav_shk	wh_main_unit_long_text_brt_royal_hippogryph_knights	hu1_bretonnian_bc2b_hippogryph_wb_alberic	wh_main_cavalry_rider_standard_blood	52	35	80	4088	wh_main_brt_mnt_hippogryph_lords_faction_colours	8	wh_dlc07_brt_hippogryph_knight_ete		2	wh_missile_block_35_metal	wh_dlc07_brt_cav_royal_hippogryph_knights_0_ete	wh_dlc07_brt_royal_hippogryph_knights	trained			true	40.0000	1500.0000	wh_dlc07_brt_cav_royal_hippogryph_knights_0_ete	60	80	0	vo_sel_cavalry	vo_sel_cavalry	vo_sel_culture	1.0000	large	0	0	0	0	0	0	0	0	flying_melee_flanker_shock	false	false	false	false	cant_capture	cant_capture	cant_capture				1.0000	1.0000	false	false
wh_dlc07_brt_cav_royal_hippogryph_knights_0_ete_ror	10	wh2_main_plate_90	2100	war_beast	50	cav_shk	wh_main_unit_long_text_brt_royal_hippogryph_knights	hu1_leoncoeur_bc2b_hippogryph_wb_sword_shield	wh2_dlc16_infantry_standard_hero_blood_high_kb_resist	64	52	90	4288	brt_hippogryphs_bordeleaux	8	wh_dlc07_brt_hippogryph_alberic_ete		2	wh_missile_block_55_metal	wh_dlc07_brt_cav_royal_hippogryph_knights_0_ete_ror	wh_dlc07_brt_royal_hippogryph_knights	trained			true	40.0000	1500.0000	wh_dlc07_brt_cav_royal_hippogryph_knights_0_ete_ror	60	80	0	vo_sel_cavalry	vo_sel_cavalry	vo_sel_culture	1.0000	large	0	0	0	0	0	0	0	0	flying_melee_flanker_shock	false	false	false	false	cant_capture	cant_capture	cant_capture				1.0000	1.0000	false	false
wh_dlc07_brt_inf_battle_pilgrims_0_ete	10	wh2_main_plate_85	2100	inf_melee	35	inf_mel	wh_dlc07_unit_long_text_brt_battle_pilgrims	hu1_empire_2handed_sword	wh_main_infantry_standard_hero_blood_dismembers	65	40	68	3380		0	wh2_pro08_neu_felix_sword		2	none	wh_dlc07_brt_inf_battle_pilgrims_0_ete	wh_main_monstrous_cavalry	trained			true	40.0000	1500.0000	wh_dlc07_brt_inf_battle_pilgrims_0_ete	60	80	0	vo_sel_bretonnian_battle_pilgrim	vo_sel_melee	vo_sel_culture	1.0000	small	0	0	0	0	0	0	0	0	melee	false	true	false	false	medium	medium	domination_infantry				1.0000	1.0000	false	false
wh_dlc07_brt_inf_foot_squires_0_ete	10	wh2_main_plate_90	2100	cavalry	25	cav_mel	wh_dlc07_unit_long_text_brt_foot_squires	hu1_empire_sword_and_shield	wh_main_infantry_standard_hero_blood_dismembers	36	36	63	3180		0	wh_main_emp_sword_hero		2	wh_missile_block_35_wood	wh_dlc07_brt_inf_foot_squires_0_ete	wh_main_monstrous_cavalry	trained			true	40.0000	1500.0000	wh_dlc07_brt_inf_foot_squires_0_ete	60	80	0	vo_sel_bretonnian_foot_squires	vo_sel_melee	vo_sel_culture	1.0000	small	0	0	0	0	0	0	0	0	melee	false	true	false	false	medium	medium	domination_infantry				1.0000	1.0000	false	false
wh_dlc07_brt_inf_peasant_mob_0_ete	10	wh2_main_leather_15	2100	inf_melee	15	inf_mel	wh_main_unit_long_text_brt_peasant_mob	hu1b_bretonnian_staff_and_sword	wh2_dlc16_infantry_standard_fast_hero_blood_dismembers_low_kb_resist	34	22	70	2412		0	wh3_main_tze_staff_cultist		2	none	wh_dlc07_brt_inf_peasant_mob_0_ete	wh_main_cavalry_ordered	trained			false	40.0000	1500.0000	wh_dlc07_brt_inf_peasant_mob_0_ete	60	80	0	vo_sel_default	vo_sel_generic	vo_sel_culture	1.0000	small	0	0	0	0	0	0	0	0	mage_highvalue	false	true	false	false	medium	medium	domination_infantry_elite			melee	1.0000	1.0000	false	false
wh_dlc07_brt_inf_peasant_mob_0_ete_ror	10	wh_main_body_0	2100	inf_melee	30	inf_mel	wh_main_unit_long_text_brt_peasant_mob	hu1b_bretonnian_staff_and_sword	wh2_dlc16_infantry_standard_hero_blood_low_kb_resist	34	22	70	3250		0	wh_main_vmp_sword_hero_vampire_ete_ror_1		2	none	wh_dlc07_brt_inf_peasant_mob_0_ete_ror	wh_main_cavalry_ordered	trained			false	40.0000	1500.0000	wh_dlc07_brt_inf_peasant_mob_0_ete_ror	60	80	0	vo_sel_default	vo_sel_generic	vo_sel_culture	1.0000	small	0	0	0	0	0	25	0	0	mage_highvalue	false	true	false	false	medium	medium	domination_infantry_elite			melee	1.0000	1.0000	false	false
wh_dlc08_nor_inf_marauder_champions_0_ete	0	wh2_main_plate_80	2100	inf_melee	55	inf_mel	wh_dlc08_unit_long_text_nor_marauder_champions	hu1c_chaos_axe_and_shield	wh_main_nor_infantry_standard_large_fast_hero_blood_dismembers	55	45	70	3060		0	wh_dlc08_nor_axe_champion_ete		2	wh_missile_block_35_wood	wh_dlc08_nor_inf_marauder_champions_0_ete	wh3_main_cth_crane_gunners	trained			true	40.0000	1500.0000	wh_dlc08_nor_inf_marauder_champions_0_ete	60	80	0	vo_sel_nor_marauder_champions	vo_sel_generic	vo_sel_generic_short	1.0000	small	0	0	0	0	0	0	0	0	melee	false	true	false	false	medium	medium	domination_infantry			melee	1.0000	1.0000	false	false
wh_dlc08_nor_inf_marauder_champions_1_ete	0	wh2_main_plate_80	2100	inf_melee	60	inf_mel	wh_dlc08_unit_long_text_nor_marauder_champions	hu1c_chaos_2handed_axe	wh_main_nor_infantry_standard_large_fast_hero_blood_dismembers	69	60	80	3060		0	wh_dlc08_nor_axe_great_champion_ete		10	none	wh_dlc08_nor_inf_marauder_champions_1_ete	wh3_main_cth_crane_gunners	trained			true	40.0000	1500.0000	wh_dlc08_nor_inf_marauder_champions_1_ete	60	80	0	vo_sel_nor_marauder_champions	vo_sel_generic	vo_sel_generic_short	1.0000	small	0	0	0	0	0	0	0	0	melee	false	true	false	false	medium	medium	domination_infantry			melee	1.0000	1.0000	false	false
wh_dlc08_nor_mon_fimir_0_ete	10	wh2_main_heavy_metal_65	2100	inf_melee	25	inf_mel	wh_dlc08_unit_long_text_nor_fimir_warriors	hu7d_fimir_2handed_staff	wh2_dlc16_monster_fimir_balefiend_hero_blood	35	35	70	4032		0	wh_dlc08_nor_fimir_balefiend_staff		4	none	wh_dlc08_nor_mon_fimir_0_ete	wh_main_monstrous_trolls	trained			true	40.0000	1500.0000	wh_dlc08_nor_mon_fimir_0_ete	60	80	0	vo_sel_default	vo_sel_generic	vo_sel_generic_short	1.0000	large	0	0	0	0	0	0	25	0	melee_gatecrusher	false	true	false	false	medium	medium	domination_monsters			melee	1.0000	1.0000	false	false
wh_dlc08_nor_mon_fimir_1_ete	10	wh2_main_chainmail_110	2100	inf_melee	35	inf_mel	wh_dlc08_unit_long_text_nor_fimir_warriors	hu7d_fimir_ror_dual_axes	wh3_dlc27_nor_cha_fimir_noble	52	30	65	4432		0	wh3_dlc27_nor_cha_fimir_noble_mace_ete		4	none	wh_dlc08_nor_mon_fimir_1_ete	wh3_main_cth_crane_gunners	trained			true	40.0000	1500.0000	wh_dlc08_nor_mon_fimir_1_ete	60	80	0	vo_sel_default	vo_sel_generic	vo_sel_generic_short	1.0000	large	0	0	0	0	0	0	25	0	melee_gatecrusher	false	true	false	false	medium	medium	domination_monsters			melee	1.0000	1.0000	false	false
wh_dlc08_nor_mon_norscan_giant_0_ete	10	wh2_main_leather_20	2100	inf_melee	37	inf_mel	wh_dlc08_unit_long_text_nor_norscan_giant	hu4_norscan_giant_club	wh_main_monster_giant_blood	50	30	66	17224		0	wh_main_club_giant		2	none	wh_dlc08_nor_mon_norscan_giant_0_ete	wh_main_chariot	trained			true	40.0000	1500.0000	wh_main_grn_mon_giant_ete	60	80	0	vo_sel_default	vo_sel_default	vo_sel_culture	1.0000	large	0	0	0	0	0	10	10	0	melee_gatecrusher	false	false	false	false	medium	medium	domination_monsters			melee	1.0000	1.0000	false	false
wh_dlc08_nor_mon_norscan_ice_trolls_0_ete	10	wh2_main_body_55	2100	inf_melee	50	inf_mel	wh_dlc08_unit_long_text_nor_norscan_ice_trolls	hu4c_throgg_2handed_hammer	wh_dlc08_monster_throgg_blood	70	45	55	4038		0	wh_dlc08_club_troll_throgg_ete		2	none	wh_dlc08_nor_mon_norscan_ice_trolls_0_ete	wh3_main_ogr_mournfangs	trained			true	40.0000	1500.0000	wh_dlc08_nor_mon_norscan_ice_trolls_0_ete	60	80	0	vo_sel_default	vo_sel_melee	vo_sel_culture	1.0000	large	0	0	-25	0	0	0	0	0	melee_gatecrusher_highvalue	false	true	false	false	medium	medium	domination_monsters			melee	1.0000	1.0000	false	false
wh_dlc08_nor_mon_skinwolves_1_ete	10	wh2_main_heavy_metal_70	2100	inf_melee	40	inf_mel	wh_dlc08_unit_long_text_nor_skin_wolves	hu8_skin_wolf	wh_dlc08_nor_skin_wolf_werekin_blood	45	32	60	4032		0	wh_dlc08_nor_werekin_claws		4	none	wh_dlc08_nor_mon_skinwolves_1_ete	wh_main_monstrous_trolls	trained			true	40.0000	1500.0000	wh_dlc08_nor_mon_skinwolves_1_ete	60	80	0	vo_sel_generic	vo_sel_generic	vo_sel_generic_short	1.0000	large	0	0	0	0	0	20	0	0	melee_highvalue	false	true	false	false	medium	medium	domination_monsters			melee	1.0000	1.0000	false	false
wh_dlc08_nor_mon_war_mammoth_ror_1_ete	10	wh2_main_leather_50	2100	war_beast	68	inf_mel	wh_dlc08_unit_long_text_nor_feral_mammoth	hu1c_wulfrik_hq3_wb_sword_and_shield	wh_main_infantry_rider	38	36	60	16760	2mammoth_ror	8	wh_dlc08_nor_mammoth_tusks		2	none	wh_dlc08_nor_mon_war_mammoth_ror_1_ete	wh_dlc08_nor_mammoth_herd_ror	trained			true	40.0000	1500.0000	wh_dlc08_nor_mon_war_mammoth_ror_1_ete	60	80	0	vo_sel_default	vo_sel_default	vo_sel_culture	1.0000	large	0	0	0	0	0	0	15	0	melee_gatecrusher_highvalue	false	false	false	false	medium	medium	domination_monsters			melee	1.0000	1.0000	false	false
wh_main_brt_art_field_trebuchet_ete	10	wh2_main_leather_30	2100	artillery	10	art_fld	wh_main_unit_long_text_brt_field_trebuchet	hu1_empire_hammer	wh_main_infantry_standard_blood_dismembers	27	26	45	57		0	wh_dlc07_brt_sword		8	none	wh_main_brt_art_field_trebuchet_ete	wh_main_artillery	trained		wh_main_brt_art_field_trebuchet	true	40.0000	1500.0000	wh_main_brt_art_field_trebuchet	60	80	0	vo_sel_bretonnian_field_trebuchet	vo_sel_artillery	vo_sel_culture	1.0000	small	0	18	0	0	24	0	0	0	ranged_indirect_arty	false	false	false	false	medium	medium	domination_artillery		brt_field_trebuchet	artillery	1.0000	1.0000	false	false
wh_main_chs_art_hellcannon_ete	10	wh2_main_plate_100	2100	artillery	12	art_fld	wh_main_unit_long_text_chs_hellcannon	hu3_dwarf_hammer	wh3_dlc23_chd_inf_infernal_guard	32	48	80	82		0	wh3_dlc23_chd_infernal_guard_axe		3	none	wh_main_chs_art_hellcannon_ete	wh_main_artillery	trained		wh_main_chs_art_hellcannon	true	40.0000	1500.0000	wh_main_chs_art_hellcannon_ete	60	80	0	vo_sel_chd_hellcannon	vo_sel_artillery	vo_sel_culture	1.0000	small	0	20	0	0	6	0	0	0	ranged_indirect_arty	false	false	false	false	medium	medium	domination_artillery		chs_hellcannon	artillery	1.0000	1.0000	false	false
wh_main_chs_cav_chaos_knights_0_ete	10	wh2_main_heavy_metal_120	2100	war_beast	45	cav_mel	wh3_dlc20_unit_long_text_chs_chaos_knights_all_und	hu1c_wh3_dlc20_hr1_glhh_2handed_axe	wh3_dlc20_chaos_knight_rider_blood	65	38	75	3664	wh3_dlc20_chs_mnt_chaos_steed_lords	8	wh_main_chs_sword_chaos_knight_ete		2	none	wh_main_chs_cav_chaos_knights_0_ete	wh2_dlc09_necroserpents	trained			true	40.0000	1500.0000	wh_main_chs_cav_chaos_knights_0_ete	60	80	0	vo_sel_chaos_knights	vo_sel_cavalry	vo_sel_culture	1.0000	large	0	0	0	0	0	0	0	0	melee_cav_shock_highvalue	false	false	false	false	medium	medium	domination_cav			melee	1.0000	1.0000	false	false
wh_main_chs_inf_chaos_warriors_0_ete	10	wh2_main_heavy_metal_80	2100	inf_melee	20	inf_mel	wh3_dlc20_unit_long_text_chs_chaos_warriors_all_und	hu1c_chaos_staff_and_sword	wh3_dlc20_chs_cha_lord_hero	42	40	70	2812		0	wh_main_chs_sword_caster_hero		2	none	wh_main_chs_inf_chaos_warriors_0_ete	wh_main_cavalry_very_chaotic	trained			true	40.0000	1500.0000	wh_main_chs_inf_chaos_warriors_0_ete	60	80	0	vo_sel_chaos_warriors	vo_sel_melee	vo_sel_culture	1.0000	small	0	0	0	0	0	0	0	0	melee	false	true	false	false	medium	medium	domination_infantry			melee	1.0000	1.0000	false	false
wh_main_chs_inf_chaos_warriors_1_ete	10	wh2_main_heavy_metal_80	2100	inf_melee	35	inf_mel	wh3_dlc20_unit_long_text_chs_chaos_warriors_all_und	hu1c_dlc24_helbrass_2handed_sword	wh3_dlc24_tze_cha_aekold_helbrass_blood	60	54	80	2808		0	wh3_dlc24_tze_cha_aekold_helbrass		2	wh_missile_block_70_inaudible	wh_main_chs_inf_chaos_warriors_1_ete	wh_main_cavalry_very_chaotic	trained			true	40.0000	1500.0000	wh_main_chs_inf_chaos_warriors_1_ete	60	80	0	vo_sel_chaos_warriors	vo_sel_melee	vo_sel_culture	1.0000	small	0	0	0	0	0	0	15	0	melee	false	true	false	false	medium	medium	domination_infantry			melee	1.0000	1.0000	false	false
wh_main_chs_inf_chosen_1_ete	10	wh2_main_heavy_metal_100	2100	inf_melee	50	inf_mel	wh3_dlc20_unit_long_text_chs_chosen_all_und	hu1c_wh3_kislev_tsar_guard_2handed_sword	wh3_dlc20_chs_cha_lord_hero	70	50	76	3060		0	wh3_dlc26_grn_cha_gorbad_axe		2	none	wh_main_chs_inf_chosen_1_ete	wh_main_infantry_chaos_chosen	trained			true	40.0000	1500.0000	wh_main_chs_inf_chosen_1_ete	60	80	0	vo_sel_chaos_chosen	vo_sel_melee	vo_sel_culture	1.0000	small	0	0	15	0	0	0	0	0	melee	false	true	false	false	medium	medium	domination_infantry			melee	1.0000	1.0000	false	false
wh_main_dwf_art_grudge_thrower_ete	10	wh2_main_chainmail_40	2100	artillery	12	art_fld	wh_main_unit_long_text_dwf_grudge_thrower	hu3_dwarf_hammer	wh_main_dwf_inf_dwarfs_crew_blood_dismembers	22	32	70	76		0	wh_main_dwf_axe_ironbreakers		4	none	wh_main_dwf_art_grudge_thrower_ete	wh_main_monstrous_cavalry	trained		wh_main_dwf_art_grudge_thrower	true	40.0000	1500.0000	wh_main_dwf_art_grudge_thrower	60	80	0	vo_sel_grudge_thrower	vo_sel_artillery	vo_sel_generic	1.0000	small	0	18	0	35	24	0	0	0	ranged_indirect_arty	false	false	false	false	medium	medium	domination_artillery		dwf_grudge_thrower		1.0000	1.0000	false	false
wh_main_dwf_inf_hammerers_ete	10	wh2_main_chainmail_100	2100	inf_melee	40	inf_mel	wh_main_unit_long_text_dwf_hammerers	hu3_dwarf_2handed_hammer_infantry_hammerer	wh_main_dwf_cha_dwarf_hero_blood_dismembers	60	50	85	3660		0	wh_main_dwf_axe_hero_lord_ete		2	none	wh_main_dwf_inf_hammerers_ete	wh_main_monstrous_cavalry	trained			true	40.0000	1500.0000	wh_main_dwf_inf_hammerers_ete	60	80	0	vo_sel_hammerers	vo_sel_generic	vo_sel_generic_short	1.0000	small	0	0	0	35	0	0	0	0	melee	false	true	false	false	medium	medium	domination_infantry				1.0000	1.0000	false	false
wh_main_dwf_inf_ironbreakers_ete	10	wh2_main_heavy_metal_130	2100	inf_melee	10	inf_mel	wh_main_unit_long_text_dwf_ironbreakers	hu3_dwarf_axe_shield_and_blasting_charges	wh_main_dwf_cha_dwarf_hero_blood_dismembers	50	50	85	4160		0	wh_main_dwf_axe_hero_lord	wh_dwf_ironbreakers_cinderblast_bomb_ete	2	wh_missile_block_70_metal	wh_main_dwf_inf_ironbreakers_ete	wh_main_monstrous_cavalry	trained			true	40.0000	1500.0000	wh_main_dwf_inf_ironbreakers_ete	60	80	18	vo_sel_ironbreakers	vo_sel_generic	vo_sel_generic_short	1.0000	small	0	2	0	35	0	0	0	0	hybrid_melee	false	true	false	false	medium	medium	domination_infantry			archer	1.0000	1.0000	false	false
wh_main_dwf_inf_longbeards_ete	10	wh2_main_chainmail_100	2100	inf_melee	30	inf_mel	wh_main_unit_long_text_dwf_longbeards	hu3_dwarf_axe_and_shield_thane	wh_main_dwf_cha_dwarf_hero_blood_dismembers	66	62	75	3660		0	wh_main_dwf_axe_hero		2	wh_missile_block_55_wood	wh_main_dwf_inf_longbeards_ete	wh_main_monstrous_cavalry	trained			true	40.0000	1500.0000	wh_main_dwf_inf_longbeards_ete	60	80	0	vo_sel_longbeards	vo_sel_generic	vo_sel_generic_short	1.0000	small	0	0	0	35	0	0	0	0	melee	false	true	false	false	medium	medium	domination_infantry				1.0000	1.0000	false	false
wh_main_dwf_inf_slayers_ete	10	wh_main_body_0	2100	inf_melee	50	inf_mel	wh_main_unit_long_text_dwf_slayers	hu3_dlc25_garagrim_dual_axe	wh3_dlc25_dwf_cha_dwarf_slayer_hero_blood_dismembers	55	45	100	3494		0	wh3_dlc25_dwf_garagrim_axe_dual_ete		2	none	wh_main_dwf_inf_slayers_ete	wh_main_monstrous_cavalry	trained			true	40.0000	1500.0000	wh_main_dwf_inf_slayers_ete	60	80	0	vo_sel_slayers	vo_sel_generic	vo_sel_generic_short	1.0000	small	0	0	0	35	0	15	0	0	melee_anti_large	false	true	false	false	medium	medium	domination_infantry				1.0000	1.0000	false	false
wh_main_dwf_inf_slayers_ete_ror	10	wh_main_body_0	2100	inf_melee	50	inf_mel	wh_main_unit_long_text_dwf_slayers	hu3_pr7_gotrex_axe	wh2_pro08_dwf_cha_dwarf_hero_fast_lgn_blood	67	56	100	3694		0	wh2_pro08_neu_gotrek_axe		2	none	wh_main_dwf_inf_slayers_ete_ror	wh_main_monstrous_cavalry	trained			true	40.0000	1500.0000	wh_main_dwf_inf_slayers_ete_ror	60	80	0	vo_sel_slayers	vo_sel_generic	vo_sel_generic_short	1.0000	small	0	0	0	35	0	15	15	0	melee_anti_large	false	true	false	false	medium	medium	domination_infantry				1.0000	1.0000	false	false
wh_main_dwf_veh_gyrobomber_ete	10	wh2_main_plate_100	2100	inf_ranged	30	inf_mis	wh_main_unit_long_text_dwf_gyrobombers	wm_gyrobomber01	wh_main_dwf_flying_gyrobomber	40	4	64	854		0	wh_main_dwf_gyrobomber	wh_main_dwf_clatter_gun	1	none	wh_main_dwf_veh_gyrobomber_ete	wh_main_war_machines	trained			true	40.0000	1500.0000	wh_main_dwf_veh_gyrobomber	60	80	0	vo_sel_gyrobomber	vo_sel_flying	vo_sel_flying_short	1.0000	large	0	176	0	35	0	0	0	0	gyrocopter	true	false	false	false	cant_capture	cant_capture	cant_capture			archer	1.0000	1.0000	false	false
wh_main_emp_art_helstorm_rocket_battery_ete	10	wh2_main_chainmail_30	2100	artillery	14	art_fld	wh_main_unit_long_text_emp_helstorm_rocket_battery	hu1_empire_helstorm_crew	wh_main_infantry_standard_blood_dismembers	32	24	60	61		0	wh_main_emp_sword		6	none	wh_main_emp_art_mortar_ete	wh_main_artillery_small	trained		wh_main_emp_art_helstorm_rocket_battery	true	40.0000	1500.0000	wh_main_emp_art_helstorm_rocket_battery	60	80	0	vo_sel_helstorm	vo_sel_artillery	vo_sel_culture	1.0000	small	0	48	0	0	24	0	0	0	ranged_indirect_arty	false	false	false	false	medium	medium	domination_artillery		emp_helstorm_rocket_battery	artillery	1.0000	1.0000	false	false
wh_main_emp_art_mortar_ete	10	wh2_main_chainmail_30	2100	artillery	14	art_fld	wh_main_unit_long_text_emp_mortar	hu1_empire_helstorm_crew	wh_main_infantry_standard_blood_dismembers	32	24	60	61		0	wh_main_emp_sword		6	none	wh_main_emp_art_mortar_ete	wh_main_artillery_small	trained		wh_main_emp_art_mortar	true	40.0000	1500.0000	wh_main_emp_art_mortar	60	80	0	vo_sel_mortar	vo_sel_artillery	vo_sel_culture	1.0000	small	0	16	0	0	24	0	0	0	ranged_indirect_arty	false	true	false	false	medium	medium	domination_artillery		emp_mortar	artillery	1.0000	1.0000	false	false
wh_main_emp_cav_demigryph_knights_0_ete	10	wh2_main_plate_90	2100	cavalry	70	cav_shk	wh_main_unit_long_text_emp_demigryph_knights	hu1_empire_bc2_demigryph_lance_sword_shield	wh_main_cavalry_rider_standard_blood	48	40	75	3848	wh_main_emp_mnt_demigryph_ete	8	wh2_dlc14_brt_cha_henri_le_massif_hippogryph		2	wh_missile_block_30_metal	wh_main_emp_cav_demigryph_knights_0_ete	wh_main_monstrous_cavalry	trained			true	40.0000	1500.0000	wh_main_emp_cav_demigryph_knights_0_ete	60	80	0	vo_sel_demigryph_knights	vo_sel_cavalry	vo_sel_culture	1.0000	large	0	0	0	0	0	0	0	0	melee_flanker_shock	false	false	false	false	low	low	domination_cav				1.0000	1.0000	false	false
wh_main_emp_cav_demigryph_knights_0_ror_ete	10	wh2_main_plate_90	2100	cavalry	70	cav_shk	wh_main_unit_long_text_emp_demigryph_knights	hu1_empire_bc2_demigryph_lance_sword_shield	wh_main_cavalry_rider_standard_blood	53	45	85	3848	wh_main_emp_mnt_demigryph_ete_ror	8	wh2_dlc14_brt_cha_henri_le_massif_hippogryph_ete		2	wh_missile_block_35_metal	wh_main_emp_cav_demigryph_knights_0_ror_ete	wh_main_monstrous_cavalry	trained			true	40.0000	1500.0000	wh_main_emp_cav_demigryph_knights_0_ror_ete	60	80	0	vo_sel_demigryph_knights	vo_sel_cavalry	vo_sel_culture	1.0000	large	0	0	0	0	0	0	0	0	melee_flanker_shock	false	false	false	false	low	low	domination_cav				1.0000	1.0000	false	false
wh_main_emp_inf_greatswords_ete	10	wh2_main_plate_95	2100	inf_melee	40	inf_mel	wh_main_unit_long_text_emp_great_swords	hu1_pr7_felix_2h_sword	wh_main_infantry_standard_hero_blood_dismembers	50	40	70	3380		0	wh2_main_hef_loremaster_of_hoeth		2	none	wh_main_emp_inf_greatswords_ete	wh_main_monstrous_cavalry	trained			true	40.0000	1500.0000	wh_main_emp_inf_greatswords_ete	60	80	0	vo_sel_greatswords	vo_sel_melee	vo_sel_culture	1.0000	small	0	0	0	0	0	0	0	0	melee	false	true	false	false	medium	medium	domination_infantry				1.0000	1.0000	false	false
wh_main_emp_inf_greatswords_ror_ete	10	wh2_main_plate_95	2100	inf_melee	40	inf_mel	wh_main_unit_long_text_emp_great_swords	hu1_pr7_felix_2h_sword	wh_main_infantry_standard_hero_blood_dismembers	50	40	70	3380		0	wh2_pro08_neu_felix_sword		2	none	wh_main_emp_inf_greatswords_ror_ete	wh_main_monstrous_cavalry	trained			true	40.0000	1500.0000	wh_main_emp_inf_greatswords_ror_ete	60	80	0	vo_sel_greatswords	vo_sel_melee	vo_sel_culture	1.0000	small	0	0	0	0	0	0	0	0	melee	false	true	false	false	medium	medium	domination_infantry				1.0000	1.0000	false	false
wh_main_emp_inf_swordsmen_ete	10	wh2_main_leather_15	2100	inf_melee	15	inf_mel	wh_main_unit_long_text_emp_state_troops	hu1_empire_staff_and_sword	wh_main_infantry_standard_wizard_blood_dismembers	25	30	55	2412		0	wh3_main_tze_staff_cultist		2	none	wh_main_emp_inf_swordsmen_ete	wh_main_cavalry_ordered	trained			true	40.0000	1500.0000	wh_main_emp_inf_swordsmen_ete	60	80	0	vo_sel_swordsmen	vo_sel_melee	vo_sel_culture	1.0000	small	0	0	0	0	0	0	0	0	mage_highvalue	false	true	false	false	medium	medium	domination_infantry			melee	1.0000	1.0000	false	false
wh_main_emp_inf_swordsmen_ror_ete	10	wh2_main_leather_15	2100	inf_melee	15	inf_mel	wh_main_unit_long_text_emp_state_troops	hu1_empire_staff_and_sword	wh_main_infantry_standard_wizard_blood_dismembers	32	38	65	2412		0	wh3_main_tze_staff_cultist		2	none	wh_main_emp_inf_swordsmen_ror_ete	wh_main_cavalry_ordered	trained			true	40.0000	1500.0000	wh_main_emp_inf_swordsmen_ror_ete	60	80	0	vo_sel_swordsmen	vo_sel_melee	vo_sel_culture	1.0000	small	0	0	0	0	0	0	0	0	mage_highvalue	false	true	false	false	medium	medium	domination_infantry			melee	1.0000	1.0000	false	false
wh_main_emp_veh_steam_tank_ete	10	wh2_main_heavy_metal_160	2100	war_machine	80	chariot	wh_main_unit_long_text_emp_steam_tank	wm_steam_tank01	wh_main_emp_veh_steam_tank	36	20	100	6552	emp_hidden_mount_steam_tank	1	wh_main_steamtank	wh_main_emp_steam_tank_cannon_ball	1	wh_missile_block_65_metal	wh_main_emp_veh_steam_tank_ete	wh_main_war_machines	trained	wh3_dlc25_emp_veh_steam_tank	wh_main_emp_veh_steam_tank	true	40.0000	1500.0000	wh_main_emp_veh_steam_tank_driver_ete	60	80	0	vo_sel_steam_tank	vo_sel_generic	vo_sel_generic_short	1.0000	large	40	30	0	0	8	0	0	0	ranged_direct_highvalue	false	false	false	false	medium	medium	domination_cav			artillery	1.0000	1.0000	false	false
wh_main_grn_art_doom_diver_catapult_ete	10	wh2_main_leather_25	2100	artillery	12	art_fld	wh_main_unit_long_text_grn_doom_diver_catapult	hu5_goblin_sword	wh2_dlc16_grn_inf_goblin_crew_blood_dismembers	24	18	50	48		0	wh_main_grn_goblin_sword		3	none	wh_main_grn_art_doom_diver_catapult_ete	wh_main_artillery	trained		wh_main_grn_art_doom_diver_catapult	true	40.0000	1500.0000	wh_main_grn_art_doom_diver_catapult_ete	60	80	0	vo_sel_goblin_doom_diver	vo_sel_artillery	vo_sel_culture	1.0000	small	0	10	0	0	24	0	0	0	ranged_indirect_arty	false	false	false	false	medium	medium	domination_artillery		grn_doom_diver	artillery	1.0000	1.0000	false	false
wh_main_grn_cav_orc_boar_boy_big_uns_ete	10	wh2_main_heavy_metal_70	2100	cavalry	80	cav_shk	wh_main_unit_long_text_grn_orc_boar_boyz_big_uns	hu2_orc_bo1_warboar_sword_and_shield	wh_main_grn_cha_orc_hero_blood_dismembers	55	35	70	3668	wh_main_grn_mnt_warboar_warboss	8	wh_main_grn_choppa_hero_ete_boar		2	none	wh_main_grn_cav_orc_boar_boy_big_uns_ete	wh_main_monstrous_trolls	trained			true	40.0000	1500.0000	wh_main_grn_cav_orc_boar_boy_big_uns_ete	60	80	0	vo_sel_boar_boy_biguns	vo_sel_cavalry	vo_sel_goblin_goblins	1.0000	large	0	0	0	0	0	0	0	0	melee_flanker_shock	false	false	false	false	low	low	domination_cav			melee	1.0000	1.0000	false	false
wh_main_grn_cav_orc_boar_boy_big_uns_ror_ete	10	wh2_main_heavy_metal_100	2100	cavalry	80	cav_shk	wh3_dlc26_unit_long_text_grn_cha_gorbad_ironclaw	hu2_orc_bo1_warboar_sword_and_shield	wh3_dlc26_grn_cha_orc_gorbad_blood	65	50	80	3868	wh3_dlc26_grn_mnt_warboar_gnarla_ete	8	wh3_dlc26_grn_cha_gorbad_axe		2	wh_missile_block_70_wood	wh_main_grn_cav_orc_boar_boy_big_uns_ror_ete	wh_main_monstrous_trolls	trained			true	40.0000	1500.0000	wh_main_grn_cav_orc_boar_boy_big_uns_ror_ete	60	80	0	vo_sel_default	vo_sel_cavalry	vo_sel_culture	1.0000	large	0	0	0	0	0	0	0	0	melee_highvalue	false	false	false	false	high	high	domination_characters			melee	1.0000	1.0000	false	false
wh_main_grn_cav_savage_orc_boar_boy_big_uns_ete	10	wh_main_body_0	2100	cavalry	80	cav_shk	wh_main_unit_long_text_grn_savage_orc_boar_boy_big_uns	hu2_orc_bo1_warboar_dual_swords	wh_main_grn_inf_orc_boar_rider_blood	60	30	70	3668	wh3_dlc26_grn_mnt_warboar_no_saddle_shaman_ete	8	wh_main_grn_choppa_hero_ete_boar		2	none	wh_main_grn_cav_savage_orc_boar_boy_big_uns_ete	wh_main_monstrous_trolls	trained			true	40.0000	1500.0000	wh_main_grn_cav_savage_orc_boar_boy_big_uns_ete	60	80	0	vo_sel_savage_boar_boyz	vo_sel_cavalry	vo_sel_goblin_goblins	1.0000	large	0	0	0	0	0	30	0	0	melee_flanker_shock	false	false	false	false	low	low	domination_cav			melee	1.0000	1.0000	false	false
wh_main_grn_inf_black_orcs_ete	10	wh2_main_heavy_metal_110	2100	inf_melee	50	inf_mel	wh_main_unit_long_text_grn_black_orcs	hu2_orc_sword_and_axe	wh_main_grn_inf_black_orcs_blood_dismembers	60	40	75	3668		0	wh_main_grn_black_orc_hero_ete		2	none	wh_main_grn_inf_black_orcs_ete	wh_main_monstrous_trolls	trained			true	40.0000	1500.0000	wh_main_grn_inf_black_orcs_ete	60	80	0	vo_sel_black_orcs	vo_sel_melee	vo_sel_culture	1.0000	small	0	0	0	0	0	0	0	0	melee	false	true	false	false	medium	medium	domination_infantry			melee	1.0000	1.0000	false	false
wh_main_grn_inf_goblin_spearmen_ete	10	wh2_main_leather_50	2100	inf_melee	52	com	wh_main_unit_long_text_grn_skarsnik	sk1_skarsnik_and_gobbla	wh_dlc06_grn_cha_skarsnik_hero_lgn_blood	48	55	76	1893		0	wh_dlc05_bst_morghur_claws_boss		2	none	wh_main_grn_inf_goblin_spearmen_ete	wh_main_monstrous_trolls	trained			true	40.0000	1500.0000	wh_main_grn_inf_goblin_spearmen_ete	60	80	0	vo_sel_default	vo_sel_melee	vo_sel_goblin_goblins	0.8000	small	0	0	0	0	0	0	0	0	melee	false	true	false	false	medium	medium	domination_infantry			melee	1.0000	1.0000	false	false
wh_main_grn_inf_orc_big_uns_ete	10	wh2_main_heavy_metal_70	2100	inf_melee	55	inf_mel	wh_main_unit_long_text_grn_orc_big_uns	hu2_orc_2handed_axe	wh_main_grn_cha_orc_hero_blood_dismembers	55	35	70	3168		0	wh_main_grn_choppa_hero_ete		2	none	wh_main_grn_inf_orc_big_uns_ete	wh_main_monstrous_trolls	trained			true	40.0000	1500.0000	wh_main_grn_inf_orc_big_uns_ete	60	80	0	vo_sel_biguns	vo_sel_melee	vo_sel_culture	1.0000	small	0	0	0	0	0	0	0	0	melee_anti_large	false	true	false	false	medium	medium	domination_infantry			melee	1.0000	1.0000	false	false
wh_main_grn_inf_orc_big_uns_ror_ete	10	wh2_main_heavy_metal_70	2100	inf_melee	55	inf_mel	wh_main_unit_long_text_grn_orc_big_uns	hu2_orc_sword_and_axe	wh_main_grn_cha_orc_hero_lgn_blood	73	45	80	3168		0	wh_main_grn_choppa_azhag_ete		2	none	wh_main_grn_inf_orc_big_uns_ror_ete	wh_main_monstrous_trolls	trained			true	40.0000	1500.0000	wh_main_grn_inf_orc_big_uns_ror_ete	60	80	0	vo_sel_default	vo_sel_melee	vo_sel_culture	1.0000	small	0	0	0	0	0	0	0	0	melee_highvalue	false	true	false	false	high	high	domination_characters			melee	1.0000	1.0000	false	false
wh_main_grn_inf_orc_boyz_ete	10	wh2_main_plate_55	2100	inf_melee	35	inf_mel	wh_main_unit_long_text_grn_orc_boyz	hu2_dlc26_gorbad_axe	wh2_dlc16_grn_cha_black_orc_hero_blood_dismembers	45	30	65	2670		0	wh_main_dwf_axe_hero		2	none	wh_main_grn_inf_orc_boyz_ete	wh_main_monstrous_trolls	trained			true	40.0000	1500.0000	wh_main_grn_inf_orc_boyz_ete	60	80	0	vo_sel_boyz	vo_sel_melee	vo_sel_culture	1.0000	small	0	0	0	0	0	0	0	0	melee	false	true	false	false	medium	medium	domination_infantry			melee	1.0000	1.0000	false	false
wh_main_grn_inf_savage_orc_big_uns_ete	10	wh_main_body_0	2100	inf_melee	60	inf_mel	wh_main_unit_long_text_grn_savage_orc_big_uns	hu2_orc_2handed_axe	wh3_dlc26_grn_cha_orc_hero_savage_orc_blood_dismemberas	63	27	75	3368		0	wh_main_grn_choppa_hero_ete		2	none	wh_main_grn_inf_savage_orc_big_uns_ete	wh_main_monstrous_trolls	trained			true	40.0000	1500.0000	wh_main_grn_inf_savage_orc_big_uns_ete	60	80	0	vo_sel_biguns	vo_sel_melee	vo_sel_culture	1.0000	small	0	0	0	0	0	25	0	0	melee_anti_large	false	true	false	false	medium	medium	domination_infantry			melee	1.0000	1.0000	false	false
wh_main_grn_mon_giant_ete	10	wh2_main_body_20	2100	inf_melee	37	inf_mel	wh_main_unit_long_text_grn_giant	hu4_giant_club	wh_main_monster_giant_blood	50	30	66	17224		0	wh_main_club_giant		2	none	wh_main_grn_mon_giant_ete	wh_main_chariot	trained			true	40.0000	1500.0000	wh_main_grn_mon_giant_ete	60	80	0	vo_sel_default	vo_sel_melee	vo_sel_culture	1.0000	large	0	0	0	0	0	10	10	0	melee_gatecrusher	false	false	false	false	medium	medium	domination_monsters			melee	1.0000	1.0000	false	false
wh_main_grn_mon_trolls_ete	10	wh2_main_body_85	2100	inf_melee	50	inf_mel	wh_main_unit_long_text_grn_trolls	hu4c_throgg_2handed_hammer	wh_dlc08_monster_throgg_blood	60	35	45	3838		0	wh_dlc08_club_troll_throgg_ete_2		2	none	wh_main_grn_mon_trolls_ete	wh3_main_ogr_mournfangs	trained			true	40.0000	1500.0000	wh_main_grn_mon_trolls_ete	60	80	0	vo_sel_default	vo_sel_melee	vo_sel_culture	1.0000	large	0	0	0	0	0	0	0	0	melee_gatecrusher	false	true	false	false	medium	medium	domination_monsters			melee	1.0000	1.0000	false	false
wh_main_vmp_inf_cairn_wraiths_ete	10	wh2_main_plate_60	2100	inf_melee	25	inf_mel	wh_main_unit_long_text_vmp_vampire	hu1b_vampire_sword	wh2_dlc16_infantry_standard_fast_hero_blood_dismembers_low_kb_resist	60	40	50	2864		0	wh_main_vmp_sword_hero_vampire_ete		2	none	wh_main_vmp_inf_cairn_wraiths_ete	wh_main_cavalry_ordered	trained			true	40.0000	1500.0000	wh_main_vmp_inf_cairn_wraiths_ete	60	80	0	vo_sel_default	vo_sel_melee	vo_sel_culture	1.0000	small	0	0	0	0	0	0	0	0	mage_highvalue	false	true	false	false	medium	medium	domination_infantry			melee	1.0000	1.0000	false	false
wh_main_vmp_inf_cairn_wraiths_ete_ror	10	wh2_main_plate_60	2100	inf_melee	55	inf_mel	wh_main_unit_long_text_vmp_vampire_lord	hu1b_hellebron_dual_sword	wh_main_infantry_standard_fast_hero_blood_dismembers	73	50	60	2864		0	wh_main_vmp_sword_hero_vampire_ete_ror		2	none	wh_main_vmp_inf_cairn_wraiths_ete_ror	wh_main_cavalry_ordered	trained			true	40.0000	1500.0000	wh_main_vmp_inf_cairn_wraiths_ete_ror	60	80	0	vo_sel_default	vo_sel_melee	vo_sel_culture	1.0000	small	0	0	0	0	0	15	0	0	mage_highvalue	false	true	false	false	medium	medium	domination_infantry			melee	1.0000	1.0000	false	false
wh_main_vmp_inf_grave_guard_1_ete	10	wh2_main_plate_90	2100	inf_melee	15	inf_mel	wh_main_unit_long_text_vmp_grave_guard	hu1_wight_king_sword_and_shield	wh_main_vmp_inf_wight	44	48	50	3888		0	wh2_main_hef_prince_sword		2	wh_missile_block_55_wood	wh_main_vmp_inf_grave_guard_1_ete	wh3_main_cth_crane_gunners	trained			true	40.0000	1500.0000	wh_main_vmp_inf_grave_guard_1_ete	60	80	0	vo_sel_default	vo_sel_melee	vo_sel_culture	1.0000	small	0	0	0	0	0	0	0	0	melee	false	true	false	false	medium	medium	domination_infantry			melee	1.0000	1.0000	false	false
wh_main_vmp_mon_vargheists_ete	10	wh_main_body_0	2100	inf_melee	26	inf_mel	wh_main_unit_long_text_vmp_vargheists	hu8b_vargheist	wh_main_flying_vargheists_blood_ete	35	25	54	327		0	wh_main_vmp_claws_vargheist		10	none	wh_main_vmp_mon_vargheists_ete	wh_main_monstrous_trolls	trained			true	40.0000	1500.0000	wh_main_vmp_mon_vargheists_ete	60	80	0	vo_sel_default	vo_sel_melee	vo_sel_culture	1.0000	large	0	0	0	0	0	10	0	0	flying_melee_flanker_undead	false	false	false	false	cant_capture	cant_capture	cant_capture			melee	1.0000	1.0000	false	false
wh_pro04_brt_cav_knights_errant_ror_0_ete	10	wh2_main_plate_80	2100	cavalry	55	cav_shk	wh_dlc07_unit_long_text_brt_knights_errant	hu1_empire_hr1_warhorse_lance_sword_shield	wh_main_cavalry_rider_standard_blood	55	45	75	3580	wh_main_brt_mnt_warhorse_hero_ete_ror	8	wh_main_brt_sword_hero_ete_2_ror		2	wh_missile_block_55_wood	wh_pro04_brt_cav_knights_errant_ror_0_ete	wh_main_cavalry_ordered	trained			true	40.0000	1500.0000	wh_pro04_brt_cav_knights_errant_ror_0_ete	60	80	0	vo_sel_bretonnian_knights_errant	vo_sel_cavalry	vo_sel_culture	1.0000	large	0	0	0	0	0	0	0	0	melee_flanker_shock	false	false	false	false	low	low	domination_cav			melee	1.0000	1.0000	false	false
wh_pro04_brt_cav_questing_knights_ror_0_ete	10	wh2_main_plate_110	2100	cavalry	40	cav_shk	wh_dlc07_unit_long_text_brt_questing_knights	hu1_leoncoeur_hr1_warhorse_sword_and_shield	wh_main_cavalry_rider_standard_blood	50	65	85	3760	wh_main_brt_mnt_warhorse_hero_ete_2_ror	8	wh_main_brt_sword_hero_ete_ror		2	wh_missile_block_55_metal	wh_pro04_brt_cav_questing_knights_ror_0_ete	wh_main_cavalry_ordered	trained			true	40.0000	1500.0000	wh_pro04_brt_cav_questing_knights_ror_0_ete	60	80	0	vo_sel_bretonnian_questing_knights	vo_sel_cavalry	vo_sel_culture	1.0000	large	0	0	0	0	0	0	0	0	melee_flanker_shock	false	false	false	false	low	low	domination_cav			melee	1.0000	1.0000	false	false
wh_pro04_brt_inf_battle_pilgrims_ror_0_ete	10	wh2_main_plate_85	2100	inf_melee	40	inf_mel	wh_dlc07_unit_long_text_brt_battle_pilgrims	hu1_empire_spear_and_shield	wh_main_infantry_standard_hero_blood_dismembers	72	55	78	3380		0	wh_main_brt_sword_hero_ete_3_ror		2	wh_missile_block_55_wood	wh_pro04_brt_inf_battle_pilgrims_ror_0_ete	wh_main_monstrous_cavalry	trained			true	40.0000	1500.0000	wh_pro04_brt_inf_battle_pilgrims_ror_0_ete	60	80	0	vo_sel_bretonnian_battle_pilgrim	vo_sel_melee	vo_sel_culture	1.0000	small	0	0	0	0	0	0	0	0	melee	false	true	false	false	medium	medium	domination_infantry			melee	1.0000	1.0000	false	false
wh_pro04_brt_inf_foot_squires_ror_0_ete	10	wh2_main_plate_90	2100	inf_melee	35	inf_mel	wh_dlc07_unit_long_text_brt_foot_squires	hu1_dlc14_repanse_2handed_sword	wh_main_infantry_standard_hero_blood_dismembers	70	58	73	3180		0	wh2_pro08_neu_felix_sword		2	none	wh_pro04_brt_inf_foot_squires_ror_0_ete	wh_main_monstrous_cavalry	trained			true	40.0000	1500.0000	wh_pro04_brt_inf_foot_squires_ror_0_ete	60	80	0	vo_sel_bretonnian_foot_squires	vo_sel_melee	vo_sel_culture	1.0000	small	0	0	0	0	0	0	0	0	melee_anti_large	false	true	false	false	medium	medium	domination_infantry			melee	1.0000	1.0000	false	false
wh_pro04_bst_inf_bestigor_herd_ror_0_ete	10	wh2_main_heavy_metal_100	2100	inf_melee	70	inf_mel	wh_dlc03_unit_long_text_bst_bestigor_herd	hu6_gor_sword_and_whip	wh_dlc03_bst_cha_gor_hero_khazrak_blood	60	50	70	3460		0	wh_dlc03_bst_gor_axe_hero_khazrak		2	none	wh_pro04_bst_inf_bestigor_herd_ror_0_ete	wh_dlc03_bst_minotaur	trained			true	40.0000	1500.0000	wh_pro04_bst_inf_bestigor_herd_ror_0_ete	60	80	0	vo_sel_default	vo_sel_default	vo_sel_culture	1.0000	small	0	0	0	0	0	0	0	0	melee_highvalue	false	true	false	false	medium	medium	domination_infantry			melee	1.0000	1.0000	false	false
wh_pro04_bst_inf_centigors_ror_0_ete	10	wh2_main_chainmail_45	2100	inf_melee	60	inf_mel	wh_dlc03_unit_long_text_bst_centigors	ce1_centigor_spear_and_shield	wh_dlc03_bst_cav_centigor_blood	50	50	80	3048		0	wh_dlc07_brt_alberic_sword		2	wh_missile_block_55_wood	wh_pro04_bst_inf_centigors_ror_0_ete	wh3_main_ogr_mournfangs	trained			true	40.0000	1500.0000	wh_pro04_bst_inf_centigors_ror_0_ete	60	80	0	vo_sel_beastmen_centigors	vo_sel_default	vo_sel_culture	1.0000	large	0	0	0	0	0	15	0	0	melee_flanker_shock	false	false	false	false	low	low	domination_cav			melee	1.0000	1.0000	false	false
wh_pro04_bst_inf_gor_herd_ror_0_ete	10	wh2_main_leather_15	2100	inf_melee	50	inf_mel	wh_dlc03_unit_long_text_bst_gor_herd	hu6_malagor_flight_staff_and_sword	wh2_dlc17_bst_cha_malagor_blood	50	45	85	3248		0	wh_dlc03_bst_staff_hero_malagor		2	none	wh_pro04_bst_inf_gor_herd_ror_0_ete	wh_main_cavalry_pegasus_knights	trained			true	40.0000	1500.0000	wh_pro04_bst_inf_gor_herd_ror_0_ete	60	80	0	vo_sel_default	vo_sel_culture	vo_sel_culture	1.0000	small	0	0	0	0	0	0	0	0	flying_melee_mage_highvalue	false	true	false	false	cant_capture	cant_capture	cant_capture			melee	1.0000	1.0000	false	false
wh_pro04_bst_inf_minotaurs_ror_0_ete	10	wh2_main_heavy_metal_130	2100	inf_melee	33	inf_mel	wh_dlc03_unit_long_text_bst_minotaur_shields	hu12_dlc17_taurox_dual_axe	wh2_dlc17_bst_cha_taurox_blood	41	47	80	3660		0	wh2_dlc17_bst_taurox_axes		2	none	wh_pro04_bst_inf_minotaurs_ror_0_ete	wh3_main_ogr_mournfangs	trained			true	40.0000	1500.0000	wh_pro04_bst_inf_minotaurs_ror_0_ete	60	80	0	vo_sel_beastmen_minotaurs	vo_sel_default	vo_sel_culture	1.0000	large_bst	0	0	0	0	0	0	0	0	melee_gatecrusher_highvalue	false	true	false	false	medium	medium	domination_monsters			melee	1.0000	1.0000	false	false
wh_pro04_chs_art_hellcannon_ror_0_ete	33	wh2_main_plate_100	2100	artillery	12	art_fld	wh_main_unit_long_text_chs_hellcannon	hu3_dwarf_hammer	wh3_dlc23_chd_inf_infernal_guard	41	59	90	82		0	wh3_dlc23_chd_infernal_guard_axe		3	none	wh_pro04_chs_art_hellcannon_ror_0_ete	wh_main_artillery	trained		wh_pro04_chs_art_hellcannon_ror_0	true	40.0000	1500.0000	wh_pro04_chs_art_hellcannon_ror_0_ete	60	80	18	vo_sel_chd_hellcannon	vo_sel_artillery	vo_sel_culture	1.0000	small	0	18	0	0	8	0	0	0	ranged_indirect_arty	false	false	false	false	medium	medium	domination_artillery		chs_hellcannon	artillery	1.0000	1.0000	false	false
wh_pro04_chs_inf_forsaken_ror_0_ete	10	wh2_main_body_85	2100	inf_melee	40	inf_mel	wh3_main_unit_long_text_nur_inf_forsaken_0	hu1c_dlc25_chaos_lord_nurgle_sword_and_shield	wh3_main_nur_infantry_forsaken_blood_dismembers_ete	65	50	80	3332		0	wh3_dlc25_emp_theodore_sword_nur_ror		2	wh_missile_block_55_inaudible	wh_pro04_chs_inf_forsaken_ror_0_ete	wh_main_cavalry_very_chaotic	trained			true	40.0000	1500.0000	wh_pro04_chs_inf_forsaken_ror_0_ete	60	80	0	vo_sel_melee	vo_sel_melee	vo_sel_culture	1.0000	small	0	0	0	0	0	0	0	0	melee	false	true	false	false	medium	medium	domination_infantry			melee	1.0000	1.0000	false	false
wh_pro04_chs_mon_dragon_ogre_ror_0_ete	10	wh2_main_heavy_metal_95	2100	inf_melee	52	inf_mel	wh_main_unit_long_text_chs_dragon_ogre	ce2_kholek_2handed_axe	wh_dlc01_chs_kholek_blood	70	54	85	5980		0	wh_dlc01_chs_kholek		2	none	wh_pro04_chs_mon_dragon_ogre_ror_0_ete	wh_dlc08_nor_mammoth_herd_ror	trained			true	40.0000	1500.0000	wh_pro04_chs_mon_dragon_ogre_ror_0_ete	60	80	0	vo_sel_default	vo_sel_melee	vo_sel_culture	1.0000	large	0	0	0	0	0	0	25	0	melee_gatecrusher	false	true	false	false	medium	medium	domination_monsters			melee	1.0000	1.0000	false	false
wh_pro04_nor_mon_fimir_ror_0_ete	10	wh2_main_heavy_metal_65	2100	inf_melee	25	inf_mel	wh_dlc08_unit_long_text_nor_fimir_warriors	hu7d_fimir_2handed_staff	wh3_dlc25_monster_ketzak_fimdirach_hero_blood	40	50	80	4432		0	wh_dlc08_nor_fimir_balefiend_staff_ete		2	none	wh_pro04_nor_mon_fimir_ror_0_ete	wh3_main_cth_crane_gunners	trained			true	40.0000	1500.0000	wh_pro04_nor_mon_fimir_ror_0_ete	60	80	0	vo_sel_default	vo_sel_generic	vo_sel_generic_short	1.0000	large	0	0	0	0	0	0	25	0	melee_gatecrusher	false	true	false	false	medium	medium	domination_monsters			melee	1.0000	1.0000	false	false
wh_pro04_nor_mon_skinwolves_ror_0_ete	10	wh2_main_heavy_metal_70	2100	inf_melee	40	inf_mel	wh_dlc08_unit_long_text_nor_skin_wolves	hu8_skin_wolf	wh3_dlc25_nur_mournhowl_blood	56	41	70	4432		0	wh3_dlc25_nur_mournhowl_claws		2	none	wh_pro04_nor_mon_skinwolves_ror_0_ete	wh_main_monstrous_trolls	trained			true	40.0000	1500.0000	wh_pro04_nor_mon_skinwolves_ror_0_ete	60	80	0	vo_sel_generic	vo_sel_melee	vo_sel_culture	1.0000	large	0	0	0	0	0	20	0	0	melee_flanker_shock_highvalue	false	true	false	false	medium	medium	domination_monsters			melee	1.0000	1.0000	false	false
wh_pro04_wef_inf_eternal_guard_ror_0_ete	10	wh_main_body_0	2100	inf_melee	20	inf_spr	wh_dlc05_unit_long_text_wef_eternal_guard	hu1b_bretonnian_fay_enchantress	wh_dlc05_wef_spellsinger_blood	33	34	75	2460		0	wh_dlc07_brt_caster_fay_ete		2	none	wh_pro04_wef_inf_eternal_guard_ror_0_ete	wh3_main_cth_crane_gunners	trained			true	40.0000	1500.0000	wh_pro04_wef_inf_eternal_guard_ror_0_ete	60	80	0	vo_sel_default	vo_sel_generic	vo_sel_generic_short	1.0000	elves_wef	0	0	0	0	0	25	0	0	mage_highvalue	false	true	false	false	medium	medium	domination_infantry			melee	1.0000	1.0000	false	false
