unit	additional_building_requirement	campaign_cap	caste	create_time	is_naval	land_unit	num_men	multiplayer_cap	multiplayer_cost	naval_unit	num_ships	min_men_per_ship	max_men_per_ship	recruitment_cost	upkeep_cost	weight	resource_requirement	special_edition_mask	in_encyclopedia	audio_voiceover_culture	ui_unit_group_land	tier	is_high_threat	porthole_camera	mount	use_hitpoints_in_campaign	porthole_composite_scene	melee_cp	missile_cp	can_siege	audio_voiceover_culture_override	restrict_xp_gain_in_campaign	audio_voiceover_actor_group	food_cost	has_spoken_vo	is_monstrous	multiplayer_qb_cap	vo_is_dragon	vo_is_dinosaur	optional_ui_element	barrier_health	can_be_bribed	point_allowance_weight	is_renown
#main_units_tables;7;db/main_units_tables/!!!!!!!2xunitsize_compat_pwner1_wh3_ete_unit_pack
10tze		-1	monster	3	false	10tze	8	0	5333	wh_main_shp_transport	1	1	1	5250	1500	heavy		0	true	wh3_main_vo_culture_Tzeentch	wh3_main_tze_lord_of_change	5	true	chs_lord_of_change		false		6000.0000	0.0000	true	vo_culture_None	false	wh3_main_vo_actor_Tzeentch_Lord_Of_Change	0	true	true	0	false	false		800.0000	true	1	false
11tze		1	monster	3	false	11tze	8	0	6400	wh_main_shp_transport	1	1	1	6400	2100	heavy		0	true	wh3_main_vo_culture_DaemonPrince	monster_generic	5	true	dae_dp		false		3000.0000	0.0000	true	vo_culture_None	true	wh3_main_vo_actor_DaemonPrince_Generic_Tzeentch	0	true	false	0	false	false		1000.0000	true	1	true
12dae	wh3_main_dae_garrison_major_3	-1	monster	3	false	12dae	8	0	8000	wh_main_shp_transport	1	1	1	8000	2133	heavy		0	true	wh3_main_vo_culture_DaemonPrince	monster_generic	5	true	dae_dp		false		3000.0000	0.0000	true	vo_culture_None	false	wh3_main_vo_actor_DaemonPrince_DaemonPrince	0	true	false	0	false	false		0.0000	true	1	false
1dae		1	monster	3	false	1dae	8	0	7467	wh_main_shp_transport	1	1	1	7467	1867	heavy		0	true	wh3_main_vo_culture_DaemonPrince	monster_generic	5	true	dae_dp		false		3000.0000	0.0000	true	vo_culture_None	true	wh3_main_vo_actor_DaemonPrince_DaemonPrince	0	true	false	0	false	false		0.0000	true	1	true
1wyrm	wh_main_nor_worship_2	-1	monster	3	false	1wyrm	8	0	4267	wh_main_shp_transport	1	1	1	4267	800	very_heavy		0	true	wh_dlc08_vo_culture_Norsca	wh_dlc08_nor_frost_wyrm	5	true	nor_frost_wyrm		false		3000.0000	0.0000	true	vo_culture_None	false	wh_main_vo_actor_Chaos_Marauder	0	true	false	0	false	false		0.0000	true	1	false
2dae		1	monster	3	false	2dae	8	0	6667	wh_main_shp_transport	1	1	1	6667	1500	heavy		0	true	wh3_main_vo_culture_DaemonPrince	monster_generic	5	true	dae_dp		false		3000.0000	0.0000	true	vo_culture_None	true	wh3_main_vo_actor_DaemonPrince_DaemonPrince	0	true	false	0	false	false		0.0000	true	1	true
2mammoth		-1	monster	3	false	2mammoth	16	0	7200	wh_main_shp_transport	1	1	1	7200	1700	super_heavy		0	true	wh_dlc08_vo_culture_Norsca	nor_mammoth	5	true	nor_war_mammoth		false		3000.0000	0.0000	true	vo_culture_None	false	wh_main_vo_actor_Chaos_Marauder	0	true	false	0	false	false		0.0000	true	1	false
3dae		-1	missile_infantry	3	false	3dae	8	0	4500	wh_main_shp_transport	1	1	1	4500	1250	very_heavy		0	true	wh3_main_vo_culture_Nur_Soul_Grinder	wh3_main_soul_grinder_missile	4	true	nur_soul_grinder		false		1000.0000	800.0000	true	vo_culture_None	false	wh_main_vo_actor_default	0	false	false	2	false	false		0.0000	true	1	false
3manticore		1	monster	2	false	3manticore	8	0	4267	wh_main_shp_transport	1	1	1	4267	800	heavy		0	true	wh_main_vo_culture_Chaos	wh2_dlc17_bst_manticore	5	true	bst_manticore		false		3000.0000	0.0000	true	vo_culture_None	true	wh3_dlc20_vo_actor_Chaos_Warrior	0	true	false	0	false	false		0.0000	true	1	true
3manticore_kho		-1	monster	2	false	3manticore_kho	8	0	3850	wh_main_shp_transport	1	1	60	3850	700	heavy		0	true	wh3_main_vo_culture_Khorne	cavalry_axe	4	true	wh3_dlc25_nur_chaos_sorcerer_lord_rot_beast	wh3_dlc26_com_mnt_kho_flesh_hound	false		3000.0000	0.0000	true	vo_culture_None	false	wh3_dlc20_vo_actor_Chaos_Warrior	0	true	false	0	false	false		0.0000	true	1	false
3manticore_nur		-1	monster	2	false	3manticore_nur	8	0	3850	wh_main_shp_transport	1	1	60	3850	700	heavy		0	true	wh3_main_vo_culture_Nurgle	nur_rot_knights	4	true	wh3_dlc_25_nur_cav_rot_knights		false		3000.0000	0.0000	true	vo_culture_None	false	wh3_dlc20_vo_actor_Chaos_Warrior	0	true	false	0	false	false		0.0000	true	1	false
3manticore_sla		-1	monster	2	false	3manticore_sla	8	0	3850	wh_main_shp_transport	1	1	60	3850	700	heavy		0	true	wh3_main_vo_culture_Slaanesh	wh3_dlc27_pleasureseekers	4	true	wh3_dlc27_chaos_lord_slaanesh_daemonic_steed	wh3_dlc27_cam_mnt_sla_daemonic_steed_lord	false		3000.0000	0.0000	true	vo_culture_None	false	wh3_dlc20_vo_actor_Chaos_Warrior	0	true	false	0	false	false		0.0000	true	1	false
3manticore_tze		-1	monster	2	false	3manticore_tze	8	0	3850	wh_main_shp_transport	1	1	60	3850	700	heavy		0	true	wh3_main_vo_culture_Tzeentch	cavalry_disc	4	true	emp_reiksguard		false		3000.0000	0.0000	true	vo_culture_None	false	wh3_dlc20_vo_actor_Chaos_Warrior	0	true	false	0	false	false		0.0000	true	1	false
4dragon		-1	monster	3	false	4dragon	8	0	7733	wh_main_shp_transport	1	1	1	7733	1700	heavy		0	true	wh_main_vo_culture_Chaos	dragon	5	true	hef_dragon		false		3000.0000	0.0000	true	vo_culture_None	false	wh_main_vo_actor_Chaos_Infantry	0	true	false	0	false	false		0.0000	true	1	false
4dragon_kho		-1	monster	3	false	4dragon_kho	8	0	7733	wh_main_shp_transport	1	1	1	7733	1700	heavy		0	true	wh3_main_vo_culture_Khorne	dragon	5	true	hef_dragon		false		3000.0000	0.0000	true	vo_culture_None	false	wh3_dlc20_vo_actor_Chaos_Warrior	0	true	false	0	false	false		0.0000	true	1	false
4dragon_nur		-1	monster	3	false	4dragon_nur	8	0	7733	wh_main_shp_transport	1	1	1	7733	1700	heavy		0	true	wh3_main_vo_culture_Nurgle	dragon	5	true	hef_dragon		false		3000.0000	0.0000	true	vo_culture_None	false	wh3_dlc20_vo_actor_Chaos_Warrior	0	true	false	0	false	false		0.0000	true	1	false
4dragon_sla		-1	monster	3	false	4dragon_sla	8	0	7733	wh_main_shp_transport	1	1	1	7733	1700	heavy		0	true	wh3_main_vo_culture_Slaanesh	dragon	5	true	hef_dragon		false		3000.0000	0.0000	true	vo_culture_None	false	wh3_dlc20_vo_actor_Chaos_Warrior	0	true	false	0	false	false		0.0000	true	1	false
4dragon_tze		-1	monster	3	false	4dragon_tze	8	0	7733	wh_main_shp_transport	1	1	1	7733	1700	heavy		0	true	wh3_main_vo_culture_Tzeentch	dragon	5	true	hef_dragon		false		3000.0000	0.0000	true	vo_culture_None	false	wh3_dlc20_vo_actor_Chaos_Warrior	0	true	false	0	false	false		800.0000	true	1	false
4kho		-1	monster	3	false	4kho	8	0	7000	wh_main_shp_transport	1	1	1	7000	1650	heavy		0	true	wh3_main_vo_culture_Khorne	wh3_main_kho_bloodthirster	5	true	kho_general_15_degrees		false		6000.0000	0.0000	true	vo_culture_None	false	wh3_main_vo_actor_Khorne_Bloodthirster_Unit	0	false	false	0	false	false		0.0000	true	1	false
5kho		1	monster	3	false	5kho	8	0	7467	wh_main_shp_transport	1	1	1	7467	1500	heavy		0	true	wh3_main_vo_culture_DaemonPrince	monster_generic	5	true	dae_dp		false		3000.0000	0.0000	true	vo_culture_None	true	wh3_main_vo_actor_DaemonPrince_Generic_Khorne	0	true	false	0	false	false		0.0000	true	1	true
6nur		-1	monster	3	false	6nur	8	0	7000	wh_main_shp_transport	1	1	1	7000	1650	heavy		0	true	wh3_main_vo_culture_Nurgle	wh3_main_nur_great_unclean_one	5	true	nur_great_unclean_one		false		5000.0000	0.0000	true	vo_culture_None	false	wh3_main_vo_actor_Nurgle_Great_Unclean_One_Unit	0	false	false	0	false	false		0.0000	true	1	false
7nur		1	monster	3	false	7nur	8	0	7467	wh_main_shp_transport	1	1	1	7467	1867	heavy		0	true	wh3_main_vo_culture_DaemonPrince	monster_generic	5	true	dae_dp		false		3000.0000	0.0000	true	vo_culture_None	true	wh3_main_vo_actor_DaemonPrince_Generic_Nurgle	0	true	false	0	false	false		0.0000	true	1	true
8sla		-1	monster	3	false	8sla	8	0	7000	wh_main_shp_transport	1	1	1	7000	1650	heavy		0	true	wh3_main_vo_culture_Slaanesh	wh3_main_sla_keeper_of_secrets	5	true	sla_keeper_of_secrets		false		4000.0000	0.0000	true	vo_culture_None	false	wh3_main_vo_actor_Slaanesh_Keeper_Of_Secrets	0	false	true	0	true	false		0.0000	true	1	false
9sla		1	monster	3	false	9sla	8	0	7467	wh_main_shp_transport	1	1	1	7467	1500	heavy		0	true	wh3_main_vo_culture_DaemonPrince	monster_generic	5	true	dae_dp		false		3000.0000	0.0000	true	vo_culture_None	true	wh3_main_vo_actor_DaemonPrince_Generic_Slaanesh	0	true	false	0	false	false		0.0000	true	1	true
def_rider_1		-1	monstrous_cavalry	2	false	def_rider_1	8	0	3000	wh_main_shp_transport	1	1	1	3000	685	heavy		0	true	wh2_main_vo_culture_Dark_Elves	wh2_dlc17_bst_manticore	4	true	bst_manticore		false		1500.0000	0.0000	true	vo_culture_None	false	wh2_main_vo_actor_Dark_Elves_Witch_Elves_Inf	0	true	true	0	false	false		0.0000	true	1	false
def_rider_2		-1	monstrous_cavalry	2	false	def_rider_2	8	0	3350	wh_main_shp_transport	1	1	1	3350	815	heavy		0	true	wh2_main_vo_culture_Dark_Elves	wh2_dlc17_bst_manticore	4	true	bst_manticore		false		1500.0000	0.0000	true	vo_culture_None	true	wh2_dlc14_vo_actor_Dark_Elf_High_Beastmaster	0	true	true	0	false	false		0.0000	true	1	true
def_rider_3		-1	monstrous_cavalry	3	false	def_rider_3	8	0	5000	wh_main_shp_transport	1	1	1	5000	985	very_heavy		0	true	wh2_main_vo_culture_Dark_Elves	dragon	5	true	hef_dragon		false		2700.0000	500.0000	true	vo_culture_None	true	wh2_dlc14_vo_actor_Dark_Elf_Master	0	true	true	0	false	false		0.0000	true	1	true
def_rider_4		-1	monstrous_cavalry	3	false	def_rider_4	8	0	6300	wh_main_shp_transport	1	1	1	6300	1525	very_heavy		0	true	wh2_main_vo_culture_Dark_Elves	dragon	5	true	hef_dragon		false		3200.0000	0.0000	true	vo_culture_None	false	wh2_dlc14_vo_actor_Dark_Elf_High_Beastmaster	0	true	true	0	false	false		0.0000	true	1	false
hef_rider_1		-1	melee_cavalry	2	false	hef_rider_1	8	0	2200	wh_main_shp_transport	1	1	100	2200	650	heavy		0	true	wh2_main_vo_culture_High_Elves	shock_cavalry	4	true	emp_reiksguard		false		1800.0000	0.0000	true	vo_culture_None	false	wh2_main_vo_actor_High_Elves_Infantry	0	true	true	0	false	false		0.0000	true	1	false
hef_rider_2		1	monstrous_cavalry	3	false	hef_rider_2	8	0	6500	wh_main_shp_transport	1	1	100	6500	1815	heavy		0	true	wh2_main_vo_culture_High_Elves	dragon	5	true	hef_dragon		false		3500.0000	0.0000	true	vo_culture_None	true	wh2_main_vo_actor_High_Elves_Mounted	0	true	true	0	false	false		0.0000	true	1	true
hef_rider_3		1	monstrous_cavalry	3	false	hef_rider_3	8	0	4200	wh_main_shp_transport	1	1	100	4200	1100	very_heavy		0	true	wh2_main_vo_culture_High_Elves	wh2_main_hef_phoenix_frost	5	true	hef_phoenix		false		1800.0000	0.0000	true	vo_culture_None	true	wh2_main_vo_actor_High_Elves_Mounted	0	true	true	0	false	false		0.0000	true	1	true
hef_rider_4		-1	monstrous_cavalry	2	false	hef_rider_4	8	0	3000	wh_main_shp_transport	1	1	100	3800	975	very_heavy		0	true	wh2_main_vo_culture_High_Elves	wh2_main_hef_phoenix_fire	3	true	hef_phoenix		false		2600.0000	0.0000	true	vo_culture_None	false	wh2_main_vo_actor_High_Elves_Infantry	0	true	true	0	false	false		0.0000	true	1	false
hef_rider_5		-1	monstrous_cavalry	2	false	hef_rider_5	8	0	2200	wh_main_shp_transport	1	1	60	2200	550	heavy		0	true	wh2_main_vo_culture_High_Elves	wh_dlc05_wef_hawk_riders	3	true	hef_great_eagle		false		1700.0000	500.0000	true	vo_culture_None	false	wh_dlc05_vo_actor_Wood_Elves_Female_Units	0	true	true	0	false	false		0.0000	true	1	false
hef_rider_6		-1	monstrous_cavalry	3	false	hef_rider_6	8	0	4750	wh_main_shp_transport	1	1	1	4750	1250	very_heavy		0	true	wh2_main_vo_culture_High_Elves	dragon	5	true	hef_dragon		false		2700.0000	0.0000	true	vo_culture_None	false	wh2_main_vo_actor_High_Elves_Mounted	0	true	true	0	false	false		0.0000	true	1	false
hef_rider_7		1	melee_cavalry	3	false	hef_rider_7	8	0	5250	wh_main_shp_transport	1	1	60	6300	1525	very_heavy		0	true	wh2_main_vo_culture_High_Elves	cavalry	3	true	emp_reiksguard		false		2900.0000	0.0000	true	vo_culture_None	true	wh2_main_vo_actor_High_Elves_Mounted	0	true	true	0	false	false		0.0000	true	1	true
hef_rider_8		-1	warmachine	3	false	hef_rider_8	240	0	2200	wh_main_shp_transport	1	1	60	2200	550	very_heavy		0	true	wh2_main_vo_culture_High_Elves	wh_dlc06_bolt_thrower	3	false	default		false		350.0000	1890.0000	true	vo_culture_None	false	wh2_main_vo_actor_High_Elves_Infantry	0	true	false	0	false	false		0.0000	true	1	false
lzd_rider_1		1	monster	3	false	lzd_rider_1	16	0	15000	wh_main_shp_transport	1	1	13	15000	925	heavy		0	true	wh2_main_vo_culture_Lizardmen	wh2_dlc17_lzd_dread_saurian	5	true	liz_dread_saurian		false		2200.0000	900.0000	true	vo_culture_None	true	wh2_dlc12_vo_actor_Lizardmen_Lord_Kroak	0	true	true	0	false	false		1200.0000	false	1	true
lzd_rider_2		1	monster	2	false	lzd_rider_2	8	0	3900	wh_main_shp_transport	1	1	1	3900	1275	heavy		0	true	wh2_main_vo_culture_Lizardmen	wh2_dlc17_lzd_carnosaur	4	true	liz_carnosaur		false		1300.0000	0.0000	true	vo_culture_None	true	wh2_main_vo_actor_Lizardmen_Saurus_Unit	0	true	true	0	false	false		0.0000	true	1	true
lzd_rider_3		-1	monster	3	false	lzd_rider_3	8	0	3000	wh_main_shp_transport	1	1	60	3000	750	heavy		0	true	wh2_main_vo_culture_Lizardmen	wh2_dlc17_lzd_carnosaur	4	true	liz_carnosaur		false		2200.0000	0.0000	true	vo_culture_None	false	wh2_main_vo_actor_Lizardmen_Saurus_Scar_Veteran	0	true	true	0	false	false		0.0000	true	1	false
lzd_rider_4		-1	monster	3	false	lzd_rider_4	8	0	3900	wh_main_shp_transport	1	1	1	3900	1275	heavy		0	true	wh2_main_vo_culture_Lizardmen	wh2_dlc17_lzd_bastiladon	4	true	liz_bastiladon		false		2000.0000	0.0000	true	vo_culture_None	false	wh2_dlc12_vo_actor_Lizardmen_Lord_Kroak	0	true	true	0	false	false		1200.0000	false	1	false
lzd_rider_5		-1	monster	3	false	lzd_rider_5	8	0	4200	wh_main_shp_transport	1	1	1	4200	995	heavy		0	true	wh2_main_vo_culture_Lizardmen	wh2_dlc17_lzd_troglodon	4	true	liz_carnosaur		false		2000.0000	0.0000	true	vo_culture_None	false	wh2_dlc17_vo_actor_Lizardmen_Skink_Oracle	0	true	true	0	false	false		0.0000	true	1	false
lzd_rider_6		-1	monster	3	false	lzd_rider_6	8	0	3600	wh_main_shp_transport	1	1	4	3600	900	heavy		0	true	wh2_main_vo_culture_Lizardmen	wh2_dlc17_lzd_bastiladon_engine	3	true	liz_bastiladon		false		650.0000	2000.0000	true	vo_culture_None	false	wh2_main_vo_actor_Lizardmen_Skink_Unit	0	true	true	0	false	true		0.0000	true	1	false
vmp_rider_1		1	monster	3	false	vmp_rider_1	8	0	7000	wh_main_shp_transport	1	1	1	7000	1600	heavy		0	true	wh_main_vo_culture_Vampire	dragon	5	true	hef_dragon		false		2200.0000	0.0000	true	vo_culture_None	true	wh_dlc02_vo_actor_Vampire_BloodKnight	0	true	false	0	false	false		0.0000	true	1	true
vmp_rider_2		1	monster	3	false	vmp_rider_2	8	0	7000	wh_main_shp_transport	1	1	60	7000	1600	heavy		0	true	wh2_dlc11_vo_culture_Vampire_Coast	dragon	5	true	hef_dragon		false		1300.0000	0.0000	true	vo_culture_None	true	wh2_dlc11_vo_actor_VampireCoast_Depth_Guard	0	true	false	0	false	false		0.0000	true	1	true
vmp_rider_3		-1	monster	3	false	vmp_rider_3	8	0	5600	wh_main_shp_transport	1	1	1	5600	1400	heavy		0	true	wh_main_vo_culture_Terrorgheist	dragon	5	true	vamp_terrorgheist		false		2200.0000	0.0000	true	vo_culture_None	false	wh_main_vo_actor_default	0	false	true	0	false	false		0.0000	true	1	false
vmp_rider_4		-1	monster	3	false	vmp_rider_4	8	0	5600	wh_main_shp_transport	1	1	1	5600	1400	heavy		0	true	wh_main_vo_culture_Terrorgheist	dragon	5	true	vamp_terrorgheist		false		6000.0000	0.0000	true	vo_culture_None	false	wh_main_vo_actor_default	0	false	true	0	false	false		0.0000	true	1	false
vmp_rider_5		-1	monster	3	false	vmp_rider_5	40	0	7000	wh_main_shp_transport	1	1	5	7000	1400	very_heavy		0	true	wh2_dlc11_vo_culture_Necrofex_Colossus	monster_artillery	5	true	cst_necrofex		false		6000.0000	2500.0000	true	vo_culture_None	false	wh_main_vo_actor_default	0	false	true	0	false	false		0.0000	true	1	false
wef_rider_1		1	monstrous_cavalry	2	false	wef_rider_1	24	0	2800	wh_main_shp_transport	2	2	2	2800	625	heavy		0	true	wh_dlc05_vo_culture_Wood_Elves	wh_dlc05_wef_hawk_riders	3	true	hef_great_eagle		false		1900.0000	800.0000	true	vo_culture_None	true	wh_dlc05_vo_actor_Wood_Elves_Wildrider	0	true	true	0	true	false		0.0000	true	1	true
wef_rider_2		1	monstrous_cavalry	3	false	wef_rider_2	24	0	6400	wh_main_shp_transport	2	2	2	6400	1650	very_heavy		0	true	wh_dlc05_vo_culture_Wood_Elves	dragon	5	true	hef_dragon		false		1450.0000	1000.0000	true	vo_culture_None	true	wh_dlc05_vo_actor_Wood_Elves_Wildrider	0	true	true	0	true	false		0.0000	true	1	true
wef_rider_3	wh_dlc05_wef_flying_2	-1	monstrous_cavalry	2	false	wef_rider_3	8	0	2200	wh_main_shp_transport	1	1	1	2200	515	heavy		0	true	wh_dlc05_vo_culture_Wood_Elves	wh_dlc05_wef_hawk_riders	3	true	hef_great_eagle		false		1700.0000	500.0000	true	wh_dlc05_vo_culture_Wood_Elves	false	wh_dlc05_vo_actor_Wood_Elves_Wildrider	0	true	true	0	false	false		0.0000	true	1	false
wef_rider_4	wh_dlc05_wef_cavalry_2	-1	monstrous_cavalry	3	false	wef_rider_4	8	0	6200	wh_main_shp_transport	1	1	1	6200	1400	very_heavy		0	true	wh_dlc05_vo_culture_Wood_Elves	dragon	5	true	hef_dragon		false		1100.0000	1100.0000	true	wh_dlc05_vo_culture_Wood_Elves	false	wh_dlc05_vo_actor_Wood_Elves_Wildrider	0	true	true	0	false	false		0.0000	true	1	false
wh2_dlc09_tmb_art_screaming_skull_catapult_0_ete	wh2_dlc09_tmb_infantry_1	0	warmachine	3	false	wh2_dlc09_tmb_art_screaming_skull_catapult_0_ete	320	0	2500	wh_main_shp_transport	1	1	44	0	0	very_heavy		0	true	wh2_dlc09_vo_culture_Tomb_Kings	catapult	5	false	tmb_skeleton_warriors		false		80.0000	720.0000	true	wh2_dlc09_vo_culture_Tomb_Kings_Creature_Order_Giver	false	wh_main_vo_actor_default	0	false	false	0	false	false		0.0000	true	1	false
wh2_dlc09_tmb_cav_necropolis_knights_1_ete		1	monstrous_cavalry	3	false	wh2_dlc09_tmb_cav_necropolis_knights_1_ete	8	0	3000	wh_main_shp_transport	1	1	24	0	0	medium		0	true	wh2_dlc09_vo_culture_Tomb_Kings	wh2_dlc09_tmb_necroserpent_halberd	5	false	tmb_necro_knights		false		1450.0000	0.0000	false	wh2_dlc09_vo_culture_Tomb_Kings_Creature_Order_Giver	false	wh_main_vo_actor_default	0	false	false	0	false	false		0.0000	true	1	false
wh2_dlc09_tmb_cav_necropolis_knights_ror_ete		1	monstrous_cavalry	2	false	wh2_dlc09_tmb_cav_necropolis_knights_ror_ete	8	1	1700	wh_main_shp_transport	1	1	24	0	0	medium		0	true	wh2_dlc09_vo_culture_Tomb_Kings	wh2_dlc09_tmb_necroserpent_spear	4	false	tmb_necro_knights		false		1700.0000	0.0000	false	wh2_dlc09_vo_culture_Tomb_Kings_Creature_Order_Giver	true	wh_main_vo_actor_default	0	false	false	1	false	false		0.0000	true	1	true
wh2_dlc09_tmb_cav_nehekhara_horsemen_0_ete		0	melee_cavalry	2	false	wh2_dlc09_tmb_cav_nehekhara_horsemen_0_ete	8	0	1650	wh_main_shp_transport	1	1	60	0	0	heavy		0	true	wh2_dlc09_vo_culture_Tomb_Kings	cavalry_skeleton	5	false	emp_reiksguard		false		650.0000	0.0000	true	wh2_dlc09_vo_culture_Tomb_Kings_Creature_Order_Giver	false	wh_main_vo_actor_default	0	false	false	0	false	false		0.0000	true	1	false
wh2_dlc09_tmb_cav_nehekhara_horsemen_ror_ete		1	melee_cavalry	1	false	wh2_dlc09_tmb_cav_nehekhara_horsemen_ror_ete	8	1	1850	wh_main_shp_transport	1	1	60	0	0	heavy		0	true	wh2_dlc09_vo_culture_Tomb_Kings	cavalry_skeleton	5	false	emp_reiksguard		false		1000.0000	0.0000	true	wh2_dlc09_vo_culture_Tomb_Kings_Creature_Order_Giver	true	wh_main_vo_actor_default	0	false	false	1	false	false		0.0000	true	1	true
wh2_dlc09_tmb_inf_nehekhara_warriors_0_ete		0	melee_infantry	2	false	wh2_dlc09_tmb_inf_nehekhara_warriors_0_ete	8	0	1525	wh_main_shp_transport	1	1	120	0	0	heavy		0	true	wh2_dlc09_vo_culture_Tomb_Kings	infantry_sword	5	false	tmb_general		false		525.0000	0.0000	false	wh2_dlc09_vo_culture_Tomb_Kings_Creature_Order_Giver	false	wh_main_vo_actor_default	0	false	false	0	false	false		0.0000	true	1	false
wh2_dlc09_tmb_inf_nehekhara_warriors_ror_ete		1	melee_infantry	1	false	wh2_dlc09_tmb_inf_nehekhara_warriors_ror_ete	8	0	1950	wh_main_shp_transport	1	1	120	0	0	heavy		0	true	wh2_dlc09_vo_culture_Tomb_Kings	infantry_sword	5	false	tmb_general		false		950.0000	0.0000	true	wh2_dlc09_vo_culture_Tomb_Kings_Creature_Order_Giver	true	wh_main_vo_actor_default	0	false	false	0	false	false		0.0000	true	1	true
wh2_dlc09_tmb_inf_tomb_guard_0_ete		0	melee_infantry	2	false	wh2_dlc09_tmb_inf_tomb_guard_0_ete	8	0	4000	wh_main_shp_transport	1	1	120	0	0	heavy		0	true	wh2_dlc09_vo_culture_Tomb_Kings	infantry_sword	5	false	tmb_tomb_guard		false		750.0000	0.0000	false	wh2_dlc09_vo_culture_Tomb_Kings_Creature_Order_Giver	false	wh_main_vo_actor_default	0	false	false	0	false	false		0.0000	true	1	false
wh2_dlc09_tmb_inf_tomb_guard_ror_ete		1	melee_infantry	1	false	wh2_dlc09_tmb_inf_tomb_guard_ror_ete	8	0	4250	wh_main_shp_transport	1	1	120	0	0	heavy		0	true	wh2_dlc09_vo_culture_Tomb_Kings	infantry_sword_dual	5	false	tmb_tomb_guard		false		1050.0000	0.0000	false	wh2_dlc09_vo_culture_Tomb_Kings_Creature_Order_Giver	true	wh_main_vo_actor_default	0	false	false	0	false	false		0.0000	true	1	true
wh2_dlc09_tmb_mon_heirotitan_0_ete		0	monster	3	false	wh2_dlc09_tmb_mon_heirotitan_0_ete	8	0	7000	wh_main_shp_transport	1	1	1	0	0	very_heavy		0	true	wh2_dlc09_vo_culture_Heirotitan	wh2_dlc09_tmb_hierotitan	5	true	tmb_hierotitan		false		2000.0000	0.0000	true	vo_culture_None	false	wh_main_vo_actor_default	0	false	true	0	false	false		0.0000	true	1	false
wh2_dlc09_tmb_mon_necrosphinx_0_ete		0	monster	3	false	wh2_dlc09_tmb_mon_necrosphinx_0_ete	8	0	7000	wh_main_shp_transport	1	1	1	0	0	super_heavy		0	true	wh2_dlc09_vo_culture_Necrosphinx	wh2_dlc09_tmb_necrosphinx	5	true	tmb_necrosphinx		false		2000.0000	0.0000	true	vo_culture_None	false	wh_main_vo_actor_default	0	false	true	0	false	false		0.0000	true	1	false
wh2_dlc09_tmb_mon_necrosphinx_ror_ete		1	monster	3	false	wh2_dlc09_tmb_mon_necrosphinx_ror_ete	8	1	7500	wh_main_shp_transport	1	1	1	0	0	super_heavy		0	true	wh2_dlc09_vo_culture_Necrosphinx	wh2_dlc09_tmb_necrosphinx	5	true	tmb_necrosphinx		true		2450.0000	0.0000	true	vo_culture_None	true	wh_main_vo_actor_default	0	false	true	1	false	false		0.0000	true	1	true
wh2_dlc09_tmb_mon_ushabti_0_ete		1	monstrous_infantry	2	false	wh2_dlc09_tmb_mon_ushabti_0_ete	8	0	2000	wh_main_shp_transport	1	1	16	0	0	heavy		0	true	wh2_dlc09_vo_culture_Ushabti	wh2_dlc09_tmb_ushabti	5	true	tmb_ushabti		false		900.0000	0.0000	true	vo_culture_None	false	wh_main_vo_actor_default	0	false	false	0	false	false		0.0000	true	1	false
wh2_dlc10_def_cav_knights_of_the_ebon_claw_ror_0_ete		1	melee_cavalry	3	false	wh2_dlc10_def_cav_knights_of_the_ebon_claw_ror_0_ete	8	1	3000	wh_main_shp_transport	1	1	48	2500	675	heavy		0	true	wh2_main_vo_culture_Dark_Elves	wh2_main_cold_one	4	false	liz_cold_one_riders		false		1550.0000	0.0000	true	vo_culture_None	true	wh2_main_vo_actor_Dark_Elves_Mounted	0	true	false	0	false	false		0.0000	true	1	true
wh2_dlc10_def_inf_the_hellebronai_ror_0_ete		1	melee_infantry	1	false	wh2_dlc10_def_inf_the_hellebronai_ror_0_ete	8	1	4000	wh_main_shp_transport	1	1	120	3850	575	medium		0	true	wh2_main_vo_culture_Dark_Elves	infantry_sword	3	false	wef_infantry_30_degrees		false		800.0000	0.0000	false	vo_culture_None	true	wh2_main_vo_actor_Dark_Elves_Infantry	0	true	false	0	false	false		0.0000	true	1	true
wh2_dlc10_def_mon_chill_of_sontar_ror_0_ete		1	monster	1	false	wh2_dlc10_def_mon_chill_of_sontar_ror_0_ete	8	1	1900	wh_main_shp_transport	1	1	1	5000	1295	very_heavy		0	true	wh2_main_vo_culture_Hydra	wh2_main_def_mon_war_hydra	4	true	def_war_hydra		false		1950.0000	0.0000	true	vo_culture_None	true	wh_main_vo_actor_default	0	false	true	0	true	false		0.0000	true	1	true
wh2_dlc10_def_mon_kharibdyss_0_ete		-1	monster	3	false	wh2_dlc10_def_mon_kharibdyss_0_ete	8	0	5800	wh_main_shp_transport	1	1	1	5800	1352	very_heavy		0	true	wh2_dlc10_vo_culture_Kharibdyss	wh2_dlc10_def_kharibdyss	5	true	def_war_hydra		false		1650.0000	0.0000	true	vo_culture_None	false	wh_main_vo_actor_default	0	false	true	0	true	false		0.0000	true	1	false
wh2_dlc10_hef_inf_shadow_walkers_0_ete		-1	missile_infantry	2	false	wh2_dlc10_hef_inf_shadow_walkers_0_ete	8	0	1000	wh_main_shp_transport	1	1	60	1500	450	medium		0	true	wh2_main_vo_culture_High_Elves	missile_infantry_bow	3	false	wef_infantry_30_degrees		false		1325.0000	1875.0000	false	vo_culture_None	false	wh2_dlc10_vo_actor_High_Elves_Shadow_Walker	0	true	false	0	false	false		0.0000	true	1	false
wh2_dlc10_hef_inf_the_scions_of_mathlann_ror_0_ete		1	melee_infantry	1	false	wh2_dlc10_hef_inf_the_scions_of_mathlann_ror_0_ete	8	0	3250	wh_main_shp_transport	1	1	100	3250	500	medium		0	true	wh2_main_vo_culture_High_Elves	infantry_sword	3	false	emp_general_foot		false		750.0000	0.0000	false	vo_culture_None	true	wh2_main_vo_actor_High_Elves_Mage	0	true	false	0	false	false		0.0000	true	1	true
wh2_dlc10_hef_inf_the_silverpelts_ror_0_ete		1	melee_infantry	1	false	wh2_dlc10_hef_inf_the_silverpelts_ror_0_ete	8	1	1650	wh_main_shp_transport	1	1	100	1650	430	medium		0	true	wh2_main_vo_culture_High_Elves	infantry_axe_great	3	false	wef_infantry_30_degrees		false		1100.0000	0.0000	false	vo_culture_None	true	wh2_main_vo_actor_High_Elves_Infantry	0	true	false	0	false	false		0.0000	true	1	true
wh2_dlc10_hef_mon_treeman_0_ete		-1	monster	3	false	wh2_dlc10_hef_mon_treeman_0_ete	8	0	4200	wh_main_shp_transport	1	1	1	4200	1200	very_heavy		0	true	wh_dlc05_vo_culture_Tree	wh_dlc05_wef_treeman	4	true	wef_treeman		false		4000.0000	0.0000	true	vo_culture_None	false	wh_main_vo_actor_default	0	false	false	0	false	false		0.0000	true	1	false
wh2_dlc11_cst_art_mortar_ete		-1	warmachine	3	false	wh2_dlc11_cst_art_mortar_ete	360	0	1800	wh_main_shp_transport	1	1	44	1800	410	medium		0	true	wh2_dlc11_vo_culture_Vampire_Coast	artillery_mortar	3	false	cst_zombie_deckhands		false		60.0000	540.0000	true	vo_culture_None	false	wh2_dlc11_vo_actor_VampireCoast_Zombie_Mob	0	true	false	0	false	false		0.0000	true	1	false
wh2_dlc11_cst_inf_depth_guard_1_ete		-1	melee_infantry	2	false	wh2_dlc11_cst_inf_depth_guard_1_ete	8	0	3000	wh_main_shp_transport	1	1	60	3000	525	heavy		0	true	wh2_dlc11_vo_culture_Vampire_Coast	infantry_sword	4	false	emp_theodore_bruckner		false		3000.0000	0.0000	false	vo_culture_None	false	wh2_dlc11_vo_actor_VampireCoast_Depth_Guard	0	true	false	0	false	false		0.0000	true	1	false
wh2_dlc11_cst_inf_depth_guard_ror_0_ete		1	melee_infantry	1	false	wh2_dlc11_cst_inf_depth_guard_ror_0_ete	8	0	3000	wh_main_shp_transport	1	1	60	3000	525	heavy		0	true	wh2_dlc11_vo_culture_Vampire_Coast	infantry_sword	4	false	emp_theodore_bruckner		false		3000.0000	0.0000	false	vo_culture_None	true	wh2_dlc11_vo_actor_VampireCoast_Depth_Guard	0	true	false	0	false	false		0.0000	true	1	true
wh2_dlc11_cst_inf_zombie_deckhands_mob_0_ete		-1	melee_infantry	2	false	wh2_dlc11_cst_inf_zombie_deckhands_mob_0_ete	8	0	2200	wh_main_shp_transport	1	1	160	2200	425	heavy		0	true	wh_main_vo_culture_Vampire	infantry_sword	3	false	vamp_lord		false		800.0000	0.0000	false	vo_culture_None	false	wh_main_vo_actor_Vampire_Necromancer	0	true	false	0	false	false		0.0000	true	1	false
wh2_dlc11_cst_inf_zombie_deckhands_mob_ror_0_ete		1	melee_infantry	1	false	wh2_dlc11_cst_inf_zombie_deckhands_mob_ror_0_ete	8	1	2800	wh_main_shp_transport	0	1	160	2800	475	heavy		0	true	wh_main_vo_culture_Vampire	infantry_sword	3	false	vamp_lord		false		800.0000	0.0000	false	vo_culture_None	true	wh_main_vo_actor_Vampire_Necromancer	0	true	false	0	false	false		0.0000	true	1	true
wh2_dlc11_cst_mon_mournguls_0_ete		-1	monstrous_infantry	3	false	wh2_dlc11_cst_mon_mournguls_0_ete	8	0	3500	wh_main_shp_transport	1	1	16	3500	575	very_heavy		0	true	wh2_dlc11_vo_culture_Mourngul	wh2_dlc11_cst_mournguls	3	false	cst_mournguls		false		1000.0000	0.0000	true	vo_culture_None	false	wh_main_vo_actor_default	0	false	false	0	false	false		0.0000	true	1	false
wh2_dlc11_cst_mon_mournguls_0_ete_ror		1	monstrous_infantry	3	false	wh2_dlc11_cst_mon_mournguls_0_ete_ror	8	0	3500	wh_main_shp_transport	1	1	16	3500	575	very_heavy		0	true	wh2_dlc11_vo_culture_Mourngul	wh2_dlc11_cst_mournguls	3	false	cst_mournguls		false		1000.0000	0.0000	true	vo_culture_None	true	wh_main_vo_actor_default	0	false	false	0	false	false		0.0000	true	1	true
wh2_dlc11_cst_mon_necrofex_colossus_ror_0_ete		1	monster	1	false	wh2_dlc11_cst_mon_necrofex_colossus_ror_0_ete	40	0	8000	wh_main_shp_transport	1	1	5	8000	1850	very_heavy		0	true	wh2_dlc11_vo_culture_Necrofex_Colossus	monster_artillery	5	true	cst_necrofex		false		1400.0000	600.0000	true	vo_culture_None	true	wh_main_vo_actor_default	0	false	true	0	false	false		0.0000	true	1	true
wh2_dlc12_lzd_inf_temple_guards_ror_0_ete		1	melee_infantry	1	false	wh2_dlc12_lzd_inf_temple_guards_ror_0_ete	8	0	2000	wh_main_shp_transport	1	1	100	2250	615	heavy		0	true	wh2_main_vo_culture_Lizardmen	wh2_main_lzd_infantry_mace	4	false	liz_saurus_0_degrees		false		1550.0000	0.0000	false	vo_culture_None	true	wh2_main_vo_actor_Lizardmen_Saurus_Unit	0	true	false	0	false	false		0.0000	true	1	true
wh2_dlc12_skv_inf_stormvermin_ror_0_ete		1	melee_infantry	3	false	wh2_dlc12_skv_inf_stormvermin_ror_0_ete	8	0	3500	wh_main_shp_transport	1	1	160	3500	725	medium		0	true	wh2_main_vo_culture_Skaven	wh2_main_skv_infantry_halberd	3	false	skv_clan_rats		false		1400.0000	0.0000	false	wh2_main_vo_culture_Skaven	true	wh2_main_vo_actor_Skaven_Unit	0	true	false	0	false	false		0.0000	true	1	true
wh2_dlc12_skv_inf_warplock_jezzails_0_ete		-1	missile_infantry	2	false	wh2_dlc12_skv_inf_warplock_jezzails_0_ete	8	0	1200	wh_main_shp_transport	1	1	32	1200	300	medium		0	true	wh2_main_vo_culture_Skaven	wh2_dlc14_skv_weapon_team_gun	3	false	skv_jezzails		false		150.0000	1050.0000	false	wh2_main_vo_culture_Skaven	false	wh2_main_vo_actor_Skaven_Unit	0	true	false	0	false	false		0.0000	true	1	false
wh2_dlc12_skv_inf_warplock_jezzails_ror_0_ete		1	missile_infantry	2	false	wh2_dlc12_skv_inf_warplock_jezzails_ror_0_ete	8	0	1300	wh_main_shp_transport	1	1	32	1300	325	medium		0	true	wh2_main_vo_culture_Skaven	wh2_dlc14_skv_weapon_team_gun	3	false	skv_jezzails		false		200.0000	1250.0000	false	wh2_main_vo_culture_Skaven	true	wh2_main_vo_actor_Skaven_Unit	0	true	false	0	false	false		0.0000	true	1	true
wh2_dlc12_skv_veh_doom_flayer_0_ete		-1	chariot	3	false	wh2_dlc12_skv_veh_doom_flayer_0_ete	8	0	4000	wh_main_shp_transport	1	1	8	4000	725	heavy		0	true	wh2_main_vo_culture_Skaven	wh2_main_skv_doomwheel	3	true	skv_doomwheel		false	composite_scene\porthole\wm_dlc12_doomflayer_porthole_01.csc	1200.0000	0.0000	false	wh2_main_vo_culture_Skaven	false	wh2_main_vo_actor_Skaven_Unit	0	false	false	0	false	false		0.0000	true	1	false
wh2_dlc12_skv_veh_doom_flayer_ror_0_ete		1	chariot	3	false	wh2_dlc12_skv_veh_doom_flayer_ror_0_ete	8	0	4750	wh_main_shp_transport	1	1	8	4750	750	heavy		0	true	wh2_main_vo_culture_Skaven	wh2_main_skv_doomwheel	3	true	skv_doomwheel		false	composite_scene\porthole\wm_dlc12_doomflayer_ror_porthole_01.csc	1400.0000	0.0000	false	wh2_main_vo_culture_Skaven	true	wh2_main_vo_actor_Skaven_Unit	0	false	false	0	false	false		0.0000	true	1	true
wh2_dlc13_lzd_mon_sacred_kroxigors_0_ete	wh2_main_lzd_skinks_3	-1	monstrous_infantry	3	false	wh2_dlc13_lzd_mon_sacred_kroxigors_0_ete	8	0	3975	wh_main_shp_transport	1	1	16	3975	650	heavy		0	true	wh2_main_vo_culture_Kroxigor	wh3_dlc26_monstrous_infantry_magical	4	true	liz_kroxigor_lord		false		1250.0000	0.0000	true	vo_culture_None	false	wh_main_vo_actor_default	0	false	false	0	false	false		0.0000	true	1	false
wh2_dlc13_lzd_mon_sacred_kroxigors_ror_0_ete		1	monstrous_infantry	1	false	wh2_dlc13_lzd_mon_sacred_kroxigors_ror_0_ete	8	0	4500	wh_main_shp_transport	1	1	16	4500	725	heavy		0	true	wh2_main_vo_culture_Kroxigor	wh3_dlc26_monstrous_infantry_magical	4	true	liz_kroxigor_lord		false		1700.0000	0.0000	true	vo_culture_None	true	wh_main_vo_actor_default	0	false	false	0	false	false		0.0000	true	1	true
wh2_dlc14_def_mon_bloodwrack_medusa_0_ete		-1	monster	2	false	wh2_dlc14_def_mon_bloodwrack_medusa_0_ete	8	0	4800	wh_main_shp_transport	1	1	1	4800	1100	heavy		0	true	wh2_main_vo_culture_Dark_Elves	wh2_dlc14_def_monster_medusa	4	true	def_medusa		false		500.0000	900.0000	true	vo_culture_None	false	wh2_dlc14_vo_actor_Dark_Elf_Bloodwrack_Medusa	0	true	true	0	false	false		0.0000	true	1	false
wh2_dlc14_def_veh_bloodwrack_shrine_0_ete		-1	warmachine	3	false	wh2_dlc14_def_veh_bloodwrack_shrine_0_ete	24	0	6000	wh_main_shp_transport	1	1	1	6000	1550	heavy		0	true	wh2_main_vo_culture_Dark_Elves	magic_chariot	4	true	def_war_hydra		false		600.0000	1000.0000	true	vo_culture_None	true	wh2_dlc14_vo_actor_Dark_Elf_Bloodwrack_Medusa	0	true	true	0	false	false		0.0000	true	1	true
wh2_dlc14_skv_inf_death_runners_ror_0_ete		1	melee_infantry	3	false	wh2_dlc14_skv_inf_death_runners_ror_0_ete	8	0	4750	wh_main_shp_transport	1	1	72	4750	815	medium		0	true	wh2_main_vo_culture_Skaven	wh2_main_skv_infantry_sword_death_runners	3	false	skv_plague_monks		false		1150.0000	0.0000	false	wh2_main_vo_culture_Skaven	true	wh2_dlc14_vo_actor_Skaven_Eshin_Triad	0	true	false	0	false	false		0.0000	true	1	true
wh2_dlc14_skv_inf_eshin_triads_0_ete		-1	melee_infantry	3	false	wh2_dlc14_skv_inf_eshin_triads_0_ete	8	0	1500	wh_main_shp_transport	1	1	72	1500	585	medium		0	true	wh2_main_vo_culture_Skaven	wh2_dlc14_skv_infantry_guandao	3	false	skv_clan_rats		false		750.0000	0.0000	false	wh2_main_vo_culture_Skaven	false	wh2_dlc14_vo_actor_Skaven_Eshin_Triad	0	true	false	0	false	false		0.0000	true	1	false
wh2_dlc15_grn_mon_river_trolls_0_ete	wh_main_grn_shaman_1	-1	monstrous_infantry	3	false	wh2_dlc15_grn_mon_river_trolls_0_ete	8	0	3200	wh_main_shp_transport	1	1	16	3000	475	very_heavy		0	true	wh_main_vo_culture_Troll	monstrous_infantry	4	false	grn_river_trolls		false		900.0000	0.0000	true	vo_culture_None	false	wh_main_vo_actor_default	0	false	false	0	false	false		0.0000	true	1	false
wh2_dlc15_grn_mon_river_trolls_0_ete_throgg		-1	monstrous_infantry	3	false	wh2_dlc15_grn_mon_river_trolls_0_ete_throgg	8	0	3200	wh_main_shp_transport	1	1	16	3200	525	very_heavy		0	true	wh_main_vo_culture_Troll	monstrous_infantry	4	false	grn_river_trolls		false		900.0000	0.0000	true	vo_culture_None	false	wh_main_vo_actor_default	0	false	false	0	false	false		0.0000	true	1	false
wh2_dlc16_skv_mon_brood_horror_0_ete		-1	monstrous_cavalry	3	false	wh2_dlc16_skv_mon_brood_horror_0_ete	8	0	3000	wh_main_shp_transport	1	1	1	2200	675	medium		0	true	wh2_main_vo_culture_Skaven	wh2_dlc16_skv_brood_horror	4	true	skv_brood_horror	wh2_dlc16_cam_mnt_skv_brood_horror	false		3000.0000	0.0000	true	wh2_main_vo_culture_Skaven	false	wh2_dlc16_vo_actor_Skaven_Packmaster	0	true	false	0	false	false		0.0000	true	1	false
wh2_dlc16_skv_mon_hell_pit_abomination_ror_0_ete		1	monster	3	false	wh2_dlc16_skv_mon_hell_pit_abomination_ror_0_ete	8	1	5000	wh_main_shp_transport	1	1	60	5750	825	medium		0	true	wh2_main_vo_culture_Hell_Pit_Abomination	wh2_main_skv_hell_pit	4	true	skv_hellpit_abomination		false		6500.0000	0.0000	true	wh2_main_vo_culture_Skaven	true	wh_main_vo_actor_default	0	false	false	0	false	false		0.0000	true	1	true
wh2_dlc16_skv_mon_rat_ogres_ror_0_ete		1	monstrous_infantry	2	false	wh2_dlc16_skv_mon_rat_ogres_ror_0_ete	8	1	2000	wh_main_shp_transport	1	1	16	2350	515	medium		0	true	wh2_main_vo_culture_Rat_Ogres	monstrous_infantry	3	true	skv_rat_ogres		false		4000.0000	0.0000	true	wh2_main_vo_culture_Rat_Ogres	true	wh_main_vo_actor_default	0	false	false	0	false	false		0.0000	true	1	true
wh2_dlc16_wef_cav_great_stag_knights_0_ete		-1	monstrous_cavalry	3	false	wh2_dlc16_wef_cav_great_stag_knights_0_ete	8	0	1450	wh_main_shp_transport	1	1	32	1450	362	heavy		0	true	wh_dlc05_vo_culture_Wood_Elves	monstrous_shock_cavalry_stags	4	false	wef_great_stag_riders		false		4000.0000	0.0000	false	wh_dlc05_vo_culture_Wood_Elves	false	wh_dlc05_vo_actor_Wood_Elves_Wildrider	0	true	true	0	false	false		0.0000	true	1	false
wh2_dlc16_wef_mon_malicious_treeman_0_ete		-1	monster	3	false	wh2_dlc16_wef_mon_malicious_treeman_0_ete	8	0	4200	wh_main_shp_transport	1	1	1	4200	1200	very_heavy		0	true	wh_dlc05_vo_culture_Tree	wh_dlc05_wef_treeman	5	true	wef_treeman		false		4000.0000	0.0000	true	vo_culture_None	false	wh_main_vo_actor_default	0	false	false	0	false	false		0.0000	true	1	false
wh2_dlc17_bst_mon_jabberslythe_0_ete		0	monster	3	false	wh2_dlc17_bst_mon_jabberslythe_0_ete	8	0	4500	wh_main_shp_transport	1	1	1	0	0	very_heavy		0	true	wh2_dlc17_vo_culture_Jabberslythe	wh2_dlc17_bst_jabberslythe	4	true	bst_jabberslythe		false		1700.0000	0.0000	true	vo_culture_None	false	wh_main_vo_actor_default	0	false	true	0	false	false		0.0000	true	1	false
wh2_dlc17_lzd_inf_chameleon_stalkers_0_ete		-1	missile_infantry	2	false	wh2_dlc17_lzd_inf_chameleon_stalkers_0_ete	8	0	2000	wh_main_shp_transport	1	1	90	2000	425	heavy		0	true	wh2_main_vo_culture_Lizardmen	wh2_main_lzd_missile_infantry_blowpipe	3	false	liz_skink_0_degrees		false		400.0000	200.0000	false	vo_culture_None	false	wh2_dlc17_vo_actor_Lizardmen_Chameleon_Stalker	0	true	false	0	false	false		0.0000	true	1	false
wh2_dlc17_lzd_inf_chameleon_stalkers_0_ror_ete		1	missile_infantry	1	false	wh2_dlc17_lzd_inf_chameleon_stalkers_0_ror_ete	8	0	2000	wh_main_shp_transport	1	1	90	2000	425	heavy		0	true	wh2_main_vo_culture_Lizardmen	wh2_main_lzd_missile_infantry_blowpipe	3	false	liz_oxyotl		false		400.0000	200.0000	true	vo_culture_None	true	wh2_dlc17_vo_actor_Lizardmen_Chameleon_Stalker	0	true	false	0	false	false		0.0000	true	1	true
wh2_dlc17_lzd_mon_troglodon_ror_0_ete		1	monster	1	false	wh2_dlc17_lzd_mon_troglodon_ror_0_ete	8	0	4500	wh_main_shp_transport	1	1	1	4500	1025	heavy		0	true	wh2_dlc17_vo_culture_Troglodon	wh2_dlc17_lzd_troglodon	4	true	liz_carnosaur		false		1000.0000	850.0000	true	vo_culture_None	true	wh_main_vo_actor_default	0	false	true	0	false	true		0.0000	true	1	true
wh2_main_def_art_reaper_bolt_thrower_ete		-1	warmachine	3	false	wh2_main_def_art_reaper_bolt_thrower_ete	240	0	2200	wh_main_shp_transport	1	1	32	2200	540	very_heavy		0	true	wh2_main_vo_culture_Dark_Elves	wh_dlc06_bolt_thrower	3	false	wh2_reaper_bolt_thrower		false		400.0000	1890.0000	true	vo_culture_None	false	wh2_main_vo_actor_Dark_Elves_Infantry	0	true	false	0	false	false		0.0000	true	1	false
wh2_main_def_cav_cold_one_knights_1_ete		-1	melee_cavalry	2	false	wh2_main_def_cav_cold_one_knights_1_ete	8	0	3000	wh_main_shp_transport	1	1	48	2750	715	heavy		0	true	wh2_main_vo_culture_Dark_Elves	wh2_main_cold_one	4	false	liz_cold_one_riders		false		1300.0000	0.0000	true	vo_culture_None	false	wh2_main_vo_actor_Dark_Elves_Mounted	0	true	false	0	false	false		0.0000	true	1	false
wh2_main_def_inf_black_guard_0_ete		-1	melee_infantry	2	false	wh2_main_def_inf_black_guard_0_ete	8	0	1800	wh_main_shp_transport	1	1	100	1800	575	medium		0	true	wh2_main_vo_culture_Dark_Elves	infantry_spear_halberd	4	false	wef_infantry_15_degrees		false		2000.0000	0.0000	false	vo_culture_None	false	wh2_main_vo_actor_Dark_Elves_Infantry	0	true	false	0	false	false		0.0000	true	1	false
wh2_main_def_inf_black_guard_0_ete_ror		1	melee_infantry	2	false	wh2_main_def_inf_black_guard_0_ete_ror	8	0	2000	wh_main_shp_transport	1	1	100	2000	600	medium		0	true	wh2_main_vo_culture_Dark_Elves	infantry_spear_halberd	4	false	def_black_guard		false		2000.0000	0.0000	false	vo_culture_None	true	wh2_main_vo_actor_Dark_Elves_Infantry	0	true	false	0	false	false		0.0000	true	1	true
wh2_main_def_inf_bleakswords_0_ete		-1	melee_infantry	2	false	wh2_main_def_inf_bleakswords_0_ete	8	0	3500	wh_main_shp_transport	1	1	160	3000	475	medium		0	true	wh2_main_vo_culture_Dark_Elves	infantry_sword	3	false	emp_general_foot		false		750.0000	0.0000	false	vo_culture_None	false	wh2_main_vo_actor_Dark_Elves_Sorceress	0	true	false	0	false	false		0.0000	true	1	false
wh2_main_def_inf_bleakswords_0_ete_ror		1	melee_infantry	1	false	wh2_main_def_inf_bleakswords_0_ete_ror	8	0	1615	wh_main_shp_transport	1	1	120	3250	500	medium		0	true	wh2_main_vo_culture_Dark_Elves	infantry_sword	3	false	emp_general_foot		false		850.0000	0.0000	false	vo_culture_None	true	wh2_dlc10_vo_actor_Dark_Elves_Supreme_Sorceress	0	true	false	0	false	false		0.0000	true	1	true
wh2_main_def_inf_dreadspears_0_ete		-1	melee_infantry	2	false	wh2_main_def_inf_dreadspears_0_ete	8	0	1500	wh_main_shp_transport	1	1	120	1500	325	medium		0	true	wh2_main_vo_culture_Dark_Elves	infantry_spear	3	false	wef_infantry_30_degrees		false		1450.0000	0.0000	false	vo_culture_None	false	wh2_main_vo_actor_Dark_Elves_Infantry	0	true	false	0	false	false		0.0000	true	1	false
wh2_main_def_inf_shades_0_ete		-1	missile_infantry	2	false	wh2_main_def_inf_shades_0_ete	8	0	1500	wh_main_shp_transport	1	1	80	1500	450	medium		0	true	wh2_main_vo_culture_Dark_Elves	wh2_main_def_missile_infantry_bow_shades	4	false	wef_infantry_15_degrees		false		1285.0000	1665.0000	false	vo_culture_None	false	wh2_main_vo_actor_Dark_Elves_Infantry	0	true	false	0	false	false		0.0000	true	1	false
wh2_main_def_inf_shades_1_ete		1	missile_infantry	1	false	wh2_main_def_inf_shades_1_ete	8	0	1750	wh_main_shp_transport	1	1	80	1750	500	medium		0	true	wh2_main_vo_culture_Dark_Elves	wh2_main_def_missile_infantry_bow_shades_dual_weapons	4	false	wef_infantry_15_degrees		false		330.0000	720.0000	true	vo_culture_None	true	wh2_main_vo_actor_Dark_Elves_Infantry	0	true	false	0	false	false		0.0000	true	1	true
wh2_main_hef_inf_spearmen_0_ete		-1	melee_infantry	2	false	wh2_main_hef_inf_spearmen_0_ete	8	0	4000	wh_main_shp_transport	1	1	160	3000	475	medium		0	true	wh2_main_vo_culture_High_Elves	infantry_sword	3	false	emp_general_foot		false		700.0000	0.0000	false	vo_culture_None	false	wh2_main_vo_actor_High_Elves_Mage	0	true	false	0	false	false		0.0000	true	1	false
wh2_main_hef_inf_swordmasters_of_hoeth_0_ete		-1	melee_infantry	2	false	wh2_main_hef_inf_swordmasters_of_hoeth_0_ete	8	0	1800	wh_main_shp_transport	1	1	100	1800	575	medium		0	true	wh2_main_vo_culture_High_Elves	infantry_sword_great	3	false	wef_infantry_15_degrees		false		1250.0000	0.0000	false	vo_culture_None	false	wh2_main_vo_actor_High_Elves_Infantry	0	true	false	0	false	false		0.0000	true	1	false
wh2_main_hef_inf_white_lions_of_chrace_0_ete		-1	melee_infantry	2	false	wh2_main_hef_inf_white_lions_of_chrace_0_ete	8	0	1500	wh_main_shp_transport	1	1	100	1500	415	medium		0	true	wh2_main_vo_culture_High_Elves	infantry_axe_great	3	false	wef_infantry_30_degrees		false		1800.0000	0.0000	false	vo_culture_None	false	wh2_main_vo_actor_High_Elves_Infantry	0	true	false	0	false	false		0.0000	true	1	false
wh2_main_lzd_inf_temple_guards_ete		-1	melee_infantry	2	false	wh2_main_lzd_inf_temple_guards_ete	8	0	1800	wh_main_shp_transport	1	1	100	1800	575	heavy		0	true	wh2_main_vo_culture_Lizardmen	wh2_main_lzd_infantry_halberd	4	false	liz_saurus_0_degrees		false		1200.0000	0.0000	false	vo_culture_None	false	wh2_main_vo_actor_Lizardmen_Saurus_Unit	0	true	false	0	false	false		0.0000	true	1	false
wh2_main_skv_art_plagueclaw_catapult_ete		-1	warmachine	3	false	wh2_main_skv_art_plagueclaw_catapult_ete	240	0	3000	wh_main_shp_transport	1	1	56	3000	700	medium		0	true	wh2_main_vo_culture_Skaven	catapult	2	false	skv_clan_rats		false		90.0000	810.0000	true	wh2_main_vo_culture_Skaven	false	wh2_main_vo_actor_Skaven_Unit	0	true	false	0	false	false		0.0000	true	1	false
wh2_main_skv_art_warp_lightning_cannon_ete		-1	warmachine	3	false	wh2_main_skv_art_warp_lightning_cannon_ete	240	0	3250	wh_main_shp_transport	1	1	56	3250	725	medium		0	true	wh2_main_vo_culture_Skaven	artillery_cannon	3	false	skv_clan_rats		false		100.0000	850.0000	true	wh2_main_vo_culture_Skaven	false	wh2_main_vo_actor_Skaven_Unit	0	true	false	0	false	false		0.0000	true	1	false
wh2_main_skv_inf_clanrat_spearmen_1_ete		-1	melee_infantry	2	false	wh2_main_skv_inf_clanrat_spearmen_1_ete	8	0	1500	wh_main_shp_transport	1	1	160	1500	325	medium		0	true	wh2_main_vo_culture_Skaven	infantry_spear	2	false	skv_clan_rats_20_degrees		false		375.0000	0.0000	false	wh2_main_vo_culture_Skaven	false	wh2_main_vo_actor_Skaven_Unit	0	true	false	0	false	false		0.0000	true	1	false
wh2_main_skv_inf_death_runners_0_ete		-1	melee_infantry	3	false	wh2_main_skv_inf_death_runners_0_ete	8	0	1500	wh_main_shp_transport	1	1	72	1500	585	medium		0	true	wh2_main_vo_culture_Skaven	wh2_main_skv_infantry_sword_death_runners	3	false	skv_plague_monks		false		950.0000	0.0000	false	wh2_main_vo_culture_Skaven	false	wh2_dlc14_vo_actor_Skaven_Eshin_Triad	0	true	false	0	false	false		0.0000	true	1	false
wh2_main_skv_inf_plague_monk_censer_bearer_ete		-1	melee_infantry	3	false	wh2_main_skv_inf_plague_monk_censer_bearer_ete	8	0	1300	wh_main_shp_transport	1	1	100	1300	575	medium		0	true	wh2_main_vo_culture_Skaven	wh2_main_skv_infantry_censer	3	false	skv_plague_monks		false		1000.0000	0.0000	false	wh2_main_vo_culture_Skaven	false	wh2_main_vo_actor_Skaven_Plague_Monk	0	true	false	0	false	false		0.0000	true	1	false
wh2_main_skv_inf_plague_monks_ror_ete		1	melee_infantry	1	false	wh2_main_skv_inf_plague_monks_ror_ete	8	0	3500	wh_main_shp_transport	1	1	100	3500	725	medium		0	true	wh2_main_vo_culture_Skaven	wh2_main_infantry_dual_swords	3	false	skv_plague_monks		false		650.0000	0.0000	false	wh2_main_vo_culture_Skaven	true	wh2_main_vo_actor_Skaven_Plague_Monk	0	true	false	0	false	false		0.0000	true	1	true
wh2_main_skv_inf_skavenslaves_0_ete	wh2_main_skv_order_1	-1	melee_infantry	1	false	wh2_main_skv_inf_skavenslaves_0_ete	32	0	300	wh_main_shp_transport	1	1	180	400	128	medium		0	true	wh2_main_vo_culture_Skaven	infantry_sword_grn	1	false	skv_clan_rats		false		125.0000	0.0000	false	wh2_main_vo_culture_Skaven	false	wh2_main_vo_actor_Skaven_Unit	0	true	false	0	false	false		0.0000	true	1	false
wh2_main_skv_inf_stormvermin_1_ete		-1	melee_infantry	3	false	wh2_main_skv_inf_stormvermin_1_ete	8	0	1600	wh_main_shp_transport	1	1	160	1600	675	medium		0	true	wh2_main_vo_culture_Skaven	wh2_main_skv_infantry_sword_stormvermin	3	false	skv_clan_rats		false		950.0000	0.0000	false	wh2_main_vo_culture_Skaven	false	wh2_main_vo_actor_Skaven_Unit	0	true	false	0	false	false		0.0000	true	1	false
wh2_main_skv_mon_hell_pit_abomination_ete		-1	monster	3	false	wh2_main_skv_mon_hell_pit_abomination_ete	8	0	5000	wh_main_shp_transport	1	1	60	5000	775	medium		0	true	wh2_main_vo_culture_Hell_Pit_Abomination	wh2_main_skv_hell_pit	4	true	skv_hellpit_abomination		false		6500.0000	0.0000	true	wh2_main_vo_culture_Skaven	false	wh_main_vo_actor_default	0	false	false	0	false	false		0.0000	true	1	false
wh2_main_skv_mon_rat_ogres_ete		-1	monstrous_infantry	2	false	wh2_main_skv_mon_rat_ogres_ete	8	0	2000	wh_main_shp_transport	1	1	16	2000	575	medium		0	true	wh2_main_vo_culture_Rat_Ogres	monstrous_infantry	3	true	skv_rat_ogres		false		4000.0000	0.0000	true	wh2_main_vo_culture_Rat_Ogres	false	wh_main_vo_actor_default	0	false	false	0	false	false		0.0000	true	1	false
wh2_pro06_tmb_mon_bone_giant_0_ete		0	monster	3	false	wh2_pro06_tmb_mon_bone_giant_0_ete	8	0	5600	wh_main_shp_transport	1	1	1	0	0	very_heavy		0	true	wh2_pro06_vo_culture_Bone_Giant	wh2_dlc10_tmb_bone_giant	5	true	tmb_bone_giant		false		2000.0000	1280.0000	true	vo_culture_None	false	wh_main_vo_actor_default	0	false	true	0	false	false		0.0000	true	1	false
wh3_dlc20_chs_inf_chaos_marauders_mnur_ete		-1	melee_infantry	2	false	wh3_dlc20_chs_inf_chaos_marauders_mnur_ete	8	0	4000	wh_main_shp_transport	1	1	60	4000	500	medium		0	true	wh3_main_vo_culture_Nurgle	infantry_axe	3	false	chaos_warrior_15_degrees		false		425.0000	0.0000	false	vo_culture_None	false	wh3_main_vo_actor_Nurgle_Cultist_Of_Nurgle	0	true	false	0	false	false		0.0000	true	1	false
wh3_dlc20_chs_inf_chaos_marauders_msla_ete		-1	melee_infantry	2	false	wh3_dlc20_chs_inf_chaos_marauders_msla_ete	8	0	4000	wh_main_shp_transport	1	1	60	4000	500	medium		0	true	wh3_main_vo_culture_Slaanesh	infantry_sword	3	false	sla_soldier_default		false		450.0000	0.0000	false	vo_culture_None	false	wh3_main_vo_actor_Slaanesh_Hellstrider	0	true	false	0	false	false		0.0000	true	1	false
wh3_dlc20_chs_inf_chaos_marauders_mtze_ete		-1	melee_infantry	2	false	wh3_dlc20_chs_inf_chaos_marauders_mtze_ete	8	0	4000	wh_main_shp_transport	1	1	60	4000	500	medium		0	true	wh3_main_vo_culture_Tzeentch	infantry_axe	3	false	chaos_warrior_15_degrees		false		425.0000	0.0000	false	vo_culture_None	false	wh3_main_vo_actor_Tzeentch_Cultist_Of_Tzeentch	0	true	false	0	false	false		600.0000	true	1	false
wh3_dlc20_chs_inf_chosen_mkho_dualweapons_ete		1	melee_infantry	3	false	wh3_dlc20_chs_inf_chosen_mkho_dualweapons_ete	8	0	3400	wh_main_shp_transport	1	1	80	3400	625	heavy		0	true	wh_main_vo_culture_Chaos	infantry_axe_dual	4	false	chaos_warrior_30_degrees		false		2000.0000	0.0000	false	vo_culture_None	true	wh_main_vo_actor_Chaos_Infantry	0	true	false	0	false	false		0.0000	true	1	true
wh3_dlc20_chs_inf_chosen_msla_ete		-1	melee_infantry	3	false	wh3_dlc20_chs_inf_chosen_msla_ete	8	0	3875	wh_main_shp_transport	1	1	80	3875	715	heavy		0	true	wh3_main_vo_culture_Slaanesh	infantry_sword	4	false	chaos_warrior_30_degrees		false		1350.0000	0.0000	false	vo_culture_None	false	wh3_dlc20_vo_actor_Chaos_Warrior	0	true	false	0	false	false		0.0000	true	1	false
wh3_dlc20_chs_inf_chosen_mtze_ete		1	monstrous_infantry	2	false	wh3_dlc20_chs_inf_chosen_mtze_ete	8	0	3875	wh_main_shp_transport	1	1	80	3875	715	heavy		0	true	wh3_main_vo_culture_Tzeentch	infantry_sword_dual	4	true	chs_vilitch		false		1350.0000	0.0000	true	vo_culture_None	true	wh3_dlc20_vo_actor_Chaos_Warrior	0	true	false	0	false	false		1000.0000	true	1	true
wh3_dlc20_chs_inf_chosen_mtze_halberds_ete		-1	melee_infantry	3	false	wh3_dlc20_chs_inf_chosen_mtze_halberds_ete	8	0	3875	wh_main_shp_transport	1	1	80	3875	715	heavy		0	true	wh3_main_vo_culture_Tzeentch	infantry_spear_halberd	4	false	chaos_warrior_30_degrees		false		1500.0000	0.0000	false	vo_culture_None	false	wh3_dlc20_vo_actor_Chaos_Warrior	0	true	false	0	false	false		1000.0000	true	1	false
wh3_dlc20_chs_inf_forsaken_mkho_ete		-1	melee_infantry	2	false	wh3_dlc20_chs_inf_forsaken_mkho_ete	8	0	2000	wh_main_shp_transport	1	1	80	2000	385	heavy		0	true	wh_dlc01_vo_culture_Chaos_Forsaken	chaos_forsaken	2	false	emp_theodore_bruckner		false		2000.0000	0.0000	false	vo_culture_None	false	wh_main_vo_actor_default	0	false	false	0	false	false		0.0000	true	1	false
wh3_dlc20_chs_inf_forsaken_msla_ete		-1	melee_infantry	2	false	wh3_dlc20_chs_inf_forsaken_msla_ete	8	0	2000	wh_main_shp_transport	1	1	80	2000	385	heavy		0	true	wh_dlc01_vo_culture_Chaos_Forsaken	chaos_forsaken	2	false	emp_theodore_bruckner		false		2000.0000	0.0000	false	vo_culture_None	false	wh_main_vo_actor_default	0	false	false	0	false	false		0.0000	true	1	false
wh3_dlc23_chd_cav_bull_centaurs_dual_axe_ror_ete		1	melee_cavalry	1	false	wh3_dlc23_chd_cav_bull_centaurs_dual_axe_ror_ete	8	1	4500	wh_main_shp_transport	1	1	80	4500	1125	heavy		0	true	wh3_dlc23_vo_culture_Chaos_Dwarfs	chd_bull_centaurs_dual_axes	4	false	bst_centigor_40_degrees		false		1500.0000	400.0000	true	vo_culture_None	true	wh3_dlc23_vo_actor_Chaos_Dwarf_Bull_Centaur_Units	0	true	true	0	false	false		0.0000	true	1	true
wh3_dlc23_chd_cav_bull_centaurs_greatweapons_ete		-1	melee_cavalry	3	false	wh3_dlc23_chd_cav_bull_centaurs_greatweapons_ete	8	0	4000	wh_main_shp_transport	1	1	80	4000	975	heavy		0	true	wh3_dlc23_vo_culture_Chaos_Dwarfs	chd_bull_centaurs_great_weapons	4	false	bst_centigor_40_degrees		false		1600.0000	0.0000	true	vo_culture_None	false	wh3_dlc23_vo_actor_Chaos_Dwarf_Bull_Centaur_Units	0	true	true	0	false	false		0.0000	true	1	false
wh3_dlc23_chd_inf_chaos_dwarf_warriors_ete		-1	melee_infantry	3	false	wh3_dlc23_chd_inf_chaos_dwarf_warriors_ete	8	0	4000	wh_main_shp_transport	1	1	100	3000	750	heavy		0	true	wh3_dlc23_vo_culture_Chaos_Dwarfs	infantry_axe	3	false	grn_troll		false		1000.0000	0.0000	true	vo_culture_None	false	wh3_dlc23_vo_actor_Chaos_Dwarf_Daemonsmith	0	true	false	0	false	false		0.0000	true	1	false
wh3_dlc23_chd_inf_infernal_guard_fireglaives_ete		-1	missile_infantry	2	false	wh3_dlc23_chd_inf_infernal_guard_fireglaives_ete	8	0	1875	wh_main_shp_transport	1	1	80	1875	785	heavy		0	true	wh3_dlc23_vo_culture_Chaos_Dwarfs	chd_fireglaive	3	false	dwf_warrior_45_degrees		false		550.0000	700.0000	false	vo_culture_None	false	wh3_dlc23_vo_actor_Chaos_Dwarf_Units	0	true	false	0	false	false		0.0000	true	1	false
wh3_dlc23_chd_inf_infernal_ironsworn_ete		-1	melee_infantry	2	false	wh3_dlc23_chd_inf_infernal_ironsworn_ete	8	0	1725	wh_main_shp_transport	1	1	100	1725	625	heavy		0	true	wh3_dlc23_vo_culture_Chaos_Dwarfs	infantry_axe_magical	3	false	dwf_warrior_30_degrees		false		1400.0000	0.0000	false	vo_culture_None	false	wh3_dlc23_vo_actor_Chaos_Dwarf_Units	0	true	false	0	false	false		0.0000	true	1	false
wh3_dlc23_chd_inf_infernal_ironsworn_ror_ete		1	melee_infantry	2	false	wh3_dlc23_chd_inf_infernal_ironsworn_ror_ete	8	1	1815	wh_main_shp_transport	1	1	100	1815	675	heavy		0	true	wh3_dlc23_vo_culture_Chaos_Dwarfs	infantry_axe_magical	3	false	dwf_warrior_30_degrees		false		1650.0000	0.0000	false	vo_culture_None	true	wh3_dlc23_vo_actor_Chaos_Dwarf_Units	0	true	false	0	false	false		0.0000	true	1	true
wh3_dlc23_chd_mon_bale_taurus_ete	wh3_dlc23_chd_military_chaos_dwarf_infantry_3	-1	lord	3	false	wh3_dlc23_chd_mon_bale_taurus_ete	8	0	5000	wh_main_shp_transport	1	1	100	5000	1250	heavy		0	true	wh3_dlc23_vo_culture_Chaos_Dwarfs	chd_bale_taurus	5	true	chd_bale_taurus		false		1400.0000	0.0000	true	vo_culture_None	false	wh3_dlc23_vo_actor_Chaos_Dwarf_Units	0	true	true	0	false	false		0.0000	true	1	false
wh3_dlc23_chd_mon_bale_taurus_ror_ete		1	lord	2	false	wh3_dlc23_chd_mon_bale_taurus_ror_ete	8	0	5500	wh_main_shp_transport	1	1	1	5500	1375	heavy		0	true	wh3_dlc23_vo_culture_Chaos_Dwarfs	chd_bale_taurus	5	true	chd_bale_taurus		false		1700.0000	0.0000	true	vo_culture_None	true	wh3_dlc23_vo_actor_Chaos_Dwarf_Units	0	false	true	0	false	false		0.0000	true	1	true
wh3_dlc23_chd_mon_great_taurus_ete		-1	lord	3	false	wh3_dlc23_chd_mon_great_taurus_ete	8	0	3625	wh_main_shp_transport	1	1	100	3625	875	heavy		0	true	wh3_dlc23_vo_culture_Chaos_Dwarfs	monstrous_shock_cavalry	4	true	chd_bale_taurus		false		1400.0000	0.0000	true	vo_culture_None	false	wh3_dlc23_vo_actor_Chaos_Dwarf_Units	0	true	true	0	false	false		0.0000	true	1	false
wh3_dlc23_chd_mon_kdaai_destroyer_ete		1	monster	3	false	wh3_dlc23_chd_mon_kdaai_destroyer_ete	8	0	10000	wh_main_shp_transport	1	1	1	10000	2250	heavy		0	true	wh3_dlc23_vo_culture_Chd_Kdaai_Destroyer	chd_kdaai_destroyer	5	true	chd_kdaai_destroyer		false		2200.0000	0.0000	true	vo_culture_None	true	wh_main_vo_actor_default	0	false	true	0	false	false		0.0000	true	1	true
wh3_dlc23_chd_mon_kdaai_fireborn_ete		-1	monstrous_infantry	2	false	wh3_dlc23_chd_mon_kdaai_fireborn_ete	8	0	1400	wh_main_shp_transport	1	1	16	1400	350	very_heavy		0	true	wh3_dlc23_vo_culture_Chd_Kdaai_Fireborn	chd_kdaai_fireborn	5	false	chd_kdaai_fireborn		false		1500.0000	0.0000	true	vo_culture_None	false	wh_main_vo_actor_default	0	false	true	0	false	false		0.0000	true	1	false
wh3_dlc23_chd_veh_deathshrieker_rocket_launcher_ete		1	warmachine	2	false	wh3_dlc23_chd_veh_deathshrieker_rocket_launcher_ete	8	0	7500	wh_main_shp_transport	1	1	44	7500	1500	heavy		0	true	wh3_dlc23_vo_culture_Chaos_Dwarfs	chd_deathshrieker	3	false	chd_deathshrieker		false		200.0000	1100.0000	true	vo_culture_None	true	wh3_dlc23_vo_actor_Chaos_Dwarf_Units	0	true	false	0	false	false		0.0000	true	1	true
wh3_dlc23_chd_veh_dreadquake_mortar_ete		1	warmachine	3	false	wh3_dlc23_chd_veh_dreadquake_mortar_ete	12	0	10000	wh_main_shp_transport	1	1	1	10000	2000	heavy		0	true	wh3_dlc23_vo_culture_Chaos_Dwarfs	chd_dreadquake	4	false	emp_steam_tank		false		200.0000	1600.0000	true	vo_culture_None	true	wh3_dlc23_vo_actor_Chaos_Dwarf_Units	0	true	false	0	false	false		0.0000	true	1	true
wh3_dlc23_chd_veh_magma_cannon_ete		1	warmachine	2	false	wh3_dlc23_chd_veh_magma_cannon_ete	8	0	6500	wh_main_shp_transport	1	1	32	6500	1250	heavy		0	true	wh3_dlc23_vo_culture_Chaos_Dwarfs	field_gun_flame	2	false	dwf_warrior_15_degrees		false		200.0000	850.0000	true	vo_culture_None	true	wh3_dlc23_vo_actor_Chaos_Dwarf_Units	0	true	false	0	false	false		0.0000	true	1	true
wh3_dlc24_cth_inf_dragon_guard_crossbowmen_ror_ete		1	missile_infantry	2	false	wh3_dlc24_cth_inf_dragon_guard_crossbowmen_ror_ete	8	0	2000	wh_main_shp_transport	1	1	120	2000	615	medium		0	true	wh3_main_vo_culture_Cathay	missile_infantry_crossbow	3	false	cth_dragon_guard_crossbow		false		1500.0000	950.0000	false	vo_culture_None	true	wh3_main_vo_actor_Cathay_Cathayunit_male	0	true	false	0	false	false		0.0000	true	1	true
wh3_dlc24_cth_inf_onyx_crowmen_ete		-1	monstrous_infantry	2	false	wh3_dlc24_cth_inf_onyx_crowmen_ete	360	0	2100	wh_main_shp_transport	1	1	60	2100	495	medium		0	true	wh3_dlc24_vo_culture_onyx_crowmen	wh3_dlc24_cth_onyx_crowmen	3	false	wh3_dlc24_cth_inf_onyx_crowmen		false		2100.0000	0.0000	false	vo_culture_None	false	wh_main_vo_actor_default	0	false	false	0	false	false		0.0000	true	1	false
wh3_dlc24_cth_inf_onyx_crowmen_ror_ete		1	monstrous_infantry	1	false	wh3_dlc24_cth_inf_onyx_crowmen_ror_ete	360	1	1000	wh_main_shp_transport	1	1	60	2400	525	medium		0	true	wh3_dlc24_vo_culture_onyx_crowmen	wh3_dlc24_cth_onyx_crowmen	3	false	wh3_dlc24_cth_inf_onyx_crowmen		false		2100.0000	0.0000	false	vo_culture_None	true	wh_main_vo_actor_default	0	false	false	0	false	false		0.0000	true	1	true
wh3_dlc24_cth_mon_great_moon_bird_ete		-1	monster	3	false	wh3_dlc24_cth_mon_great_moon_bird_ete	8	0	4000	wh_main_shp_transport	1	1	1	4000	975	heavy		0	true	wh2_main_vo_culture_Phoenix	wh3_dlc24_mon_great_moon_bird	5	true	wh3_dlc24_cth_mon_great_moon_bird		true		1600.0000	0.0000	true	wh3_main_vo_culture_Cathay	false	wh_main_vo_actor_default	0	false	true	0	false	false		0.0000	true	1	false
wh3_dlc24_cth_mon_jade_lion_ete		-1	war_beast	3	false	wh3_dlc24_cth_mon_jade_lion_ete	8	0	3600	wh_main_shp_transport	1	1	1	3600	900	heavy		0	true	wh3_dlc24_vo_culture_jade_lion	wh3_dlc24_mon_guardian_lion	3	true	hef_war_lion		true		800.0000	0.0000	false	vo_culture_None	false	wh_main_vo_actor_default	0	false	false	0	false	false		0.0000	true	1	false
wh3_dlc24_ksl_inf_kislevite_warriors_ete		-1	missile_infantry	2	false	wh3_dlc24_ksl_inf_kislevite_warriors_ete	8	0	1850	wh_main_shp_transport	1	1	120	1850	215	medium		0	true	wh3_main_vo_culture_Kislev	missile_infantry_bow	2	false	ksl_druzhina_foot		false		1000.0000	800.0000	false	vo_culture_None	false	wh3_main_vo_actor_Kislev_Male_Unit	0	true	false	0	false	false		0.0000	true	1	false
wh3_dlc24_ksl_mon_frost_wyrm_ete		-1	monster	3	false	wh3_dlc24_ksl_mon_frost_wyrm_ete	8	0	4000	wh_main_shp_transport	1	1	1	4000	985	very_heavy		0	true	wh3_main_vo_culture_Kislev	wh3_dlc24_ksl_frost_wyrm	4	true	wh3_dlc24_ksl_frostwyrm		false		2500.0000	0.0000	true	vo_culture_None	false	wh3_main_vo_actor_Kislev_Frost_Maiden	0	true	false	0	false	false		0.0000	true	1	false
wh3_dlc24_ksl_mon_incarnate_elemental_of_beasts_ete		-1	monster	3	false	wh3_dlc24_ksl_mon_incarnate_elemental_of_beasts_ete	8	0	5000	wh_main_shp_transport	1	1	1	5000	1600	super_heavy		0	true	wh3_dlc24_vo_culture_elemental_beast	wh3_dlc24_mon_incarnate_elemental_of_beasts	5	true	ksl_incarnate_elemental_of_beasts		false		6000.0000	0.0000	true	vo_culture_None	false	wh_main_vo_actor_default	0	true	true	0	false	false		0.0000	true	1	false
wh3_dlc24_tze_inf_tzaangors_ete		-1	melee_infantry	2	false	wh3_dlc24_tze_inf_tzaangors_ete	8	0	1300	wh_main_shp_transport	1	1	120	1300	475	heavy		0	true	wh_dlc03_vo_culture_Beastmen	infantry_spear_halberd	3	false	bst_gor_15		false		650.0000	0.0000	true	vo_culture_None	false	wh_dlc03_vo_actor_Beastmen_Gor	0	true	false	0	false	false		800.0000	true	1	false
wh3_dlc25_dwf_veh_thunderbarge_ete		-1	warmachine	3	false	wh3_dlc25_dwf_veh_thunderbarge_ete	174	0	8700	wh_main_shp_transport	1	1	8	8700	2050	super_heavy		0	true	wh_main_vo_culture_Dwarf	dwf_thunderbarge	5	true	default		true	composite_scene/porthole/wm_zeppelin_thunderbarge_porthole_01.csc	0.0000	3400.0000	true	vo_culture_None	false	wh_main_vo_actor_Dwarf_Unique	0	true	false	0	false	false		0.0000	true	1	false
wh3_dlc25_dwf_veh_thunderbarge_ete_ror		-1	warmachine	3	false	wh3_dlc25_dwf_veh_thunderbarge_ete_ror	174	0	9600	wh_main_shp_transport	1	1	8	9600	2525	super_heavy		0	true	wh_main_vo_culture_Dwarf	dwf_thunderbarge	5	true	default		true	composite_scene/porthole/wm_zeppelin_grungni_porthole_01.csc	0.0000	3800.0000	true	vo_culture_None	true	wh_main_vo_actor_Dwarf_Unique	0	true	false	0	false	false		0.0000	true	1	true
wh3_dlc25_emp_veh_steam_tank_volley_gun_ete		1	chariot	3	false	wh3_dlc25_emp_veh_steam_tank_volley_gun_ete	16	0	5500	wh_main_shp_transport	1	1	1	5500	1525	heavy		0	true	wh_main_vo_culture_Empire	emp_steam_tank	4	true	emp_steam_tank		false		1400.0000	4000.0000	true	vo_culture_None	true	wh_main_vo_actor_Empire_Infantry	0	true	false	0	false	false		0.0000	true	1	true
wh3_dlc25_nur_inf_pestigors_ete		-1	melee_infantry	1	false	wh3_dlc25_nur_inf_pestigors_ete	8	0	1500	wh_main_shp_transport	1	1	80	1500	475	heavy		0	true	wh_dlc03_vo_culture_Beastmen	infantry_hammer_great	3	false	bst_gor_15		false		675.0000	0.0000	true	vo_culture_None	false	wh_dlc03_vo_actor_Beastmen_Gor	0	true	false	0	false	false		0.0000	true	1	false
wh3_dlc25_nur_inf_plague_ogres_great_weapons_ete		-1	monstrous_infantry	3	false	wh3_dlc25_nur_inf_plague_ogres_great_weapons_ete	8	0	3450	wh_main_shp_transport	1	1	16	3450	595	very_heavy		0	true	wh3_main_vo_culture_Nurgle	nur_plague_ogres	4	false	ogre_infantry		false		1400.0000	0.0000	true	vo_culture_None	false	wh3_dlc25_vo_actor_Nurgle_Plagueogre_unit	0	true	false	0	false	false		0.0000	true	1	false
wh3_dlc25_nur_inf_plague_ogres_great_weapons_ete_ror		1	monstrous_infantry	2	false	wh3_dlc25_nur_inf_plague_ogres_great_weapons_ete_ror	8	0	4750	wh_main_shp_transport	1	1	16	4750	850	very_heavy		0	true	wh3_main_vo_culture_Nurgle	nur_plague_ogres	4	false	ogre_infantry		false		1400.0000	0.0000	true	wh_dlc03_vo_culture_Spawn	true	wh_main_vo_actor_default	0	true	false	0	false	false		0.0000	true	1	true
wh3_dlc25_nur_mon_soul_grinder_0_ror_ete		1	missile_infantry	1	false	wh3_dlc25_nur_mon_soul_grinder_0_ror_ete	8	0	5000	wh_main_shp_transport	1	1	1	5000	1500	very_heavy		0	true	wh3_main_vo_culture_Nur_Soul_Grinder	wh3_main_soul_grinder_missile	4	true	nur_soul_grinder		false		1000.0000	2200.0000	true	vo_culture_None	true	wh_main_vo_actor_default	0	false	true	0	false	false		0.0000	true	1	true
wh3_dlc25_nur_mon_toad_dragon_ete		-1	monster	3	false	wh3_dlc25_nur_mon_toad_dragon_ete	8	0	8000	wh_main_shp_transport	1	1	1	8000	1750	heavy		0	true	wh3_dlc25_vo_culture_toad_dragon	nur_toad_dragon	5	true	wh3_dlc_25_nur_toad_dragon		false		4400.0000	0.0000	true	vo_culture_None	false	wh_main_vo_actor_default	0	false	true	0	false	false		0.0000	true	1	false
wh3_dlc25_nur_mon_toad_dragon_ete_ror		1	monster	3	false	wh3_dlc25_nur_mon_toad_dragon_ete_ror	8	0	8750	wh_main_shp_transport	1	1	1	8750	1950	heavy		0	true	wh3_dlc25_vo_culture_toad_dragon	nur_toad_dragon	5	true	wh3_dlc_25_nur_toad_dragon		false		4400.0000	0.0000	true	wh_dlc03_vo_culture_Spawn	true	wh_main_vo_actor_default	0	false	true	0	false	false		0.0000	true	1	true
wh3_dlc26_chs_inf_chosen_mkho_ror_ete		1	melee_infantry	1	false	wh3_dlc26_chs_inf_chosen_mkho_ror_ete	8	0	3750	wh_main_shp_transport	1	1	80	3750	675	heavy		0	true	wh3_main_vo_culture_Khorne	wh3_dlc26_kho_infantry_wrathmongers	4	false	wh3_dlc26_chs_inf_chosen_mkho_ror		false		2000.0000	0.0000	false	vo_culture_None	true	wh3_main_vo_actor_Khorne_Chaos_Warrior	0	true	false	0	false	false		0.0000	true	1	true
wh3_dlc26_grn_mon_arachnarok_spider_flinger_ete		-1	monster	3	false	wh3_dlc26_grn_mon_arachnarok_spider_flinger_ete	32	0	8000	wh_main_shp_transport	1	1	8	8000	1400	very_heavy		0	true	wh_main_vo_culture_Spider_Large	wh3_dlc26_grn_mon_arachnarok_spider_flinger	4	true	grn_goblin_15_degrees	wh2_twa01_cam_mnt_grn_spider_shrine	false		4500.0000	750.0000	true	vo_culture_None	false	wh_main_vo_actor_default	0	false	true	0	false	false		0.0000	true	1	false
wh3_dlc26_kho_inf_khorngors_ete		-1	melee_infantry	2	false	wh3_dlc26_kho_inf_khorngors_ete	8	0	1300	wh_main_shp_transport	1	1	120	1500	475	heavy		0	true	wh_dlc03_vo_culture_Beastmen	infantry_axe	3	false	bst_gor_15		false		725.0000	0.0000	true	vo_culture_None	false	wh_dlc03_vo_actor_Beastmen_Gor	0	true	false	0	false	false		0.0000	true	1	false
wh3_dlc26_kho_inf_skullreapers_ete		1	melee_infantry	3	false	wh3_dlc26_kho_inf_skullreapers_ete	8	0	3500	wh_main_shp_transport	1	1	60	3500	700	heavy		0	true	wh3_main_vo_culture_Khorne	infantry_sword	4	false	kho_warriors_2		false		1100.0000	0.0000	false	vo_culture_None	true	wh3_dlc26_vo_actor_Khorne_Skullreaper_Units	0	false	false	0	false	false		0.0000	true	1	true
wh3_dlc26_kho_inf_wrathmongers_ete		-1	melee_infantry	3	false	wh3_dlc26_kho_inf_wrathmongers_ete	8	0	3875	wh_main_shp_transport	1	1	32	3875	715	heavy		0	true	wh3_main_vo_culture_Khorne	wh3_dlc26_kho_infantry_wrathmongers	4	false	kho_warriors_2		false		1500.0000	0.0000	true	vo_culture_None	false	wh3_dlc26_vo_actor_Khorne_Wrathmonger_Units	0	false	false	0	false	false		0.0000	true	1	false
wh3_dlc26_ogr_inf_eshin_maneater_ete		-1	melee_infantry	3	false	wh3_dlc26_ogr_inf_eshin_maneater_ete	8	0	4500	wh_main_shp_transport	1	1	1	4500	1150	heavy		0	true	wh3_main_vo_culture_Ogres	wh3_dlc26_ogr_eshin_maneater_ror	4	true	wh3_dlc26_eshin_maneater		false		3000.0000	0.0000	true	vo_culture_None	false	wh3_dlc26_vo_actor_Ogres_Eshin_Maneater_ROR_Unit	0	true	false	0	false	false		0.0000	true	1	false
wh3_dlc26_ogr_inf_eshin_maneater_ete_ror		1	melee_infantry	3	false	wh3_dlc26_ogr_inf_eshin_maneater_ete_ror	8	0	4500	wh_main_shp_transport	1	1	1	4500	1150	heavy		0	true	wh3_main_vo_culture_Ogres	monstrous_infantry_hammer_ogr	4	true	wh3_dlc26_bragg		false		3000.0000	0.0000	true	vo_culture_None	true	wh3_dlc26_vo_actor_Ogres_Eshin_Maneater_ROR_Unit	0	true	false	0	false	false		0.0000	true	1	true
wh3_dlc26_ogr_inf_golgfags_maneaters_ete		1	monstrous_infantry	2	false	wh3_dlc26_ogr_inf_golgfags_maneaters_ete	8	0	4300	wh_main_shp_transport	1	1	16	4300	825	very_heavy		0	true	wh3_main_vo_culture_Ogres	ogr_golgfags_maneaters	4	true	wh3_dlc26_ogr_golgfag_maneater		false		5000.0000	0.0000	true	vo_culture_None	true	wh3_dlc26_vo_actor_Ogres_Paymaster	0	true	false	0	false	false		0.0000	true	1	true
wh3_dlc26_ogr_mon_blood_vultures_ete		-1	war_beast	2	false	wh3_dlc26_ogr_mon_blood_vultures_ete	168	0	1300	wh_main_shp_transport	1	1	48	1300	325	heavy		0	true	wh3_dlc26_vo_culture_Blood_Vulture	wh2_dlc09_tmb_carrion	2	false	wh3_dlc26_ogr_blood_vulture		false		1200.0000	0.0000	false	vo_culture_None	false	wh_main_vo_actor_default	0	false	true	0	false	false		0.0000	true	1	false
wh3_dlc26_ogr_mon_blood_vultures_ete_ror		1	war_beast	2	false	wh3_dlc26_ogr_mon_blood_vultures_ete_ror	168	0	1300	wh_main_shp_transport	1	1	48	1300	325	heavy		0	true	wh3_dlc26_vo_culture_Blood_Vulture	wh2_dlc09_tmb_carrion	2	false	wh3_dlc26_ogr_blood_vulture		false		1200.0000	0.0000	false	vo_culture_None	true	wh_main_vo_actor_default	0	false	true	0	false	false		0.0000	true	1	true
wh3_dlc26_ogr_mon_thundertusk_ete		-1	monster	3	false	wh3_dlc26_ogr_mon_thundertusk_ete	16	0	10000	wh_main_shp_transport	1	1	1	10000	2200	very_heavy		0	true	wh3_dlc26_vo_culture_Thundertusk	wh3_dlc26_ogr_thundertusk	5	true	wh3_dlc26_ogr_thundertusk		false		3000.0000	500.0000	true	vo_culture_None	false	wh_main_vo_actor_default	0	true	true	0	false	false		0.0000	true	1	false
wh3_dlc26_ogr_mon_thundertusk_ror_ete		1	monster	3	false	wh3_dlc26_ogr_mon_thundertusk_ror_ete	16	0	10000	wh_main_shp_transport	1	1	1	10000	2200	very_heavy		0	true	wh3_dlc26_vo_culture_Thundertusk	wh3_dlc26_ogr_thundertusk	5	true	wh3_dlc26_ogr_thundertusk		false		3000.0000	500.0000	true	vo_culture_None	true	wh_main_vo_actor_default	0	true	true	0	false	false		0.0000	true	1	true
wh3_dlc27_hef_inf_swordmasters_of_hoeth_ror_ete		1	melee_infantry	2	false	wh3_dlc27_hef_inf_swordmasters_of_hoeth_ror_ete	8	1	2100	wh_main_shp_transport	1	1	100	2100	615	medium		0	true	wh2_main_vo_culture_High_Elves	infantry_sword_great	3	false	wef_infantry_15_degrees		false		1600.0000	0.0000	false	vo_culture_None	true	wh2_main_vo_actor_High_Elves_Infantry	0	true	false	0	false	false		0.0000	true	1	true
wh3_dlc27_hef_mon_merwyrm_ete		-1	monster	3	false	wh3_dlc27_hef_mon_merwyrm_ete	8	0	10000	wh_main_shp_transport	1	1	1	10000	2000	very_heavy		0	true	wh3_dlc27_vo_culture_Merwyrm	wh3_dlc27_hef_merwyrm	4	true	wh3_dlc27_hef_merwyrm		false		2200.0000	0.0000	true	vo_culture_None	false	wh_main_vo_actor_default	0	false	true	0	true	false		0.0000	true	1	false
wh3_dlc27_hef_mon_merwyrm_ror_ete		1	monster	3	false	wh3_dlc27_hef_mon_merwyrm_ror_ete	1	1	6000	wh_main_shp_transport	1	1	1	6000	1250	very_heavy		0	true	wh3_dlc27_vo_culture_Merwyrm	wh3_dlc27_hef_merwyrm	5	true	wh3_dlc27_hef_merwyrm		false		2700.0000	0.0000	true	vo_culture_None	true	wh_main_vo_actor_default	0	false	true	0	true	false		0.0000	true	1	true
wh3_dlc27_hef_mon_merwyrm_ror_ete_cst		1	monster	3	false	wh3_dlc27_hef_mon_merwyrm_ror_ete_cst	1	1	6000	wh_main_shp_transport	1	1	1	6000	1250	very_heavy		0	true	wh3_dlc27_vo_culture_Merwyrm	wh3_dlc27_hef_merwyrm	5	true	wh3_dlc27_hef_merwyrm		false		2700.0000	0.0000	true	vo_culture_None	true	wh_main_vo_actor_default	0	false	true	0	true	false		0.0000	true	1	true
wh3_dlc27_hef_mon_sea_elemental_ete		-1	monster	2	false	wh3_dlc27_hef_mon_sea_elemental_ete	8	0	1900	wh_main_shp_transport	1	1	1	1650	413	heavy		0	true	wh3_dlc27_vo_culture_Sea_Elemental	wh3_dlc27_hef_sea_elemental	3	true	wh3_dlc27_hef_sea_elemental		false		1650.0000	0.0000	true	vo_culture_None	false	wh_main_vo_actor_default	0	false	true	0	false	false		0.0000	true	1	false
wh3_dlc27_hef_veh_skycutter_bolt_thrower_ete		-1	chariot	2	false	wh3_dlc27_hef_veh_skycutter_bolt_thrower_ete	64	0	1400	wh_main_shp_transport	1	1	8	1400	350	heavy		0	true	wh2_main_vo_culture_High_Elves	wh3_dlc27_hef_skycutter_bolt	3	true	hef_skycutter		false	composite_scene\porthole\hef_skycutter_porthole_02.csc	500.0000	700.0000	true	vo_culture_None	false	wh3_dlc27_vo_actor_High_Elves_Sky_Cutters_Unit	0	true	false	0	false	false		0.0000	true	1	false
wh3_dlc27_hef_veh_skycutter_bows_ete		1	chariot	2	false	wh3_dlc27_hef_veh_skycutter_bows_ete	96	0	1150	wh_main_shp_transport	1	1	12	1150	288	heavy		0	true	wh2_main_vo_culture_High_Elves	wh3_dlc27_hef_skycutter_bows	3	true	hef_skycutter		false		500.0000	500.0000	true	vo_culture_None	true	wh3_dlc27_vo_actor_High_Elves_Sky_Cutters_Unit	0	true	false	0	false	false		0.0000	true	1	true
wh3_dlc27_nor_mon_cursd_ettin_ete		-1	monster	3	false	wh3_dlc27_nor_mon_cursd_ettin_ete	8	0	1500	wh_main_shp_transport	1	1	1	6000	1200	very_heavy		0	true	wh_dlc08_vo_culture_Norsca	wh3_dlc27_nor_ettin	5	true	wh3_dlc27_nor_ettin		false		1500.0000	0.0000	true	vo_culture_None	false	wh3_dlc27_vo_actor_Norsca_Cursd_Ettin_Unit	0	true	true	0	false	false		0.0000	true	1	false
wh3_dlc27_nor_mon_cursd_ettin_runecaller_ete		1	monster	2	false	wh3_dlc27_nor_mon_cursd_ettin_runecaller_ete	8	0	1600	wh_main_shp_transport	1	1	1	7000	1500	very_heavy		0	true	wh_dlc08_vo_culture_Norsca	wh3_dlc27_nor_ettin_runecaller	5	true	wh3_dlc27_nor_ettin		false		1700.0000	0.0000	true	vo_culture_None	true	wh3_dlc27_vo_actor_Norsca_Cursd_Ettin_Unit	0	true	true	0	false	false		0.0000	true	1	true
wh3_dlc27_sla_inf_slaangors_ete		-1	melee_infantry	1	false	wh3_dlc27_sla_inf_slaangors_ete	8	0	1500	wh_main_shp_transport	1	1	120	1500	475	heavy		0	true	wh_dlc03_vo_culture_Beastmen	infantry_sword	3	false	bst_gor_15		false		675.0000	0.0000	false	vo_culture_None	false	wh_dlc03_vo_actor_Beastmen_Gor	0	true	false	0	false	false		0.0000	true	1	false
wh3_main_cth_art_fire_rain_rocket_battery_0_ete	wh3_main_cth_jade_barracks_2	-1	warmachine	3	false	wh3_main_cth_art_fire_rain_rocket_battery_0_ete	240	0	4475	wh_main_shp_transport	1	1	44	4475	1100	medium		0	true	wh3_main_vo_culture_Cathay	emp_rocket_battery	4	false	cth_cannon		false	composite_scene/porthole/cth_wm_fire_rain_rocket_porthole_01.csc	550.0000	3200.0000	true	vo_culture_None	false	wh3_main_vo_actor_Cathay_Cathayunit_female	0	true	false	0	false	false		0.0000	true	1	false
wh3_main_cth_cav_jade_lancers_0_ete		-1	melee_cavalry	2	false	wh3_main_cth_cav_jade_lancers_0	8	0	1400	wh_main_shp_transport	1	1	60	1400	485	medium		0	true	wh3_main_vo_culture_Cathay	shock_cavalry	5	false	emp_reiksguard		false		1800.0000	0.0000	true	vo_culture_None	false	wh3_main_vo_actor_Cathay_Cathayunit_mixed	0	true	false	0	false	false		0.0000	true	1	false
wh3_main_cth_cav_jade_lancers_0_ete_ror		1	melee_cavalry	1	false	wh3_main_cth_cav_jade_lancers_0	8	0	1600	wh_main_shp_transport	1	1	60	1600	515	medium		0	true	wh3_main_vo_culture_Cathay	shock_cavalry	5	false	emp_reiksguard		false		1800.0000	0.0000	true	vo_culture_None	true	wh3_main_vo_actor_Cathay_Cathayunit_mixed	0	true	false	0	false	false		0.0000	true	1	true
wh3_main_cth_cav_jade_longma_riders_0_ete	wh3_main_cth_magic_tower_1	-1	monstrous_cavalry	3	false	wh3_main_cth_cav_jade_longma_riders_0_ete	8	0	5000	wh_main_shp_transport	1	1	24	5000	1100	very_heavy		0	true	wh3_main_vo_culture_Cathay	wh3_dlc24_mon_celestial_lion	5	true	wh3_dlc24_cth_mon_celestial_lion		false		1350.0000	0.0000	true	vo_culture_None	false	wh3_main_vo_actor_Cathay_Cathayunit_male	0	true	false	0	false	false		0.0000	true	1	false
wh3_main_cth_inf_dragon_guard_0_ete		-1	melee_infantry	2	false	wh3_main_cth_inf_dragon_guard_0_ete	8	0	1600	wh_main_shp_transport	1	1	120	1600	575	medium		0	true	wh3_main_vo_culture_Cathay	infantry_spear_halberd	3	false	cth_dragon_guard		false		2000.0000	0.0000	true	vo_culture_None	false	wh3_main_vo_actor_Cathay_Cathayunit_male	0	true	false	0	false	false		0.0000	true	1	false
wh3_main_cth_inf_jade_warrior_crossbowmen_0_ete		-1	missile_infantry	2	false	wh3_main_cth_inf_jade_warrior_crossbowmen_0_ete	8	0	1200	wh_main_shp_transport	1	1	90	1200	450	medium		0	true	wh3_main_vo_culture_Cathay	missile_infantry_crossbow	3	false	cth_jade_warrior_crossbow		false		200.0000	400.0000	false	vo_culture_None	false	wh3_main_vo_actor_Cathay_Cathayunit_male	0	true	false	0	false	false		0.0000	true	1	false
wh3_main_cth_inf_peasant_spearmen_1_ete		-1	melee_infantry	2	false	wh3_main_cth_inf_peasant_spearmen_1_ete	8	0	3000	wh_main_shp_transport	1	1	160	3000	515	medium		0	true	wh3_main_vo_culture_Cathay	infantry_sword	3	false	cth_general_foot		false		500.0000	0.0000	false	vo_culture_None	false	wh3_main_vo_actor_Cathay_Cathayunit_male	0	true	false	0	false	false		0.0000	true	1	false
wh3_main_cth_mon_terracotta_sentinel_0_ete		-1	monster	3	false	wh3_main_cth_mon_terracotta_sentinel_0_ete	8	0	4000	wh_main_shp_transport	1	1	1	4000	900	very_heavy		0	true	wh3_main_vo_culture_Terracotta_Sentinel	wh3_main_cth_terracotta_sentinel	4	true	cth_sentinel		false		1600.0000	0.0000	true	vo_culture_None	false	wh_main_vo_actor_default	0	false	true	0	false	false		0.0000	true	1	false
wh3_main_kho_cav_bloodcrushers_0_ete		-1	monstrous_cavalry	3	false	wh3_main_kho_cav_bloodcrushers_0_ete	8	0	4000	wh_main_shp_transport	1	1	32	4000	725	medium		0	true	wh3_main_vo_culture_Bloodletter	chaos_juggernaut_sword	4	true	kho_cav		false		2500.0000	0.0000	true	vo_culture_None	false	wh_main_vo_actor_default	0	true	false	0	false	false		0.0000	true	1	false
wh3_main_kho_inf_bloodletters_1_ete		-1	melee_infantry	2	false	wh3_main_kho_inf_bloodletters_1_ete	8	0	1650	wh_main_shp_transport	1	1	120	1650	475	heavy		0	true	wh3_main_vo_culture_Bloodletter	infantry_sword_great	3	false	kho_bloodletters		false		1200.0000	0.0000	false	vo_culture_None	false	wh_main_vo_actor_default	0	true	false	0	false	false		0.0000	true	1	false
wh3_main_kho_mon_khornataurs_1_ete		-1	monstrous_infantry	3	false	wh3_main_kho_mon_khornataurs_1_ete	8	0	8000	wh_main_shp_transport	1	1	1	8000	1750	heavy		0	true	wh3_dlc26_vo_culture_Slaughterbrute	kho_slaughterbrute	4	true	wh3_dlc26_kho_slaughterbrute		false		6000.0000	0.0000	true	vo_culture_None	false	wh3_dlc26_vo_actor_Khorne_Slaughterbrute	0	false	true	0	false	false		0.0000	true	1	false
wh3_main_kho_mon_soul_grinder_0_ete		-1	monster	3	false	wh3_main_kho_mon_soul_grinder_0_ete	8	0	4500	wh_main_shp_transport	1	1	1	4500	1250	super_heavy		0	true	wh3_main_vo_culture_Kho_Soul_Grinder	wh3_main_soul_grinder_melee	4	true	nur_soul_grinder		false		1450.0000	300.0000	true	vo_culture_None	false	wh_main_vo_actor_default	0	false	true	0	true	false		0.0000	true	1	false
wh3_main_ksl_cav_gryphon_legion_0_ete		-1	melee_cavalry	3	false	wh3_main_ksl_cav_gryphon_legion_0_ete	8	0	3200	wh_main_shp_transport	1	1	60	3200	590	medium		0	true	wh3_main_vo_culture_Kislev	shock_cavalry	3	false	ksl_gryphon_legion_0		false		1750.0000	0.0000	true	vo_culture_None	false	wh3_main_vo_actor_Kislev_Male_Unit	0	true	false	0	false	false		0.0000	true	1	false
wh3_main_ksl_cav_war_bear_riders_1_ete		-1	monstrous_cavalry	3	false	wh3_main_ksl_cav_war_bear_riders_1_ete	8	0	3800	wh_main_shp_transport	1	1	16	3800	725	medium		0	true	wh3_main_vo_culture_Kislev	wh3_bear_cavalry	4	false	ksl_war_bear_riders		false		2500.0000	0.0000	true	vo_culture_None	false	wh3_main_vo_actor_Kislev_Male_Unit	0	true	false	0	false	false		0.0000	true	1	false
wh3_main_ksl_cav_winged_lancers_0_ete		1	melee_cavalry	1	false	wh3_main_ksl_cav_winged_lancers_0_ete	8	0	1650	wh_main_shp_transport	1	1	60	1650	615	medium		0	true	wh3_main_vo_culture_Kislev	shock_cavalry	2	false	ksl_winged_lancers		false		1000.0000	0.0000	false	vo_culture_None	true	wh3_main_vo_actor_Kislev_Male_Unit	0	true	false	0	false	false		0.0000	true	1	true
wh3_main_ksl_inf_armoured_kossars_0_ete		-1	missile_infantry	2	false	wh3_main_ksl_inf_armoured_kossars_0_ete	8	0	2225	wh_main_shp_transport	1	1	100	2225	275	medium		0	true	wh3_main_vo_culture_Kislev	wh3_main_ksl_pistol_axe_infantry	3	false	ksl_soldier_15_degrees		false		1000.0000	1000.0000	false	vo_culture_None	false	wh3_main_vo_actor_Kislev_Male_Unit	0	true	false	0	false	false		0.0000	true	1	false
wh3_main_ksl_inf_ice_guard_0_ete		-1	missile_infantry	3	false	wh3_main_ksl_inf_ice_guard_0_ete	8	0	2500	wh_main_shp_transport	1	1	80	2500	300	medium		0	true	wh3_main_vo_culture_Kislev	wh3_main_ksl_bow_glaive_infantry	3	false	ksl_ice_guard		false		1250.0000	900.0000	false	vo_culture_None	false	wh3_main_vo_actor_Kislev_Female_Unit	0	true	false	0	false	false		0.0000	true	1	false
wh3_main_ksl_inf_kossars_0_ete		-1	missile_infantry	3	false	wh3_main_ksl_inf_kossars_0_ete	8	0	4000	wh_main_shp_transport	1	1	1	3500	525	heavy		0	true	wh3_main_vo_culture_Kislev	wh3_main_ksl_sled_rifle	3	true	wh3_dlc24_ksl_hag_witch	wh3_dlc24_cam_cht_ksl_hag_witch_chariot	false	composite_scene\porthole\ksl_hag_witch_shadows_porthole_01.csc	1500.0000	1000.0000	false	vo_culture_None	false	wh3_dlc24_vo_actor_Kislev_Hag_Witch	0	true	false	0	false	false		0.0000	true	1	false
wh3_main_ksl_inf_kossars_1_ete		1	missile_infantry	1	false	wh3_main_ksl_inf_kossars_1_ete	16	0	4250	wh_main_shp_transport	1	1	90	3750	550	heavy		0	true	wh3_main_vo_culture_Kislev	wh3_main_ksl_sled_rifle	3	true	wh3_dlc24_ksl_mother_ostankya	wh3_dlc24_cam_cht_ksl_ostankya_chariot	false	composite_scene\porthole\ksl_hag_witch_shadows_porthole_01.csc	1700.0000	1250.0000	false	vo_culture_None	true	wh3_dlc24_vo_actor_Kislev_Hag_Witch	0	true	false	0	false	false		0.0000	true	1	true
wh3_main_ksl_inf_kossars_2_ete		-1	melee_infantry	1	false	wh3_main_ksl_inf_kossars_2_ete	1	0	1250	wh_main_shp_transport	1	1	1	1250	200	medium		0	true	wh3_main_vo_culture_Kislev	wh_dlc07_brt_grail_relique	2	true	emp_reiksguard		false		850.0000	0.0000	false	vo_culture_None	false	wh3_main_vo_actor_Kislev_Patriarch	0	true	false	0	false	false		0.0000	true	1	false
wh3_main_ksl_inf_streltsi_0_ete		-1	missile_infantry	3	false	wh3_main_ksl_inf_streltsi_0_ete	8	0	1200	wh_main_shp_transport	1	1	90	1200	450	medium		0	true	wh3_main_vo_culture_Kislev	wh3_main_ksl_streltsi	3	false	ksl_streltsi		false		850.0000	1250.0000	false	vo_culture_None	false	wh3_main_vo_actor_Kislev_Male_Unit	0	true	false	0	false	false		0.0000	true	1	false
wh3_main_ksl_inf_tzar_guard_0_ete		-1	melee_infantry	3	false	wh3_main_ksl_inf_tzar_guard_0_ete	8	0	3000	wh_main_shp_transport	1	1	80	3000	525	medium		0	true	wh3_main_vo_culture_Kislev	infantry_sword	4	false	ksl_tsar_guard		false		1500.0000	0.0000	false	vo_culture_None	false	wh3_main_vo_actor_Kislev_Male_Unit	0	true	false	0	false	false		0.0000	true	1	false
wh3_main_ksl_veh_heavy_war_sled_0_ete		-1	chariot	3	false	wh3_main_ksl_veh_heavy_war_sled_0_ete	120	0	4000	wh_main_shp_transport	1	1	24	4000	675	heavy		0	true	wh3_main_vo_culture_Kislev	wh3_main_ksl_sled_rifle	3	true	default		false	composite_scene/porthole/ksl_heavy_warsled_porthole_01.csc	2500.0000	1000.0000	false	vo_culture_None	false	wh3_main_vo_actor_Kislev_Male_Unit	0	true	false	0	false	false		0.0000	true	1	false
wh3_main_ksl_veh_little_grom_0_ete		-1	chariot	3	false	wh3_main_ksl_veh_little_grom_0_ete	12	0	4000	wh_main_shp_transport	1	1	2	4000	700	medium		0	true	wh3_main_vo_culture_Kislev	artillery_cannon	3	true	emp_luminark		false	composite_scene\porthole\ksl_little_grom_porthole_01.csc	1000.0000	2000.0000	true	vo_culture_None	false	wh3_main_vo_actor_Kislev_Male_Unit	0	true	false	0	false	false		0.0000	true	1	false
wh3_main_nur_inf_forsaken_0_ete		-1	melee_infantry	2	false	wh3_main_nur_inf_forsaken_0_ete	8	0	2000	wh_main_shp_transport	1	1	80	2000	385	heavy		0	true	wh_dlc01_vo_culture_Chaos_Forsaken	chaos_forsaken	2	false	emp_theodore_bruckner		false		2000.0000	0.0000	false	vo_culture_None	false	wh_main_vo_actor_default	0	false	false	0	false	false		0.0000	true	1	false
wh3_main_nur_inf_plaguebearers_1_ete		-1	melee_infantry	2	false	wh3_main_nur_inf_plaguebearers_1_ete	8	0	1650	wh_main_shp_transport	1	1	120	1650	475	heavy		0	true	wh3_main_vo_culture_Nurgle	wh3_main_nur_plaguebearers	3	false	nur_plaguebearers_15_degrees		false		4000.0000	0.0000	false	vo_culture_None	false	wh3_main_vo_actor_Nurgle_Plaguebearer_unit	0	true	false	0	false	false		0.0000	true	1	false
wh3_main_nur_mon_beast_of_nurgle_0_ete		-1	monster	2	false	wh3_main_nur_mon_beast_of_nurgle_0_ete	8	0	3600	wh_main_shp_transport	1	1	1	3600	625	heavy		0	true	wh3_main_vo_culture_Beast_Of_Nurgle	wh3_main_nur_beast_of_nurgle	2	true	nur_beast_of_nurgle		false		1800.0000	0.0000	true	vo_culture_None	false	wh_main_vo_actor_default	0	false	true	0	false	true		0.0000	true	1	false
wh3_main_ogr_cav_crushers_0_ete		-1	monstrous_cavalry	3	false	wh3_main_ogr_cav_crushers_0_ete	8	0	4275	wh_main_shp_transport	1	1	8	4275	825	medium		0	true	wh3_main_vo_culture_Ogres	wh3_dlc26_ogr_cavalry_rhinox_great_weapon	4	true	ogr_mournfang_cav		false		3000.0000	0.0000	true	vo_culture_None	false	wh3_main_vo_actor_Ogres_Ogreunit	0	true	false	0	false	false		0.0000	true	1	false
wh3_main_ogr_inf_ironguts_0_ete		-1	monstrous_infantry	3	false	wh3_main_ogr_inf_ironguts_0_ete	8	0	3250	wh_main_shp_transport	1	1	16	3250	575	very_heavy		0	true	wh3_main_vo_culture_Ogres	wh3_main_ogr_monstrous_great_weapons	3	true	ogre_infantry		false		2500.0000	0.0000	true	vo_culture_None	false	wh3_main_vo_actor_Ogres_Ogreunit	0	true	false	0	false	false		0.0000	true	1	false
wh3_main_ogr_inf_ironguts_0_ete_ror		-1	monstrous_infantry	3	false	wh3_main_ogr_inf_ironguts_0_ete_ror	8	0	3250	wh_main_shp_transport	1	1	16	3250	575	very_heavy		0	true	wh3_main_vo_culture_Ogres	wh3_main_ogr_monstrous_ironfist	3	true	ogre_infantry		false		2500.0000	0.0000	true	vo_culture_None	true	wh3_main_vo_actor_Ogres_Ogreunit	0	true	false	0	false	false		0.0000	true	1	true
wh3_main_ogr_inf_maneaters_2_ete		-1	monstrous_infantry	3	false	wh3_main_ogr_inf_maneaters_2_ete	8	0	3975	wh_main_shp_transport	1	1	16	3975	725	very_heavy		0	true	wh3_main_vo_culture_Ogres	monstrous_infantry_hammer_ogr	4	true	ogre_infantry		false		3200.0000	0.0000	true	vo_culture_None	false	wh3_dlc26_vo_actor_Ogres_Maneater_Unit	0	true	false	0	false	false		0.0000	true	1	false
wh3_main_ogr_inf_maneaters_3_ete		-1	monstrous_infantry	3	false	wh3_main_ogr_inf_maneaters_3_ete	8	0	3750	wh_main_shp_transport	1	1	16	3750	700	very_heavy		0	true	wh3_main_vo_culture_Ogres	wh3_main_ogr_monstrous_pistol	4	true	ogre_infantry		false		2500.0000	800.0000	true	vo_culture_None	false	wh3_dlc26_vo_actor_Ogres_Maneater_Unit	0	true	false	0	false	false		0.0000	true	1	false
wh3_main_ogr_inf_ogres_0_ete		-1	monstrous_infantry	3	false	wh3_main_ogr_inf_ogres_0_ete	8	0	4500	wh_main_shp_transport	1	1	16	3500	700	very_heavy		0	true	wh3_main_vo_culture_Ogres	wh3_main_ogr_monstrous	3	true	ogre_infantry		false		800.0000	0.0000	false	vo_culture_None	false	wh3_main_vo_actor_Ogres_Ogreunit	0	true	false	0	false	false		0.0000	true	1	false
wh3_main_ogr_inf_ogres_0_ror_ete		1	monstrous_infantry	3	false	wh3_main_ogr_inf_ogres_0_ror_ete	8	0	4500	wh_main_shp_transport	1	1	16	4000	750	very_heavy		0	true	wh3_main_vo_culture_Ogres	wh3_main_ogr_monstrous	3	true	ogr_skrag		false		800.0000	0.0000	true	vo_culture_None	true	wh3_main_vo_actor_Ogres_Ogreunit	0	true	false	0	false	false		0.0000	true	1	true
wh3_main_ogr_mon_giant_0_ete		-1	monster	3	false	wh3_main_ogr_mon_giant_0_ete	8	0	7000	wh_main_shp_transport	1	1	1	4850	915	very_heavy		0	true	wh3_main_vo_culture_Ogr_Giants	giant	3	true	ogr_giant		true		4000.0000	0.0000	true	vo_culture_None	false	wh_main_vo_actor_default	0	false	true	0	false	false		0.0000	true	1	false
wh3_main_ogr_mon_giant_0_ete_ror		-1	monster	3	false	wh3_main_ogr_mon_giant_0_ete_ror	8	0	8000	wh_main_shp_transport	1	1	1	5500	1000	very_heavy		0	true	wh_main_vo_culture_Giant	giant	3	true	ogr_giant		true		4000.0000	0.0000	true	vo_culture_None	true	wh_main_vo_actor_default	0	false	true	0	false	false		0.0000	true	1	true
wh3_main_ogr_mon_gorgers_0_ete		-1	melee_infantry	3	false	wh3_main_ogr_mon_gorgers_0_ete	8	0	3500	wh_main_shp_transport	1	1	12	3500	600	heavy		0	true	wh3_main_vo_culture_Gorger	monstrous_infantry	3	true	ogr_gorgers		false		3300.0000	0.0000	true	vo_culture_None	false	wh_main_vo_actor_default	0	false	true	0	false	false		0.0000	true	1	false
wh3_main_ogr_mon_sabretusk_pack_0_ete		-1	war_beast	2	false	wh3_main_ogr_mon_sabretusk_pack_0_ete	192	0	1205	wh_main_shp_transport	1	1	32	1205	331	heavy		0	true	wh3_main_vo_culture_Sabertusk	war_beast	2	false	ogr_sabretusk		false		1200.0000	0.0000	false	vo_culture_None	false	wh_main_vo_actor_default	0	false	false	0	false	false		0.0000	true	1	false
wh3_main_ogr_mon_stonehorn_0_ete		-1	monster	3	false	wh3_main_ogr_mon_stonehorn_0_ete	8	0	8000	wh_main_shp_transport	1	1	1	8000	1850	heavy		0	true	wh3_main_vo_culture_Stonehorn	wh3_main_ogr_stonehorn	4	true	ogr_stonehorn		false		3000.0000	0.0000	true	vo_culture_None	false	wh_main_vo_actor_default	0	true	true	0	false	false		0.0000	true	1	false
wh3_main_ogr_veh_gnoblar_scraplauncher_0_ete		-1	chariot	2	false	wh3_main_ogr_veh_gnoblar_scraplauncher_0_ete	8	0	4200	wh_main_shp_transport	1	1	2	4200	225	medium		0	true	wh3_main_vo_culture_Ogres	catapult	2	true	emp_luminark		false	composite_scene/porthole/wm_ogr_gnoblar_scraplauncher_porthole_01.csc	400.0000	1500.0000	true	vo_culture_None	false	wh3_dlc26_vo_actor_Ogres_Gnoblar_Unit	0	true	false	0	false	false		0.0000	true	1	false
wh3_main_ogr_veh_ironblaster_0_ete		-1	chariot	3	false	wh3_main_ogr_veh_ironblaster_0_ete	8	0	8000	wh_main_shp_transport	1	1	2	8000	1900	medium		0	true	wh3_main_vo_culture_Ogres	artillery_cannon	4	true	emp_luminark		false	composite_scene/porthole/wm_ironblaster_porthole_01.csc	800.0000	2000.0000	true	vo_culture_None	false	wh3_main_vo_actor_Ogres_Ogreunit	0	true	false	0	false	false		0.0000	true	1	false
wh3_main_sla_cav_heartseekers_of_slaanesh_0_ete		-1	melee_cavalry	2	false	wh3_main_sla_cav_heartseekers_of_slaanesh_0_ete	8	0	3150	wh_main_shp_transport	1	1	48	3150	595	heavy		0	true	wh3_main_vo_culture_Slaanesh	wh3_main_sla_steed_daemonette	4	false	sla_cav		false		5000.0000	0.0000	false	vo_culture_None	false	wh3_main_vo_actor_Slaanesh_Daemonette	0	true	false	0	false	false		0.0000	true	1	false
wh3_main_sla_inf_daemonette_1_ete		-1	melee_infantry	2	false	wh3_main_sla_inf_daemonette_1_ete	8	0	1250	wh_main_shp_transport	1	1	80	1650	475	heavy		0	true	wh3_main_vo_culture_Slaanesh	wh3_main_sla_daemonettes	3	false	sla_daemonette		false		4000.0000	0.0000	false	vo_culture_None	false	wh3_main_vo_actor_Slaanesh_Daemonette	0	true	false	0	false	false		0.0000	true	1	false
wh3_main_sla_mon_soul_grinder_0_ete		-1	monster	3	false	wh3_main_sla_mon_soul_grinder_0_ete	8	0	4500	wh_main_shp_transport	1	1	1	4500	1250	super_heavy		0	true	wh3_main_vo_culture_Sla_Soul_Grinder	wh3_main_soul_grinder_melee	4	true	nur_soul_grinder		false		5000.0000	0.0000	true	vo_culture_None	false	wh_main_vo_actor_default	0	false	true	0	true	false		0.0000	true	1	false
wh3_main_sla_veh_exalted_seeker_chariot_0_ete		-1	chariot	3	false	wh3_main_sla_veh_exalted_seeker_chariot_0_ete	16	0	4500	wh_main_shp_transport	1	1	8	4500	1000	heavy		0	true	wh3_main_vo_culture_Slaanesh	wh3_main_sla_exalted_seeker_chariot	4	true	chaos_gorebeast_chariot		false		6000.0000	0.0000	false	vo_culture_None	false	wh3_main_vo_actor_Slaanesh_Daemonette	0	true	true	0	false	false		0.0000	true	1	false
wh3_main_sla_veh_exalted_seeker_chariot_0_ete_ror		1	chariot	3	false	wh3_main_sla_veh_exalted_seeker_chariot_0_ete_ror	16	0	6000	wh_main_shp_transport	1	1	8	6000	1250	heavy		0	true	wh3_main_vo_culture_Slaanesh	wh3_main_sla_exalted_seeker_chariot	4	true	chaos_gorebeast_chariot		false		6000.0000	0.0000	false	vo_culture_None	true	wh3_main_vo_actor_Slaanesh_Daemonette	0	true	true	0	false	false		0.0000	true	1	true
wh3_main_tze_cav_doom_knights_0_ete		1	monstrous_cavalry	3	false	wh3_main_tze_cav_doom_knights_0_ete	8	0	3900	wh_main_shp_transport	1	1	24	3900	685	very_heavy		0	true	wh3_main_vo_culture_Tzeentch	cavalry_disc	4	false	emp_reiksguard		false	composite_scene/porthole/wm_tzn_disc_doom_knight_tzeentch_porthole_01.csc	2000.0000	0.0000	false	vo_culture_None	true	wh3_main_vo_actor_Tzeentch_Enlightened_Knights	0	false	false	0	false	false		800.0000	true	1	true
wh3_main_tze_inf_forsaken_0_ete		-1	melee_infantry	2	false	wh3_main_tze_inf_forsaken_0_ete	8	0	2000	wh_main_shp_transport	1	1	80	2000	385	heavy		0	true	wh_dlc01_vo_culture_Chaos_Forsaken	chaos_forsaken	2	false	emp_theodore_bruckner		false		2000.0000	0.0000	false	vo_culture_None	false	wh_main_vo_actor_default	0	false	false	0	false	false		800.0000	true	1	false
wh3_main_tze_mon_soul_grinder_0_ete		-1	missile_infantry	3	false	wh3_main_tze_mon_soul_grinder_0_ete	8	0	4500	wh_main_shp_transport	1	1	1	4500	1250	very_heavy		0	true	wh3_main_vo_culture_Tze_Soul_Grinder	wh3_main_soul_grinder_missile	4	true	tze_soul_grinder		false		1100.0000	800.0000	true	vo_culture_None	false	wh_main_vo_actor_default	0	false	false	0	false	false		800.0000	true	1	false
wh3_main_tze_veh_burning_chariot_0_ete		-1	chariot	3	false	wh3_main_tze_veh_burning_chariot_0_ete	8	0	5200	wh_main_shp_transport	1	1	1	5200	1200	heavy		0	true	wh3_main_vo_culture_Flamer	wh3_main_tze_burning_chariot	4	true	tze_burning_chariot		false		500.0000	3700.0000	true	vo_culture_None	false	wh_main_vo_actor_default	0	false	false	0	false	false		800.0000	true	1	false
wh3_main_vmp_blood_knights_sword_shield_ete		-1	melee_cavalry	2	false	wh3_main_vmp_blood_knights_sword_shield_ete	8	0	3000	wh_main_shp_transport	1	1	60	2950	675	heavy		0	true	wh_main_vo_culture_Vampire	cavalry	4	false	emp_reiksguard		false		1700.0000	0.0000	false	vo_culture_None	false	wh_dlc02_vo_actor_Vampire_BloodKnight	0	true	false	0	false	false		0.0000	true	1	false
wh3_twa06_kho_inf_bloodletters_ror_0_ete		1	melee_infantry	1	false	wh3_twa06_kho_inf_bloodletters_ror_0_ete	8	0	1950	wh_main_shp_transport	1	1	120	1950	495	heavy		0	true	wh3_main_vo_culture_Bloodletter	infantry_sword_great	3	false	wh3_dlc26_kho_skulltaker		false		1500.0000	0.0000	false	vo_culture_None	true	wh_main_vo_actor_default	0	true	false	0	false	false		0.0000	true	1	true
wh3_twa06_ksl_inf_tzar_guard_ror_0_ete		1	melee_infantry	1	false	wh3_twa06_ksl_inf_tzar_guard_ror_0_ete	8	0	3250	wh_main_shp_transport	1	1	80	3250	550	medium		0	true	wh3_main_vo_culture_Kislev	infantry_spear_halberd	3	false	ksl_tsar_guard_1		false		1800.0000	0.0000	false	vo_culture_None	true	wh3_main_vo_actor_Kislev_Male_Unit	0	true	false	0	false	false		0.0000	true	1	true
wh3_twa06_nur_inf_plaguebearers_ror_0_ete		1	melee_infantry	1	false	wh3_twa06_nur_inf_plaguebearers_ror_0_ete	8	0	1950	wh_main_shp_transport	1	1	120	1950	475	heavy		0	true	wh3_main_vo_culture_Nurgle	wh3_main_nur_plaguebearers	3	false	ogr_stonehorn	wh3_main_cam_mnt_nur_palanquin	false		4000.0000	0.0000	false	vo_culture_None	true	wh3_main_vo_actor_Nurgle_Plagueridden	0	true	false	0	false	false		0.0000	true	1	true
wh3_twa06_ogr_inf_maneaters_ror_0_ete		1	monstrous_infantry	1	false	wh3_twa06_ogr_inf_maneaters_ror_0_ete	8	0	4050	wh_main_shp_transport	1	1	16	4050	775	very_heavy		0	true	wh3_main_vo_culture_Ogres	wh3_main_ogr_monstrous_pistol	4	true	ogre_infantry		false		2500.0000	800.0000	true	vo_culture_None	true	wh3_dlc26_vo_actor_Ogres_Maneater_Unit	0	false	false	0	false	false		0.0000	true	1	true
wh3_twa06_sla_inf_daemonette_ror_0_ete		1	melee_infantry	1	false	wh3_twa06_sla_inf_daemonette_ror_0_ete	8	1	1450	wh_main_shp_transport	1	1	80	1950	475	heavy		0	true	wh3_main_vo_culture_Slaanesh	wh3_main_sla_daemonettes	3	false	sla_daemonette		false		4000.0000	0.0000	false	vo_culture_None	true	wh3_main_vo_actor_Slaanesh_Daemonette	0	true	false	0	false	false		0.0000	true	1	true
wh3_twa07_kho_cav_bloodcrushers_ror_0_ete		1	monstrous_cavalry	1	false	wh3_twa07_kho_cav_bloodcrushers_ror_0_ete	8	0	4500	wh_main_shp_transport	1	1	32	4000	800	medium		0	true	wh3_main_vo_culture_Bloodletter	chaos_juggernaut_sword	4	false	kho_cav		false		1700.0000	0.0000	true	vo_culture_None	true	wh_main_vo_actor_default	0	true	false	0	false	false		0.0000	true	1	true
wh3_twa07_ksl_cav_war_bear_riders_ror_0_ete		1	monstrous_cavalry	1	false	wh3_twa07_ksl_cav_war_bear_riders_ror_0_ete	8	0	4000	wh_main_shp_transport	1	1	16	4000	750	medium		0	true	wh3_main_vo_culture_Kislev	wh3_bear_cavalry	4	false	ksl_war_bear_riders		false		2750.0000	0.0000	true	vo_culture_None	true	wh3_main_vo_actor_Kislev_Male_Unit	0	true	false	0	false	false		0.0000	true	1	true
wh3_twa07_ogr_cav_crushers_ror_0_ete		1	monstrous_cavalry	1	false	wh3_twa07_ogr_cav_crushers_ror_0_ete	8	0	4275	wh_main_shp_transport	1	1	8	4275	825	medium		0	true	wh3_main_vo_culture_Ogres	wh3_dlc26_ogr_cavalry_mournfang_club	3	true	ogr_mournfang_cav		false		2500.0000	0.0000	true	vo_culture_None	true	wh3_main_vo_actor_Ogres_Ogreunit	0	true	false	0	false	false		0.0000	true	1	true
wh3_twa07_sla_cav_heartseekers_of_slaanesh_ror_0_ete		1	melee_cavalry	2	false	wh3_twa07_sla_cav_heartseekers_of_slaanesh_ror_0_ete	8	0	3350	wh_main_shp_transport	1	1	48	3350	625	heavy		0	true	wh3_main_vo_culture_Slaanesh	wh3_main_sla_steed_daemonette	4	false	sla_cav		false		5000.0000	0.0000	false	vo_culture_None	true	wh3_main_vo_actor_Slaanesh_Daemonette	0	true	false	0	false	false		0.0000	true	1	true
wh3_twa08_cth_mon_terracotta_sentinel_0_ror_ete		1	monster	1	false	wh3_twa08_cth_mon_terracotta_sentinel_0_ror_ete	8	0	5000	wh_main_shp_transport	1	1	1	5000	1100	very_heavy		0	true	wh3_main_vo_culture_Terracotta_Sentinel	wh3_main_cth_terracotta_sentinel	4	true	cth_sentinel		false		2000.0000	0.0000	true	vo_culture_None	true	wh_main_vo_actor_default	0	false	true	0	false	false		0.0000	true	1	true
wh3_twa08_kho_mon_bloodthirster_0_ror_ete		1	monster	3	false	wh3_twa08_kho_mon_bloodthirster_0_ror_ete	16	0	8888	wh_main_shp_transport	1	1	1	8888	888	heavy		0	true	wh3_main_vo_culture_Khorne	wh3_main_kho_bloodthirster	5	true	kho_general_15_degrees		false		5350.0000	0.0000	true	vo_culture_None	true	wh3_main_vo_actor_Khorne_Bloodthirster_Unit	0	false	true	0	false	false		0.0000	true	1	true
wh3_twa08_nur_mon_great_unclean_one_0_ror_ete		1	monster	3	false	wh3_twa08_nur_mon_great_unclean_one_0_ror_ete	8	0	9000	wh_main_shp_transport	1	1	1	9000	1500	heavy		0	true	wh3_main_vo_culture_Nurgle	wh3_main_nur_great_unclean_one	5	true	nur_ku_gath	wh3_main_cam_mnt_nur_kugath_palanquin	false		5200.0000	1800.0000	true	vo_culture_None	true	wh3_main_vo_actor_Nurgle_Great_Unclean_One_Unit	0	false	true	0	false	false		0.0000	true	1	true
wh3_twa08_ogr_mon_stonehorn_0_ror_ete		1	monster	2	false	wh3_twa08_ogr_mon_stonehorn_0_ror_ete	8	0	8000	wh_main_shp_transport	1	1	1	8000	1850	heavy		0	true	wh3_main_vo_culture_Stonehorn	wh3_main_ogr_stonehorn	4	true	ogr_stonehorn		false		3000.0000	0.0000	true	vo_culture_None	true	wh_main_vo_actor_default	0	true	true	0	false	false		0.0000	true	1	true
wh3_twa08_sla_mon_keeper_of_secrets_0_ror_ete		1	monster	3	false	wh3_twa08_sla_mon_keeper_of_secrets_0_ror_ete	8	0	8000	wh_main_shp_transport	1	1	1	8000	1375	super_heavy		0	true	wh3_main_vo_culture_Slaanesh	wh3_main_sla_keeper_of_secrets	5	true	sla_keeper_of_secrets		false		5150.0000	0.0000	true	vo_culture_None	true	wh3_main_vo_actor_Slaanesh_Keeper_Of_Secrets	0	false	true	0	true	false		0.0000	true	1	true
wh3_twa08_tze_mon_lord_of_change_0_ror_ete		1	monster	2	false	wh3_twa08_tze_mon_lord_of_change_0_ror_ete	8	0	8400	wh_main_shp_transport	1	1	1	8400	1525	heavy		0	true	wh3_main_vo_culture_Tzeentch	wh3_main_tze_lord_of_change	5	true	chs_lord_of_change		false		4850.0000	0.0000	true	vo_culture_None	true	wh3_main_vo_actor_Tzeentch_Lord_Of_Change	0	true	true	0	false	false		800.0000	true	1	true
wh3_twa10_cth_inf_peasant_archers_ror_ete		1	melee_infantry	2	false	wh3_twa10_cth_inf_peasant_archers_ror_ete	8	0	3500	wh_main_shp_transport	1	1	160	3500	550	light		0	true	wh3_main_vo_culture_Cathay	infantry_sword	3	false	cth_general_foot		false		500.0000	0.0000	false	vo_culture_None	true	wh3_main_vo_actor_Cathay_Cathayunit_male	0	true	false	0	false	false		0.0000	true	1	true
wh3_twa10_ksl_inf_armoured_kossars_ror_ete		1	missile_infantry	1	false	wh3_twa10_ksl_inf_armoured_kossars_ror_ete	8	0	2250	wh_main_shp_transport	1	1	100	2250	285	medium		0	true	wh3_main_vo_culture_Kislev	wh3_main_ksl_pistol_great_weapon_infantry	3	false	ksl_soldier_15_degrees		false		1150.0000	1150.0000	true	vo_culture_None	true	wh3_main_vo_actor_Kislev_Male_Unit	0	true	false	0	false	false		0.0000	true	1	true
wh_dlc01_chs_inf_chosen_2_ete		-1	melee_infantry	3	false	wh_dlc01_chs_inf_chosen_2_ete	8	0	3400	wh_main_shp_transport	1	1	80	3400	625	heavy		0	true	wh_main_vo_culture_Chaos	infantry_spear_halberd	3	false	chaos_warrior_30_degrees		false		2000.0000	0.0000	false	vo_culture_None	false	wh_main_vo_actor_Chaos_Infantry	0	true	false	0	false	false		0.0000	true	1	false
wh_dlc01_chs_inf_forsaken_0_ete		-1	melee_infantry	2	false	wh_dlc01_chs_inf_forsaken_0_ete	8	0	2000	wh_main_shp_transport	1	1	80	2000	400	heavy		0	true	wh_main_vo_culture_Chaos	chaos_forsaken	2	false	chaos_warrior_30_degrees		false		2000.0000	0.0000	false	vo_culture_None	false	wh_main_vo_actor_default	0	false	false	0	false	false		0.0000	true	1	false
wh_dlc01_chs_mon_dragon_ogre_ete		-1	monstrous_infantry	2	false	wh_dlc01_chs_mon_dragon_ogre_ete	8	0	1550	wh_main_shp_transport	1	1	16	6250	1575	heavy		0	true	wh_dlc01_vo_culture_Dragon_Ogre	chs_dragon_ogres	5	false	chaos_dragon_ogre		false		6000.0000	0.0000	true	vo_culture_None	false	wh_main_vo_actor_default	0	false	true	0	false	false		0.0000	true	1	false
wh_dlc01_chs_mon_trolls_1_ete_throgg		-1	monstrous_infantry	3	false	wh_dlc01_chs_mon_trolls_1_ete_throgg	8	0	3000	wh_main_shp_transport	1	1	16	3200	525	medium		0	true	wh_main_vo_culture_Troll	monstrous_infantry	3	false	grn_troll		false		4000.0000	0.0000	true	vo_culture_None	false	wh_main_vo_actor_default	0	false	false	0	false	false		0.0000	true	1	false
wh_dlc03_bst_inf_centigors_2_ete		1	missile_cavalry	2	false	wh_dlc03_bst_inf_centigors_2_ete	8	0	1700	wh_main_shp_transport	1	1	80	0	0	heavy		0	true	wh_dlc03_vo_culture_Beastmen	wh_dlc03_bst_centigor_missile	3	false	bst_centigor_40_degrees		false		1000.0000	0.0000	true	vo_culture_None	false	wh_dlc03_vo_actor_Beastmen_Gor	0	true	false	0	false	false		0.0000	true	1	false
wh_dlc03_bst_inf_cygor_0_ete		0	missile_infantry	3	false	wh_dlc03_bst_inf_cygor_0_ete	8	0	1550	wh_main_shp_transport	1	1	1	0	0	very_heavy		0	true	wh_dlc03_vo_culture_Beastmen_Cygor	wh_dlc03_bst_cygor	4	true	bst_cygor		false		750.0000	800.0000	true	vo_culture_None	false	wh_main_vo_actor_default	0	false	false	0	false	false		0.0000	true	1	false
wh_dlc03_bst_inf_gor_herd_0_ete		0	melee_infantry	2	false	wh_dlc03_bst_inf_gor_herd_0_ete	8	0	2000	wh_main_shp_transport	1	1	120	0	0	heavy		0	true	wh_dlc03_vo_culture_Beastmen	infantry_axe	3	false	bst_gor_15		false		1000.0000	500.0000	true	vo_culture_None	false	wh_dlc03_vo_actor_Beastmen_Gor	0	true	false	0	false	false		0.0000	true	1	false
wh_dlc03_bst_inf_gor_herd_1_ete	wh_dlc03_horde_beastmen_weapons_1	0	melee_infantry	2	false	wh_dlc03_bst_inf_gor_herd_1_ete	8	0	1550	wh_main_shp_transport	1	1	120	0	0	heavy		0	true	wh_dlc03_vo_culture_Beastmen	infantry_axe	3	false	bst_gor_30		false		1500.0000	0.0000	false	vo_culture_None	false	wh_dlc03_vo_actor_Beastmen_Bray_Shaman	0	true	false	0	false	false		0.0000	true	1	false
wh_dlc03_bst_inf_minotaurs_0_ete		0	monstrous_infantry	3	false	wh_dlc03_bst_inf_minotaurs_0_ete	8	0	3000	wh_main_shp_transport	1	1	160	0	0	heavy		0	true	wh_dlc03_vo_culture_Minotaur	monstrous_infantry	4	false	bst_minotaur_15		false		1250.0000	0.0000	true	vo_culture_None	false	wh_main_vo_actor_default	0	false	true	0	false	false		0.0000	true	1	false
wh_dlc03_bst_inf_razorgor_herd_0_ete		1	monstrous_cavalry	2	false	wh_dlc03_bst_inf_razorgor_herd_0_ete	192	0	900	wh_main_shp_transport	1	1	32	0	0	heavy		0	true	wh_dlc03_vo_culture_Boar	wh_dlc03_bst_razorgor	2	false	bst_razorgor_herd		false		550.0000	0.0000	true	vo_culture_None	false	wh_main_vo_actor_default	0	false	false	0	false	false		0.0000	true	1	false
wh_dlc03_bst_mon_chaos_spawn_0_ete		1	monstrous_infantry	1	false	wh_dlc03_bst_mon_chaos_spawn_0_ete	8	0	2050	wh_main_shp_transport	1	1	16	0	0	heavy		0	true	wh_dlc03_vo_culture_Spawn	chaos_spawn	3	false	bst_morghur		false		950.0000	0.0000	true	vo_culture_None	true	wh_main_vo_actor_default	0	false	false	0	false	false		0.0000	true	1	true
wh_dlc03_bst_mon_giant_0_ete		0	monster	3	false	wh_dlc03_bst_mon_giant_0_ete	8	0	4000	wh_main_shp_transport	1	1	1	0	0	very_heavy		0	true	wh_main_vo_culture_Giant	giant	4	true	grn_giant		false		4000.0000	0.0000	true	vo_culture_None	false	wh_main_vo_actor_default	0	false	true	0	false	false		0.0000	true	1	false
wh_dlc04_emp_art_sunmaker_0_ete		1	warmachine	2	false	wh_dlc04_emp_art_sunmaker_0_ete	240	1	3650	wh_main_shp_transport	1	1	90	3650	1200	medium		0	true	wh_main_vo_culture_Empire	emp_rocket_battery	4	false	emp_soldier_15_degrees		false		300.0000	3210.0000	true	vo_culture_None	true	wh_main_vo_actor_Empire_Infantry	0	true	false	0	false	false		0.0000	true	1	true
wh_dlc04_emp_inf_flagellants_0_ete		-1	melee_infantry	2	false	wh_dlc04_emp_inf_flagellants_0_ete	8	0	1500	wh_main_shp_transport	1	1	120	1500	650	medium		0	true	wh_main_vo_culture_Empire	wh_dlc04_emp_flagelllents	3	false	chaos_warrior_15_degrees		false		600.0000	0.0000	true	vo_culture_None	false	wh_dlc04_vo_actor_Empire_Inf	0	true	false	0	false	false		0.0000	true	1	false
wh_dlc04_emp_inf_flagellants_0_ror_ete		1	melee_infantry	3	false	wh_dlc04_emp_inf_flagellants_0_ror_ete	8	0	1750	wh_main_shp_transport	1	1	120	2000	725	medium		0	true	wh_main_vo_culture_Empire	wh_dlc04_emp_flagelllents	3	false	chaos_warrior_15_degrees		false		600.0000	0.0000	true	vo_culture_None	true	wh_dlc04_vo_actor_Empire_Inf	0	true	false	0	false	false		0.0000	true	1	true
wh_dlc04_emp_inf_free_company_militia_0_ete		-1	missile_infantry	2	false	wh_dlc04_emp_inf_free_company_militia_0_ete	8	0	1200	wh_main_shp_transport	1	1	120	1200	450	medium		0	true	wh_main_vo_culture_Empire	missile_infantry_pistol	2	false	emp_soldier_15_degrees		false		250.0000	200.0000	false	vo_culture_None	false	wh_dlc04_vo_actor_Empire_Inf	0	true	false	0	false	false		0.0000	true	1	false
wh_dlc04_emp_inf_free_company_militia_0_ror_ete		1	missile_infantry	3	false	wh_dlc04_emp_inf_free_company_militia_0_ror_ete	8	0	1500	wh_main_shp_transport	1	1	120	1500	525	medium		0	true	wh_main_vo_culture_Empire	missile_infantry_pistol	2	false	emp_soldier_15_degrees		false		250.0000	200.0000	false	vo_culture_None	true	wh_dlc04_vo_actor_Empire_Inf	0	true	false	0	false	false		0.0000	true	1	true
wh_dlc04_vmp_inf_sternsmen_0_ete		1	melee_infantry	2	false	wh_dlc04_vmp_inf_sternsmen_0_ete	8	0	1900	wh_main_shp_transport	1	1	120	1900	525	heavy		0	true	wh_main_vo_culture_Skeleton	infantry_sword	3	false	vamp_grave_guard		false		1150.0000	0.0000	false	wh_main_vo_culture_Vampire_Creature_Order_Giver	true	wh_main_vo_actor_default	0	false	false	0	false	false		0.0000	true	1	true
wh_dlc04_vmp_mon_devils_swartzhafen_0_ete		1	monstrous_infantry	2	false	wh_dlc04_vmp_mon_devils_swartzhafen_0_ete	96	1	3600	wh_main_shp_transport	1	1	16	3500	855	heavy		0	true	wh_main_vo_culture_Var_Creature	monstrous_infantry_flying	3	false	vamp_vargheist		false		1300.0000	0.0000	false	wh_main_vo_culture_Vampire_Creature_Order_Giver	true	wh_main_vo_actor_default	0	false	true	1	false	false		0.0000	true	1	true
wh_dlc05_bst_mon_harpies_0_ete		0	monstrous_infantry	2	false	wh_dlc05_bst_mon_harpies_0_ete	360	0	1500	wh_main_shp_transport	1	1	60	0	0	heavy		0	true	wh3_main_vo_culture_Harpies	wh_dlc05_bst_harpies	2	false	default		false		1800.0000	0.0000	false	vo_culture_None	false	wh_main_vo_actor_default	0	false	false	0	false	false		0.0000	true	1	false
wh_dlc05_wef_inf_eternal_guard_0_ete		-1	melee_infantry	2	false	wh_dlc05_wef_inf_eternal_guard_0_ete	8	0	3500	wh_main_shp_transport	1	1	140	2750	475	medium		0	true	wh_dlc05_vo_culture_Wood_Elves	infantry_sword	4	false	bret_fay_enchantress		false		800.0000	0.0000	false	vo_culture_None	false	wh_dlc05_vo_actor_Wood_Elves_Spellsinger	0	true	false	0	false	false		0.0000	true	1	false
wh_dlc05_wef_inf_eternal_guard_1_ete	wh_dlc05_wef_armoury_1	-1	melee_infantry	2	false	wh_dlc05_wef_inf_eternal_guard_1_ete	8	0	2000	wh_main_shp_transport	1	1	140	2000	415	medium		0	true	wh_dlc05_vo_culture_Wood_Elves	infantry_spear	3	false	wef_infantry_30_degrees		false		1200.0000	0.0000	false	vo_culture_None	false	wh_dlc05_vo_actor_Wood_Elves_Male_Infantry	0	true	false	0	false	false		0.0000	true	1	false
wh_dlc05_wef_inf_waywatchers_0_ete		-1	missile_infantry	2	false	wh_dlc05_wef_inf_waywatchers_0_ete	8	0	2000	wh_main_shp_transport	1	1	120	2500	350	medium		0	true	wh_dlc05_vo_culture_Wood_Elves	missile_infantry_bow	3	false	wef_general_foot		false		800.0000	1800.0000	false	vo_culture_None	false	wh_dlc05_vo_actor_Wood_Elves_Male_Infantry	0	true	false	0	false	false		0.0000	true	1	false
wh_dlc05_wef_mon_treeman_0_ete		-1	monster	3	false	wh_dlc05_wef_mon_treeman_0_ete	8	0	4200	wh_main_shp_transport	1	1	1	4200	1200	very_heavy		0	true	wh_dlc05_vo_culture_Tree	wh_dlc05_wef_treeman	5	true	wef_treeman		false		6000.0000	0.0000	true	vo_culture_None	false	wh_main_vo_actor_default	0	false	false	0	false	false		0.0000	true	1	false
wh_dlc05_wef_mon_treeman_0_ete_ror		1	monster	2	false	wh_dlc05_wef_mon_treeman_0_ete_ror	8	0	5000	wh_main_shp_transport	1	1	1	5000	1650	very_heavy		0	true	wh_dlc05_vo_culture_Tree	wh_dlc05_wef_treeman	5	true	wef_treeman		false		6000.0000	0.0000	true	vo_culture_None	true	wh_main_vo_actor_default	0	false	false	0	false	false		0.0000	true	1	true
wh_dlc06_chs_inf_aspiring_champions_0_ete		-1	melee_infantry	3	false	wh_dlc06_chs_inf_aspiring_champions_0_ete	8	0	3750	wh_main_shp_transport	1	1	80	3750	700	heavy		0	true	wh_main_vo_culture_Chaos	infantry_sword	4	false	chs_archaon		false		2000.0000	0.0000	false	vo_culture_None	false	wh_main_vo_actor_Chaos_Infantry	0	true	false	0	false	false		0.0000	true	1	false
wh_dlc06_chs_inf_aspiring_champions_0_ete_ror		1	melee_infantry	1	false	wh_dlc06_chs_inf_aspiring_champions_0_ete_ror	8	0	4000	wh_main_shp_transport	1	1	80	4000	725	heavy		0	true	wh_main_vo_culture_Chaos	infantry_sword	4	false	chs_archaon		false		2000.0000	0.0000	true	vo_culture_None	true	wh_main_vo_actor_Chaos_Infantry	0	true	false	0	false	false		0.0000	true	1	true
wh_dlc06_dwf_inf_bugmans_rangers_0_ete	wh_main_dwf_tavern_2	-1	missile_infantry	2	false	wh_dlc06_dwf_inf_bugmans_rangers_0_ete	8	0	1500	wh_main_shp_transport	1	1	80	1500	475	heavy		0	true	wh_main_vo_culture_Dwarf	missile_infantry_grudge_raker	3	false	dwf_warrior_15_degrees		false		750.0000	1200.0000	true	vo_culture_None	false	wh_main_vo_actor_Dwarf_Infantry	0	true	false	0	false	false		0.0000	true	1	false
wh_dlc06_dwf_inf_norgrimlings_ironbreakers_0_ete		1	melee_infantry	2	false	wh_dlc06_dwf_inf_norgrimlings_ironbreakers_0_ete	8	1	1650	wh_main_shp_transport	1	1	120	1650	715	very_heavy		0	true	wh_main_vo_culture_Dwarf	infantry_axe	4	false	dwf_warrior_15_degrees		false		1550.0000	100.0000	true	vo_culture_None	true	wh_main_vo_actor_Dwarf_Infantry	0	true	false	0	false	false		0.0000	true	1	true
wh_dlc06_dwf_inf_old_grumblers_0_ete		1	melee_infantry	2	false	wh_dlc06_dwf_inf_old_grumblers_0_ete	8	1	1350	wh_main_shp_transport	1	1	100	1350	400	heavy		0	true	wh_main_vo_culture_Dwarf	infantry_axe_great	3	false	dwf_warrior_15_degrees		false		1000.0000	0.0000	true	vo_culture_None	true	wh_main_vo_actor_Dwarf_Infantry	0	true	false	0	false	false		0.0000	true	1	true
wh_dlc06_dwf_inf_peak_gate_guard_0_ete		1	melee_infantry	2	false	wh_dlc06_dwf_inf_peak_gate_guard_0_ete	8	1	2000	wh_main_shp_transport	1	1	100	2000	815	heavy		0	true	wh_main_vo_culture_Dwarf	infantry_hammer_great	4	false	dwf_warrior_45_degrees		false		1550.0000	0.0000	true	vo_culture_None	true	wh_main_vo_actor_Dwarf_Infantry	0	true	false	0	false	false		0.0000	true	1	true
wh_dlc06_dwf_inf_rangers_0_ete		-1	missile_infantry	2	false	wh_dlc06_dwf_inf_rangers_0_ete	8	0	1500	wh_main_shp_transport	1	1	80	1500	475	heavy		0	true	wh_main_vo_culture_Dwarf	missile_infantry_rifle	3	false	dwf_warrior_15_degrees		false		750.0000	1200.0000	true	vo_culture_None	false	wh_main_vo_actor_Dwarf_Infantry	0	true	false	0	false	false		0.0000	true	1	false
wh_dlc06_dwf_inf_rangers_0_ete_ror		1	missile_infantry	2	false	wh_dlc06_dwf_inf_rangers_0_ete_ror	8	0	1615	wh_main_shp_transport	1	1	80	1615	500	heavy		0	true	wh_main_vo_culture_Dwarf	missile_infantry_rifle	3	false	dwf_warrior_15_degrees		false		750.0000	1200.0000	true	vo_culture_None	true	wh_main_vo_actor_Dwarf_Infantry	0	true	false	0	false	false		0.0000	true	1	true
wh_dlc06_dwf_veh_skyhammer_0_ete		1	warmachine	2	false	wh_dlc06_dwf_veh_skyhammer_0_ete	24	1	4200	wh_main_shp_transport	1	1	1	4200	1050	heavy		0	true	wh_main_vo_culture_Dwarf	dwf_gyrocopter	4	true	dwf_gyrobomber		false		140.0000	1260.0000	false	vo_culture_None	true	wh_main_vo_actor_Dwarf_Unique	0	true	false	0	false	false		0.0000	true	1	true
wh_dlc06_grn_inf_krimson_killerz_0_ror_ete		1	melee_infantry	2	false	wh_dlc06_grn_inf_krimson_killerz_0_ror_ete	8	0	4000	wh_main_shp_transport	1	1	100	4000	650	heavy		0	true	wh_main_vo_culture_Orc	infantry_axe_dual	4	false	grn_orc_0_degrees		false		1350.0000	0.0000	false	vo_culture_None	true	wh_main_vo_actor_Orc_Infantry	0	true	false	0	false	false		0.0000	true	1	true
wh_dlc06_grn_inf_nasty_skulkers_0_ete	wh_main_grn_boss_1	-1	melee_infantry	3	false	wh_dlc06_grn_inf_nasty_skulkers_0_ete	8	0	2500	wh_main_shp_transport	1	1	120	2500	475	light		0	true	wh_main_vo_culture_Goblin	wh_dlc06_grn_nasty_skulker	3	false	grn_goblin_45_degrees		false		500.0000	0.0000	false	vo_culture_None	false	wh_main_vo_actor_Goblin_Infantry	0	true	false	0	false	false		0.0000	true	1	false
wh_dlc06_grn_inf_squig_herd_0_ete		-1	melee_infantry	3	false	wh_dlc06_grn_inf_squig_herd_0_ete	240	0	1200	wh_main_shp_transport	1	1	40	1200	300	light		0	true	wh_dlc06_vo_culture_Squig	wh_dlc06_grn_squig	3	false	grn_squig_herd		false		400.0000	0.0000	false	vo_culture_None	false	wh_main_vo_actor_group_sound	0	false	false	0	false	false		0.0000	true	1	false
wh_dlc07_brt_art_blessed_field_trebuchet_0_ete		1	warmachine	1	false	wh_dlc07_brt_art_blessed_field_trebuchet_0_ete	240	0	4000	wh_main_shp_transport	1	1	44	4000	700	very_heavy		0	true	wh_main_vo_culture_Bretonnian	catapult	3	false	emp_soldier_15_degrees		false		600.0000	2300.0000	true	vo_culture_None	true	wh_main_vo_actor_Bretonnian_Infantry	0	true	false	0	false	false		0.0000	true	1	true
wh_dlc07_brt_cav_knights_errant_0_ete		-1	melee_cavalry	2	false	wh_dlc07_brt_cav_knights_errant_0_ete	8	0	1500	wh_main_shp_transport	1	1	60	1575	575	very_heavy		0	true	wh_main_vo_culture_Bretonnian	shock_cavalry	2	false	emp_reiksguard		false		700.0000	0.0000	false	vo_culture_None	false	wh_main_vo_actor_Bretonnian_Knight	0	true	false	0	false	false		0.0000	true	1	false
wh_dlc07_brt_cav_questing_knights_0_ete		-1	melee_cavalry	2	false	wh_dlc07_brt_cav_questing_knights_0_ete	8	0	1700	wh_main_shp_transport	1	1	60	1700	750	very_heavy		0	true	wh_main_vo_culture_Bretonnian	cavalry	3	false	emp_reiksguard		false		1100.0000	0.0000	true	vo_culture_None	false	wh_main_vo_actor_Bretonnian_Knight	0	true	false	0	false	false		0.0000	true	1	false
wh_dlc07_brt_cav_royal_hippogryph_knights_0_ete		-1	monstrous_cavalry	3	false	wh_dlc07_brt_cav_royal_hippogryph_knights_0_ete	8	0	3400	wh_main_shp_transport	1	1	12	3400	725	very_heavy		0	true	wh_main_vo_culture_Bretonnian	flying_monstrous_cavalry	5	false	emp_reiksguard		false	composite_scene/porthole/hippogryph_knights_porthole_01.csc	2100.0000	0.0000	true	vo_culture_None	false	wh_main_vo_actor_Bretonnian_Knight	0	true	true	0	false	false		0.0000	true	1	false
wh_dlc07_brt_cav_royal_hippogryph_knights_0_ete_ror		1	monstrous_cavalry	3	false	wh_dlc07_brt_cav_royal_hippogryph_knights_0_ete_ror	8	0	4000	wh_main_shp_transport	1	1	12	4000	800	very_heavy		0	true	wh_main_vo_culture_Bretonnian	flying_monstrous_cavalry	5	false	emp_reiksguard		false	wh_main_cam_mnt_brt_hippogryphs_bordeleaux	2100.0000	0.0000	true	vo_culture_None	true	wh_main_vo_actor_Bretonnian_Knight	0	true	true	0	false	false		0.0000	true	1	true
wh_dlc07_brt_inf_battle_pilgrims_0_ete		-1	melee_infantry	3	false	wh_dlc07_brt_inf_battle_pilgrims_0_ete	8	0	1500	wh_main_shp_transport	1	1	120	1500	650	medium		0	true	wh_main_vo_culture_Bretonnian	infantry_sword_great	4	false	emp_soldier_15_degrees		false		600.0000	0.0000	true	vo_culture_None	false	wh_main_vo_actor_Bretonnian_Infantry	0	true	false	0	false	false		0.0000	true	1	false
wh_dlc07_brt_inf_foot_squires_0_ete		-1	melee_infantry	3	false	wh_dlc07_brt_inf_foot_squires_0_ete	8	0	1200	wh_main_shp_transport	1	1	120	1200	400	medium		0	true	wh_main_vo_culture_Bretonnian	infantry_sword	3	false	emp_soldier_15_degrees		false		750.0000	0.0000	true	vo_culture_None	false	wh_main_vo_actor_Bretonnian_Infantry	0	true	false	0	false	false		0.0000	true	1	false
wh_dlc07_brt_inf_peasant_mob_0_ete		-1	melee_infantry	1	false	wh_dlc07_brt_inf_peasant_mob_0_ete	8	0	3400	wh_main_shp_transport	1	1	12	3000	500	medium		0	true	wh_main_vo_culture_Bretonnian	infantry_sword	3	false	emp_general_foot		false		500.0000	0.0000	false	vo_culture_None	false	wh_dlc03_vo_actor_Bretonnian_Damsel	0	true	false	0	false	false		0.0000	true	1	false
wh_dlc07_brt_inf_peasant_mob_0_ete_ror		1	melee_infantry	1	false	wh_dlc07_brt_inf_peasant_mob_0_ete_ror	6	0	3500	wh_main_shp_transport	1	1	160	3500	550	medium		0	true	wh_main_vo_culture_Bretonnian	infantry_sword	3	false	emp_general_foot		false		500.0000	0.0000	false	vo_culture_None	true	wh_dlc03_vo_actor_Bretonnian_Damsel	0	true	false	0	false	false		0.0000	true	1	true
wh_dlc08_nor_inf_marauder_champions_0_ete		-1	melee_infantry	2	false	wh_dlc08_nor_inf_marauder_champions_0_ete	8	0	1650	wh_main_shp_transport	1	1	120	1650	475	heavy		0	true	wh_dlc08_vo_culture_Norsca	infantry_axe	3	false	chaos_warrior_30_degrees		false		2500.0000	0.0000	false	vo_culture_None	false	wh3_dlc27_vo_actor_Norsca_Marauder_Unit	0	true	false	0	false	false		0.0000	true	1	false
wh_dlc08_nor_inf_marauder_champions_1_ete		1	melee_infantry	2	false	wh_dlc08_nor_inf_marauder_champions_1_ete	8	0	1950	wh_main_shp_transport	1	1	120	1950	495	heavy		0	true	wh_dlc08_vo_culture_Norsca	infantry_axe_great	3	false	chaos_warrior_30_degrees		false		2750.0000	0.0000	false	vo_culture_None	true	wh3_dlc27_vo_actor_Norsca_Marauder_Unit	0	true	false	0	false	false		900.0000	true	1	true
wh_dlc08_nor_mon_fimir_0_ete		-1	monstrous_infantry	2	false	wh_dlc08_nor_mon_fimir_0_ete	8	0	4000	wh_main_shp_transport	1	1	12	3750	500	heavy		0	true	wh_dlc08_vo_culture_Norsca	wh3_dlc26_monstrous_infantry_magical	3	false	nor_fimir		false		1200.0000	0.0000	true	vo_culture_None	false	wh_dlc08_vo_actor_Norsca_Fimir_Balefiend	0	true	false	0	false	false		0.0000	true	1	false
wh_dlc08_nor_mon_fimir_1_ete		-1	monstrous_infantry	2	false	wh_dlc08_nor_mon_fimir_1_ete	8	0	3000	wh_main_shp_transport	1	1	18	3000	525	heavy		0	true	wh_dlc08_vo_culture_Norsca	wh3_dlc26_monstrous_infantry_magical	3	false	nor_fimir		false		1300.0000	0.0000	true	vo_culture_None	false	wh_dlc08_vo_actor_Norsca_Fimir_Balefiend	0	true	false	0	false	false		0.0000	true	1	false
wh_dlc08_nor_mon_norscan_giant_0_ete		-1	monster	3	false	wh_dlc08_nor_mon_norscan_giant_0_ete	8	0	1400	wh_main_shp_transport	1	1	1	5000	1000	very_heavy		0	true	wh_main_vo_culture_Giant	wh_dlc08_nor_giant	4	true	grn_giant		true		4000.0000	0.0000	true	vo_culture_None	false	wh_main_vo_actor_default	0	false	true	2	false	false		0.0000	true	1	false
wh_dlc08_nor_mon_norscan_ice_trolls_0_ete		1	monstrous_infantry	1	false	wh_dlc08_nor_mon_norscan_ice_trolls_0_ete	8	0	4500	wh_main_shp_transport	1	1	18	3350	615	medium		0	true	wh_main_vo_culture_Troll	monstrous_infantry	3	true	grn_troll		false		5000.0000	0.0000	true	vo_culture_None	true	wh_main_vo_actor_default	0	false	false	0	false	false		0.0000	true	1	true
wh_dlc08_nor_mon_skinwolves_1_ete	wh_main_nor_beasts_3	-1	melee_infantry	2	false	wh_dlc08_nor_mon_skinwolves_1_ete	8	0	3000	wh_main_shp_transport	1	1	18	3000	525	heavy		0	true	wh_dlc08_vo_culture_skin_wolf_werekin	wh_dlc08_nor_skin_wolf	3	false	nor_skin_wolves		false		1100.0000	0.0000	true	vo_culture_None	false	wh_main_vo_actor_default	0	true	false	0	false	false		0.0000	true	1	false
wh_dlc08_nor_mon_war_mammoth_ror_1_ete		1	monster	1	false	wh_dlc08_nor_mon_war_mammoth_ror_1_ete	16	0	7600	wh_main_shp_transport	1	1	1	7600	1875	super_heavy		0	true	wh_dlc08_vo_culture_Norsca	nor_mammoth	4	true	nor_war_mammoth		false		3000.0000	0.0000	true	vo_culture_None	true	wh_main_vo_actor_Chaos_Marauder	0	true	false	0	false	false		0.0000	true	1	true
wh_main_brt_art_field_trebuchet_ete		-1	warmachine	3	false	wh_main_brt_art_field_trebuchet_ete	240	0	3000	wh_main_shp_transport	1	1	44	3000	500	very_heavy		0	true	wh_main_vo_culture_Bretonnian	catapult	3	false	emp_soldier_15_degrees		false		450.0000	1800.0000	true	vo_culture_None	false	wh_main_vo_actor_Bretonnian_Infantry	0	true	false	0	false	false		0.0000	true	1	false
wh_main_chs_art_hellcannon_ete		-1	warmachine	3	false	wh_main_chs_art_hellcannon_ete	200	0	4400	wh_main_shp_transport	1	1	44	4400	900	very_heavy		0	true	wh3_dlc23_vo_culture_Chaos_Dwarfs	artillery_cannon	4	false	dwf_warrior_15_degrees		false	composite_scene\porthole\hellcannon_wm_porthole_01.csc	700.0000	2264.0000	true	vo_culture_None	false	wh3_dlc23_vo_actor_Chaos_Dwarf_Units	0	true	false	0	false	false		0.0000	true	3	false
wh_main_chs_cav_chaos_knights_0_ete		-1	melee_cavalry	2	false	wh_main_chs_cav_chaos_knights_0_ete	8	0	3700	wh_main_shp_transport	1	1	60	3700	675	heavy		0	true	wh_main_vo_culture_Chaos	cavalry_axe	4	false	chs_cavalry		false		2000.0000	0.0000	false	vo_culture_None	false	wh_main_vo_actor_Chaos_Infantry	0	true	false	0	false	false		0.0000	true	1	false
wh_main_chs_inf_chaos_warriors_0_ete		-1	melee_infantry	1	false	wh_main_chs_inf_chaos_warriors_0_ete	8	0	3500	wh_main_shp_transport	1	1	100	3500	700	heavy		0	true	wh_main_vo_culture_Chaos	infantry_axe	3	false	chaos_warrior_15_degrees		false		2000.0000	0.0000	false	vo_culture_None	false	wh_main_vo_actor_Chaos_Infantry	0	true	false	0	false	false		0.0000	true	1	false
wh_main_chs_inf_chaos_warriors_1_ete		1	melee_infantry	1	false	wh_main_chs_inf_chaos_warriors_1_ete	8	0	3675	wh_main_shp_transport	1	1	100	3675	725	heavy		0	true	wh_main_vo_culture_Chaos	infantry_sword_great	3	false	chaos_warrior_15_degrees		false		2000.0000	0.0000	false	vo_culture_None	true	wh_main_vo_actor_Chaos_Infantry	0	true	false	0	false	false		0.0000	true	1	true
wh_main_chs_inf_chosen_1_ete		1	melee_infantry	2	false	wh_main_chs_inf_chosen_1_ete	8	0	3500	wh_main_shp_transport	1	1	80	3500	650	heavy		0	true	wh_main_vo_culture_Chaos	infantry_sword_great	4	false	chaos_warrior_30_degrees		false		2000.0000	0.0000	false	vo_culture_None	true	wh_main_vo_actor_Chaos_Infantry	0	true	false	0	false	false		0.0000	true	1	true
wh_main_dwf_art_grudge_thrower_ete		-1	warmachine	3	false	wh_main_dwf_art_grudge_thrower_ete	200	0	2500	wh_main_shp_transport	1	1	32	2500	500	very_heavy		0	true	wh_main_vo_culture_Dwarf	catapult	3	false	dwf_warrior_15_degrees		false		70.0000	630.0000	true	vo_culture_None	false	wh_main_vo_actor_Dwarf_Infantry	0	true	false	0	false	false		0.0000	true	1	false
wh_main_dwf_inf_hammerers_ete		-1	melee_infantry	3	false	wh_main_dwf_inf_hammerers_ete	8	0	1750	wh_main_shp_transport	1	1	100	1750	755	heavy		0	true	wh_main_vo_culture_Dwarf	infantry_hammer_great	4	false	dwf_lord_units		false		1200.0000	0.0000	true	vo_culture_None	false	wh_main_vo_actor_Dwarf_Infantry	0	true	false	0	false	false		0.0000	true	1	false
wh_main_dwf_inf_ironbreakers_ete		-1	melee_infantry	3	false	wh_main_dwf_inf_ironbreakers_ete	8	0	1500	wh_main_shp_transport	1	1	100	1500	685	very_heavy		0	true	wh_main_vo_culture_Dwarf	infantry_axe	4	false	dwf_warrior_15_degrees		false		1150.0000	100.0000	true	vo_culture_None	false	wh_main_vo_actor_Dwarf_Infantry	0	true	false	0	false	false		0.0000	true	1	false
wh_main_dwf_inf_longbeards_ete		-1	melee_infantry	2	false	wh_main_dwf_inf_longbeards_ete	8	0	1585	wh_main_shp_transport	1	1	100	1585	395	heavy		0	true	wh_main_vo_culture_Dwarf	infantry_axe	3	false	dwf_warrior_15_degrees		false		700.0000	0.0000	true	vo_culture_None	false	wh_main_vo_actor_Dwarf_Infantry	0	true	false	0	false	false		0.0000	true	1	false
wh_main_dwf_inf_slayers_ete		-1	melee_infantry	3	false	wh_main_dwf_inf_slayers_ete	8	0	1500	wh_main_shp_transport	1	1	80	1500	700	light		0	true	wh_main_vo_culture_Dwarf	infantry_axe	4	false	dwf_warrior_30_degrees		false		900.0000	0.0000	true	vo_culture_None	false	wh_main_vo_actor_Dwarf_Unique	0	true	false	0	false	false		0.0000	true	1	false
wh_main_dwf_inf_slayers_ete_ror		1	melee_infantry	3	false	wh_main_dwf_inf_slayers_ete_ror	8	0	1500	wh_main_shp_transport	1	1	80	1500	700	light		0	true	wh_main_vo_culture_Dwarf	infantry_axe_dual	4	false	dwf_warrior_30_degrees		false		900.0000	0.0000	true	vo_culture_None	true	wh_main_vo_actor_Dwarf_Unique	0	true	false	0	false	false		0.0000	true	1	true
wh_main_dwf_veh_gyrobomber_ete		-1	warmachine	3	false	wh_main_dwf_veh_gyrobomber_ete	24	0	3450	wh_main_shp_transport	1	1	1	3450	824	heavy		0	true	wh_main_vo_culture_Dwarf	dwf_gyrocopter	4	true	dwf_gyrobomber		false		230.0000	920.0000	false	vo_culture_None	false	wh_main_vo_actor_Dwarf_Unique	0	true	false	0	false	false		0.0000	true	1	false
wh_main_emp_art_helstorm_rocket_battery_ete		-1	warmachine	3	false	wh_main_emp_art_helstorm_rocket_battery_ete	240	0	3250	wh_main_shp_transport	1	1	120	3250	815	medium		0	true	wh_main_vo_culture_Empire	emp_rocket_battery	4	false	emp_soldier_15_degrees		false		250.0000	3210.0000	true	vo_culture_None	false	wh_main_vo_actor_Empire_Infantry	0	true	false	0	false	false		0.0000	true	1	false
wh_main_emp_art_mortar_ete		-1	warmachine	3	false	wh_main_emp_art_mortar_ete	240	0	2000	wh_main_shp_transport	1	1	120	2000	500	medium		0	true	wh_main_vo_culture_Empire	artillery_mortar	3	false	emp_art_mortar		false		250.0000	1770.0000	true	vo_culture_None	false	wh_main_vo_actor_Empire_Infantry	0	true	false	0	false	false		0.0000	true	1	false
wh_main_emp_cav_demigryph_knights_0_ete		-1	monstrous_cavalry	3	false	wh_main_emp_cav_demigryph_knights_0_ete	8	0	2500	wh_main_shp_transport	1	1	32	2500	675	medium		0	true	wh_main_vo_culture_Empire	monstrous_shock_cavalry	4	false	emp_demigryph_knights		false		1400.0000	0.0000	true	vo_culture_None	false	wh_main_vo_actor_Empire_Mounted	0	true	false	0	false	false		0.0000	true	1	false
wh_main_emp_cav_demigryph_knights_0_ror_ete		1	monstrous_cavalry	3	false	wh_main_emp_cav_demigryph_knights_0_ror_ete	8	0	2750	wh_main_shp_transport	1	1	32	3250	700	medium		0	true	wh_main_vo_culture_Empire	monstrous_shock_cavalry	4	false	emp_demigryph_knights		false		1400.0000	0.0000	true	vo_culture_None	true	wh_main_vo_actor_Empire_Mounted	0	true	false	0	false	false		0.0000	true	1	true
wh_main_emp_inf_greatswords_ete		-1	melee_infantry	2	false	wh_main_emp_inf_greatswords_ete	8	0	1300	wh_main_shp_transport	1	1	120	1300	450	medium		0	true	wh_main_vo_culture_Empire	infantry_sword_great	3	false	emp_soldier_30_degrees		false		900.0000	0.0000	false	vo_culture_None	false	wh_main_vo_actor_Empire_Infantry	0	true	false	0	false	false		0.0000	true	1	false
wh_main_emp_inf_greatswords_ror_ete		1	melee_infantry	3	false	wh_main_emp_inf_greatswords_ror_ete	8	0	1500	wh_main_shp_transport	1	1	120	1750	500	medium		0	true	wh_main_vo_culture_Empire	infantry_sword_great	3	false	emp_soldier_30_degrees		false		900.0000	0.0000	false	vo_culture_None	true	wh_main_vo_actor_Empire_Infantry	0	true	false	0	false	false		0.0000	true	1	true
wh_main_emp_inf_swordsmen_ete		-1	melee_infantry	2	false	wh_main_emp_inf_swordsmen_ete	8	0	3500	wh_main_shp_transport	1	1	160	2500	475	medium		0	true	wh_main_vo_culture_Empire	infantry_sword	3	false	emp_general_foot		false		700.0000	0.0000	false	vo_culture_None	false	wh_main_vo_actor_Empire_Infantry	0	true	false	0	false	false		0.0000	true	1	false
wh_main_emp_inf_swordsmen_ror_ete		1	melee_infantry	2	false	wh_main_emp_inf_swordsmen_ror_ete	8	0	3500	wh_main_shp_transport	1	1	160	3000	500	medium		0	true	wh_main_vo_culture_Empire	infantry_sword	3	false	emp_general_foot		false		700.0000	0.0000	false	vo_culture_None	true	wh_main_vo_actor_Empire_Infantry	0	true	false	0	false	false		0.0000	true	1	true
wh_main_emp_veh_steam_tank_ete		-1	chariot	3	false	wh_main_emp_veh_steam_tank_ete	16	0	5000	wh_main_shp_transport	1	1	1	5000	1225	heavy		0	true	wh_main_vo_culture_Empire	emp_steam_tank	4	true	emp_steam_tank		false		1400.0000	3500.0000	true	vo_culture_None	false	wh_main_vo_actor_Empire_Infantry	0	true	false	0	false	false		0.0000	true	1	false
wh_main_grn_art_doom_diver_catapult_ete		-1	warmachine	3	false	wh_main_grn_art_doom_diver_catapult_ete	320	0	5500	wh_main_shp_transport	1	1	44	5500	875	heavy		0	true	wh_main_vo_culture_Goblin	grn_doomdiver	4	false	grn_goblin_15_degrees		false		90.0000	860.0000	true	vo_culture_None	false	wh3_dlc26_vo_actor_Goblin_Unit	0	true	false	0	false	false		0.0000	true	1	false
wh_main_grn_cav_orc_boar_boy_big_uns_ete	wh_main_grn_boss_3	-1	melee_cavalry	3	false	wh_main_grn_cav_orc_boar_boy_big_uns_ete	8	0	2500	wh_main_shp_transport	1	1	60	2500	500	heavy		0	true	wh_main_vo_culture_Orc	wh3_dlc26_grn_cavalry_boar_spear	3	false	grn_orc_boar_rider		false		900.0000	0.0000	false	vo_culture_None	false	wh_main_vo_actor_Orc_Infantry	0	true	false	0	false	false		0.0000	true	1	false
wh_main_grn_cav_orc_boar_boy_big_uns_ror_ete		1	melee_cavalry	2	false	wh_main_grn_cav_orc_boar_boy_big_uns_ror_ete	8	0	2750	wh_main_shp_transport	1	1	60	2750	550	heavy		0	true	wh_main_vo_culture_Orc	shock_cavalry_boar	3	false	grn_orc_boar_rider		false		900.0000	0.0000	false	vo_culture_None	true	wh_main_vo_actor_Orc_Infantry	0	true	false	0	false	false		0.0000	true	1	true
wh_main_grn_cav_savage_orc_boar_boy_big_uns_ete		-1	melee_cavalry	3	false	wh_main_grn_cav_savage_orc_boar_boy_big_uns_ete	8	0	2500	wh_main_shp_transport	1	1	60	2500	500	heavy		0	true	wh_main_vo_culture_Orc	shock_cavalry_boar	3	false	grn_orc_boar_rider		false		1100.0000	0.0000	false	vo_culture_None	false	wh_main_vo_actor_Orc_Infantry	0	true	false	0	false	false		0.0000	true	1	false
wh_main_grn_inf_black_orcs_ete	wh_main_grn_boss_3	-1	melee_infantry	3	false	wh_main_grn_inf_black_orcs_ete	8	0	3500	wh_main_shp_transport	1	1	100	3500	625	heavy		0	true	wh_main_vo_culture_Orc	infantry_axe_great_grn	4	false	grn_orc_0_degrees		false		1100.0000	0.0000	false	vo_culture_None	false	wh3_dlc26_vo_actor_Orc_Black_Orc_Unit	0	true	false	0	false	false		0.0000	true	1	false
wh_main_grn_inf_goblin_spearmen_ete		-1	melee_infantry	2	false	wh_main_grn_inf_goblin_spearmen_ete	8	0	1500	wh_main_shp_transport	1	1	160	1500	285	light		0	true	wh_main_vo_culture_Goblin	wh_dlc06_grn_squig	3	false	grn_snot_wagon		false		300.0000	0.0000	false	vo_culture_None	false	wh_main_vo_actor_Goblin_Infantry	0	true	false	0	false	false		0.0000	true	1	false
wh_main_grn_inf_orc_big_uns_ete	wh_main_grn_boss_2	-1	melee_infantry	3	false	wh_main_grn_inf_orc_big_uns_ete	8	0	2500	wh_main_shp_transport	1	1	100	2500	425	heavy		0	true	wh_main_vo_culture_Orc	infantry_axe_great_grn	4	false	grn_orc_30_degrees		false		750.0000	0.0000	false	vo_culture_None	false	wh_main_vo_actor_Orc_Infantry	0	true	false	0	false	false		0.0000	true	1	false
wh_main_grn_inf_orc_big_uns_ror_ete		1	melee_infantry	2	false	wh_main_grn_inf_orc_big_uns_ror_ete	8	0	3000	wh_main_shp_transport	1	1	100	3000	475	heavy		0	true	wh_main_vo_culture_Orc	infantry_axe_dual	4	false	grn_orc_30_degrees		false		750.0000	0.0000	false	vo_culture_None	true	wh_main_vo_actor_Orc_Infantry	0	true	false	0	false	false		0.0000	true	1	true
wh_main_grn_inf_orc_boyz_ete	wh_main_grn_boss_1	-1	melee_infantry	2	false	wh_main_grn_inf_orc_boyz_ete	8	0	1000	wh_main_shp_transport	1	1	120	1000	250	heavy		0	true	wh_main_vo_culture_Orc	infantry_sword_grn	2	false	grn_orc_30_degrees		false		425.0000	0.0000	false	vo_culture_None	false	wh_main_vo_actor_Orc_Infantry	0	true	false	0	false	false		0.0000	true	1	false
wh_main_grn_inf_savage_orc_big_uns_ete		-1	melee_infantry	3	false	wh_main_grn_inf_savage_orc_big_uns_ete	8	0	2500	wh_main_shp_transport	1	1	100	2500	425	heavy		0	true	wh_main_vo_culture_Orc	wh3_dlc26_grn_infantry_club_dual	4	false	grn_orc_30_degrees		false		850.0000	0.0000	false	vo_culture_None	false	wh_main_vo_actor_Orc_Infantry	0	true	false	0	false	false		0.0000	true	1	false
wh_main_grn_mon_giant_ete		-1	monster	3	false	wh_main_grn_mon_giant_ete	8	0	8000	wh_main_shp_transport	1	1	1	5000	1000	very_heavy		0	true	wh_main_vo_culture_Giant	giant	4	true	grn_giant		false		4000.0000	0.0000	true	vo_culture_None	false	wh_main_vo_actor_default	0	false	true	0	false	false		0.0000	true	1	false
wh_main_grn_mon_trolls_ete		-1	monstrous_infantry	3	false	wh_main_grn_mon_trolls_ete	8	0	4500	wh_main_shp_transport	1	1	16	4500	675	very_heavy		0	true	wh_main_vo_culture_Troll	monstrous_infantry	4	false	grn_troll		false		4000.0000	0.0000	true	vo_culture_None	false	wh_main_vo_actor_default	0	false	false	0	false	false		0.0000	true	1	false
wh_main_vmp_inf_cairn_wraiths_ete		-1	melee_infantry	2	false	wh_main_vmp_inf_cairn_wraiths_ete	8	0	4000	wh_main_shp_transport	1	1	60	3000	515	heavy		0	true	wh_main_vo_culture_Vampire	infantry_sword	3	false	vamp_lord		false		1050.0000	0.0000	false	vo_culture_None	false	wh_main_vo_actor_Vampire_FemaleVamp	0	false	false	0	false	false		0.0000	true	1	false
wh_main_vmp_inf_cairn_wraiths_ete_ror		1	melee_infantry	2	false	wh_main_vmp_inf_cairn_wraiths_ete_ror	8	0	4000	wh_main_shp_transport	1	1	60	3500	565	heavy		0	true	wh_main_vo_culture_Vampire	infantry_sword_dual	3	false	vamp_lord		false		1050.0000	0.0000	false	vo_culture_None	true	wh_main_vo_actor_Vampire_FemaleVamp	0	false	false	0	false	false		0.0000	true	1	true
wh_main_vmp_inf_grave_guard_1_ete	wh_main_vmp_armoury_1	-1	melee_infantry	2	false	wh_main_vmp_inf_grave_guard_1_ete	8	0	1650	wh_main_shp_transport	1	1	120	1650	475	heavy		0	true	wh_main_vo_culture_Skeleton	infantry_sword	3	false	vamp_grave_guard		false		950.0000	0.0000	false	wh_main_vo_culture_Vampire_Creature_Order_Giver	false	wh_main_vo_actor_default	0	false	false	0	false	false		0.0000	true	1	false
wh_main_vmp_mon_vargheists_ete		-1	monstrous_infantry	3	false	wh_main_vmp_mon_vargheists_ete	96	0	4000	wh_main_shp_transport	1	1	16	3800	925	heavy		0	true	wh_main_vo_culture_Var_Creature	monstrous_infantry_flying	3	false	vamp_vargheist		false		1050.0000	0.0000	false	wh_main_vo_culture_Vampire_Creature_Order_Giver	false	wh_main_vo_actor_default	0	false	true	6	false	false		0.0000	true	1	false
wh_pro04_brt_cav_knights_errant_ror_0_ete		1	melee_cavalry	1	false	wh_pro04_brt_cav_knights_errant_ror_0_ete	8	0	1650	wh_main_shp_transport	1	1	60	1650	615	very_heavy		0	true	wh_main_vo_culture_Bretonnian	shock_cavalry	2	false	emp_reiksguard		false		900.0000	0.0000	true	vo_culture_None	true	wh_main_vo_actor_Bretonnian_Knight	0	true	false	0	false	false		0.0000	true	1	true
wh_pro04_brt_cav_questing_knights_ror_0_ete		1	melee_cavalry	1	false	wh_pro04_brt_cav_questing_knights_ror_0_ete	8	0	1850	wh_main_shp_transport	1	1	60	1850	815	very_heavy		0	true	wh_main_vo_culture_Bretonnian	cavalry	3	false	emp_reiksguard		false		1450.0000	0.0000	true	vo_culture_None	true	wh_main_vo_actor_Bretonnian_Knight	0	true	false	0	false	false		0.0000	true	1	true
wh_pro04_brt_inf_battle_pilgrims_ror_0_ete		1	melee_infantry	1	false	wh_pro04_brt_inf_battle_pilgrims_ror_0_ete	8	0	1650	wh_main_shp_transport	1	1	120	1650	700	medium		0	true	wh_main_vo_culture_Bretonnian	infantry_sword	4	false	emp_soldier_15_degrees		false		800.0000	0.0000	false	vo_culture_None	true	wh_main_vo_actor_Bretonnian_Infantry	0	true	false	0	false	false		0.0000	true	1	true
wh_pro04_brt_inf_foot_squires_ror_0_ete		1	melee_infantry	1	false	wh_pro04_brt_inf_foot_squires_ror_0_ete	8	0	1400	wh_main_shp_transport	1	1	120	1400	450	medium		0	true	wh_main_vo_culture_Bretonnian	infantry_sword_great	3	false	emp_soldier_15_degrees		false		950.0000	0.0000	false	vo_culture_None	true	wh_main_vo_actor_Bretonnian_Infantry	0	true	false	0	false	false		0.0000	true	1	true
wh_pro04_bst_inf_bestigor_herd_ror_0_ete		1	melee_infantry	1	false	wh_pro04_bst_inf_bestigor_herd_ror_0_ete	8	0	1250	wh_main_shp_transport	1	1	80	0	0	heavy		0	true	wh_dlc03_vo_culture_Beastmen	wh2_dlc10_def_whip_infantry	3	false	bst_gor_15		false		1300.0000	0.0000	true	vo_culture_None	true	wh_dlc03_vo_actor_Beastmen_Gor	0	true	false	0	false	false		0.0000	true	1	true
wh_pro04_bst_inf_centigors_ror_0_ete		1	melee_cavalry	1	false	wh_pro04_bst_inf_centigors_ror_0_ete	8	1	2000	wh_main_shp_transport	1	1	80	0	0	heavy		0	true	wh_dlc03_vo_culture_Beastmen	wh_dlc03_bst_centigor	3	false	bst_centigor_40_degrees		false		1250.0000	0.0000	false	vo_culture_None	true	wh_dlc03_vo_actor_Beastmen_Gor	0	true	false	1	false	false		0.0000	true	1	true
wh_pro04_bst_inf_gor_herd_ror_0_ete		1	melee_infantry	1	false	wh_pro04_bst_inf_gor_herd_ror_0_ete	8	0	2050	wh_main_shp_transport	1	1	80	0	0	heavy		0	true	wh_dlc03_vo_culture_Beastmen	infantry_axe	3	false	bst_gor_30		false		750.0000	0.0000	false	vo_culture_None	true	wh_dlc03_vo_actor_Beastmen_Gor	0	true	false	0	false	false		0.0000	true	1	true
wh_pro04_bst_inf_minotaurs_ror_0_ete		1	monstrous_infantry	1	false	wh_pro04_bst_inf_minotaurs_ror_0_ete	8	0	3300	wh_main_shp_transport	1	1	160	0	0	heavy		0	true	wh_dlc03_vo_culture_Minotaur	monstrous_infantry	4	false	bst_minotaur_15		false		1600.0000	0.0000	true	vo_culture_None	true	wh_main_vo_actor_default	0	false	true	0	false	false		0.0000	true	1	true
wh_pro04_chs_art_hellcannon_ror_0_ete		1	warmachine	1	false	wh_pro04_chs_art_hellcannon_ror_0_ete	200	0	4800	wh_main_shp_transport	1	1	44	4800	1100	very_heavy		0	true	wh3_dlc23_vo_culture_Chaos_Dwarfs	artillery_cannon	4	false	dwf_warrior_15_degrees		false	composite_scene\porthole\chs_hellcannon_ror_porthole_01.csc	700.0000	4000.0000	true	vo_culture_None	true	wh3_dlc23_vo_actor_Chaos_Dwarf_Units	0	true	false	0	false	false		0.0000	true	1	true
wh_pro04_chs_inf_forsaken_ror_0_ete		1	melee_infantry	1	false	wh_pro04_chs_inf_forsaken_ror_0_ete	8	0	2250	wh_main_shp_transport	1	1	80	2250	385	heavy		0	true	wh_dlc01_vo_culture_Chaos_Forsaken	chaos_forsaken	2	false	emp_theodore_bruckner		false		2000.0000	0.0000	false	vo_culture_None	true	wh_main_vo_actor_default	0	false	false	0	false	false		0.0000	true	1	true
wh_pro04_chs_mon_dragon_ogre_ror_0_ete		1	monstrous_infantry	1	false	wh_pro04_chs_mon_dragon_ogre_ror_0_ete	8	0	1850	wh_main_shp_transport	1	1	8	7000	1875	heavy		0	true	wh_dlc01_vo_culture_Dragon_Ogre	chs_dragon_ogre_shaggoth	5	false	chaos_dragon_ogre		false		6800.0000	0.0000	true	vo_culture_None	true	wh_main_vo_actor_default	0	false	true	0	false	false		0.0000	true	1	true
wh_pro04_nor_mon_fimir_ror_0_ete		1	monstrous_infantry	1	false	wh_pro04_nor_mon_fimir_ror_0_ete	8	1	4500	wh_main_shp_transport	1	1	12	4000	550	heavy		0	true	wh_dlc08_vo_culture_Norsca	wh3_dlc26_monstrous_infantry_magical	3	false	nor_fimir		false		1450.0000	0.0000	true	vo_culture_None	true	wh_dlc08_vo_actor_Norsca_Fimir_Balefiend	0	true	false	0	false	false		0.0000	true	1	true
wh_pro04_nor_mon_skinwolves_ror_0_ete		1	melee_infantry	1	false	wh_pro04_nor_mon_skinwolves_ror_0_ete	8	0	3350	wh_main_shp_transport	1	1	18	3350	575	heavy		0	true	wh_dlc08_vo_culture_skin_wolf_werekin	wh_dlc08_nor_skin_wolf	3	false	nor_skin_wolves		false		1500.0000	0.0000	true	vo_culture_None	true	wh_main_vo_actor_default	0	true	false	0	false	false		0.0000	true	1	true
wh_pro04_wef_inf_eternal_guard_ror_0_ete		1	melee_infantry	1	false	wh_pro04_wef_inf_eternal_guard_ror_0_ete	8	0	4000	wh_main_shp_transport	1	1	140	3000	515	medium		0	true	wh_dlc05_vo_culture_Wood_Elves	infantry_sword	3	false	bret_fay_enchantress		false		800.0000	0.0000	false	wh_dlc05_vo_culture_Wood_Elves	true	wh2_dlc16_vo_actor_Wood_Elves_SpellWeaver	0	true	false	0	false	false		0.0000	true	1	true
