unit	additional_building_requirement	campaign_cap	caste	create_time	is_naval	land_unit	num_men	multiplayer_cap	multiplayer_cost	naval_unit	num_ships	min_men_per_ship	max_men_per_ship	recruitment_cost	upkeep_cost	weight	resource_requirement	special_edition_mask	in_encyclopedia	audio_voiceover_culture	ui_unit_group_land	tier	is_high_threat	porthole_camera	mount	use_hitpoints_in_campaign	porthole_composite_scene	melee_cp	missile_cp	can_siege	audio_voiceover_culture_override	restrict_xp_gain_in_campaign	audio_voiceover_actor_group	food_cost	has_spoken_vo	is_monstrous	multiplayer_qb_cap	vo_is_dragon	vo_is_dinosaur	optional_ui_element	barrier_health	can_be_bribed	point_allowance_weight	is_renown
#main_units_tables;7;db/main_units_tables/!!!!!!!2xunitsize_compat_jvj_kadon_6_
kadon_bind_ancient_salamander		-1	monster	1	false	kadon_bind_ancient_salamander	1	0	1050	wh_main_shp_transport	1	1	1	1050	0	heavy		0	true	wh2_dlc12_vo_culture_Ancient_Salamander	wh2_dlc17_lzd_salamander_ancient	3	true	liz_salamander_hunting_pack		true		300.0000	750.0000	true	vo_culture_None	false	wh_main_vo_actor_default	0	false	true	2	false	true		0.0000	true	1	false
kadon_bind_animated_hulks		-1	monstrous_infantry	1	false	kadon_bind_animated_hulks	32	0	500	wh_main_shp_transport	1	1	16	750	0	heavy		0	true	wh2_dlc11_vo_culture_Animated_Hulk	monstrous_infantry	2	false	cst_animated_hulks		false		750.0000	0.0000	true	vo_culture_None	false	wh_main_vo_actor_default	0	false	false	6	false	false		0.0000	true	1	false
kadon_bind_arcane_phoenix		-1	monster	2	false	kadon_bind_arcane_phoenix	1	0	0	wh_main_shp_transport	1	1	1	0	0	heavy		0	true	wh2_main_vo_culture_Phoenix	wh2_dlc15_hef_phoenix_arcane	4	true	hef_phoenix		true		1850.0000	0.0000	false	wh2_main_vo_culture_High_Elves	false	wh_main_vo_actor_default	0	false	true	3	false	false		0.0000	true	1	false
kadon_bind_bale_taurus		-1	monster	2	false	kadon_bind_bale_taurus	1	0	1700	wh_main_shp_transport	1	1	1	1700	0	heavy		0	true	wh3_dlc23_vo_culture_Chd_Bale_Taurus	chd_bale_taurus	4	true	chd_bale_taurus		true		1700.0000	0.0000	true	vo_culture_None	false	wh_main_vo_actor_default	0	false	true	3	false	false		0.0000	true	1	false
kadon_bind_basilisk		1	monster	2	false	kadon_bind_basilisk	1	0	1600	wh_main_shp_transport	1	1	1	0	0	heavy		0	true	wh3_dlc29_vo_culture_Basilisk	wh3_dlc29_chs_basilisk	4	true	wh3_dlc29_liz_basilisk		true		1600.0000	0.0000	true	vo_culture_None	false	wh_main_vo_actor_default	0	false	true	2	false	true		0.0000	true	1	false
kadon_bind_bastiladon		-1	monster	2	false	kadon_bind_bastiladon	1	0	650	wh_main_shp_transport	1	1	1	650	0	heavy		0	true	wh2_main_vo_culture_Bastiladon	wh2_dlc17_lzd_bastiladon	2	true	liz_bastiladon		true		775.0000	0.0000	true	vo_culture_None	false	wh_main_vo_actor_default	0	false	true	3	false	true		0.0000	true	1	false
kadon_bind_beast_of_nurgle		-1	monster	1	false	kadon_bind_beast_of_nurgle	1	0	800	wh_main_shp_transport	1	1	1	800	0	heavy		0	true	wh3_main_vo_culture_Beast_Of_Nurgle	wh3_main_nur_beast_of_nurgle	2	true	nur_beast_of_nurgle		true		600.0000	0.0000	true	vo_culture_None	false	wh_main_vo_actor_default	0	false	true	3	false	true		0.0000	true	1	false
kadon_bind_bile_trolls		-1	monstrous_infantry	1	false	kadon_bind_bile_trolls	32	0	1050	wh_main_shp_transport	1	1	16	1050	0	very_heavy		0	true	wh_main_vo_culture_Troll	monstrous_infantry	3	false	wh3_dlc25_nur_bile_trolls		false		1050.0000	0.0000	true	vo_culture_None	false	wh_main_vo_actor_default	0	false	false	6	false	false		0.0000	true	1	false
kadon_bind_black_dragon		-1	monster	3	false	kadon_bind_black_dragon	1	0	0	wh_main_shp_transport	1	1	1	0	0	heavy		0	true	wh2_main_vo_culture_Black_Dragon	dragon	4	true	hef_dragon		true		2100.0000	0.0000	true	wh2_main_vo_culture_Dark_Elves	false	wh_main_vo_actor_default	0	false	true	2	true	false		0.0000	true	1	false
kadon_bind_bloated_corpse		-1	monster	1	false	kadon_bind_bloated_corpse	1	0	350	wh_main_shp_transport	1	1	1	400	0	heavy		0	true	wh2_dlc11_vo_culture_Bloated_Corpse	wh2_dlc11_cst_exploding_monster	1	true	cst_bloated_corpse		true		400.0000	0.0000	true	vo_culture_None	false	wh_main_vo_actor_default	0	false	true	4	false	false		0.0000	true	1	false
kadon_bind_blood_vultures		-1	war_beast	1	false	kadon_bind_blood_vultures	96	0	500	wh_main_shp_transport	1	1	48	500	0	heavy		0	true	wh3_dlc26_vo_culture_Blood_Vulture	wh2_dlc09_tmb_carrion	2	false	wh3_dlc26_ogr_blood_vulture		false		500.0000	0.0000	false	vo_culture_None	false	wh_main_vo_actor_default	0	false	true	0	false	false		0.0000	true	1	false
kadon_bind_bloodbeasts_of_khorne		-1	monstrous_infantry	2	false	kadon_bind_bloodbeasts_of_khorne	32	0	1100	wh_main_shp_transport	1	1	16	1100	0	heavy		0	true	wh3_dlc26_vo_culture_bloodbeast	kho_bloodbeast_of_khorne	3	true	wh3_dlc26_kho_bloodbeasts_of_khorne		false		1100.0000	0.0000	true	vo_culture_None	false	wh_main_vo_actor_default	0	false	true	0	false	false		0.0000	true	1	false
kadon_bind_bloodthirster		-1	monster	3	false	kadon_bind_bloodthirster	1	0	2000	wh_main_shp_transport	1	1	1	2000	0	heavy		0	false	wh3_main_vo_culture_Khorne	wh3_main_kho_bloodthirster	5	true	kho_general_15_degrees		true		2000.0000	0.0000	true	vo_culture_None	false	wh3_main_vo_actor_Khorne_Bloodthirster_Unit	0	false	true	1	false	false		0.0000	true	1	false
kadon_bind_bloodwrack_medusa		-1	monster	2	false	kadon_bind_bloodwrack_medusa	1	0	1300	wh_main_shp_transport	1	1	1	1300	0	heavy		0	true	wh2_main_vo_culture_Dark_Elves	wh2_dlc14_def_monster_medusa	3	true	def_medusa		true		500.0000	900.0000	true	vo_culture_None	false	wh2_dlc14_vo_actor_Dark_Elf_Bloodwrack_Medusa	0	true	true	3	false	false		0.0000	true	1	false
kadon_bind_bone_giant		0	monster	2	false	kadon_bind_bone_giant	1	0	1600	wh_main_shp_transport	1	1	1	0	0	very_heavy		0	true	wh2_pro06_vo_culture_Bone_Giant	wh2_dlc10_tmb_bone_giant	4	true	tmb_bone_giant		true		420.0000	1280.0000	true	vo_culture_None	false	wh_main_vo_actor_default	0	false	true	2	false	false		0.0000	true	1	false
kadon_bind_brood_horror		-1	monster	2	false	kadon_bind_brood_horror	1	0	1050	wh_main_shp_transport	1	1	1	1100	0	medium		0	true	wh2_dlc16_vo_culture_Brood_Horror	wh2_dlc16_skv_brood_horror	3	true	skv_brood_horror		true		1100.0000	0.0000	true	vo_culture_None	false	wh_main_vo_actor_default	0	false	true	0	false	false		0.0000	true	1	false
kadon_bind_carnosaur		-1	monster	3	false	kadon_bind_carnosaur	1	0	0	wh_main_shp_transport	1	1	1	0	0	heavy		0	true	wh2_main_vo_culture_Carnosaur	wh2_dlc17_lzd_carnosaur	4	true	liz_carnosaur		true		1500.0000	0.0000	true	vo_culture_None	false	wh_main_vo_actor_default	0	false	true	2	false	true		0.0000	true	1	false
kadon_bind_carrion		0	war_beast	1	false	kadon_bind_carrion	48	0	350	wh_main_shp_transport	1	1	24	0	0	heavy		0	true	wh2_dlc09_vo_culture_Carrion	wh2_dlc09_tmb_carrion	1	false	tmb_carrion		false		350.0000	0.0000	false	vo_culture_None	false	wh_main_vo_actor_default	0	false	false	6	false	false		0.0000	true	1	false
kadon_bind_cave_bats		-1	war_beast	1	false	kadon_bind_cave_bats	120	0	350	wh_main_shp_transport	1	1	80	350	0	heavy		0	true	wh_main_vo_culture_Fell_Bat	vmp_fell_bats	1	false	vamp_fell_bat		false		375.0000	0.0000	false	wh_main_vo_culture_Vampire_Creature_Order_Giver	false	wh_main_vo_actor_default	0	false	false	6	false	false		0.0000	true	1	false
kadon_bind_celestial_lion		-1	monster	1	false	kadon_bind_celestial_lion	1	0	1300	wh_main_shp_transport	1	1	1	1300	0	heavy		0	true	wh3_dlc24_vo_culture_celestial_lion	wh3_dlc24_mon_celestial_lion	3	true	wh3_dlc24_cth_mon_celestial_lion		true		1300.0000	0.0000	true	vo_culture_None	false	wh_main_vo_actor_default	0	true	true	3	false	false		0.0000	true	1	false
kadon_bind_chaos_dragon		-1	monster	1	false	kadon_bind_chaos_dragon	1	0	0	wh_main_shp_transport	1	1	1	0	0	heavy		0	false	wh_dlc08_vo_culture_frost_wyrm	wh_dlc08_nor_frost_wyrm	0	true	nor_frost_wyrm		true		2300.0000	0.0000	true	vo_culture_None	true	wh_main_vo_actor_default	0	true	false	0	true	false		0.0000	true	1	false
kadon_bind_chaos_furies		-1	monstrous_infantry	1	false	kadon_bind_chaos_furies	120	0	600	wh_main_shp_transport	1	1	40	500	0	medium		0	true	wh3_main_vo_culture_Fury	wh_dlc05_bst_harpies	2	false	furies		false		600.0000	0.0000	false	vo_culture_None	false	wh_main_vo_actor_default	0	true	false	6	false	false		0.0000	true	1	false
kadon_bind_chaos_siege_giant		-1	monster	2	false	kadon_bind_chaos_siege_giant	1	0	2000	wh_main_shp_transport	1	1	1	2000	0	very_heavy		0	true	wh_main_vo_culture_Giant	wh3_dlc29_chs_chaos_siege_giant	5	true	grn_giant		true		2000.0000	0.0000	true	vo_culture_None	false	wh_main_vo_actor_default	0	false	true	2	false	false		0.0000	true	1	false
kadon_bind_chaos_spawn		-1	monstrous_infantry	1	false	kadon_bind_chaos_spawn	32	0	0	wh_main_shp_transport	1	1	16	0	0	heavy		0	true	wh_dlc03_vo_culture_Spawn	chaos_spawn	3	false	chaos_spawn		false		950.0000	0.0000	true	vo_culture_None	false	wh_main_vo_actor_default	0	false	false	0	false	false		0.0000	true	1	false
kadon_bind_chaos_warhounds		-1	war_beast	1	false	kadon_bind_chaos_warhounds	160	0	0	wh_main_shp_transport	1	1	80	0	0	heavy		0	true	wh_main_vo_culture_Dire_Wolves_WarHound	war_beast	1	false	vamp_dire_wolf		false		400.0000	0.0000	false	wh_main_vo_culture_Vampire_Creature_Order_Giver	false	wh_main_vo_actor_default	0	false	false	6	false	false		0.0000	true	1	false
kadon_bind_chimera		1	monster	2	false	kadon_bind_chimera	1	0	1500	wh_main_shp_transport	1	1	1	0	0	heavy		0	true	wh3_dlc27_vo_culture_Chimera	wh3_dlc27_nor_chimera	4	true	wh3_dlc27_chimera		true		1500.0000	0.0000	true	vo_culture_None	false	wh_main_vo_actor_default	0	false	true	1	false	false		0.0000	true	1	false
kadon_bind_chs_trolls		-1	monstrous_infantry	2	false	kadon_bind_chs_trolls	32	0	0	wh_main_shp_transport	1	1	16	0	0	heavy		0	true	wh_main_vo_culture_Troll	monstrous_infantry	2	false	grn_troll		false		800.0000	0.0000	true	vo_culture_None	false	wh_main_vo_actor_default	0	false	false	6	false	false		0.0000	true	1	false
kadon_bind_coatl		-1	monster	2	false	kadon_bind_coatl	1	0	1700	wh_main_shp_transport	1	1	1	1850	0	heavy		0	true	wh2_dlc17_vo_culture_Coatl	wh2_dlc17_lzd_coatl	4	true	liz_coatl		true		1850.0000	0.0000	true	vo_culture_None	false	wh_main_vo_actor_default	0	false	true	2	false	false		0.0000	true	1	false
kadon_bind_cockatrice		1	monster	2	false	kadon_bind_cockatrice	1	0	1050	wh_main_shp_transport	1	1	1	0	0	heavy		0	true	wh3_dlc24_vo_culture_cockatrice	wh3_dlc24_cockatrice	3	true	cockatrice		true		1300.0000	0.0000	true	vo_culture_None	false	wh_main_vo_actor_default	0	false	true	1	false	false		0.0000	true	1	false
kadon_bind_cold_ones		-1	melee_cavalry	1	false	kadon_bind_cold_ones	64	0	0	wh_main_shp_transport	1	1	32	0	0	heavy		0	true	wh2_main_vo_culture_Cold_One	wh2_main_cold_one	1	false	liz_feral_cold_ones		false		500.0000	0.0000	false	vo_culture_None	false	wh_main_vo_actor_group_sound	0	false	false	6	false	false		0.0000	true	1	false
kadon_bind_colossal_squig		-1	monster	2	false	kadon_bind_colossal_squig	1	0	1500	wh_main_shp_transport	1	1	1	1500	0	medium		0	true	wh3_dlc26_vo_culture_Colossal_Squig	wh3_dlc26_grn_mon_colossal_squig	4	true	wh3_dlc26_grn_colossal_squig		true		1600.0000	0.0000	true	vo_culture_None	false	wh_main_vo_actor_default	0	false	true	0	false	false		0.0000	true	1	false
kadon_bind_crypt_horrors		-1	monstrous_infantry	1	false	kadon_bind_crypt_horrors	32	0	900	wh_main_shp_transport	1	1	16	800	0	heavy		0	true	wh_main_vo_culture_Crypt_Horror	monstrous_infantry	2	false	vamp_crypt_horror		false		800.0000	0.0000	true	wh_main_vo_culture_Vampire_Creature_Order_Giver	false	wh_main_vo_actor_default	0	false	false	6	false	false		0.0000	true	1	false
kadon_bind_cursd_ettin		-1	monster	2	false	kadon_bind_cursd_ettin	1	0	1500	wh_main_shp_transport	1	1	1	1500	0	very_heavy		0	true	wh_dlc08_vo_culture_Norsca	wh3_dlc27_nor_ettin	4	true	wh3_dlc27_nor_ettin		true		1500.0000	0.0000	true	vo_culture_None	false	wh3_dlc27_vo_actor_Norsca_Cursd_Ettin_Unit	0	true	true	2	false	false		0.0000	true	1	false
kadon_bind_cygor		-1	missile_infantry	2	false	kadon_bind_cygor	1	0	0	wh_main_shp_transport	1	1	1	0	0	very_heavy		0	true	wh_dlc03_vo_culture_Beastmen_Cygor	wh_dlc03_bst_cygor	3	true	bst_cygor		true		750.0000	800.0000	true	vo_culture_None	false	wh_main_vo_actor_default	0	false	false	0	false	false		0.0000	true	1	false
kadon_bind_dire_wolves		-1	war_beast	1	false	kadon_bind_dire_wolves	160	0	475	wh_main_shp_transport	1	1	80	500	0	heavy		0	true	wh_main_vo_culture_Dire_Wolves_WarHound	war_beast	2	false	vamp_dire_wolf		false		500.0000	0.0000	false	wh_main_vo_culture_Vampire_Creature_Order_Giver	false	wh_main_vo_actor_default	0	false	false	6	false	false		0.0000	true	1	false
kadon_bind_dragon_ogre		-1	monstrous_infantry	2	false	kadon_bind_dragon_ogre	32	0	0	wh_main_shp_transport	1	1	16	0	0	heavy		0	true	wh_dlc01_vo_culture_Dragon_Ogre	chs_dragon_ogres	4	false	chaos_dragon_ogre		false		1550.0000	0.0000	true	vo_culture_None	false	wh_main_vo_actor_default	0	false	true	6	false	false		0.0000	true	1	false
kadon_bind_dragon_ogre_shaggoth		-1	monster	3	false	kadon_bind_dragon_ogre_shaggoth	1	0	2000	wh_main_shp_transport	1	1	1	2000	0	super_heavy		0	true	wh_dlc01_vo_culture_Dragon_Ogre	chs_dragon_ogre_shaggoth	5	true	chaos_dragon_ogre		true		2000.0000	0.0000	true	vo_culture_None	false	wh_main_vo_actor_default	0	false	true	2	false	false		0.0000	true	1	false
kadon_bind_dread_maw		-1	monster	2	false	kadon_bind_dread_maw	1	0	1100	wh_main_shp_transport	1	1	1	1100	0	heavy		0	true	wh3_dlc27_vo_culture_Dreadmaw	wh3_dlc27_nor_dread_maw	3	true	wh3_dlc27_nor_mon_dread_maw		true	composite_scene\porthole\dread_maw_porthole.csc	1000.0000	0.0000	true	vo_culture_None	false	wh_main_vo_actor_default	0	false	true	2	false	false		0.0000	true	1	false
kadon_bind_dread_saurian		0	monster	3	false	kadon_bind_dread_saurian	1	0	0	wh_main_shp_transport	1	1	1	0	0	heavy		0	true	wh2_dlc13_vo_culture_Dread_Saurian	wh2_dlc17_lzd_dread_saurian	5	true	liz_dread_saurian		true		2400.0000	0.0000	true	vo_culture_None	false	wh_main_vo_actor_default	0	false	true	2	false	true		0.0000	true	1	false
kadon_bind_elemental_bear		-1	monster	3	false	kadon_bind_elemental_bear	1	0	1800	wh_main_shp_transport	1	1	1	1800	0	super_heavy		0	true	wh3_main_vo_culture_Elemental_Bear	wh3_ksl_elemental_bear	4	true	ksl_elemental_bear		true		1800.0000	0.0000	true	vo_culture_None	false	wh_main_vo_actor_default	0	true	true	1	false	false		0.0000	true	1	false
kadon_bind_exalted_flamer		-1	monster	2	false	kadon_bind_exalted_flamer	1	0	1300	wh_main_shp_transport	1	1	1	1300	0	very_heavy		0	true	wh3_main_vo_culture_Flamer	wh3_main_tze_exalted_flamer	3	true	tze_flamers		true		200.0000	900.0000	false	vo_culture_None	false	wh_main_vo_actor_default	0	false	false	6	false	false		0.0000	true	1	false
kadon_bind_fell_bats		-1	war_beast	1	false	kadon_bind_fell_bats	120	0	350	wh_main_shp_transport	1	1	80	350	0	heavy		0	true	wh_main_vo_culture_Fell_Bat	vmp_fell_bats	1	false	vamp_fell_bat		false		375.0000	0.0000	false	wh_main_vo_culture_Vampire_Creature_Order_Giver	false	wh_main_vo_actor_default	0	false	false	6	false	false		0.0000	true	1	false
kadon_bind_feral_bears		-1	war_beast	1	false	kadon_bind_feral_bears	32	0	850	wh_main_shp_transport	1	1	16	850	0	medium		0	false	wh3_main_vo_culture_Kislev	wh3_main_monster_feral_bear	2	false	ksl_feral_war_bear		false		650.0000	0.0000	false	vo_culture_None	false	wh_main_vo_actor_default	0	false	false	0	false	false		0.0000	true	1	false
kadon_bind_fiends_of_slaanesh		-1	monstrous_infantry	2	false	kadon_bind_fiends_of_slaanesh	32	0	1325	wh_main_shp_transport	1	1	16	1325	0	heavy		0	true	wh3_main_vo_culture_Fiend_Of_Slaanesh	wh3_main_sla_fiend	3	false	sla_fiends		false		1300.0000	0.0000	true	vo_culture_None	false	wh_main_vo_actor_default	0	false	true	6	false	false		0.0000	true	1	false
kadon_bind_fimir		-1	monstrous_infantry	2	false	kadon_bind_fimir	32	0	0	wh_main_shp_transport	1	1	12	0	0	heavy		0	true	wh_dlc08_vo_culture_Norsca	wh3_dlc26_monstrous_infantry_magical	3	false	nor_fimir		false		1200.0000	0.0000	true	vo_culture_None	false	wh_dlc08_vo_actor_Norsca_Fimir_Balefiend	0	true	false	6	false	false		0.0000	true	1	false
kadon_bind_flamers_of_tzeentch		-1	monstrous_infantry	1	false	kadon_bind_flamers_of_tzeentch	24	0	800	wh_main_shp_transport	1	1	16	800	0	very_heavy		0	true	wh3_main_vo_culture_Flamer	wh3_main_tze_flamer	2	false	tze_flamers		false		150.0000	700.0000	false	vo_culture_None	false	wh_main_vo_actor_default	0	false	false	6	false	false		0.0000	true	1	false
kadon_bind_flamespyre_phoenix		-1	monster	2	false	kadon_bind_flamespyre_phoenix	1	0	1350	wh_main_shp_transport	1	1	1	1400	0	heavy		0	true	wh2_main_vo_culture_Phoenix	wh2_main_hef_phoenix_fire	3	true	hef_phoenix		true		1400.0000	0.0000	false	wh2_main_vo_culture_High_Elves	false	wh_main_vo_actor_default	0	false	true	3	false	false		0.0000	true	1	false
kadon_bind_flesh_hounds_of_khorne		-1	war_beast	1	false	kadon_bind_flesh_hounds_of_khorne	64	0	750	wh_main_shp_transport	1	1	40	750	0	medium		0	true	wh3_main_vo_culture_Fleshhound	war_beast	2	false	kho_flesh_hounds		false		750.0000	0.0000	false	vo_culture_None	false	wh_main_vo_actor_default	0	false	false	6	false	false		0.0000	true	1	false
kadon_bind_forest_dragon		-1	monster	2	false	kadon_bind_forest_dragon	1	0	0	wh_main_shp_transport	1	1	1	0	0	heavy		0	true	wh_dlc05_vo_culture_Forest_Dragon	dragon	4	true	hef_dragon		true		1800.0000	0.0000	true	vo_culture_None	false	wh_main_vo_actor_default	0	false	true	2	true	false		0.0000	true	1	false
kadon_bind_frost_wyrm		-1	monster	3	false	kadon_bind_frost_wyrm	1	0	0	wh_main_shp_transport	1	1	1	0	0	very_heavy		0	true	wh_dlc08_vo_culture_frost_wyrm	wh_dlc08_nor_frost_wyrm	4	true	nor_frost_wyrm		true		1500.0000	0.0000	true	wh_main_vo_culture_Chaos	false	wh_main_vo_actor_default	0	true	false	2	false	false		0.0000	true	1	false
kadon_bind_frostheart_phoenix		-1	monster	3	false	kadon_bind_frostheart_phoenix	1	0	1650	wh_main_shp_transport	1	1	1	1650	0	heavy		0	true	wh2_main_vo_culture_Phoenix	wh2_main_hef_phoenix_frost	4	true	hef_phoenix		true		1650.0000	0.0000	false	wh2_main_vo_culture_High_Elves	false	wh_main_vo_actor_default	0	false	true	2	false	false		0.0000	true	1	false
kadon_bind_ghorgon		1	monster	3	false	kadon_bind_ghorgon	1	0	2000	wh_main_shp_transport	1	1	1	0	0	very_heavy		0	true	wh2_dlc17_vo_culture_Ghorgon	wh2_dlc17_bst_ghorgon	5	true	bst_ghorgon		true		2000.0000	0.0000	true	vo_culture_None	false	wh_main_vo_actor_default	0	false	false	1	false	false		0.0000	true	1	false
kadon_bind_giant		-1	monster	2	false	kadon_bind_giant	1	0	0	wh_main_shp_transport	1	1	1	0	0	very_heavy		0	true	wh_main_vo_culture_Giant	giant	3	true	grn_giant		true		1500.0000	0.0000	true	vo_culture_None	false	wh_main_vo_actor_default	0	false	true	2	false	false		0.0000	true	1	false
kadon_bind_giant_spined_chaos_beast		1	monster	2	false	kadon_bind_giant_spined_chaos_beast	1	0	1350	wh_main_shp_transport	1	1	1	0	0	heavy		0	true	wh3_dlc29_vo_culture_Spined_Chaos_Beast	wh3_dlc29_chs_giant_spined_chaos_beast	3	true	wh3_dlc29_chs_mon_giant_spined_chaos_beast		true		1350.0000	0.0000	true	vo_culture_None	false	wh_main_vo_actor_default	0	false	true	3	false	false		0.0000	true	1	false
kadon_bind_giant_wolves		-1	war_beast	1	false	kadon_bind_giant_wolves	96	0	650	wh_main_shp_transport	1	1	40	650	0	medium		0	true	wh_main_vo_culture_Dire_Wolves_WarHound	war_beast	2	false	vamp_dire_wolf		false		650.0000	0.0000	false	wh_main_vo_culture_Vampire_Creature_Order_Giver	false	wh_main_vo_actor_default	0	false	false	6	false	false		0.0000	true	1	false
kadon_bind_great_cave_squigs		-1	monstrous_cavalry	2	false	kadon_bind_great_cave_squigs	32	0	1450	wh_main_shp_transport	1	1	16	1450	0	medium		0	false	wh_dlc06_vo_culture_Squig	wh_dlc06_grn_squig	4	true	grn_squig_herd		false		1450.0000	0.0000	false	vo_culture_None	false	wh_main_vo_actor_group_sound	0	false	false	2	false	false		0.0000	true	1	false
kadon_bind_great_eagle		-1	monster	1	false	kadon_bind_great_eagle	1	0	0	wh_main_shp_transport	1	1	1	0	0	medium		0	true	wh_main_vo_culture_Eagle	wh_dlc05_wef_great_eagle	2	true	wef_great_eagle		true		750.0000	0.0000	false	vo_culture_None	false	wh_main_vo_actor_default	0	false	false	3	false	false		0.0000	true	1	false
kadon_bind_great_hawks		-1	monster	1	false	kadon_bind_great_hawks	48	0	800	wh_main_shp_transport	1	1	24	800	0	heavy		0	false	wh_main_vo_culture_Eagle	wh2_dlc16_wef_hawks	2	false	wef_great_eagle		false		800.0000	0.0000	false	vo_culture_None	false	wh_main_vo_actor_default	0	false	true	6	false	false		0.0000	true	1	false
kadon_bind_great_moon_bird		-1	monster	2	false	kadon_bind_great_moon_bird	1	0	1500	wh_main_shp_transport	1	1	1	1600	0	heavy		0	true	wh2_main_vo_culture_Phoenix	wh3_dlc24_mon_great_moon_bird	4	true	wh3_dlc24_cth_mon_great_moon_bird		true		1600.0000	0.0000	true	wh3_main_vo_culture_Cathay	false	wh_main_vo_actor_default	0	false	true	3	false	false		0.0000	true	1	false
kadon_bind_great_taurus		-1	monster	1	false	kadon_bind_great_taurus	1	0	1100	wh_main_shp_transport	1	1	1	1100	0	heavy		0	true	wh3_dlc23_vo_culture_Chd_Bale_Taurus	chd_bale_taurus	3	true	chd_bale_taurus		true		1100.0000	0.0000	true	vo_culture_None	false	wh_main_vo_actor_default	0	false	true	3	false	false		0.0000	true	1	false
kadon_bind_great_unclean_one		-1	monster	3	false	kadon_bind_great_unclean_one	1	0	1600	wh_main_shp_transport	1	1	1	1900	0	heavy		0	false	wh3_main_vo_culture_Nurgle	wh3_main_nur_great_unclean_one	4	true	nur_great_unclean_one		true		2000.0000	0.0000	true	vo_culture_None	false	wh3_main_vo_actor_Nurgle_Great_Unclean_One_Unit	0	false	false	0	false	false		0.0000	true	1	false
kadon_bind_griffon		-1	monster	1	false	kadon_bind_griffon	1	0	0	wh_main_shp_transport	1	1	1	0	0	medium		0	false	wh_main_vo_culture_Griffin_DemiGryph_Hippogryph	flying_monstrous_cavalry	4	true	wef_great_eagle		true		800.0000	0.0000	true	vo_culture_None	false	wh_main_vo_actor_default	0	false	true	0	false	false		0.0000	true	1	false
kadon_bind_harpies		-1	monstrous_infantry	1	false	kadon_bind_harpies	120	0	0	wh_main_shp_transport	1	1	60	0	0	heavy		0	true	wh3_main_vo_culture_Harpies	wh_dlc05_bst_harpies	2	false	default		false		600.0000	0.0000	false	vo_culture_None	false	wh_main_vo_actor_default	0	false	false	6	false	false		0.0000	true	1	false
kadon_bind_hell_pit_abomination		-1	monster	2	false	kadon_bind_hell_pit_abomination	1	0	1800	wh_main_shp_transport	1	1	60	1800	0	medium		0	true	wh2_main_vo_culture_Hell_Pit_Abomination	wh2_main_skv_hell_pit	4	true	skv_hellpit_abomination		true		1800.0000	0.0000	true	wh2_main_vo_culture_Skaven	false	wh_main_vo_actor_default	0	false	false	2	false	false		0.0000	true	1	false
kadon_bind_hierotitan		0	monster	3	false	kadon_bind_hierotitan	1	0	2000	wh_main_shp_transport	1	1	1	0	0	very_heavy		0	true	wh2_dlc09_vo_culture_Heirotitan	wh2_dlc09_tmb_hierotitan	5	true	tmb_hierotitan		true		2000.0000	0.0000	true	vo_culture_None	false	wh_main_vo_actor_default	0	false	true	2	false	false		0.0000	true	1	false
kadon_bind_hunting_hounds		-1	war_beast	1	false	kadon_bind_hunting_hounds	160	0	400	wh_main_shp_transport	1	1	80	400	0	heavy		0	true	wh_main_vo_culture_Dire_Wolves_WarHound	war_beast	1	false	vamp_dire_wolf		false		400.0000	0.0000	false	wh_main_vo_culture_Vampire_Creature_Order_Giver	false	wh_main_vo_actor_default	0	false	false	6	false	false		0.0000	true	1	false
kadon_bind_hydra		-1	monster	3	false	kadon_bind_hydra	1	0	0	wh_main_shp_transport	1	1	1	0	0	very_heavy		0	true	wh2_main_vo_culture_Hydra	wh2_main_def_mon_war_hydra	4	true	def_war_hydra		true		1600.0000	0.0000	true	vo_culture_None	false	wh_main_vo_actor_default	0	false	true	2	true	false		0.0000	true	1	false
kadon_bind_incarnate_elemental_of_beasts		1	monster	2	false	kadon_bind_incarnate_elemental_of_beasts	1	0	1900	wh_main_shp_transport	1	1	1	0	0	super_heavy		0	true	wh3_dlc24_vo_culture_elemental_beast	wh3_dlc24_mon_incarnate_elemental_of_beasts	5	true	ksl_incarnate_elemental_of_beasts		true		1800.0000	0.0000	true	vo_culture_None	false	wh_main_vo_actor_default	0	true	true	1	false	false		0.0000	true	1	false
kadon_bind_jabberslythe		1	monster	2	false	kadon_bind_jabberslythe	1	0	1700	wh_main_shp_transport	1	1	1	0	0	very_heavy		0	false	wh2_dlc17_vo_culture_Jabberslythe	wh2_dlc17_bst_jabberslythe	4	true	bst_jabberslythe		true		1700.0000	0.0000	true	vo_culture_None	false	wh_main_vo_actor_default	0	false	true	3	false	false		0.0000	true	1	false
kadon_bind_jade_lion		-1	war_beast	1	false	kadon_bind_jade_lion	1	0	1100	wh_main_shp_transport	1	1	1	1200	0	heavy		0	true	wh3_dlc24_vo_culture_jade_lion	wh3_dlc24_mon_guardian_lion	3	true	hef_war_lion		true		800.0000	0.0000	false	vo_culture_None	false	wh_main_vo_actor_default	0	false	false	6	false	false		0.0000	true	1	false
kadon_bind_jet_lion		-1	war_beast	1	false	kadon_bind_jet_lion	1	0	1100	wh_main_shp_transport	1	1	1	1200	0	heavy		0	true	wh3_dlc24_vo_culture_jade_lion	wh3_dlc24_mon_guardian_lion	3	true	hef_war_lion		true		800.0000	0.0000	false	vo_culture_None	false	wh_main_vo_actor_default	0	false	false	6	false	false		0.0000	true	1	false
kadon_bind_kdaai_destroyer		-1	monster	3	false	kadon_bind_kdaai_destroyer	1	0	2000	wh_main_shp_transport	1	1	1	2200	0	heavy		0	true	wh3_dlc23_vo_culture_Chd_Kdaai_Destroyer	chd_kdaai_destroyer	5	true	chd_kdaai_destroyer		true		2200.0000	0.0000	true	vo_culture_None	false	wh_main_vo_actor_default	0	false	true	2	false	false		0.0000	true	1	false
kadon_bind_kdaai_fireborn		-1	monstrous_infantry	2	false	kadon_bind_kdaai_fireborn	32	0	1325	wh_main_shp_transport	1	1	16	1400	0	very_heavy		0	true	wh3_dlc23_vo_culture_Chd_Kdaai_Fireborn	chd_kdaai_fireborn	4	false	chd_kdaai_fireborn		false		1500.0000	0.0000	true	vo_culture_None	false	wh_main_vo_actor_default	0	false	true	6	false	false		0.0000	true	1	false
kadon_bind_keeper_of_secrets		-1	monster	3	false	kadon_bind_keeper_of_secrets	1	0	1650	wh_main_shp_transport	1	1	1	2000	0	super_heavy		0	true	wh3_main_vo_culture_Slaanesh	wh3_main_sla_keeper_of_secrets	4	true	sla_keeper_of_secrets		true		1700.0000	0.0000	true	vo_culture_None	false	wh3_main_vo_actor_Slaanesh_Keeper_Of_Secrets	0	false	true	2	true	false		0.0000	true	1	false
kadon_bind_kharibdyss		-1	monster	3	false	kadon_bind_kharibdyss	1	0	1700	wh_main_shp_transport	1	1	1	1700	0	very_heavy		0	true	wh2_dlc10_vo_culture_Kharibdyss	wh2_dlc10_def_kharibdyss	4	true	def_war_hydra		true		1650.0000	0.0000	true	vo_culture_None	false	wh_main_vo_actor_default	0	false	true	2	true	false		0.0000	true	1	false
kadon_bind_khemric_titan		0	monster	3	false	kadon_bind_khemric_titan	1	0	2600	wh_main_shp_transport	1	1	1	0	0	super_heavy		0	true	wh3_dlc29_vo_culture_Khemric_Titan	wh3_dlc29_tmb_khemric_titan	5	true	wh3_dlc29_tmb_khemric_titan		true		2000.0000	0.0000	true	vo_culture_None	false	wh_main_vo_actor_default	0	false	true	1	false	false		0.0000	true	1	false
kadon_bind_kroxigor		-1	monstrous_infantry	2	false	kadon_bind_kroxigor	32	0	1000	wh_main_shp_transport	1	1	16	1000	0	heavy		0	true	wh2_main_vo_culture_Kroxigor	monstrous_infantry	3	false	liz_kroxigor		false		1000.0000	0.0000	true	vo_culture_None	false	wh_main_vo_actor_default	0	false	false	6	false	true		0.0000	true	1	false
kadon_bind_lammasu		-1	monster	2	false	kadon_bind_lammasu	1	0	1200	wh_main_shp_transport	1	1	1	1200	0	heavy		0	true	wh3_dlc23_vo_culture_Chaos_Dwarfs	chd_lammasu	3	true	bst_manticore		true		1200.0000	0.0000	true	vo_culture_None	false	wh3_dlc23_vo_actor_Chaos_Dwarf_Lammasu	0	true	true	3	false	false		0.0000	true	1	false
kadon_bind_lord_of_change		-1	monster	3	false	kadon_bind_lord_of_change	1	0	1450	wh_main_shp_transport	1	1	1	1700	0	heavy		0	false	wh3_main_vo_culture_Tzeentch	wh3_main_tze_lord_of_change	4	true	chs_lord_of_change		true		1700.0000	0.0000	true	vo_culture_None	false	wh3_main_vo_actor_Tzeentch_Lord_Of_Change	0	true	true	0	false	false		0.0000	true	1	false
kadon_bind_mangler_squigs		-1	monster	1	false	kadon_bind_mangler_squigs	8	0	950	wh_main_shp_transport	1	1	4	950	0	medium		0	true	wh3_dlc26_vo_culture_Mangler_Squig	wh3_dlc26_grn_mon_mangler_squig	2	true	grn_squig_herd		false		950.0000	0.0000	false	vo_culture_None	false	wh_main_vo_actor_default	0	false	true	0	false	false		0.0000	true	1	false
kadon_bind_manticore		-1	monster	1	false	kadon_bind_manticore	1	0	0	wh_main_shp_transport	1	1	1	0	0	heavy		0	false	wh_main_vo_culture_Manticore	wh2_dlc17_bst_manticore	2	true	bst_manticore		true		800.0000	0.0000	true	vo_culture_None	false	wh_main_vo_actor_default	0	false	true	0	false	false		0.0000	true	1	false
kadon_bind_merwyrm		-1	monster	3	false	kadon_bind_merwyrm	1	0	2500	wh_main_shp_transport	1	1	1	2500	0	very_heavy		0	true	wh3_dlc27_vo_culture_Merwyrm	wh3_dlc27_hef_merwyrm	5	true	wh3_dlc27_hef_merwyrm		true		2200.0000	0.0000	true	vo_culture_None	false	wh_main_vo_actor_default	0	false	true	2	true	false		0.0000	true	1	false
kadon_bind_minotaurs		1	monstrous_infantry	2	false	kadon_bind_minotaurs	32	0	1250	wh_main_shp_transport	1	1	160	0	0	heavy		0	true	wh_dlc03_vo_culture_Minotaur	monstrous_infantry	3	false	bst_minotaur_15		false		1250.0000	0.0000	true	vo_culture_None	false	wh_main_vo_actor_default	0	false	true	6	false	false		0.0000	true	1	false
kadon_bind_minotaurs_of_khorne		-1	monstrous_infantry	2	false	kadon_bind_minotaurs_of_khorne	32	0	1350	wh_main_shp_transport	1	1	160	1350	0	heavy		0	true	wh3_main_vo_culture_Khornataur	monstrous_infantry	3	false	bst_minotaur_15		false		1350.0000	0.0000	true	vo_culture_None	false	wh_main_vo_actor_default	0	false	true	6	false	false		0.0000	true	1	false
kadon_bind_moon_dragon		-1	monster	3	false	kadon_bind_moon_dragon	1	0	0	wh_main_shp_transport	1	1	1	0	0	heavy		0	true	wh2_main_vo_culture_Moon_Dragon	dragon	4	true	hef_dragon		true		2000.0000	0.0000	true	wh2_main_vo_culture_High_Elves	false	wh_main_vo_actor_default	0	false	true	2	true	false		0.0000	true	1	false
kadon_bind_morghast_archai		0	monstrous_infantry	1	false	kadon_bind_morghast_archai	24	0	1900	wh_main_shp_transport	1	1	12	0	0	heavy		0	true	wh3_dlc29_vo_culture_Morghast	wh3_dlc29_vmp_morghast_archai	4	true	wh3_dlc29_vmp_morghast		false		900.0000	0.0000	true	vo_culture_None	false	wh_main_vo_actor_default	0	false	true	6	false	false		0.0000	true	1	false
kadon_bind_morghast_harbingers		0	monstrous_infantry	1	false	kadon_bind_morghast_harbingers	24	0	1800	wh_main_shp_transport	1	1	12	0	0	heavy		0	true	wh3_dlc29_vo_culture_Morghast	wh3_dlc29_vmp_morghast_harbingers	4	true	wh3_dlc29_vmp_morghast		false		900.0000	0.0000	true	vo_culture_None	false	wh_main_vo_actor_default	0	false	true	6	false	false		0.0000	true	1	false
kadon_bind_mourngul		-1	hero	1	false	kadon_bind_mourngul	1	0	0	wh_main_shp_transport	1	1	1	0	0	heavy		0	true	wh2_dlc11_vo_culture_Mourngul_Haunter	wh2_dlc11_cst_mourngul_haunter	0	true	grn_troll		true		1450.0000	0.0000	true	vo_culture_None	false	wh2_dlc11_vo_actor_VampireCoast_Mourngul_Haunter	0	true	false	2	false	false		0.0000	true	1	false
kadon_bind_mutalith_vortex_beast		-1	monster	2	false	kadon_bind_mutalith_vortex_beast	1	0	2000	wh_main_shp_transport	1	1	1	2000	0	super_heavy		0	true	wh3_dlc24_vo_culture_mutalith_vortex_beast	wh3_dlc24_mon_mutalith_vortex_beast	5	true	chaos_dragon_ogre		true		2100.0000	0.0000	true	vo_culture_None	false	wh_main_vo_actor_default	0	false	true	0	false	false		0.0000	true	1	false
kadon_bind_mutant_rat_ogre		-1	monster	2	false	kadon_bind_mutant_rat_ogre	1	0	1200	wh_main_shp_transport	1	1	1	1200	0	heavy		0	true	wh2_main_vo_culture_Rat_Ogres	monster_generic	3	true	skv_rat_ogres		true		1000.0000	0.0000	true	wh2_main_vo_culture_Rat_Ogres	false	wh_main_vo_actor_default	0	false	false	3	false	false		0.0000	true	1	false
kadon_bind_necrofex_colossus		-1	monster	3	false	kadon_bind_necrofex_colossus	1	0	0	wh_main_shp_transport	1	1	1	0	0	very_heavy		0	true	wh2_dlc11_vo_culture_Necrofex_Colossus	monster_artillery	4	true	cst_necrofex		true		900.0000	1000.0000	true	vo_culture_None	false	wh_main_vo_actor_default	0	false	true	2	false	false		0.0000	true	1	false
kadon_bind_necrosphinx		0	monster	3	false	kadon_bind_necrosphinx	1	0	2000	wh_main_shp_transport	1	1	1	0	0	super_heavy		0	true	wh2_dlc09_vo_culture_Necrosphinx	wh2_dlc09_tmb_necrosphinx	5	true	tmb_necrosphinx		true		2000.0000	0.0000	true	vo_culture_None	false	wh_main_vo_actor_default	0	false	true	1	false	false		0.0000	true	1	false
kadon_bind_nor_ice_trolls		-1	monstrous_infantry	2	false	kadon_bind_nor_ice_trolls	32	0	0	wh_main_shp_transport	1	1	16	0	0	medium		0	true	wh_main_vo_culture_Troll	monstrous_infantry	2	false	grn_troll		false		950.0000	0.0000	true	vo_culture_None	false	wh_main_vo_actor_default	0	false	false	6	false	false		0.0000	true	1	false
kadon_bind_norscan_ice_wolves		-1	war_beast	1	false	kadon_bind_norscan_ice_wolves	96	0	600	wh_main_shp_transport	1	1	40	600	0	medium		0	true	wh_main_vo_culture_Dire_Wolves_WarHound	war_beast	2	false	vamp_dire_wolf		false		625.0000	0.0000	false	wh_main_vo_culture_Vampire_Creature_Order_Giver	false	wh_main_vo_actor_default	0	false	false	6	false	false		0.0000	true	1	false
kadon_bind_oceanids		-1	monstrous_infantry	1	false	kadon_bind_oceanids	32	0	1100	wh_main_shp_transport	1	1	16	1100	0	heavy		0	true	wh3_dlc27_vo_culture_Oceanids	wh3_dlc27_hef_oceanids	3	false	wh3_dlc27_hef_oceanids		false		1100.0000	0.0000	false	vo_culture_None	false	wh_main_vo_actor_default	0	false	false	6	false	false		0.0000	true	1	false
kadon_bind_onyx_crowmen		-1	monstrous_infantry	1	false	kadon_bind_onyx_crowmen	120	0	700	wh_main_shp_transport	1	1	60	700	0	medium		0	true	wh3_dlc24_vo_culture_onyx_crowmen	wh3_dlc24_cth_onyx_crowmen	3	false	wh3_dlc24_cth_inf_onyx_crowmen		false		700.0000	0.0000	false	vo_culture_None	false	wh_main_vo_actor_default	0	false	false	6	false	false		0.0000	true	1	false
kadon_bind_plague_toads		-1	war_beast	1	false	kadon_bind_plague_toads	48	0	650	wh_main_shp_transport	1	1	24	650	0	medium		0	true	wh3_main_vo_culture_Plague_Toad	wh3_main_nur_toads	2	false	nur_plague_toads		false		650.0000	0.0000	false	vo_culture_None	false	wh_main_vo_actor_default	0	false	false	6	false	false		0.0000	true	1	false
kadon_bind_preyton		1	monster	2	false	kadon_bind_preyton	1	0	1600	wh_main_shp_transport	1	1	1	0	0	heavy		0	true	wh3_dlc27_vo_culture_Preyton	wh3_dlc27_preyton	4	true	vamp_terrorgheist		true		1650.0000	0.0000	true	vo_culture_None	false	wh_main_vo_actor_default	0	false	true	1	true	false		0.0000	true	1	false
kadon_bind_rat_ogres		-1	monstrous_infantry	1	false	kadon_bind_rat_ogres	32	0	700	wh_main_shp_transport	1	1	16	800	0	medium		0	true	wh2_main_vo_culture_Rat_Ogres	monstrous_infantry	2	false	skv_rat_ogres		false		800.0000	0.0000	true	wh2_main_vo_culture_Rat_Ogres	false	wh_main_vo_actor_default	0	false	false	6	false	false		0.0000	true	1	false
kadon_bind_razordon_hunting_pack		-1	missile_infantry	1	false	kadon_bind_razordon_hunting_pack	64	0	800	wh_main_shp_transport	1	1	32	800	0	heavy		0	true	wh2_dlc13_vo_culture_Razordon	wh2_dlc17_lzd_razordon	2	false	liz_salamander_hunting_pack		false		250.0000	550.0000	false	vo_culture_None	false	wh_main_vo_actor_default	0	false	false	6	false	false		0.0000	true	1	false
kadon_bind_razorgor		-1	monstrous_cavalry	2	false	kadon_bind_razorgor	64	0	0	wh_main_shp_transport	1	1	32	0	0	heavy		0	true	wh_dlc03_vo_culture_Boar	wh_dlc03_bst_razorgor	2	false	bst_razorgor_herd		false		550.0000	0.0000	false	vo_culture_None	false	wh_main_vo_actor_default	0	false	false	6	false	false		0.0000	true	1	false
kadon_bind_ripperdactyls		-1	monstrous_infantry	2	false	kadon_bind_ripperdactyls	20	0	950	wh_main_shp_transport	1	1	10	950	0	very_heavy		0	true	wh2_main_vo_culture_Lizardmen	wh2_dlc17_lzd_ripperdactyl_riders	4	false	liz_terradon		false		950.0000	0.0000	false	vo_culture_None	false	wh_main_vo_actor_group_sound	0	false	true	3	false	true		0.0000	true	1	false
kadon_bind_river_trolls		-1	monstrous_infantry	1	false	kadon_bind_river_trolls	32	0	900	wh_main_shp_transport	1	1	16	900	0	very_heavy		0	true	wh_main_vo_culture_Troll	monstrous_infantry	2	false	grn_river_trolls		false		900.0000	0.0000	true	vo_culture_None	false	wh_main_vo_actor_default	0	false	false	6	false	false		0.0000	true	1	false
kadon_bind_rogue_idol		-1	monster	3	false	kadon_bind_rogue_idol	1	0	0	wh_main_shp_transport	1	1	1	0	0	super_heavy		0	true	wh2_dlc15_vo_culture_Rogue_Idol	wh2_dlc15_rogue_idol	5	true	grn_gork_idol		true		2100.0000	0.0000	true	vo_culture_None	false	wh_main_vo_actor_default	0	false	false	2	false	false		0.0000	true	1	false
kadon_bind_rot_flies		-1	monstrous_infantry	1	false	kadon_bind_rot_flies	24	0	800	wh_main_shp_transport	1	1	12	800	0	heavy		0	true	wh3_main_vo_culture_Nur_Rot_Fly	wh3_main_nur_rot_flies	2	false	liz_terradon		false		900.0000	0.0000	false	vo_culture_None	false	wh_main_vo_actor_default	0	false	true	6	false	false		0.0000	true	1	false
kadon_bind_rotting_prometheans		-1	monstrous_infantry	2	false	kadon_bind_rotting_prometheans	24	0	1000	wh_main_shp_transport	1	1	12	1000	0	medium		0	true	wh2_dlc11_vo_culture_Rotting_Prometheans	wh2_dlc11_cst_promethean	3	false	cst_rotting_prometheans		false		1000.0000	0.0000	true	vo_culture_None	false	wh_main_vo_actor_default	0	true	true	6	false	false		0.0000	true	1	false
kadon_bind_sabretusk_pack		-1	war_beast	1	false	kadon_bind_sabretusk_pack	64	0	525	wh_main_shp_transport	1	1	32	525	0	heavy		0	true	wh3_main_vo_culture_Sabertusk	war_beast	2	false	ogr_sabretusk		false		500.0000	0.0000	false	vo_culture_None	false	wh_main_vo_actor_default	0	false	false	6	false	false		0.0000	true	1	false
kadon_bind_salamander_hunting_pack		-1	missile_infantry	1	false	kadon_bind_salamander_hunting_pack	64	0	850	wh_main_shp_transport	1	1	32	850	0	heavy		0	true	wh2_dlc12_vo_culture_Salamander	wh2_dlc17_lzd_salamander	2	false	liz_salamander_hunting_pack		false		250.0000	600.0000	false	vo_culture_None	false	wh_main_vo_actor_default	0	false	false	6	false	false		0.0000	true	1	false
kadon_bind_screamers_of_tzeentch		-1	monstrous_infantry	1	false	kadon_bind_screamers_of_tzeentch	32	0	700	wh_main_shp_transport	1	1	12	700	0	heavy		0	true	wh3_main_vo_culture_Tze_Screamer	wh3_main_tze_screamer	2	false	tze_screamers		false		700.0000	0.0000	false	vo_culture_None	false	wh_main_vo_actor_default	0	false	true	6	false	false		0.0000	true	1	false
kadon_bind_scurvy_dogs		-1	war_beast	1	false	kadon_bind_scurvy_dogs	160	0	475	wh_main_shp_transport	1	1	80	500	0	heavy		0	true	wh_main_vo_culture_Dire_Wolves_WarHound	war_beast	2	false	vamp_dire_wolf		false		500.0000	0.0000	false	vo_culture_None	false	wh_main_vo_actor_default	0	false	false	6	false	false		0.0000	true	1	false
kadon_bind_sea_elemental		-1	monster	2	false	kadon_bind_sea_elemental	1	0	1900	wh_main_shp_transport	1	1	1	1650	0	heavy		0	true	wh3_dlc27_vo_culture_Sea_Elemental	wh3_dlc27_hef_sea_elemental	4	true	wh3_dlc27_hef_sea_elemental		true		1650.0000	0.0000	true	vo_culture_None	false	wh_main_vo_actor_default	0	false	true	2	false	false		0.0000	true	1	false
kadon_bind_sepulchral_stalkers		0	monstrous_infantry	2	false	kadon_bind_sepulchral_stalkers	32	0	1200	wh_main_shp_transport	1	1	12	0	0	heavy		0	true	wh2_dlc09_vo_culture_Sepulchral_Stalker	wh2_dlc09_tmb_sepulchral_stalkers	3	false	tmb_stalkers		false		1080.0000	120.0000	false	vo_culture_None	false	wh_main_vo_actor_default	0	false	false	6	false	false		0.0000	true	1	false
kadon_bind_skinwolves		-1	melee_infantry	1	false	kadon_bind_skinwolves	48	0	0	wh_main_shp_transport	1	1	18	0	0	heavy		0	true	wh_dlc08_vo_culture_skin_wolf_werekin	wh_dlc08_nor_skin_wolf	2	false	nor_skin_wolves		false		950.0000	0.0000	false	vo_culture_None	false	wh_main_vo_actor_default	0	true	false	6	false	false		0.0000	true	1	false
kadon_bind_slaughterbrute		-1	monstrous_infantry	2	false	kadon_bind_slaughterbrute	1	0	2000	wh_main_shp_transport	1	1	1	2000	0	heavy		0	false	wh3_dlc26_vo_culture_Slaughterbrute	kho_slaughterbrute	5	true	wh3_dlc26_kho_slaughterbrute		true		2000.0000	0.0000	true	vo_culture_None	false	wh3_dlc26_vo_actor_Khorne_Slaughterbrute	0	false	true	0	false	false		0.0000	true	1	false
kadon_bind_snow_leopard		-1	monster	1	false	kadon_bind_snow_leopard	1	0	650	wh_main_shp_transport	1	1	1	650	0	heavy		0	true	wh3_main_vo_culture_Snow_Leopard	wh3_main_ksl_snow_leopard	2	true	ksl_snow_leopard		true		650.0000	0.0000	false	vo_culture_None	false	wh_main_vo_actor_default	0	false	true	6	false	false		0.0000	true	1	false
kadon_bind_soopa_squig		-1	war_beast	1	false	kadon_bind_soopa_squig	1	0	425	wh_main_shp_transport	1	1	1	425	0	light		0	true	wh_dlc06_vo_culture_Squig	wh2_dlc15_squig_explosive	1	true	grn_squig_herd		true		425.0000	0.0000	false	vo_culture_None	false	wh_main_vo_actor_default	0	false	false	0	false	false		0.0000	true	1	false
kadon_bind_soul_grinder_of_khorne		-1	monster	2	false	kadon_bind_soul_grinder_of_khorne	1	0	1750	wh_main_shp_transport	1	1	1	1750	0	super_heavy		0	true	wh3_main_vo_culture_Kho_Soul_Grinder	wh3_main_soul_grinder_melee	4	true	nur_soul_grinder		true		1450.0000	300.0000	true	vo_culture_None	false	wh_main_vo_actor_default	0	false	true	2	true	false		0.0000	true	1	false
kadon_bind_soul_grinder_of_nurgle		-1	missile_infantry	2	false	kadon_bind_soul_grinder_of_nurgle	1	0	1750	wh_main_shp_transport	1	1	1	1900	0	very_heavy		0	true	wh3_main_vo_culture_Nur_Soul_Grinder	wh3_main_soul_grinder_missile	4	true	nur_soul_grinder		true		1000.0000	800.0000	true	vo_culture_None	false	wh_main_vo_actor_default	0	false	false	2	false	false		0.0000	true	1	false
kadon_bind_soul_grinder_of_slaanesh		-1	monster	2	false	kadon_bind_soul_grinder_of_slaanesh	1	0	1750	wh_main_shp_transport	1	1	1	1900	0	super_heavy		0	true	wh3_main_vo_culture_Sla_Soul_Grinder	wh3_main_soul_grinder_melee	4	true	nur_soul_grinder		true		1900.0000	0.0000	true	vo_culture_None	false	wh_main_vo_actor_default	0	false	true	2	true	false		0.0000	true	1	false
kadon_bind_soul_grinder_of_tzeentch		-1	missile_infantry	2	false	kadon_bind_soul_grinder_of_tzeentch	1	0	1750	wh_main_shp_transport	1	1	1	1900	0	very_heavy		0	true	wh3_main_vo_culture_Tze_Soul_Grinder	wh3_main_soul_grinder_missile	4	true	tze_soul_grinder		true		1100.0000	800.0000	true	vo_culture_None	false	wh_main_vo_actor_default	0	false	false	2	false	false		0.0000	true	1	false
kadon_bind_spawn_of_khorne		-1	monstrous_infantry	2	false	kadon_bind_spawn_of_khorne	32	0	1050	wh_main_shp_transport	1	1	16	1050	0	heavy		0	true	wh_dlc03_vo_culture_Spawn	chaos_spawn	3	true	kho_spawn_of_khorne		false		1050.0000	0.0000	true	vo_culture_None	false	wh3_main_vo_actor_Khorne_Chaos_Warrior	0	false	false	6	false	false		0.0000	true	1	false
kadon_bind_spawn_of_nurgle		-1	monstrous_infantry	2	false	kadon_bind_spawn_of_nurgle	32	0	1050	wh_main_shp_transport	1	1	16	1000	0	heavy		0	true	wh_dlc03_vo_culture_Spawn	chaos_spawn	3	true	nur_spawn_of_nurgle		false		1050.0000	0.0000	true	vo_culture_None	false	wh_main_vo_actor_default	0	false	false	6	false	false		0.0000	true	1	false
kadon_bind_spawn_of_slaanesh		-1	monstrous_infantry	2	false	kadon_bind_spawn_of_slaanesh	32	0	1050	wh_main_shp_transport	1	1	16	1000	0	heavy		0	true	wh_dlc03_vo_culture_Spawn	chaos_spawn	3	true	chaos_spawn		false		1050.0000	0.0000	true	vo_culture_None	false	wh_main_vo_actor_default	0	false	false	6	false	false		0.0000	true	1	false
kadon_bind_spawn_of_tzeentch		-1	monstrous_infantry	2	false	kadon_bind_spawn_of_tzeentch	32	0	1050	wh_main_shp_transport	1	1	16	1000	0	heavy		0	true	wh_dlc03_vo_culture_Spawn	chaos_spawn	3	true	tze_spawn		false		1050.0000	0.0000	true	vo_culture_None	false	wh_main_vo_actor_default	0	false	false	6	false	false		0.0000	true	1	false
kadon_bind_spider_hatchlings		-1	war_beast	1	false	kadon_bind_spider_hatchlings	120	0	250	wh_main_shp_transport	1	1	60	250	0	medium		0	true	wh_main_vo_culture_Spider_Small	grn_spider_hatchling	1	false	grn_goblin_spider_rider		false		250.0000	0.0000	false	vo_culture_None	false	wh_main_vo_actor_default	0	false	true	0	false	false		0.0000	true	1	false
kadon_bind_spiders		-1	monstrous_infantry	1	false	kadon_bind_spiders	120	0	0	wh_main_shp_transport	1	1	60	0	0	heavy		0	true	wh_main_vo_culture_Spider_Small	grn_spider_hatchling	2	false	grn_aracknarok		false		550.0000	0.0000	false	vo_culture_None	false	wh_main_vo_actor_default	0	false	true	6	false	false		0.0000	true	1	false
kadon_bind_squig_herd		-1	war_beast	1	false	kadon_bind_squig_herd	80	0	400	wh_main_shp_transport	1	1	40	300	0	light		0	true	wh_dlc06_vo_culture_Squig	wh_dlc06_grn_squig	1	false	grn_squig_herd		false		400.0000	0.0000	false	vo_culture_None	false	wh_main_vo_actor_group_sound	0	false	false	6	false	false		0.0000	true	1	false
kadon_bind_stag		-1	monstrous_cavalry	1	false	kadon_bind_stag	48	0	0	wh_main_shp_transport	1	1	24	0	0	very_heavy		0	true	wh_dlc05_vo_culture_Wood_Elves	monstrous_shock_cavalry_stags	4	false	wef_great_stag_riders		false		1600.0000	0.0000	false	wh_dlc05_vo_culture_Wood_Elves	false	wh_main_vo_actor_default	0	false	true	6	false	false		0.0000	true	1	false
kadon_bind_star_dragon		-1	monster	3	false	kadon_bind_star_dragon	1	0	0	wh_main_shp_transport	1	1	1	0	0	heavy		0	true	wh2_main_vo_culture_Star_Dragon	dragon	5	true	hef_dragon		true		2400.0000	0.0000	true	wh2_main_vo_culture_High_Elves	false	wh_main_vo_actor_default	0	false	true	1	true	false		0.0000	true	1	false
kadon_bind_stegadon		-1	monster	2	false	kadon_bind_stegadon	1	0	0	wh_main_shp_transport	1	1	1	0	0	heavy		0	true	wh2_main_vo_culture_Stegadon	wh2_dlc17_lzd_stegadon_feral	3	true	liz_stegadon		true		1100.0000	0.0000	true	vo_culture_None	false	wh_main_vo_actor_default	0	false	true	2	false	true		0.0000	true	1	false
kadon_bind_stone_trolls		-1	monstrous_infantry	2	false	kadon_bind_stone_trolls	32	0	1100	wh_main_shp_transport	1	1	16	1100	0	very_heavy		0	true	wh_main_vo_culture_Troll	monstrous_infantry	3	false	grn_stone_troll		false		1100.0000	0.0000	true	vo_culture_None	false	wh_main_vo_actor_default	0	false	false	6	false	false		0.0000	true	1	false
kadon_bind_stormfiends		-1	monstrous_infantry	2	false	kadon_bind_stormfiends	24	0	1200	wh_main_shp_transport	1	1	16	1200	0	medium		0	true	wh3_dlc29_vo_culture_Stormfiend	wh3_dlc29_skv_mon_stormfiends_melee	3	false	wh3_dlc29_stormfiend		false		1200.0000	0.0000	true	vo_culture_None	false	wh_main_vo_actor_default	0	false	false	6	false	false		0.0000	true	1	false
kadon_bind_sun_dragon		-1	monster	3	false	kadon_bind_sun_dragon	1	0	0	wh_main_shp_transport	1	1	1	0	0	heavy		0	true	wh2_main_vo_culture_Sun_Dragon	dragon	4	true	hef_dragon		true		1700.0000	0.0000	true	wh2_main_vo_culture_High_Elves	false	wh_main_vo_actor_default	0	false	true	2	true	false		0.0000	true	1	false
kadon_bind_terracotta_sentinel		-1	monster	2	false	kadon_bind_terracotta_sentinel	1	0	1600	wh_main_shp_transport	1	1	1	1600	0	very_heavy		0	true	wh3_main_vo_culture_Terracotta_Sentinel	wh3_main_cth_terracotta_sentinel	4	true	cth_sentinel		true		1600.0000	0.0000	true	vo_culture_None	false	wh_main_vo_actor_default	0	false	true	2	false	false		0.0000	true	1	false
kadon_bind_terradons		-1	monstrous_infantry	1	false	kadon_bind_terradons	20	0	500	wh_main_shp_transport	1	1	10	500	0	heavy		0	true	wh2_main_vo_culture_Lizardmen	wh2_main_lzd_terradon	3	false	liz_terradon		false		500.0000	0.0000	false	vo_culture_None	false	wh_main_vo_actor_group_sound	0	true	true	4	false	true		0.0000	true	1	false
kadon_bind_terrorgheist		-1	monster	3	false	kadon_bind_terrorgheist	1	0	2000	wh_main_shp_transport	1	1	1	2000	0	heavy		0	true	wh_main_vo_culture_Terrorgheist	dragon	5	true	vamp_terrorgheist		true		2000.0000	0.0000	true	wh_main_vo_culture_Vampire_Creature_Order_Giver	false	wh_main_vo_actor_default	0	false	true	2	true	false		0.0000	true	1	false
kadon_bind_the_things_in_the_woods		-1	monstrous_cavalry	1	false	kadon_bind_the_things_in_the_woods	48	0	875	wh_main_shp_transport	1	1	20	700	0	heavy		0	true	wh3_dlc24_vo_culture_things_in_the_woods	wh3_dlc24_things_in_woods	2	false	wh3_dlc24_ksl_things_in_the_woods		false		875.0000	0.0000	false	vo_culture_None	false	wh_main_vo_actor_default	0	false	false	6	false	false		0.0000	true	1	false
kadon_bind_toad_dragon		-1	monster	3	false	kadon_bind_toad_dragon	1	0	2000	wh_main_shp_transport	1	1	1	2000	0	heavy		0	true	wh3_dlc25_vo_culture_toad_dragon	nur_toad_dragon	5	true	wh3_dlc_25_nur_toad_dragon		true		2100.0000	0.0000	true	vo_culture_None	false	wh_main_vo_actor_default	0	false	true	0	false	false		0.0000	true	1	false
kadon_bind_tomb_scorpion		0	monster	2	false	kadon_bind_tomb_scorpion	1	0	1000	wh_main_shp_transport	1	1	1	0	0	super_heavy		0	true	wh2_dlc09_vo_culture_Tomb_Scorpion	wh2_dlc09_tmb_scorpion	3	true	tmb_tomb_scorpion		true		1000.0000	0.0000	true	vo_culture_None	false	wh_main_vo_actor_default	0	false	true	3	false	false		0.0000	true	1	false
kadon_bind_tree_kin		-1	monstrous_infantry	1	false	kadon_bind_tree_kin	32	0	900	wh_main_shp_transport	1	1	16	900	0	heavy		0	true	wh_dlc05_vo_culture_Treekin	wh3_dlc26_monstrous_infantry_magical	2	false	wef_tree_kin		false		900.0000	0.0000	true	vo_culture_None	false	wh_main_vo_actor_default	0	false	false	6	false	false		0.0000	true	1	false
kadon_bind_treeman		-1	monster	2	false	kadon_bind_treeman	1	0	1500	wh_main_shp_transport	1	1	1	1500	0	very_heavy		0	true	wh_dlc05_vo_culture_Tree	wh_dlc05_wef_treeman	4	true	wef_treeman		true		1500.0000	0.0000	true	vo_culture_None	false	wh_main_vo_actor_default	0	false	false	2	false	false		0.0000	true	1	false
kadon_bind_troglodon		-1	monster	2	false	kadon_bind_troglodon	1	0	1550	wh_main_shp_transport	1	1	1	1700	0	heavy		0	true	wh2_dlc17_vo_culture_Troglodon	wh2_dlc17_lzd_troglodon	4	true	liz_carnosaur		true		800.0000	650.0000	true	vo_culture_None	false	wh_main_vo_actor_default	0	false	true	2	false	true		0.0000	true	1	false
kadon_bind_trolls		-1	monstrous_infantry	2	false	kadon_bind_trolls	32	0	0	wh_main_shp_transport	1	1	16	0	0	very_heavy		0	true	wh_main_vo_culture_Troll	monstrous_infantry	2	false	grn_troll		false		800.0000	0.0000	true	vo_culture_None	false	wh_main_vo_actor_default	0	false	false	6	false	false		0.0000	true	1	false
kadon_bind_unicorn		-1	monstrous_cavalry	2	false	kadon_bind_unicorn	48	0	0	wh_main_shp_transport	1	1	24	0	0	very_heavy		0	true	wh_main_vo_culture_Bretonnian	cavalry	4	false	emp_reiksguard		false	composite_scene/porthole/pegasus_riders_porthole_01.csc	1100.0000	0.0000	false	vo_culture_None	false	wh_main_vo_actor_group_sound	0	false	false	6	false	false		0.0000	true	1	false
kadon_bind_ushabti		0	monstrous_infantry	1	false	kadon_bind_ushabti	32	0	900	wh_main_shp_transport	1	1	16	0	0	heavy		0	true	wh2_dlc09_vo_culture_Ushabti	wh2_dlc09_tmb_ushabti	2	false	tmb_ushabti		false		900.0000	0.0000	false	vo_culture_None	false	wh_main_vo_actor_default	0	false	false	6	false	false		0.0000	true	1	false
kadon_bind_vargheists		-1	monstrous_infantry	2	false	kadon_bind_vargheists	32	0	1050	wh_main_shp_transport	1	1	16	1000	0	heavy		0	true	wh_main_vo_culture_Var_Creature	monstrous_infantry_flying	3	false	vamp_vargheist		false		1050.0000	0.0000	false	wh_main_vo_culture_Vampire_Creature_Order_Giver	false	wh_main_vo_actor_default	0	false	true	6	false	false		0.0000	true	1	false
kadon_bind_varghulf		-1	monster	2	false	kadon_bind_varghulf	1	0	1400	wh_main_shp_transport	1	1	1	1400	0	heavy		0	true	wh_main_vo_culture_Var_Creature	vmp_varghulf	3	true	vamp_vargheist		true		1400.0000	0.0000	true	wh_main_vo_culture_Vampire_Creature_Order_Giver	false	wh_main_vo_actor_default	0	false	true	3	false	false		0.0000	true	1	false
kadon_bind_war_lions_of_chrace		-1	war_beast	1	false	kadon_bind_war_lions_of_chrace	48	0	0	wh_main_shp_transport	1	1	24	0	0	medium		0	true	wh2_dlc15_vo_culture_War_Lion	war_beast	2	false	hef_war_lion		false		800.0000	0.0000	false	wh_main_vo_culture_Vampire_Creature_Order_Giver	false	wh_main_vo_actor_default	0	false	false	6	false	false		0.0000	true	1	false
kadon_bind_war_mammoth		-1	monster	2	false	kadon_bind_war_mammoth	1	0	0	wh_main_shp_transport	1	1	1	0	0	super_heavy		0	true	wh_dlc08_vo_culture_war_mammoth	nor_mammoth	4	true	nor_war_mammoth		true		1450.0000	0.0000	true	wh_main_vo_culture_Chaos	false	wh_main_vo_actor_default	0	true	true	3	false	false		0.0000	true	1	false
kadon_bind_wolf_rats		-1	war_beast	1	false	kadon_bind_wolf_rats	160	0	550	wh_main_shp_transport	1	1	80	550	0	medium		0	true	wh2_dlc16_vo_culture_Wolf_Rat	war_beast	1	false	skv_wolf_rats		false		1000.0000	0.0000	false	vo_culture_None	false	wh_main_vo_actor_default	0	false	false	0	false	false		0.0000	true	1	false
kadon_bind_wyvern		-1	monster	1	false	kadon_bind_wyvern	1	0	0	wh_main_shp_transport	1	1	1	0	0	heavy		0	false	wh_main_vo_culture_Wyvern	dragon	4	true	grn_feral_hydrah_waaagh		true		1300.0000	0.0000	true	vo_culture_None	false	wh_main_vo_actor_default	0	false	true	0	true	false		0.0000	true	1	false
kadon_bind_yhetees		-1	monstrous_infantry	2	false	kadon_bind_yhetees	32	0	1200	wh_main_shp_transport	1	1	16	1200	0	very_heavy		0	true	wh3_dlc26_vo_culture_Yhetee	wh3_dlc26_monstrous_infantry_magical	3	false	wh3_dlc26_yhetees		false		1200.0000	0.0000	true	vo_culture_None	false	wh_main_vo_actor_default	0	false	false	6	false	false		0.0000	true	1	false
kadon_bind_zoats		-1	monstrous_infantry	2	false	kadon_bind_zoats	32	0	1500	wh_main_shp_transport	1	1	1	1600	0	heavy		0	true	wh2_dlc16_vo_culture_Zoat	wef_zoats	4	false	chaos_dragon_ogre		false		1600.0000	0.0000	true	vo_culture_None	false	wh_main_vo_actor_default	0	false	true	6	false	false		0.0000	true	1	false
kadon_kin_ancient_salamander		-1	monster	1	false	kadon_kin_ancient_salamander	1	0	1050	wh_main_shp_transport	1	1	1	1050	0	heavy		0	true	wh2_dlc12_vo_culture_Ancient_Salamander	wh2_dlc17_lzd_salamander_ancient	3	true	liz_salamander_hunting_pack		true		300.0000	750.0000	true	vo_culture_None	false	wh_main_vo_actor_default	0	false	true	2	false	true		0.0000	true	1	false
kadon_kin_animated_hulks		-1	monstrous_infantry	1	false	kadon_kin_animated_hulks	32	0	500	wh_main_shp_transport	1	1	16	750	0	heavy		0	true	wh2_dlc11_vo_culture_Animated_Hulk	monstrous_infantry	2	false	cst_animated_hulks		false		750.0000	0.0000	true	vo_culture_None	false	wh_main_vo_actor_default	0	false	false	6	false	false		0.0000	true	1	false
kadon_kin_arcane_phoenix		-1	monster	2	false	kadon_kin_arcane_phoenix	1	0	0	wh_main_shp_transport	1	1	1	0	0	heavy		0	true	wh2_main_vo_culture_Phoenix	wh2_dlc15_hef_phoenix_arcane	4	true	hef_phoenix		true		1850.0000	0.0000	false	wh2_main_vo_culture_High_Elves	false	wh_main_vo_actor_default	0	false	true	3	false	false		0.0000	true	1	false
kadon_kin_bale_taurus		-1	monster	2	false	kadon_kin_bale_taurus	1	0	1700	wh_main_shp_transport	1	1	1	1700	0	heavy		0	true	wh3_dlc23_vo_culture_Chd_Bale_Taurus	chd_bale_taurus	4	true	chd_bale_taurus		true		1700.0000	0.0000	true	vo_culture_None	false	wh_main_vo_actor_default	0	false	true	3	false	false		0.0000	true	1	false
kadon_kin_basilisk		1	monster	2	false	kadon_kin_basilisk	1	0	1600	wh_main_shp_transport	1	1	1	0	0	heavy		0	true	wh3_dlc29_vo_culture_Basilisk	wh3_dlc29_chs_basilisk	4	true	wh3_dlc29_liz_basilisk		true		1600.0000	0.0000	true	vo_culture_None	false	wh_main_vo_actor_default	0	false	true	2	false	true		0.0000	true	1	false
kadon_kin_bastiladon		-1	monster	2	false	kadon_kin_bastiladon	1	0	650	wh_main_shp_transport	1	1	1	650	0	heavy		0	true	wh2_main_vo_culture_Bastiladon	wh2_dlc17_lzd_bastiladon	2	true	liz_bastiladon		true		775.0000	0.0000	true	vo_culture_None	false	wh_main_vo_actor_default	0	false	true	3	false	true		0.0000	true	1	false
kadon_kin_beast_of_nurgle		-1	monster	1	false	kadon_kin_beast_of_nurgle	1	0	800	wh_main_shp_transport	1	1	1	800	0	heavy		0	true	wh3_main_vo_culture_Beast_Of_Nurgle	wh3_main_nur_beast_of_nurgle	2	true	nur_beast_of_nurgle		true		600.0000	0.0000	true	vo_culture_None	false	wh_main_vo_actor_default	0	false	true	3	false	true		0.0000	true	1	false
kadon_kin_bile_trolls		-1	monstrous_infantry	1	false	kadon_kin_bile_trolls	32	0	1050	wh_main_shp_transport	1	1	16	1050	0	very_heavy		0	true	wh_main_vo_culture_Troll	monstrous_infantry	3	false	wh3_dlc25_nur_bile_trolls		false		1050.0000	0.0000	true	vo_culture_None	false	wh_main_vo_actor_default	0	false	false	6	false	false		0.0000	true	1	false
kadon_kin_bloated_corpse		-1	monster	1	false	kadon_kin_bloated_corpse	1	0	350	wh_main_shp_transport	1	1	1	400	0	heavy		0	true	wh2_dlc11_vo_culture_Bloated_Corpse	wh2_dlc11_cst_exploding_monster	1	true	cst_bloated_corpse		true		400.0000	0.0000	true	vo_culture_None	false	wh_main_vo_actor_default	0	false	true	4	false	false		0.0000	true	1	false
kadon_kin_blood_vultures		-1	war_beast	1	false	kadon_kin_blood_vultures	96	0	500	wh_main_shp_transport	1	1	48	500	0	heavy		0	true	wh3_dlc26_vo_culture_Blood_Vulture	wh2_dlc09_tmb_carrion	2	false	wh3_dlc26_ogr_blood_vulture		false		500.0000	0.0000	false	vo_culture_None	false	wh_main_vo_actor_default	0	false	true	0	false	false		0.0000	true	1	false
kadon_kin_bloodbeasts_of_khorne		-1	monstrous_infantry	2	false	kadon_kin_bloodbeasts_of_khorne	32	0	1100	wh_main_shp_transport	1	1	16	1100	0	heavy		0	true	wh3_dlc26_vo_culture_bloodbeast	kho_bloodbeast_of_khorne	3	true	wh3_dlc26_kho_bloodbeasts_of_khorne		false		1100.0000	0.0000	true	vo_culture_None	false	wh_main_vo_actor_default	0	false	true	0	false	false		0.0000	true	1	false
kadon_kin_bloodthirster		-1	monster	3	false	kadon_kin_bloodthirster	1	0	2000	wh_main_shp_transport	1	1	1	2000	0	heavy		0	false	wh3_main_vo_culture_Khorne	wh3_main_kho_bloodthirster	5	true	kho_general_15_degrees		true		2000.0000	0.0000	true	vo_culture_None	false	wh3_main_vo_actor_Khorne_Bloodthirster_Unit	0	false	true	1	false	false		0.0000	true	1	false
kadon_kin_bloodwrack_medusa		-1	monster	2	false	kadon_kin_bloodwrack_medusa	1	0	1300	wh_main_shp_transport	1	1	1	1300	0	heavy		0	true	wh2_main_vo_culture_Dark_Elves	wh2_dlc14_def_monster_medusa	3	true	def_medusa		true		500.0000	900.0000	true	vo_culture_None	false	wh2_dlc14_vo_actor_Dark_Elf_Bloodwrack_Medusa	0	true	true	3	false	false		0.0000	true	1	false
kadon_kin_bone_giant		0	monster	2	false	kadon_kin_bone_giant	1	0	1600	wh_main_shp_transport	1	1	1	0	0	very_heavy		0	true	wh2_pro06_vo_culture_Bone_Giant	wh2_dlc10_tmb_bone_giant	4	true	tmb_bone_giant		true		420.0000	1280.0000	true	vo_culture_None	false	wh_main_vo_actor_default	0	false	true	2	false	false		0.0000	true	1	false
kadon_kin_brood_horror		-1	monster	2	false	kadon_kin_brood_horror	1	0	1050	wh_main_shp_transport	1	1	1	1100	0	medium		0	true	wh2_dlc16_vo_culture_Brood_Horror	wh2_dlc16_skv_brood_horror	3	true	skv_brood_horror		true		1100.0000	0.0000	true	vo_culture_None	false	wh_main_vo_actor_default	0	false	true	0	false	false		0.0000	true	1	false
kadon_kin_bst_giant		-1	monster	2	false	kadon_kin_bst_giant	1	0	0	wh_main_shp_transport	1	1	1	0	0	very_heavy		0	true	wh_main_vo_culture_Giant	giant	3	true	grn_giant		true		1500.0000	0.0000	true	vo_culture_None	false	wh_main_vo_actor_default	0	false	true	2	false	false		0.0000	true	1	false
kadon_kin_carnosaur		-1	monster	3	false	kadon_kin_carnosaur	1	0	0	wh_main_shp_transport	1	1	1	0	0	heavy		0	true	wh2_main_vo_culture_Carnosaur	wh2_dlc17_lzd_carnosaur	4	true	liz_carnosaur		true		1500.0000	0.0000	true	vo_culture_None	false	wh_main_vo_actor_default	0	false	true	2	false	true		0.0000	true	1	false
kadon_kin_carrion		0	war_beast	1	false	kadon_kin_carrion	48	0	350	wh_main_shp_transport	1	1	24	0	0	heavy		0	true	wh2_dlc09_vo_culture_Carrion	wh2_dlc09_tmb_carrion	1	false	tmb_carrion		false		350.0000	0.0000	false	vo_culture_None	false	wh_main_vo_actor_default	0	false	false	6	false	false		0.0000	true	1	false
kadon_kin_cave_bats		-1	war_beast	1	false	kadon_kin_cave_bats	120	0	350	wh_main_shp_transport	1	1	80	350	0	heavy		0	true	wh_main_vo_culture_Fell_Bat	vmp_fell_bats	1	false	vamp_fell_bat		false		375.0000	0.0000	false	wh_main_vo_culture_Vampire_Creature_Order_Giver	false	wh_main_vo_actor_default	0	false	false	6	false	false		0.0000	true	1	false
kadon_kin_celestial_lion		-1	monster	1	false	kadon_kin_celestial_lion	1	0	1300	wh_main_shp_transport	1	1	1	1300	0	heavy		0	true	wh3_dlc24_vo_culture_celestial_lion	wh3_dlc24_mon_celestial_lion	3	true	wh3_dlc24_cth_mon_celestial_lion		true		1300.0000	0.0000	true	vo_culture_None	false	wh_main_vo_actor_default	0	true	true	3	false	false		0.0000	true	1	false
kadon_kin_chaos_dragon		-1	monster	1	false	kadon_kin_chaos_dragon	1	0	2400	wh_main_shp_transport	1	1	1	0	0	heavy		0	false	wh_dlc08_vo_culture_frost_wyrm	wh_dlc08_nor_frost_wyrm	0	true	nor_frost_wyrm		true		2300.0000	0.0000	true	vo_culture_None	true	wh_main_vo_actor_default	0	true	false	0	false	false		0.0000	true	1	false
kadon_kin_chaos_furies		-1	monstrous_infantry	1	false	kadon_kin_chaos_furies	120	0	600	wh_main_shp_transport	1	1	40	500	0	medium		0	true	wh3_main_vo_culture_Fury	wh_dlc05_bst_harpies	2	false	furies		false		600.0000	0.0000	false	vo_culture_None	false	wh_main_vo_actor_default	0	true	false	6	false	false		0.0000	true	1	false
kadon_kin_chaos_siege_giant		-1	monster	2	false	kadon_kin_chaos_siege_giant	1	0	2000	wh_main_shp_transport	1	1	1	2000	0	very_heavy		0	true	wh_main_vo_culture_Giant	wh3_dlc29_chs_chaos_siege_giant	5	true	grn_giant		true		2000.0000	0.0000	true	vo_culture_None	false	wh_main_vo_actor_default	0	false	true	2	false	false		0.0000	true	1	false
kadon_kin_chaos_spawn		-1	monstrous_infantry	1	false	kadon_kin_chaos_spawn	32	0	0	wh_main_shp_transport	1	1	16	0	0	heavy		0	true	wh_dlc03_vo_culture_Spawn	chaos_spawn	3	false	chaos_spawn		false		950.0000	0.0000	true	vo_culture_None	false	wh_main_vo_actor_default	0	false	false	0	false	false		0.0000	true	1	false
kadon_kin_chaos_warhounds		-1	war_beast	1	false	kadon_kin_chaos_warhounds	160	0	0	wh_main_shp_transport	1	1	80	0	0	heavy		0	true	wh_main_vo_culture_Dire_Wolves_WarHound	war_beast	1	false	vamp_dire_wolf		false		400.0000	0.0000	false	wh_main_vo_culture_Vampire_Creature_Order_Giver	false	wh_main_vo_actor_default	0	false	false	6	false	false		0.0000	true	1	false
kadon_kin_chimera		1	monster	2	false	kadon_kin_chimera	1	0	1500	wh_main_shp_transport	1	1	1	0	0	heavy		0	true	wh3_dlc27_vo_culture_Chimera	wh3_dlc27_nor_chimera	4	true	wh3_dlc27_chimera		true		1500.0000	0.0000	true	vo_culture_None	false	wh_main_vo_actor_default	0	false	true	1	false	false		0.0000	true	1	false
kadon_kin_chs_giant		-1	monster	2	false	kadon_kin_chs_giant	1	0	0	wh_main_shp_transport	1	1	1	0	0	very_heavy		0	true	wh_main_vo_culture_Giant	giant	3	true	grn_giant		true		1500.0000	0.0000	true	vo_culture_None	false	wh_main_vo_actor_default	0	false	true	2	false	false		0.0000	true	1	false
kadon_kin_chs_trolls		-1	monstrous_infantry	2	false	kadon_kin_chs_trolls	32	0	0	wh_main_shp_transport	1	1	16	0	0	heavy		0	true	wh_main_vo_culture_Troll	monstrous_infantry	2	false	grn_troll		false		800.0000	0.0000	true	vo_culture_None	false	wh_main_vo_actor_default	0	false	false	6	false	false		0.0000	true	1	false
kadon_kin_coatl		-1	monster	2	false	kadon_kin_coatl	1	0	1700	wh_main_shp_transport	1	1	1	1850	0	heavy		0	true	wh2_dlc17_vo_culture_Coatl	wh2_dlc17_lzd_coatl	4	true	liz_coatl		true		1850.0000	0.0000	true	vo_culture_None	false	wh_main_vo_actor_default	0	false	true	2	false	false		0.0000	true	1	false
kadon_kin_cockatrice		1	monster	2	false	kadon_kin_cockatrice	1	0	1050	wh_main_shp_transport	1	1	1	0	0	heavy		0	true	wh3_dlc24_vo_culture_cockatrice	wh3_dlc24_cockatrice	3	true	cockatrice		true		1300.0000	0.0000	true	vo_culture_None	false	wh_main_vo_actor_default	0	false	true	1	false	false		0.0000	true	1	false
kadon_kin_cold_ones		-1	melee_cavalry	1	false	kadon_kin_cold_ones	64	0	0	wh_main_shp_transport	1	1	32	0	0	heavy		0	true	wh2_main_vo_culture_Cold_One	wh2_main_cold_one	1	false	liz_feral_cold_ones		false		500.0000	0.0000	false	vo_culture_None	false	wh_main_vo_actor_group_sound	0	false	false	6	false	false		0.0000	true	1	false
kadon_kin_colossal_squig		-1	monster	2	false	kadon_kin_colossal_squig	1	0	1500	wh_main_shp_transport	1	1	1	1500	0	medium		0	true	wh3_dlc26_vo_culture_Colossal_Squig	wh3_dlc26_grn_mon_colossal_squig	4	true	wh3_dlc26_grn_colossal_squig		true		1600.0000	0.0000	true	vo_culture_None	false	wh_main_vo_actor_default	0	false	true	0	false	false		0.0000	true	1	false
kadon_kin_crypt_horrors		-1	monstrous_infantry	1	false	kadon_kin_crypt_horrors	32	0	900	wh_main_shp_transport	1	1	16	800	0	heavy		0	true	wh_main_vo_culture_Crypt_Horror	monstrous_infantry	2	false	vamp_crypt_horror		false		800.0000	0.0000	true	wh_main_vo_culture_Vampire_Creature_Order_Giver	false	wh_main_vo_actor_default	0	false	false	6	false	false		0.0000	true	1	false
kadon_kin_cursd_ettin		-1	monster	2	false	kadon_kin_cursd_ettin	1	0	1500	wh_main_shp_transport	1	1	1	1500	0	very_heavy		0	true	wh_dlc08_vo_culture_Norsca	wh3_dlc27_nor_ettin	4	true	wh3_dlc27_nor_ettin		true		1500.0000	0.0000	true	vo_culture_None	false	wh3_dlc27_vo_actor_Norsca_Cursd_Ettin_Unit	0	true	true	2	false	false		0.0000	true	1	false
kadon_kin_cygor		-1	missile_infantry	2	false	kadon_kin_cygor	1	0	0	wh_main_shp_transport	1	1	1	0	0	very_heavy		0	true	wh_dlc03_vo_culture_Beastmen_Cygor	wh_dlc03_bst_cygor	3	true	bst_cygor		true		750.0000	800.0000	true	vo_culture_None	false	wh_main_vo_actor_default	0	false	false	0	false	false		0.0000	true	1	false
kadon_kin_def_black_dragon		-1	monster	3	false	kadon_kin_def_black_dragon	1	0	0	wh_main_shp_transport	1	1	1	0	0	heavy		0	true	wh2_main_vo_culture_Black_Dragon	dragon	4	true	hef_dragon		true		2100.0000	0.0000	true	wh2_main_vo_culture_Dark_Elves	false	wh_main_vo_actor_default	0	false	true	2	true	false		0.0000	true	1	false
kadon_kin_dire_wolves		-1	war_beast	1	false	kadon_kin_dire_wolves	160	0	475	wh_main_shp_transport	1	1	80	500	0	heavy		0	true	wh_main_vo_culture_Dire_Wolves_WarHound	war_beast	2	false	vamp_dire_wolf		false		500.0000	0.0000	false	wh_main_vo_culture_Vampire_Creature_Order_Giver	false	wh_main_vo_actor_default	0	false	false	6	false	false		0.0000	true	1	false
kadon_kin_dragon_ogre		-1	monstrous_infantry	2	false	kadon_kin_dragon_ogre	32	0	0	wh_main_shp_transport	1	1	16	0	0	heavy		0	true	wh_dlc01_vo_culture_Dragon_Ogre	chs_dragon_ogres	4	false	chaos_dragon_ogre		false		1550.0000	0.0000	true	vo_culture_None	false	wh_main_vo_actor_default	0	false	true	6	false	false		0.0000	true	1	false
kadon_kin_dragon_ogre_shaggoth		-1	monster	3	false	kadon_kin_dragon_ogre_shaggoth	1	0	2000	wh_main_shp_transport	1	1	1	2000	0	super_heavy		0	true	wh_dlc01_vo_culture_Dragon_Ogre	chs_dragon_ogre_shaggoth	5	true	chaos_dragon_ogre		true		2000.0000	0.0000	true	vo_culture_None	false	wh_main_vo_actor_default	0	false	true	2	false	false		0.0000	true	1	false
kadon_kin_dread_maw		-1	monster	2	false	kadon_kin_dread_maw	1	0	1100	wh_main_shp_transport	1	1	1	1100	0	heavy		0	true	wh3_dlc27_vo_culture_Dreadmaw	wh3_dlc27_nor_dread_maw	3	true	wh3_dlc27_nor_mon_dread_maw		true	composite_scene\porthole\dread_maw_porthole.csc	1000.0000	0.0000	true	vo_culture_None	false	wh_main_vo_actor_default	0	false	true	2	false	false		0.0000	true	1	false
kadon_kin_dread_saurian		-1	monster	3	false	kadon_kin_dread_saurian	1	0	0	wh_main_shp_transport	1	1	1	0	0	heavy		0	true	wh2_dlc13_vo_culture_Dread_Saurian	wh2_dlc17_lzd_dread_saurian	5	true	liz_dread_saurian		true		2400.0000	0.0000	true	vo_culture_None	false	wh_main_vo_actor_default	0	false	true	2	false	true		0.0000	true	1	false
kadon_kin_elemental_bear		-1	monster	3	false	kadon_kin_elemental_bear	1	0	1800	wh_main_shp_transport	1	1	1	1800	0	super_heavy		0	true	wh3_main_vo_culture_Elemental_Bear	wh3_ksl_elemental_bear	4	true	ksl_elemental_bear		true		1800.0000	0.0000	true	vo_culture_None	false	wh_main_vo_actor_default	0	true	true	1	false	false		0.0000	true	1	false
kadon_kin_exalted_flamer		-1	monster	2	false	kadon_kin_exalted_flamer	1	0	1300	wh_main_shp_transport	1	1	1	1300	0	very_heavy		0	true	wh3_main_vo_culture_Flamer	wh3_main_tze_exalted_flamer	3	true	tze_flamers		true		200.0000	900.0000	false	vo_culture_None	false	wh_main_vo_actor_default	0	false	false	6	false	false		0.0000	true	1	false
kadon_kin_fell_bats		-1	war_beast	1	false	kadon_kin_fell_bats	120	0	350	wh_main_shp_transport	1	1	80	350	0	heavy		0	true	wh_main_vo_culture_Fell_Bat	vmp_fell_bats	1	false	vamp_fell_bat		false		375.0000	0.0000	false	wh_main_vo_culture_Vampire_Creature_Order_Giver	false	wh_main_vo_actor_default	0	false	false	6	false	false		0.0000	true	1	false
kadon_kin_feral_bears		-1	war_beast	1	false	kadon_kin_feral_bears	32	0	850	wh_main_shp_transport	1	1	16	850	0	medium		0	false	wh3_main_vo_culture_Kislev	wh3_main_monster_feral_bear	2	false	ksl_feral_war_bear		false		650.0000	0.0000	false	vo_culture_None	false	wh_main_vo_actor_default	0	false	false	0	false	false		0.0000	true	1	false
kadon_kin_fiends_of_slaanesh		-1	monstrous_infantry	2	false	kadon_kin_fiends_of_slaanesh	32	0	1325	wh_main_shp_transport	1	1	16	1325	0	heavy		0	true	wh3_main_vo_culture_Fiend_Of_Slaanesh	wh3_main_sla_fiend	3	false	sla_fiends		false		1300.0000	0.0000	true	vo_culture_None	false	wh_main_vo_actor_default	0	false	true	6	false	false		0.0000	true	1	false
kadon_kin_fimir		-1	monstrous_infantry	2	false	kadon_kin_fimir	32	0	0	wh_main_shp_transport	1	1	12	0	0	heavy		0	true	wh_dlc08_vo_culture_Norsca	wh3_dlc26_monstrous_infantry_magical	3	false	nor_fimir		false		1200.0000	0.0000	true	vo_culture_None	false	wh_dlc08_vo_actor_Norsca_Fimir_Balefiend	0	true	false	6	false	false		0.0000	true	1	false
kadon_kin_flamers_of_tzeentch		-1	monstrous_infantry	1	false	kadon_kin_flamers_of_tzeentch	24	0	800	wh_main_shp_transport	1	1	16	800	0	very_heavy		0	true	wh3_main_vo_culture_Flamer	wh3_main_tze_flamer	2	false	tze_flamers		false		150.0000	700.0000	false	vo_culture_None	false	wh_main_vo_actor_default	0	false	false	6	false	false		0.0000	true	1	false
kadon_kin_flamespyre_phoenix		-1	monster	2	false	kadon_kin_flamespyre_phoenix	1	0	1350	wh_main_shp_transport	1	1	1	1400	0	heavy		0	true	wh2_main_vo_culture_Phoenix	wh2_main_hef_phoenix_fire	3	true	hef_phoenix		true		1400.0000	0.0000	false	wh2_main_vo_culture_High_Elves	false	wh_main_vo_actor_default	0	false	true	3	false	false		0.0000	true	1	false
kadon_kin_flesh_hounds_of_khorne		-1	war_beast	1	false	kadon_kin_flesh_hounds_of_khorne	64	0	750	wh_main_shp_transport	1	1	40	750	0	medium		0	true	wh3_main_vo_culture_Fleshhound	war_beast	2	false	kho_flesh_hounds		false		750.0000	0.0000	false	vo_culture_None	false	wh_main_vo_actor_default	0	false	false	6	false	false		0.0000	true	1	false
kadon_kin_forest_dragon		-1	monster	2	false	kadon_kin_forest_dragon	1	0	0	wh_main_shp_transport	1	1	1	0	0	heavy		0	true	wh_dlc05_vo_culture_Forest_Dragon	dragon	4	true	hef_dragon		true		1800.0000	0.0000	true	vo_culture_None	false	wh_main_vo_actor_default	0	false	true	2	true	false		0.0000	true	1	false
kadon_kin_frost_wyrm		-1	monster	3	false	kadon_kin_frost_wyrm	1	0	0	wh_main_shp_transport	1	1	1	0	0	very_heavy		0	true	wh_dlc08_vo_culture_frost_wyrm	wh_dlc08_nor_frost_wyrm	4	true	nor_frost_wyrm		true		1500.0000	0.0000	true	wh_main_vo_culture_Chaos	false	wh_main_vo_actor_default	0	true	false	2	false	false		0.0000	true	1	false
kadon_kin_frostheart_phoenix		-1	monster	3	false	kadon_kin_frostheart_phoenix	1	0	1650	wh_main_shp_transport	1	1	1	1650	0	heavy		0	true	wh2_main_vo_culture_Phoenix	wh2_main_hef_phoenix_frost	4	true	hef_phoenix		true		1650.0000	0.0000	false	wh2_main_vo_culture_High_Elves	false	wh_main_vo_actor_default	0	false	true	2	false	false		0.0000	true	1	false
kadon_kin_ghorgon		1	monster	3	false	kadon_kin_ghorgon	1	0	2000	wh_main_shp_transport	1	1	1	0	0	very_heavy		0	true	wh2_dlc17_vo_culture_Ghorgon	wh2_dlc17_bst_ghorgon	5	true	bst_ghorgon		true		2000.0000	0.0000	true	vo_culture_None	false	wh_main_vo_actor_default	0	false	false	1	false	false		0.0000	true	1	false
kadon_kin_giant		-1	monster	2	false	kadon_kin_giant	1	0	0	wh_main_shp_transport	1	1	1	0	0	very_heavy		0	true	wh_main_vo_culture_Giant	giant	3	true	grn_giant		true		1500.0000	0.0000	true	vo_culture_None	false	wh_main_vo_actor_default	0	false	true	2	false	false		0.0000	true	1	false
kadon_kin_giant_spined_chaos_beast		1	monster	2	false	kadon_kin_giant_spined_chaos_beast	1	0	1350	wh_main_shp_transport	1	1	1	0	0	heavy		0	true	wh3_dlc29_vo_culture_Spined_Chaos_Beast	wh3_dlc29_chs_giant_spined_chaos_beast	3	true	wh3_dlc29_chs_mon_giant_spined_chaos_beast		true		1350.0000	0.0000	true	vo_culture_None	false	wh_main_vo_actor_default	0	false	true	3	false	false		0.0000	true	1	false
kadon_kin_giant_wolves		-1	war_beast	1	false	kadon_kin_giant_wolves	96	0	650	wh_main_shp_transport	1	1	40	650	0	medium		0	true	wh_main_vo_culture_Dire_Wolves_WarHound	war_beast	2	false	vamp_dire_wolf		false		650.0000	0.0000	false	wh_main_vo_culture_Vampire_Creature_Order_Giver	false	wh_main_vo_actor_default	0	false	false	6	false	false		0.0000	true	1	false
kadon_kin_great_cave_squigs		-1	monstrous_cavalry	2	false	kadon_kin_great_cave_squigs	32	0	1450	wh_main_shp_transport	1	1	16	1450	0	medium		0	false	wh_dlc06_vo_culture_Squig	wh_dlc06_grn_squig	4	true	grn_squig_herd		false		1450.0000	0.0000	false	vo_culture_None	false	wh_main_vo_actor_group_sound	0	false	false	2	false	false		0.0000	true	1	false
kadon_kin_great_eagle		-1	monster	1	false	kadon_kin_great_eagle	1	0	0	wh_main_shp_transport	1	1	1	0	0	medium		0	true	wh_main_vo_culture_Eagle	wh_dlc05_wef_great_eagle	2	true	wef_great_eagle		true		750.0000	0.0000	false	vo_culture_None	false	wh_main_vo_actor_default	0	false	false	3	false	false		0.0000	true	1	false
kadon_kin_great_hawks		-1	monster	1	false	kadon_kin_great_hawks	48	0	800	wh_main_shp_transport	1	1	24	800	0	heavy		0	false	wh_main_vo_culture_Eagle	wh2_dlc16_wef_hawks	2	false	wef_great_eagle		false		800.0000	0.0000	false	vo_culture_None	false	wh_main_vo_actor_default	0	false	true	6	false	false		0.0000	true	1	false
kadon_kin_great_moon_bird		-1	monster	2	false	kadon_kin_great_moon_bird	1	0	1500	wh_main_shp_transport	1	1	1	1600	0	heavy		0	true	wh2_main_vo_culture_Phoenix	wh3_dlc24_mon_great_moon_bird	4	true	wh3_dlc24_cth_mon_great_moon_bird		true		1600.0000	0.0000	true	wh3_main_vo_culture_Cathay	false	wh_main_vo_actor_default	0	false	true	3	false	false		0.0000	true	1	false
kadon_kin_great_taurus		-1	monster	1	false	kadon_kin_great_taurus	1	0	1100	wh_main_shp_transport	1	1	1	1100	0	heavy		0	true	wh3_dlc23_vo_culture_Chd_Bale_Taurus	chd_bale_taurus	3	true	chd_bale_taurus		true		1100.0000	0.0000	true	vo_culture_None	false	wh_main_vo_actor_default	0	false	true	3	false	false		0.0000	true	1	false
kadon_kin_great_unclean_one		-1	monster	3	false	kadon_kin_great_unclean_one	1	0	1600	wh_main_shp_transport	1	1	1	1900	0	heavy		0	false	wh3_main_vo_culture_Nurgle	wh3_main_nur_great_unclean_one	4	true	nur_great_unclean_one		true		2000.0000	0.0000	true	vo_culture_None	false	wh3_main_vo_actor_Nurgle_Great_Unclean_One_Unit	0	false	false	0	false	false		0.0000	true	1	false
kadon_kin_griffon		-1	monster	1	false	kadon_kin_griffon	1	0	1600	wh_main_shp_transport	1	1	1	0	0	medium		0	false	wh_main_vo_culture_Griffin_DemiGryph_Hippogryph	flying_monstrous_cavalry	4	true	wef_great_eagle		true		800.0000	0.0000	true	vo_culture_None	false	wh_main_vo_actor_default	0	false	true	0	false	false		0.0000	true	1	false
kadon_kin_harpies		-1	monstrous_infantry	1	false	kadon_kin_harpies	120	0	0	wh_main_shp_transport	1	1	60	0	0	heavy		0	true	wh3_main_vo_culture_Harpies	wh_dlc05_bst_harpies	2	false	default		false		600.0000	0.0000	false	vo_culture_None	false	wh_main_vo_actor_default	0	false	false	6	false	false		0.0000	true	1	false
kadon_kin_hef_moon_dragon		-1	monster	3	false	kadon_kin_hef_moon_dragon	1	0	0	wh_main_shp_transport	1	1	1	0	0	heavy		0	true	wh2_main_vo_culture_Moon_Dragon	dragon	4	true	hef_dragon		true		2000.0000	0.0000	true	wh2_main_vo_culture_High_Elves	false	wh_main_vo_actor_default	0	false	true	2	true	false		0.0000	true	1	false
kadon_kin_hef_star_dragon		-1	monster	3	false	kadon_kin_hef_star_dragon	1	0	0	wh_main_shp_transport	1	1	1	0	0	heavy		0	true	wh2_main_vo_culture_Star_Dragon	dragon	5	true	hef_dragon		true		2400.0000	0.0000	true	wh2_main_vo_culture_High_Elves	false	wh_main_vo_actor_default	0	false	true	1	true	false		0.0000	true	1	false
kadon_kin_hell_pit_abomination		-1	monster	2	false	kadon_kin_hell_pit_abomination	1	0	1800	wh_main_shp_transport	1	1	60	1800	0	medium		0	true	wh2_main_vo_culture_Hell_Pit_Abomination	wh2_main_skv_hell_pit	4	true	skv_hellpit_abomination		true		1800.0000	0.0000	true	wh2_main_vo_culture_Skaven	false	wh_main_vo_actor_default	0	false	false	2	false	false		0.0000	true	1	false
kadon_kin_hierotitan		0	monster	3	false	kadon_kin_hierotitan	1	0	2000	wh_main_shp_transport	1	1	1	0	0	very_heavy		0	true	wh2_dlc09_vo_culture_Heirotitan	wh2_dlc09_tmb_hierotitan	5	true	tmb_hierotitan		true		2000.0000	0.0000	true	vo_culture_None	false	wh_main_vo_actor_default	0	false	true	2	false	false		0.0000	true	1	false
kadon_kin_hunting_hounds		-1	war_beast	1	false	kadon_kin_hunting_hounds	160	0	400	wh_main_shp_transport	1	1	80	400	0	heavy		0	true	wh_main_vo_culture_Dire_Wolves_WarHound	war_beast	1	false	vamp_dire_wolf		false		400.0000	0.0000	false	wh_main_vo_culture_Vampire_Creature_Order_Giver	false	wh_main_vo_actor_default	0	false	false	6	false	false		0.0000	true	1	false
kadon_kin_hydra		-1	monster	3	false	kadon_kin_hydra	1	0	0	wh_main_shp_transport	1	1	1	0	0	very_heavy		0	true	wh2_main_vo_culture_Hydra	wh2_main_def_mon_war_hydra	4	true	def_war_hydra		true		1600.0000	0.0000	true	vo_culture_None	false	wh_main_vo_actor_default	0	false	true	2	true	false		0.0000	true	1	false
kadon_kin_incarnate_elemental_of_beasts		1	monster	2	false	kadon_kin_incarnate_elemental_of_beasts	1	0	1900	wh_main_shp_transport	1	1	1	0	0	super_heavy		0	true	wh3_dlc24_vo_culture_elemental_beast	wh3_dlc24_mon_incarnate_elemental_of_beasts	5	true	ksl_incarnate_elemental_of_beasts		true		1800.0000	0.0000	true	vo_culture_None	false	wh_main_vo_actor_default	0	true	true	1	false	false		0.0000	true	1	false
kadon_kin_jabberslythe		1	monster	2	false	kadon_kin_jabberslythe	1	0	1700	wh_main_shp_transport	1	1	1	0	0	very_heavy		0	false	wh2_dlc17_vo_culture_Jabberslythe	wh2_dlc17_bst_jabberslythe	4	true	bst_jabberslythe		true		1700.0000	0.0000	true	vo_culture_None	false	wh_main_vo_actor_default	0	false	true	3	false	false		0.0000	true	1	false
kadon_kin_jade_lion		-1	war_beast	1	false	kadon_kin_jade_lion	1	0	1100	wh_main_shp_transport	1	1	1	1200	0	heavy		0	true	wh3_dlc24_vo_culture_jade_lion	wh3_dlc24_mon_guardian_lion	3	true	hef_war_lion		true		800.0000	0.0000	false	vo_culture_None	false	wh_main_vo_actor_default	0	false	false	6	false	false		0.0000	true	1	false
kadon_kin_jet_lion		-1	war_beast	1	false	kadon_kin_jet_lion	1	0	1100	wh_main_shp_transport	1	1	1	1200	0	heavy		0	true	wh3_dlc24_vo_culture_jade_lion	wh3_dlc24_mon_guardian_lion	3	true	hef_war_lion		true		800.0000	0.0000	false	vo_culture_None	false	wh_main_vo_actor_default	0	false	false	6	false	false		0.0000	true	1	false
kadon_kin_kdaai_destroyer		-1	monster	3	false	kadon_kin_kdaai_destroyer	1	0	2000	wh_main_shp_transport	1	1	1	2200	0	heavy		0	true	wh3_dlc23_vo_culture_Chd_Kdaai_Destroyer	chd_kdaai_destroyer	5	true	chd_kdaai_destroyer		true		2200.0000	0.0000	true	vo_culture_None	false	wh_main_vo_actor_default	0	false	true	2	false	false		0.0000	true	1	false
kadon_kin_kdaai_fireborn		-1	monstrous_infantry	2	false	kadon_kin_kdaai_fireborn	32	0	1325	wh_main_shp_transport	1	1	16	1400	0	very_heavy		0	true	wh3_dlc23_vo_culture_Chd_Kdaai_Fireborn	chd_kdaai_fireborn	4	false	chd_kdaai_fireborn		false		1500.0000	0.0000	true	vo_culture_None	false	wh_main_vo_actor_default	0	false	true	6	false	false		0.0000	true	1	false
kadon_kin_keeper_of_secrets		-1	monster	3	false	kadon_kin_keeper_of_secrets	1	0	1650	wh_main_shp_transport	1	1	1	2000	0	super_heavy		0	true	wh3_main_vo_culture_Slaanesh	wh3_main_sla_keeper_of_secrets	4	true	sla_keeper_of_secrets		true		1700.0000	0.0000	true	vo_culture_None	false	wh3_main_vo_actor_Slaanesh_Keeper_Of_Secrets	0	false	true	2	true	false		0.0000	true	1	false
kadon_kin_kharibdyss		-1	monster	3	false	kadon_kin_kharibdyss	1	0	1700	wh_main_shp_transport	1	1	1	1700	0	very_heavy		0	true	wh2_dlc10_vo_culture_Kharibdyss	wh2_dlc10_def_kharibdyss	4	true	def_war_hydra		true		1650.0000	0.0000	true	vo_culture_None	false	wh_main_vo_actor_default	0	false	true	2	true	false		0.0000	true	1	false
kadon_kin_khemric_titan		0	monster	3	false	kadon_kin_khemric_titan	1	0	2600	wh_main_shp_transport	1	1	1	0	0	super_heavy		0	true	wh3_dlc29_vo_culture_Khemric_Titan	wh3_dlc29_tmb_khemric_titan	5	true	wh3_dlc29_tmb_khemric_titan		true		2000.0000	0.0000	true	vo_culture_None	false	wh_main_vo_actor_default	0	false	true	1	false	false		0.0000	true	1	false
kadon_kin_kroxigor		-1	monstrous_infantry	2	false	kadon_kin_kroxigor	32	0	1000	wh_main_shp_transport	1	1	16	1000	0	heavy		0	true	wh2_main_vo_culture_Kroxigor	monstrous_infantry	3	false	liz_kroxigor		false		1000.0000	0.0000	true	vo_culture_None	false	wh_main_vo_actor_default	0	false	false	6	false	true		0.0000	true	1	false
kadon_kin_lammasu		-1	monster	2	false	kadon_kin_lammasu	1	0	1200	wh_main_shp_transport	1	1	1	1200	0	heavy		0	true	wh3_dlc23_vo_culture_Chaos_Dwarfs	chd_lammasu	3	true	bst_manticore		true		1200.0000	0.0000	true	vo_culture_None	false	wh3_dlc23_vo_actor_Chaos_Dwarf_Lammasu	0	true	true	3	false	false		0.0000	true	1	false
kadon_kin_lord_of_change		-1	monster	3	false	kadon_kin_lord_of_change	1	0	1450	wh_main_shp_transport	1	1	1	1700	0	heavy		0	false	wh3_main_vo_culture_Tzeentch	wh3_main_tze_lord_of_change	4	true	chs_lord_of_change		true		1700.0000	0.0000	true	vo_culture_None	false	wh3_main_vo_actor_Tzeentch_Lord_Of_Change	0	true	true	0	false	false		0.0000	true	1	false
kadon_kin_mangler_squigs		-1	monster	1	false	kadon_kin_mangler_squigs	8	0	950	wh_main_shp_transport	1	1	4	950	0	medium		0	true	wh3_dlc26_vo_culture_Mangler_Squig	wh3_dlc26_grn_mon_mangler_squig	2	true	grn_squig_herd		false		950.0000	0.0000	false	vo_culture_None	false	wh_main_vo_actor_default	0	false	true	0	false	false		0.0000	true	1	false
kadon_kin_manticore		-1	monster	1	false	kadon_kin_manticore	1	0	0	wh_main_shp_transport	1	1	1	0	0	heavy		0	false	wh_main_vo_culture_Manticore	wh2_dlc17_bst_manticore	2	true	bst_manticore		true		800.0000	0.0000	true	vo_culture_None	false	wh_main_vo_actor_default	0	false	true	0	false	false		0.0000	true	1	false
kadon_kin_merwyrm		-1	monster	3	false	kadon_kin_merwyrm	1	0	2500	wh_main_shp_transport	1	1	1	2500	0	very_heavy		0	true	wh3_dlc27_vo_culture_Merwyrm	wh3_dlc27_hef_merwyrm	5	true	wh3_dlc27_hef_merwyrm		true		2200.0000	0.0000	true	vo_culture_None	false	wh_main_vo_actor_default	0	false	true	2	true	false		0.0000	true	1	false
kadon_kin_minotaurs		1	monstrous_infantry	2	false	kadon_kin_minotaurs	32	0	1250	wh_main_shp_transport	1	1	160	0	0	heavy		0	true	wh_dlc03_vo_culture_Minotaur	monstrous_infantry	3	false	bst_minotaur_15		false		1250.0000	0.0000	true	vo_culture_None	false	wh_main_vo_actor_default	0	false	true	6	false	false		0.0000	true	1	false
kadon_kin_minotaurs_of_khorne		-1	monstrous_infantry	2	false	kadon_kin_minotaurs_of_khorne	32	0	1350	wh_main_shp_transport	1	1	160	1350	0	heavy		0	true	wh3_main_vo_culture_Khornataur	monstrous_infantry	3	false	bst_minotaur_15		false		1350.0000	0.0000	true	vo_culture_None	false	wh_main_vo_actor_default	0	false	true	6	false	false		0.0000	true	1	false
kadon_kin_morghast_archai		0	monstrous_infantry	1	false	kadon_kin_morghast_archai	24	0	1900	wh_main_shp_transport	1	1	12	0	0	heavy		0	true	wh3_dlc29_vo_culture_Morghast	wh3_dlc29_vmp_morghast_archai	4	true	wh3_dlc29_vmp_morghast		false		900.0000	0.0000	true	vo_culture_None	false	wh_main_vo_actor_default	0	false	true	6	false	false		0.0000	true	1	false
kadon_kin_morghast_harbingers		0	monstrous_infantry	1	false	kadon_kin_morghast_harbingers	24	0	1800	wh_main_shp_transport	1	1	12	0	0	heavy		0	true	wh3_dlc29_vo_culture_Morghast	wh3_dlc29_vmp_morghast_harbingers	4	true	wh3_dlc29_vmp_morghast		false		900.0000	0.0000	true	vo_culture_None	false	wh_main_vo_actor_default	0	false	true	6	false	false		0.0000	true	1	false
kadon_kin_mourngul		-1	hero	1	false	kadon_kin_mourngul	1	0	0	wh_main_shp_transport	1	1	1	0	0	heavy		0	true	wh2_dlc11_vo_culture_Mourngul_Haunter	wh2_dlc11_cst_mourngul_haunter	0	true	grn_troll		true		1450.0000	0.0000	true	vo_culture_None	true	wh2_dlc11_vo_actor_VampireCoast_Mourngul_Haunter	0	true	false	2	false	false		0.0000	true	1	false
kadon_kin_mutalith_vortex_beast		-1	monster	2	false	kadon_kin_mutalith_vortex_beast	1	0	2000	wh_main_shp_transport	1	1	1	2000	0	super_heavy		0	true	wh3_dlc24_vo_culture_mutalith_vortex_beast	wh3_dlc24_mon_mutalith_vortex_beast	5	true	chaos_dragon_ogre		true		2100.0000	0.0000	true	vo_culture_None	false	wh_main_vo_actor_default	0	false	true	0	false	false		0.0000	true	1	false
kadon_kin_mutant_rat_ogre		-1	monster	2	false	kadon_kin_mutant_rat_ogre	1	0	1200	wh_main_shp_transport	1	1	1	1200	0	heavy		0	true	wh2_main_vo_culture_Rat_Ogres	monster_generic	3	true	skv_rat_ogres		true		1000.0000	0.0000	true	wh2_main_vo_culture_Rat_Ogres	false	wh_main_vo_actor_default	0	false	false	3	false	false		0.0000	true	1	false
kadon_kin_necrofex_colossus		-1	monster	3	false	kadon_kin_necrofex_colossus	1	0	0	wh_main_shp_transport	1	1	1	0	0	very_heavy		0	true	wh2_dlc11_vo_culture_Necrofex_Colossus	monster_artillery	4	true	cst_necrofex		true		900.0000	1000.0000	true	vo_culture_None	false	wh_main_vo_actor_default	0	false	true	2	false	false		0.0000	true	1	false
kadon_kin_necrosphinx		0	monster	3	false	kadon_kin_necrosphinx	1	0	2000	wh_main_shp_transport	1	1	1	0	0	super_heavy		0	true	wh2_dlc09_vo_culture_Necrosphinx	wh2_dlc09_tmb_necrosphinx	5	true	tmb_necrosphinx		true		2000.0000	0.0000	true	vo_culture_None	false	wh_main_vo_actor_default	0	false	true	1	false	false		0.0000	true	1	false
kadon_kin_nor_giant		-1	monster	2	false	kadon_kin_nor_giant	1	0	0	wh_main_shp_transport	1	1	1	0	0	very_heavy		0	true	wh_main_vo_culture_Giant	wh_dlc08_nor_giant	4	true	grn_giant		true		1500.0000	0.0000	true	vo_culture_None	false	wh_main_vo_actor_default	0	false	true	2	false	false		0.0000	true	1	false
kadon_kin_nor_ice_trolls		-1	monstrous_infantry	2	false	kadon_kin_nor_ice_trolls	32	0	0	wh_main_shp_transport	1	1	16	0	0	medium		0	true	wh_main_vo_culture_Troll	monstrous_infantry	2	false	grn_troll		false		950.0000	0.0000	true	vo_culture_None	false	wh_main_vo_actor_default	0	false	false	6	false	false		0.0000	true	1	false
kadon_kin_norscan_ice_wolves		-1	war_beast	1	false	kadon_kin_norscan_ice_wolves	96	0	600	wh_main_shp_transport	1	1	40	600	0	medium		0	true	wh_main_vo_culture_Dire_Wolves_WarHound	war_beast	2	false	vamp_dire_wolf		false		625.0000	0.0000	false	wh_main_vo_culture_Vampire_Creature_Order_Giver	false	wh_main_vo_actor_default	0	false	false	6	false	false		0.0000	true	1	false
kadon_kin_oceanids		-1	monstrous_infantry	1	false	kadon_kin_oceanids	32	0	1100	wh_main_shp_transport	1	1	16	1100	0	heavy		0	true	wh3_dlc27_vo_culture_Oceanids	wh3_dlc27_hef_oceanids	3	false	wh3_dlc27_hef_oceanids		false		1100.0000	0.0000	false	vo_culture_None	false	wh_main_vo_actor_default	0	false	false	6	false	false		0.0000	true	1	false
kadon_kin_onyx_crowmen		-1	monstrous_infantry	1	false	kadon_kin_onyx_crowmen	120	0	700	wh_main_shp_transport	1	1	60	700	0	medium		0	true	wh3_dlc24_vo_culture_onyx_crowmen	wh3_dlc24_cth_onyx_crowmen	3	false	wh3_dlc24_cth_inf_onyx_crowmen		false		700.0000	0.0000	false	vo_culture_None	false	wh_main_vo_actor_default	0	false	false	6	false	false		0.0000	true	1	false
kadon_kin_plague_toads		-1	war_beast	1	false	kadon_kin_plague_toads	48	0	650	wh_main_shp_transport	1	1	24	650	0	medium		0	true	wh3_main_vo_culture_Plague_Toad	wh3_main_nur_toads	2	false	nur_plague_toads		false		650.0000	0.0000	false	vo_culture_None	false	wh_main_vo_actor_default	0	false	false	6	false	false		0.0000	true	1	false
kadon_kin_preyton		1	monster	2	false	kadon_kin_preyton	1	0	1600	wh_main_shp_transport	1	1	1	0	0	heavy		0	true	wh3_dlc27_vo_culture_Preyton	wh3_dlc27_preyton	4	true	vamp_terrorgheist		true		1650.0000	0.0000	true	vo_culture_None	false	wh_main_vo_actor_default	0	false	true	1	true	false		0.0000	true	1	false
kadon_kin_rat_ogres		-1	monstrous_infantry	1	false	kadon_kin_rat_ogres	32	0	700	wh_main_shp_transport	1	1	16	800	0	medium		0	true	wh2_main_vo_culture_Rat_Ogres	monstrous_infantry	2	false	skv_rat_ogres		false		800.0000	0.0000	true	wh2_main_vo_culture_Rat_Ogres	false	wh_main_vo_actor_default	0	false	false	6	false	false		0.0000	true	1	false
kadon_kin_razordon_hunting_pack		-1	missile_infantry	1	false	kadon_kin_razordon_hunting_pack	64	0	800	wh_main_shp_transport	1	1	32	800	0	heavy		0	true	wh2_dlc13_vo_culture_Razordon	wh2_dlc17_lzd_razordon	2	false	liz_salamander_hunting_pack		false		250.0000	550.0000	false	vo_culture_None	false	wh_main_vo_actor_default	0	false	false	6	false	false		0.0000	true	1	false
kadon_kin_razorgor		-1	monstrous_cavalry	2	false	kadon_kin_razorgor	64	0	0	wh_main_shp_transport	1	1	32	0	0	heavy		0	true	wh_dlc03_vo_culture_Boar	wh_dlc03_bst_razorgor	2	false	bst_razorgor_herd		false		550.0000	0.0000	false	vo_culture_None	false	wh_main_vo_actor_default	0	false	false	6	false	false		0.0000	true	1	false
kadon_kin_ripperdactyls		-1	monstrous_infantry	2	false	kadon_kin_ripperdactyls	20	0	950	wh_main_shp_transport	1	1	10	950	0	very_heavy		0	true	wh2_main_vo_culture_Lizardmen	wh2_dlc17_lzd_ripperdactyl_riders	4	false	liz_terradon		false		950.0000	0.0000	false	vo_culture_None	false	wh_main_vo_actor_group_sound	0	false	true	3	false	true		0.0000	true	1	false
kadon_kin_river_trolls		-1	monstrous_infantry	1	false	kadon_kin_river_trolls	32	0	900	wh_main_shp_transport	1	1	16	900	0	very_heavy		0	true	wh_main_vo_culture_Troll	monstrous_infantry	2	false	grn_river_trolls		false		900.0000	0.0000	true	vo_culture_None	false	wh_main_vo_actor_default	0	false	false	6	false	false		0.0000	true	1	false
kadon_kin_rogue_idol		-1	monster	3	false	kadon_kin_rogue_idol	1	0	0	wh_main_shp_transport	1	1	1	0	0	super_heavy		0	true	wh2_dlc15_vo_culture_Rogue_Idol	wh2_dlc15_rogue_idol	5	true	grn_gork_idol		true		2100.0000	0.0000	true	vo_culture_None	false	wh_main_vo_actor_default	0	false	false	2	false	false		0.0000	true	1	false
kadon_kin_rot_flies		-1	monstrous_infantry	1	false	kadon_kin_rot_flies	24	0	800	wh_main_shp_transport	1	1	12	800	0	heavy		0	true	wh3_main_vo_culture_Nur_Rot_Fly	wh3_main_nur_rot_flies	2	false	liz_terradon		false		900.0000	0.0000	false	vo_culture_None	false	wh_main_vo_actor_default	0	false	true	6	false	false		0.0000	true	1	false
kadon_kin_rotting_prometheans		-1	monstrous_infantry	2	false	kadon_kin_rotting_prometheans	24	0	1000	wh_main_shp_transport	1	1	12	1000	0	medium		0	true	wh2_dlc11_vo_culture_Rotting_Prometheans	wh2_dlc11_cst_promethean	3	false	cst_rotting_prometheans		false		1000.0000	0.0000	true	vo_culture_None	false	wh_main_vo_actor_default	0	true	true	6	false	false		0.0000	true	1	false
kadon_kin_sabretusk_pack		-1	war_beast	1	false	kadon_kin_sabretusk_pack	64	0	525	wh_main_shp_transport	1	1	32	525	0	heavy		0	true	wh3_main_vo_culture_Sabertusk	war_beast	2	false	ogr_sabretusk		false		500.0000	0.0000	false	vo_culture_None	false	wh_main_vo_actor_default	0	false	false	6	false	false		0.0000	true	1	false
kadon_kin_salamander_hunting_pack		-1	missile_infantry	1	false	kadon_kin_salamander_hunting_pack	64	0	850	wh_main_shp_transport	1	1	32	850	0	heavy		0	true	wh2_dlc12_vo_culture_Salamander	wh2_dlc17_lzd_salamander	2	false	liz_salamander_hunting_pack		false		250.0000	600.0000	false	vo_culture_None	false	wh_main_vo_actor_default	0	false	false	6	false	false		0.0000	true	1	false
kadon_kin_screamers_of_tzeentch		-1	monstrous_infantry	1	false	kadon_kin_screamers_of_tzeentch	32	0	700	wh_main_shp_transport	1	1	12	700	0	heavy		0	true	wh3_main_vo_culture_Tze_Screamer	wh3_main_tze_screamer	2	false	tze_screamers		false		700.0000	0.0000	false	vo_culture_None	false	wh_main_vo_actor_default	0	false	true	6	false	false		0.0000	true	1	false
kadon_kin_scurvy_dogs		-1	war_beast	1	false	kadon_kin_scurvy_dogs	160	0	475	wh_main_shp_transport	1	1	80	500	0	heavy		0	true	wh_main_vo_culture_Dire_Wolves_WarHound	war_beast	2	false	vamp_dire_wolf		false		500.0000	0.0000	false	vo_culture_None	false	wh_main_vo_actor_default	0	false	false	6	false	false		0.0000	true	1	false
kadon_kin_sea_elemental		-1	monster	2	false	kadon_kin_sea_elemental	1	0	1900	wh_main_shp_transport	1	1	1	1650	0	heavy		0	true	wh3_dlc27_vo_culture_Sea_Elemental	wh3_dlc27_hef_sea_elemental	4	true	wh3_dlc27_hef_sea_elemental		true		1650.0000	0.0000	true	vo_culture_None	false	wh_main_vo_actor_default	0	false	true	2	false	false		0.0000	true	1	false
kadon_kin_sepulchral_stalkers		0	monstrous_infantry	2	false	kadon_kin_sepulchral_stalkers	32	0	1200	wh_main_shp_transport	1	1	12	0	0	heavy		0	true	wh2_dlc09_vo_culture_Sepulchral_Stalker	wh2_dlc09_tmb_sepulchral_stalkers	3	false	tmb_stalkers		false		1080.0000	120.0000	false	vo_culture_None	false	wh_main_vo_actor_default	0	false	false	6	false	false		0.0000	true	1	false
kadon_kin_skinwolves		-1	melee_infantry	1	false	kadon_kin_skinwolves	48	0	0	wh_main_shp_transport	1	1	18	0	0	heavy		0	true	wh_dlc08_vo_culture_skin_wolf_werekin	wh_dlc08_nor_skin_wolf	2	false	nor_skin_wolves		false		950.0000	0.0000	false	vo_culture_None	false	wh_main_vo_actor_default	0	true	false	6	false	false		0.0000	true	1	false
kadon_kin_slaughterbrute		-1	monstrous_infantry	2	false	kadon_kin_slaughterbrute	1	0	2000	wh_main_shp_transport	1	1	1	2000	0	heavy		0	false	wh3_dlc26_vo_culture_Slaughterbrute	kho_slaughterbrute	5	true	wh3_dlc26_kho_slaughterbrute		true		2000.0000	0.0000	true	vo_culture_None	false	wh3_dlc26_vo_actor_Khorne_Slaughterbrute	0	false	true	0	false	false		0.0000	true	1	false
kadon_kin_snow_leopard		-1	monster	1	false	kadon_kin_snow_leopard	1	0	650	wh_main_shp_transport	1	1	1	650	0	heavy		0	true	wh3_main_vo_culture_Snow_Leopard	wh3_main_ksl_snow_leopard	2	true	ksl_snow_leopard		true		650.0000	0.0000	false	vo_culture_None	false	wh_main_vo_actor_default	0	false	true	6	false	false		0.0000	true	1	false
kadon_kin_soopa_squig		-1	war_beast	1	false	kadon_kin_soopa_squig	1	0	425	wh_main_shp_transport	1	1	1	425	0	light		0	true	wh_dlc06_vo_culture_Squig	wh2_dlc15_squig_explosive	1	true	grn_squig_herd		true		425.0000	0.0000	false	vo_culture_None	false	wh_main_vo_actor_default	0	false	false	0	false	false		0.0000	true	1	false
kadon_kin_soul_grinder_of_khorne		-1	monster	2	false	kadon_kin_soul_grinder_of_khorne	1	0	1750	wh_main_shp_transport	1	1	1	1750	0	super_heavy		0	true	wh3_main_vo_culture_Kho_Soul_Grinder	wh3_main_soul_grinder_melee	4	true	nur_soul_grinder		true		1450.0000	300.0000	true	vo_culture_None	false	wh_main_vo_actor_default	0	false	true	2	true	false		0.0000	true	1	false
kadon_kin_soul_grinder_of_nurgle		-1	missile_infantry	2	false	kadon_kin_soul_grinder_of_nurgle	1	0	1750	wh_main_shp_transport	1	1	1	1900	0	very_heavy		0	true	wh3_main_vo_culture_Nur_Soul_Grinder	wh3_main_soul_grinder_missile	4	true	nur_soul_grinder		true		1000.0000	800.0000	true	vo_culture_None	false	wh_main_vo_actor_default	0	false	false	2	false	false		0.0000	true	1	false
kadon_kin_soul_grinder_of_slaanesh		-1	monster	2	false	kadon_kin_soul_grinder_of_slaanesh	1	0	1750	wh_main_shp_transport	1	1	1	1900	0	super_heavy		0	true	wh3_main_vo_culture_Sla_Soul_Grinder	wh3_main_soul_grinder_melee	4	true	nur_soul_grinder		true		1900.0000	0.0000	true	vo_culture_None	false	wh_main_vo_actor_default	0	false	true	2	true	false		0.0000	true	1	false
kadon_kin_soul_grinder_of_tzeentch		-1	missile_infantry	2	false	kadon_kin_soul_grinder_of_tzeentch	1	0	1750	wh_main_shp_transport	1	1	1	1900	0	very_heavy		0	true	wh3_main_vo_culture_Tze_Soul_Grinder	wh3_main_soul_grinder_missile	4	true	tze_soul_grinder		true		1100.0000	800.0000	true	vo_culture_None	false	wh_main_vo_actor_default	0	false	false	2	false	false		0.0000	true	1	false
kadon_kin_spawn_of_khorne		-1	monstrous_infantry	2	false	kadon_kin_spawn_of_khorne	32	0	1050	wh_main_shp_transport	1	1	16	1050	0	heavy		0	true	wh_dlc03_vo_culture_Spawn	chaos_spawn	3	true	kho_spawn_of_khorne		false		1050.0000	0.0000	true	vo_culture_None	false	wh3_main_vo_actor_Khorne_Chaos_Warrior	0	false	false	6	false	false		0.0000	true	1	false
kadon_kin_spawn_of_nurgle		-1	monstrous_infantry	2	false	kadon_kin_spawn_of_nurgle	32	0	1050	wh_main_shp_transport	1	1	16	1000	0	heavy		0	true	wh_dlc03_vo_culture_Spawn	chaos_spawn	3	true	nur_spawn_of_nurgle		false		1050.0000	0.0000	true	vo_culture_None	false	wh_main_vo_actor_default	0	false	false	6	false	false		0.0000	true	1	false
kadon_kin_spawn_of_slaanesh		-1	monstrous_infantry	2	false	kadon_kin_spawn_of_slaanesh	32	0	1050	wh_main_shp_transport	1	1	16	1000	0	heavy		0	true	wh_dlc03_vo_culture_Spawn	chaos_spawn	3	true	chaos_spawn		false		1050.0000	0.0000	true	vo_culture_None	false	wh_main_vo_actor_default	0	false	false	6	false	false		0.0000	true	1	false
kadon_kin_spawn_of_tzeentch		-1	monstrous_infantry	2	false	kadon_kin_spawn_of_tzeentch	32	0	1050	wh_main_shp_transport	1	1	16	1000	0	heavy		0	true	wh_dlc03_vo_culture_Spawn	chaos_spawn	3	true	tze_spawn		false		1050.0000	0.0000	true	vo_culture_None	false	wh_main_vo_actor_default	0	false	false	6	false	false		0.0000	true	1	false
kadon_kin_spider_hatchlings		-1	war_beast	1	false	kadon_kin_spider_hatchlings	120	0	250	wh_main_shp_transport	1	1	60	250	0	medium		0	true	wh_main_vo_culture_Spider_Small	grn_spider_hatchling	1	false	grn_goblin_spider_rider		false		250.0000	0.0000	false	vo_culture_None	false	wh_main_vo_actor_default	0	false	true	0	false	false		0.0000	true	1	false
kadon_kin_spiders		-1	monstrous_infantry	1	false	kadon_kin_spiders	120	0	550	wh_main_shp_transport	1	1	60	0	0	heavy		0	true	wh_main_vo_culture_Spider_Small	grn_spider_hatchling	2	false	grn_aracknarok		false		550.0000	0.0000	false	vo_culture_None	false	wh_main_vo_actor_default	0	false	true	6	false	false		0.0000	true	1	false
kadon_kin_squig_herd		-1	war_beast	1	false	kadon_kin_squig_herd	80	0	400	wh_main_shp_transport	1	1	40	300	0	light		0	true	wh_dlc06_vo_culture_Squig	wh_dlc06_grn_squig	1	false	grn_squig_herd		false		400.0000	0.0000	false	vo_culture_None	false	wh_main_vo_actor_group_sound	0	false	false	6	false	false		0.0000	true	1	false
kadon_kin_stag		-1	monstrous_cavalry	1	false	kadon_kin_stag	48	0	1350	wh_main_shp_transport	1	1	24	0	0	very_heavy		0	true	wh_dlc05_vo_culture_Wood_Elves	monstrous_shock_cavalry_stags	4	false	wef_great_stag_riders		false		1600.0000	0.0000	false	wh_dlc05_vo_culture_Wood_Elves	false	wh_main_vo_actor_default	0	false	true	6	false	false		0.0000	true	1	false
kadon_kin_stegadon		-1	monster	2	false	kadon_kin_stegadon	1	0	0	wh_main_shp_transport	1	1	1	0	0	heavy		0	true	wh2_main_vo_culture_Stegadon	wh2_dlc17_lzd_stegadon_feral	3	true	liz_stegadon		true		1100.0000	0.0000	true	vo_culture_None	false	wh_main_vo_actor_default	0	false	true	2	false	true		0.0000	true	1	false
kadon_kin_stone_trolls		-1	monstrous_infantry	2	false	kadon_kin_stone_trolls	32	0	1100	wh_main_shp_transport	1	1	16	1100	0	very_heavy		0	true	wh_main_vo_culture_Troll	monstrous_infantry	3	false	grn_stone_troll		false		1100.0000	0.0000	true	vo_culture_None	false	wh_main_vo_actor_default	0	false	false	6	false	false		0.0000	true	1	false
kadon_kin_stormfiends		-1	monstrous_infantry	2	false	kadon_kin_stormfiends	24	0	1200	wh_main_shp_transport	1	1	16	1200	0	medium		0	true	wh3_dlc29_vo_culture_Stormfiend	wh3_dlc29_skv_mon_stormfiends_melee	3	false	wh3_dlc29_stormfiend		false		1200.0000	0.0000	true	vo_culture_None	false	wh_main_vo_actor_default	0	false	false	6	false	false		0.0000	true	1	false
kadon_kin_sun_dragon		-1	monster	3	false	kadon_kin_sun_dragon	1	0	0	wh_main_shp_transport	1	1	1	0	0	heavy		0	true	wh2_main_vo_culture_Sun_Dragon	dragon	4	true	hef_dragon		true		1700.0000	0.0000	true	wh2_main_vo_culture_High_Elves	false	wh_main_vo_actor_default	0	false	true	2	true	false		0.0000	true	1	false
kadon_kin_terracotta_sentinel		-1	monster	2	false	kadon_kin_terracotta_sentinel	1	0	1600	wh_main_shp_transport	1	1	1	1600	0	very_heavy		0	true	wh3_main_vo_culture_Terracotta_Sentinel	wh3_main_cth_terracotta_sentinel	4	true	cth_sentinel		true		1600.0000	0.0000	true	vo_culture_None	false	wh_main_vo_actor_default	0	false	true	2	false	false		0.0000	true	1	false
kadon_kin_terradons		-1	monstrous_infantry	1	false	kadon_kin_terradons	20	0	500	wh_main_shp_transport	1	1	10	500	0	heavy		0	true	wh2_main_vo_culture_Lizardmen	wh2_main_lzd_terradon	3	false	liz_terradon		false		500.0000	0.0000	false	vo_culture_None	false	wh_main_vo_actor_group_sound	0	true	true	4	false	true		0.0000	true	1	false
kadon_kin_terrorgheist		-1	monster	3	false	kadon_kin_terrorgheist	1	0	2000	wh_main_shp_transport	1	1	1	2000	0	heavy		0	true	wh_main_vo_culture_Terrorgheist	dragon	5	true	vamp_terrorgheist		true		2000.0000	0.0000	true	wh_main_vo_culture_Vampire_Creature_Order_Giver	false	wh_main_vo_actor_default	0	false	true	2	true	false		0.0000	true	1	false
kadon_kin_the_things_in_the_woods		-1	monstrous_cavalry	1	false	kadon_kin_the_things_in_the_woods	48	0	875	wh_main_shp_transport	1	1	20	700	0	heavy		0	true	wh3_dlc24_vo_culture_things_in_the_woods	wh3_dlc24_things_in_woods	2	false	wh3_dlc24_ksl_things_in_the_woods		false		875.0000	0.0000	false	vo_culture_None	false	wh_main_vo_actor_default	0	false	false	6	false	false		0.0000	true	1	false
kadon_kin_toad_dragon		-1	monster	3	false	kadon_kin_toad_dragon	1	0	2000	wh_main_shp_transport	1	1	1	2000	0	heavy		0	true	wh3_dlc25_vo_culture_toad_dragon	nur_toad_dragon	5	true	wh3_dlc_25_nur_toad_dragon		true		2100.0000	0.0000	true	vo_culture_None	false	wh_main_vo_actor_default	0	false	true	0	false	false		0.0000	true	1	false
kadon_kin_tomb_scorpion		0	monster	2	false	kadon_kin_tomb_scorpion	1	0	1000	wh_main_shp_transport	1	1	1	0	0	super_heavy		0	true	wh2_dlc09_vo_culture_Tomb_Scorpion	wh2_dlc09_tmb_scorpion	3	true	tmb_tomb_scorpion		true		1000.0000	0.0000	true	vo_culture_None	false	wh_main_vo_actor_default	0	false	true	3	false	false		0.0000	true	1	false
kadon_kin_tree_kin		-1	monstrous_infantry	1	false	kadon_kin_tree_kin	32	0	900	wh_main_shp_transport	1	1	16	900	0	heavy		0	true	wh_dlc05_vo_culture_Treekin	wh3_dlc26_monstrous_infantry_magical	2	false	wef_tree_kin		false		900.0000	0.0000	true	vo_culture_None	false	wh_main_vo_actor_default	0	false	false	6	false	false		0.0000	true	1	false
kadon_kin_treeman		-1	monster	2	false	kadon_kin_treeman	1	0	1500	wh_main_shp_transport	1	1	1	1500	0	very_heavy		0	true	wh_dlc05_vo_culture_Tree	wh_dlc05_wef_treeman	4	true	wef_treeman		true		1500.0000	0.0000	true	vo_culture_None	false	wh_main_vo_actor_default	0	false	false	2	false	false		0.0000	true	1	false
kadon_kin_troglodon		-1	monster	2	false	kadon_kin_troglodon	1	0	1550	wh_main_shp_transport	1	1	1	1700	0	heavy		0	true	wh2_dlc17_vo_culture_Troglodon	wh2_dlc17_lzd_troglodon	4	true	liz_carnosaur		true		800.0000	650.0000	true	vo_culture_None	false	wh_main_vo_actor_default	0	false	true	2	false	true		0.0000	true	1	false
kadon_kin_trolls		-1	monstrous_infantry	2	false	kadon_kin_trolls	32	0	0	wh_main_shp_transport	1	1	16	0	0	very_heavy		0	true	wh_main_vo_culture_Troll	monstrous_infantry	2	false	grn_troll		false		800.0000	0.0000	true	vo_culture_None	false	wh_main_vo_actor_default	0	false	false	6	false	false		0.0000	true	1	false
kadon_kin_unicorn		-1	monstrous_cavalry	2	false	kadon_kin_unicorn	48	0	1250	wh_main_shp_transport	1	1	24	0	0	very_heavy		0	true	wh_main_vo_culture_Bretonnian	cavalry	4	false	emp_reiksguard		false		1100.0000	0.0000	false	vo_culture_None	false	wh_main_vo_actor_group_sound	0	true	false	6	false	false		0.0000	true	1	false
kadon_kin_ushabti		0	monstrous_infantry	1	false	kadon_kin_ushabti	32	0	900	wh_main_shp_transport	1	1	16	0	0	heavy		0	true	wh2_dlc09_vo_culture_Ushabti	wh2_dlc09_tmb_ushabti	2	false	tmb_ushabti		false		900.0000	0.0000	false	vo_culture_None	false	wh_main_vo_actor_default	0	false	false	6	false	false		0.0000	true	1	false
kadon_kin_vargheists		-1	monstrous_infantry	2	false	kadon_kin_vargheists	32	0	1050	wh_main_shp_transport	1	1	16	1000	0	heavy		0	true	wh_main_vo_culture_Var_Creature	monstrous_infantry_flying	3	false	vamp_vargheist		false		1050.0000	0.0000	false	wh_main_vo_culture_Vampire_Creature_Order_Giver	false	wh_main_vo_actor_default	0	false	true	6	false	false		0.0000	true	1	false
kadon_kin_varghulf		-1	monster	2	false	kadon_kin_varghulf	1	0	1400	wh_main_shp_transport	1	1	1	1400	0	heavy		0	true	wh_main_vo_culture_Var_Creature	vmp_varghulf	3	true	vamp_vargheist		true		1400.0000	0.0000	true	wh_main_vo_culture_Vampire_Creature_Order_Giver	false	wh_main_vo_actor_default	0	false	true	3	false	false		0.0000	true	1	false
kadon_kin_war_lions_of_chrace		-1	war_beast	1	false	kadon_kin_war_lions_of_chrace	48	0	0	wh_main_shp_transport	1	1	24	0	0	medium		0	true	wh2_dlc15_vo_culture_War_Lion	war_beast	2	false	hef_war_lion		false		800.0000	0.0000	false	wh_main_vo_culture_Vampire_Creature_Order_Giver	false	wh_main_vo_actor_default	0	false	false	6	false	false		0.0000	true	1	false
kadon_kin_war_mammoth		-1	monster	2	false	kadon_kin_war_mammoth	1	0	0	wh_main_shp_transport	1	1	1	0	0	super_heavy		0	true	wh_dlc08_vo_culture_war_mammoth	nor_mammoth	4	true	nor_war_mammoth		true		1450.0000	0.0000	true	wh_main_vo_culture_Chaos	false	wh_main_vo_actor_default	0	true	true	3	false	false		0.0000	true	1	false
kadon_kin_wolf_rats		-1	war_beast	1	false	kadon_kin_wolf_rats	160	0	550	wh_main_shp_transport	1	1	80	550	0	medium		0	true	wh2_dlc16_vo_culture_Wolf_Rat	war_beast	1	false	skv_wolf_rats		false		1000.0000	0.0000	false	vo_culture_None	false	wh_main_vo_actor_default	0	false	false	0	false	false		0.0000	true	1	false
kadon_kin_wyvern		-1	monster	1	false	kadon_kin_wyvern	1	0	0	wh_main_shp_transport	1	1	1	0	0	heavy		0	false	wh_main_vo_culture_Wyvern	dragon	4	true	grn_feral_hydrah_waaagh		true		1300.0000	0.0000	true	vo_culture_None	false	wh_main_vo_actor_default	0	false	true	0	true	false		0.0000	true	1	false
kadon_kin_yhetees		-1	monstrous_infantry	2	false	kadon_kin_yhetees	32	0	1200	wh_main_shp_transport	1	1	16	1200	0	very_heavy		0	true	wh3_dlc26_vo_culture_Yhetee	wh3_dlc26_monstrous_infantry_magical	3	false	wh3_dlc26_yhetees		false		1200.0000	0.0000	true	vo_culture_None	false	wh_main_vo_actor_default	0	false	false	6	false	false		0.0000	true	1	false
kadon_kin_zoats		-1	monstrous_infantry	2	false	kadon_kin_zoats	32	0	1500	wh_main_shp_transport	1	1	1	1600	0	heavy		0	true	wh2_dlc16_vo_culture_Zoat	wef_zoats	4	false	chaos_dragon_ogre		false		1600.0000	0.0000	true	vo_culture_None	false	wh_main_vo_actor_default	0	false	true	6	false	false		0.0000	true	1	false
