key	text	tooltip
#Loc;1;text/@@@DEER24Cathay/db/!!!!wwd_character.loc		
land_units_onscreen_name_LX0	[Heaven's Favor] Yun Xiang	true
land_units_onscreen_name_LX1	[Heaven's Favor] Yun Xiang	true
land_units_onscreen_name_LX_horse	[Heaven's Favor] Yun Xiang	true
names_name_624400001	[Sky Envoy] Yun Xiang	true
character_skills_localised_name_wh3_main_skill_innate_JINJUNLX	Commander of the Palace Guard	true
character_skills_localised_description_wh3_main_skill_innate_JINJUNLX	Yun Xiang is the mightiest champion beneath the Dragon Emperor. As one blessed and elevated by the Dragon Emperor, the hundred-odd men of the Heavenly Court's Palace Guard have defended the Imperial Road through storm and hardship for over a century. Even among these ever-selected heroes of Zhen Dan, Yun Xiang's peerless talent stands apart as heaven's chosen.	true
character_skills_localised_name_wh3_main_skill_innate_LX_innate_1	First Beneath the Dragon	true
character_skills_localised_name_wh3_main_skill_innate_LX_innate_2	Divine Weapons of the Nine Provinces	true
character_skills_localised_name_wh3_main_skill_innate_LX_innate_3	Dragon-Favored Body	true
character_skills_localised_name_wh3_main_skill_innate_LX_innate_4	Walk with the Dragon	true
character_skills_localised_name_wh3_main_skill_innate_LX_innate_5	Command of the Five Commissions	true
character_skills_localised_name_wh3_main_skill_innate_LX_innate_6	Royal Deputy	true
unit_description_short_texts_text_wh3_deer24_short_JINWEIJUNLX	Yun Xiang is the mightiest warrior beneath the Dragon Emperor. As an Ascendant blessed by the Dragon Emperor, the hundred-odd Palace Guards of the Heavenly Court have watched over the entire Royal Road through countless storms for over a century. As the Dragon Emperor's Champion, Yun Xiang acts in the Dragon Emperor's stead, wielding his grace and authority to cut down all manner of wickedness.	true
character_skills_localised_description_wh3_main_skill_innate_LX_innate_1	Yun Xiang commands the Heavenly Court's Palace Guard, Grand General of the God-Strategy Bureau. In weight of station, none save the Dragon and his Nine Sons can match him.	true
character_skills_localised_description_wh3_main_skill_innate_LX_innate_2	He summons the finest weapons of the realm, serving as the Dragon Emperor's vanguard, cutting through thorns and briars, giving his utmost in loyal service.	true
character_skills_localised_description_wh3_main_skill_innate_LX_innate_3	The Palace Guard are all heroes handpicked by the Dragon Emperor, already peerless among mortals, and further blessed by him — descending upon the battlefield like soldiers sent from heaven, unstoppable before all.	true
character_skills_localised_description_wh3_main_skill_innate_LX_innate_4	Beneath the high heavens, one still bears the Dragon's grace; with this mortal form, one walks alongside the Dragon.	true
character_skills_localised_description_wh3_main_skill_innate_LX_innate_5	The commander of the Palace Guard also oversees documents and administration; when necessary, he may directly govern the lands under the Heavenly Court in every direction.	true
character_skills_localised_description_wh3_main_skill_innate_LX_innate_6	As the situation grows ever more turbulent, dark currents stir beneath the celestial court, and some even believe it teeters on the edge of collapse. As the Dragon God's champion and Grand General of the God-Strategy Bureau, Yun Xiang has done all he believes possible to safeguard Zhen Dan's security. Yet his actions are seen by some Dragon-kin as overreaching, and the weight of his authority has even stirred wariness in [Jade Dragon] Yuan Bo.	true
effects_description_wwd_dragon_sight	Unlocks skill: 'Shatter Bone and Sinew'	false
unit_abilities_onscreen_name_wh3_deer24_abilities_yuyang	Yang Ring	true
unit_abilities_tooltip_text_wh3_deer24_abilities_yuyang	[Yang Aids His Strength]	true
unit_abilities_onscreen_name_wh3_deer24_abilities_yuyin	Yin Gate	true
unit_abilities_tooltip_text_wh3_deer24_abilities_yuyin	[Yin Shields His Body]	false
effects_description_wh3_main_effect_ability_enable_yang	Ring of Parting and Reunion: 'Yang Ring'	false
effects_description_wh3_main_effect_ability_enable_yin	Ring of Parting and Reunion: 'Yin Gate'	false
effects_description_wh3_main_effect_ability_enable_tongling	Unlocks skill: 'United in Purpose'	true
unit_abilities_tooltip_text_wh3_main_effect_ability_enable_tongling	Yun Xiang is the mightiest champion warrior born of Cathayan mortals in a hundred years, Superintendent of the Heavenly Court, Commander of the Two Guards, Grand General of Heaven's Strategy, and Commander of the Palace Guard. He has all but reached the very pinnacle a mortal can attain — simply standing in formation alongside him is enough to redouble the confidence of Cathay's soldiers.	true
unit_abilities_onscreen_name_wh3_deer24_abilities_tongling	United in Purpose	true
unit_abilities_tooltip_text_wh3_deer24_abilities_tongling	  [Where Shall I Find a Mighty Warrior to Guard the Four Quarters]	true
effects_description_wh3_main_effect_ability_enable_LXjian	Unlocks skill: 'Celestial Guard'	true
unit_abilities_onscreen_name_wh3_main_effect_ability_enable_LXjian	Feathered Guard of the Heavenly Court	true
units_custom_battle_mounts_mount_name_LX0LX1	Tian Wu	false
character_skills_localised_name_kongbai_dianshu	Clouds and Dragons, Winds and Tigers	true
character_skills_localised_name_kongbai_dianshu1	Loyal, Valiant, and Righteous	true
character_skills_localised_name_kongbai_dianshu2	Bright Mirror and Still Water	true
character_skills_localised_name_kongbai_dianshu3	Unrivaled National Talent	true
character_skills_localised_description_kongbai_dianshu	Growth skill line: skill dump, this skill will enhance the lord's personal combat ability	true
character_skills_localised_description_kongbai_dianshu1	Growth skill line: skill dump, this skill will enhance the melee ability of the lord's army	true
character_skills_localised_description_kongbai_dianshu2	Growth skill line: skill dump, this skill will enhance the ranged lethality of the lord's army	true
character_skills_localised_description_kongbai_dianshu3	Growth skill line: skill dump, this skill will enhance the lord's ability to promote regional development	true
effects_description_wh3_main_effect_ability_enable_tiantinlongjia	Unlocks skill: 'Heavenly Court Dragon Armor'	true
effects_description_wh_main_effect_character_stat_enable_LXfumo	Attack enchanted: Majesty of the Vast Dragon	true
effects_description_wh_main_effect_character_stat_enable_zhuquecifu	Attack enchanted: Touch of Vermilion	true
effects_description_wh_main_effect_character_stat_enable_guanshanfumo	Attack enchanted: Sweeping the Legions	true
effects_description_wh_main_effect_character_stat_enable_shizifumo	Attack enchanted: Seamless Heavenly Robe	true
effects_description_wh_main_effect_character_stat_enable_yaweifumo	Attack enchanted: Demon-Breaking Feather Edge	true
effects_description_wh_main_effect_character_stat_enable_bitingchiweifumo	Attack enchanted: Thunderclap of Annihilation	true
character_skills_localised_name_kongbai_chunbai	Peak of Perfection	true
character_skills_localised_description_kongbai_chunbai	You have already surpassed the limits of a mortal body, but since you still have some to spare, why not put them into the skill dump	true
character_skills_localised_description_kongbai_dianshu_shiwuguan	Growth skill line: skill dump, this skill will enhance the agent's personal combat ability	true
character_skills_localised_description_kongbai_dianshu_shiwuguan1	Growth skill line: skill dump, this skill will enhance the melee ability of the agent's army	true
character_skills_localised_description_kongbai_dianshu_shiwuguan2	Growth skill line: skill dump, this skill will enhance the ranged lethality of the agent's army	true
character_skills_localised_description_kongbai_dianshu_shiwuguan3	Growth skill line: skill dump, this skill will enhance the agent's ability to promote regional development	true
character_skills_localised_name_kongbai_dianshu_shiwuguan	Wind Sweeping Away the Clouds	true
character_skills_localised_name_kongbai_dianshu_shiwuguan1	Utmost Loyalty and Effort	true
character_skills_localised_name_kongbai_dianshu_shiwuguan2	Toiling to the Very End	true
character_skills_localised_name_kongbai_dianshu_shiwuguan3	Talent of Liang Qu	true
units_custom_battle_mounts_mount_name_LX0LX_horse	Warhorse	false
character_skills_localised_name_LX0LX_horse	Warhorse	false
character_skills_localised_description_doushen_buyuan	Good training will make the soldiers under your command fight even better	true
character_skills_localised_name_doushen_buyuan	Unstoppable for a Thousand Miles	true
character_skills_localised_description_doushen_zhanli	Good training will make the soldiers under your command fight even better	true
character_skills_localised_name_doushen_zhanli	One Force Overcomes Ten Techniques	true
character_skills_localised_description_doushen_weihu	Good training will make the soldiers under your command fight even better	true
character_skills_localised_name_doushen_weihu	A Feather's Weight Moves a Thousand Pounds	true
effects_description_wwd_political_diplomacy_mod_wh3_dlc24_cth_the_celestial_court	Diplomatic Stance: The mutual distrust between Yun Xiang and Yuan Bo causes %+n with the Jade Court	false
character_skills_localised_description_doushen_shashang	The Cloud Banner Commander will cut down all who dare obstruct Cathay's great cause	true
character_skills_localised_name_doushen_shashang	Warrior of the Halberd	true
character_skills_localised_description_doushen_tongling	On the battlefield, there must be someone who can rally the generals, steadying Cathay's morale in even the direst of battles	true
character_skills_localised_name_doushen_tongling	Master of the Halberd	true
character_skills_localised_description_doushen_ceshi	Every army of the Celestial Empire needs a mind that knows it inside and out, for only by knowing oneself can one know the enemy	true
character_skills_localised_name_doushen_ceshi	Strategist of the Halberd	true
character_skills_localised_description_taichang_pilao	Delving deep into lunar principles, cultivating body and spirit.	true
character_skills_localised_name_taichang_pilao	Handmaiden of the Moon Empress	true
character_skills_localised_description_taichang_huifu	Healing the sick and saving lives, delivering all beings from suffering.	true
character_skills_localised_name_taichang_huifu	Healer of the Apricot Grove	true
character_skills_localised_description_taichang_moli	The moon speaks, the dragon breathes; upon hearing, all are told.	true
character_skills_localised_name_taichang_moli	Celestial Master of the Grand Court	true
effects_description_wh3_main_effect_ability_enable_lxguanjun	Unlocks skill: 'Mountain Crusher'	true
unit_abilities_onscreen_name_wh3_main_effect_ability_enable_lxguanjun	Mountain Crusher	true
unit_abilities_tooltip_text_wh3_main_effect_ability_enable_lxguanjun	  [The Champion of the Dragon God stands here, mortal — come forth and challenge me!]	true
unit_abilities_onscreen_name_wwd_dragon_sight	Shatter Bone and Sinew	true
unit_abilities_tooltip_text_wwd_dragon_sight	Wherever Hao Tian's gaze falls, the wicked have no choice but to surrender their heads.	true
effects_description_wh_main_effect_character_stat_enable_guanshanfumo2	Attack enchanted: Disdainful White Rainbow	true
character_skills_localised_description_wh3_main_skill_node_cth_LXARMY_self_0	Yun Xiang glimpsed his own fate in a prophecy from the Astronomical Bureau: the Dragon God's chosen champion would fall beneath the blade of another chosen one, yet the Dragon God's palace would stand unbroken through the calamity. [Heaven's Favored] has prepared for this — so long as Zhen Dan can be preserved, no sacrifice is too great.	true
character_skills_localised_name_wh3_main_skill_node_cth_LXARMY_self_0	Day of Destiny	true
character_skills_localised_description_wh3_main_skill_node_cth_LXARMY_self_1	Yun Xiang is Grand General of the God-Strategy Bureau. The finest generals of the celestial court await his command, and the empire's most elite forces follow in his footsteps to crush the great foe.	true
character_skills_localised_name_wh3_main_skill_node_cth_LXARMY_self_1	Celestial Guard	true
ancillaries_onscreen_name_changyuan_bingfu	Frontier Army Tally	true
ancillaries_colour_text_changyuan_bingfu	Half of the Chang Yuan Tally. Only one who holds both halves may command the Chang Yuan Frontier Army.	true
unit_abilities_onscreen_name_wh3_deer24_abilities_tongling_zhongyan	Battle of the End Times	true
unit_abilities_tooltip_text_wh3_deer24_abilities_tongling_zhongyan	The three passes have fallen, the nation lies in ruin, a thousand miles of fertile land reduced to wasteland. The lackeys of the Chaos Gods believe they have broken us, yet we still stand beneath the capital walls. Let our flesh and blood become the great rampart — for we are Cathay!	true
land_units_onscreen_name_wh3_deer24_guanshan1	[Little Dragon Scale] Guan Zi Mo	true
land_units_onscreen_name_wh3_deer24_guanshan	[Little Dragon Scale] Guan Zi Mo	true
names_name_624400002	[Little Dragon Scale] Guan Zi Mo	true
character_skills_localised_name_wh3_main_skill_innate_guanshan	Coiling Clouds and Winds	true
character_skills_localised_description_wh3_main_skill_innate_guanshan	Guan Zi Mo is a heroine known throughout every household in Zhen Dan, and one of the rare few chosen maidens of the Moon Empress. Upon being granted a place among the Wind and Cloud Orchids, Guan Zi Mo received a revelation borne upon the veiled wind: Shang Yang already treads upon thin ice, and the shadow of chaos and ruin will arrive unbidden. In the Moon Empress's name, [Little Dragon Scale] would help the eighth-generation lord of Shang Yang weather the calamity and save the common people.	true
character_skills_localised_name_wh3_main_skill_innate_guanshan_innate_1	Wandering Knight of Sha Zhou	true
effects_description_wh3_main_effect_ability_enable_longnv	Unlocks skill: 'Moonlit Passage'	true
character_skills_localised_name_wh3_main_skill_innate_guanshan_innate_2	Crossing a Thousand Miles	true
character_skills_localised_name_wh3_main_skill_innate_guanshan_innate_3	Maiden in White	true
character_skills_localised_name_wh3_main_skill_innate_guanshan_innate_4	Walking with Dragons	true
character_skills_localised_name_wh3_main_skill_innate_guanshan_innate_5	Mortal Flesh, Divine Valor	true
character_skills_localised_name_wh3_main_skill_innate_guanshan_innate_6	Slay All Evil	true
unit_description_short_texts_text_wh3_deer24_short_guanshan	Guan Zi Mo is a heroine known to every household in Cathay, and one of the rare few chosen as Handmaidens of the Moon Empress. After being granted the honor of joining the ranks of Wind and Cloud Orchid, Guan Zi Mo received a revelation borne on the veiled wind: Shang Yang teeters on the brink of ruin, and the shadow of chaos and destruction draws near unbidden. In the name of the Moon Empress, the Little Dragon Scale shall help the Eighth-Generation Lord of Shang Yang weather this calamity and save the common people.	true
character_skills_localised_description_wh3_main_skill_innate_guanshan_innate_1	Guan Zi Mo has served Shang Yang for over three years, rooting out tyranny and comforting the good, hating evil as a mortal enemy. The people rely upon her without measure, calling her [Little Dragon Scale], the wandering knight of Sha Zhou.	true
character_skills_localised_description_wh3_main_skill_innate_guanshan_innate_2	When the frontier is in peril, however distant, she comes to its aid — crossing a thousand miles westward across the river, wholehearted and resolute, to serve the nation and save its people.	true
character_skills_localised_description_wh3_main_skill_innate_guanshan_innate_3	It is said in Shang Yang: when ten thousand armies are overturned, a figure in white robes appears amid the ranks, divine valor unmatched in the world — a heroine who proves herself the equal of any man.	true
character_skills_localised_description_wh3_main_skill_innate_guanshan_innate_4	Beneath the high heavens, one still bears the Dragon's grace; with this mortal form, one walks alongside the Dragon.	true
character_skills_localised_description_wh3_main_skill_innate_guanshan_innate_5	Though Guan Zi Mo is born a woman, her ambition rivals the heavens and her skill rivals mountains and seas — truly unmatched in this age. Though of mortal flesh, her will and strength are in no way inferior to those of Dragon-kin.	true
character_skills_localised_description_wh3_main_skill_innate_guanshan_innate_6	Though she wields supernatural power, she holds fast to a heart devoted to saving the world. In this age when chaos rises on every side and evil spirits run rampant, her white robes shine like the moon, cutting down every wicked path.	true
effects_description_wh3_main_effect_ability_enable_guanshanqiang	Unlocks skill: 'Ascend Beyond the Horizon'	true
unit_abilities_tooltip_text_wh3_main_effect_ability_enable_guanshanqiang	  [The Campaign Robe is Stained Crimson, Soaking Through the Armor]	true
unit_abilities_onscreen_name_wh3_main_effect_ability_enable_guanshanqiang	Ascend Beyond the Horizon	true
units_custom_battle_mounts_mount_name_wh3_deer24_guanshanwh3_deer24_guanshan1	Nine-Colored Deer	false
effects_description_wh_main_effect_ability_enable_xiangmo	Unlocks skill: 'Breaking Bone and Sinew'	true
unit_abilities_onscreen_name_wh_main_effect_ability_enable_xiangmo	Break Bone and Sever Sinew	false
unit_abilities_tooltip_text_wh_main_effect_ability_enable_xiangmo	When the cold gleam flashes past, all who bear witness lose heart and courage, for they know full well what comes next...	true
land_units_onscreen_name_wh3_deer24_guanshan_horse	[Little Dragon Scale] Guan Zi Mo	true
units_custom_battle_mounts_mount_name_wh3_deer24_guanshanwh3_deer24_guanshan_horse	Warhorse	false
character_skills_localised_name_wh3_deer24_guanshanwh3_deer24_guanshan_horse	Warhorse	false
character_skills_localised_description_wh3_main_skill_node_cth_guanshanARMY_self_0	Guan Zi Mo moves through vast armies as though through an empty land, unimpeded by any foe.	true
character_skills_localised_name_wh3_main_skill_node_cth_guanshanARMY_self_0	Cry of the Crane, Turning Clouds	true
character_skills_localised_description_wh3_main_skill_node_cth_guanshanARMY_self_1	When the cold gleam flashes past, all who watch will lose heart and courage — for they know full well what comes next...	true
character_skills_localised_name_wh3_main_skill_node_cth_guanshanARMY_self_1	Breaking Bone and Sinew	true
names_name_624400003	[Sky-Defying Sovereign] Yi Qing	true
effects_description_wh3_main_effect_ability_enable_shizihuaji	Unlocks skill: 'Strides that Shake the Heavens'	true
unit_abilities_onscreen_name_wh3_main_effect_ability_enable_shizihuaji	Strides that Shake the Heavens	true
unit_abilities_tooltip_text_wh3_main_effect_ability_enable_shizihuaji	  [Though ten thousand men stand against me, still I go forth!]	true
effects_description_wh3_main_effect_ability_enable_wuzhijinsui	Unlocks skill: 'Essence of the Martial Way'	true
unit_abilities_onscreen_name_wh3_deer24_abilities_chitu	Ink-Cloaked Windchaser	false
unit_abilities_tooltip_text_wh3_deer24_abilities_chitu	Galloping a thousand miles, kicking up clouds of dust, fording rivers and scaling mountains as dark mist parts before it. Snapping the silken reins and shaking the jade tassels, its ink-dark shadow descends from the ninth heaven.	true
effects_description_wh3_main_effect_ability_enable_chitu	Unlocks skill: 'Ink-Cloaked Windchaser'	false
names_name_624400009	[Forgemaster] Qiao Xiao	true
effects_description_wh3_main_effect_ability_enable_duanzhuhuaji	Unlocks skill: 'Unsheathed Beyond the Clouds'	true
unit_abilities_onscreen_name_wh3_main_effect_ability_enable_duanzhuhuaji	Unsheathed Beyond the Clouds	true
unit_abilities_tooltip_text_wh3_main_effect_ability_enable_duanzhuhuaji	The divine weapons in Qiao Xiao's case are no mere ornaments.	true
wh3_main_effect_ability_enable_duanzhufumo	Unlocks skill: [Alchemy Master: Piercing]	true
effects_description_wh3_main_effect_ability_enable_niuniuhuo	Unlocks skill: 'Forge-Fire Tempered Steel'	false
unit_abilities_onscreen_name_wh3_main_effect_ability_enable_niuniuhuo	Forge-Fire Tempered Steel	false
unit_abilities_tooltip_text_wh3_main_effect_ability_enable_niuniuhuo	Yan Kui's divine power infuses the weapons and armor nearby — allied blades become sharp enough to cut through iron like mud, while enemy armor crumbles at the slightest touch.	true
ancillaries_onscreen_name_duanzhu_duandao	Sword-Forger	true
ancillaries_onscreen_name_duanzhu_suyong	Statue Sculptor	true
ancillaries_onscreen_name_duanzhu_zhupao	Cannon Founder	true
ancillaries_colour_text_duanzhu_duandao	Most of the weapons on Zhen Dan's northern front are supplied by the Nan Gau Artisans' Guild. The Sword-Forgers ensure that warriors' weapons remain sharp.	true
ancillaries_colour_text_duanzhu_suyong	Most of the weapons on Zhen Dan's northern front are supplied by the Nan Gau Artisans' Guild. The Statue Sculptors ensure that the terracotta soldiers stand as unbreakable as Chang Yuan itself.	true
ancillaries_colour_text_duanzhu_zhupao	Most of the weapons on Zhen Dan's northern front are supplied by the Nan Gau Artisans' Guild. The Cannon Founders will keep your firearms well-maintained.	true
character_skills_localised_name_duanzhu_duandao	Summon Sword-Forgers	true
character_skills_localised_description_duanzhu_duandao	Most of the weapons on Cathay's northern front are supplied by the Nan Gau Artisans' Guild. The Sword-Forger will ensure warriors' weapons remain sharp	true
character_skills_localised_name_duanzhu_suyong	Summon Statue Sculptors	true
character_skills_localised_description_duanzhu_suyong	Most of the weapons on Cathay's northern front are supplied by the Nan Gau Artisans' Guild. The Statue Sculptor will ensure the terracotta warriors are as unbreakable as Chang Yuan itself	true
character_skills_localised_name_duanzhu_zhupao	Summon Cannon Founders	true
character_skills_localised_description_duanzhu_zhupao	Most of the weapons on Cathay's northern front are supplied by the Nan Gau Artisans' Guild. The Cannon Founder will properly maintain your firearms	true
land_units_onscreen_name_wh3_deer24_yuenv1	[Jade River Moon] Zhao Qi	true
land_units_onscreen_name_wh3_deer24_yuenv	[Jade River Moon] Zhao Qi	true
names_name_624400010	[Jade River Moon] Zhao Qi	true
character_skills_localised_name_wh3_main_skill_innate_yuenv	Spirit Among the Living	true
character_skills_localised_description_wh3_main_skill_innate_yuenv	Zhao Qi's bond with nature surpasses common understanding — some claim to have witnessed her conversing with foxes, and it is upon this that they firmly believe her to be truly blessed by the Moon Empress.	true
character_skills_localised_name_wh3_main_skill_innate_yuenv_innate_1	So Long as the Moon Guards the People	true
effects_description_wh3_main_effect_ability_enable_yuehua_yin	Unlocks skill: 'Rite of Moonlight'	true
character_skills_localised_name_wh3_main_skill_innate_yuenv_innate_2	Bright Stars Caress the East	true
character_skills_localised_name_wh3_main_skill_innate_yuenv_innate_3	Together We Lean on the Homeland's Light	true
character_skills_localised_name_wh3_main_skill_innate_yuenv_innate_4	Walking with Dragons	true
character_skills_localised_name_wh3_main_skill_innate_yuenv_innate_5	One Bright Moon Over All the Seas	true
character_skills_localised_name_wh3_main_skill_innate_yuenv_innate_6	Gathering of Spirit Qi	true
unit_description_short_texts_text_wh3_deer24_short_yuenv	The Moonlight Sect led by Zhao Qi has spread rapidly along Cathay's eastern coast. They claim to have received revelation from the Moon Empress, and that they will lead the common people through the coming storm. Zhao Qi has even earned the backing of Ming Long herself — whether or not their doctrines are true, at least for now, they are truly bringing relief to the people.	true
character_skills_localised_description_wh3_main_skill_innate_yuenv_innate_1	A great many volunteers in Zhao Qi's army come from the coastal villages ravaged by Dark Elves in the east. 'The Moon Empress's gaze falls upon every child of Zhen Dan — so long as you are devout enough, her protection will surely come to you.'	true
character_skills_localised_description_wh3_main_skill_innate_yuenv_innate_2	According to her followers, the village where Zhao Qi lived as a child was mercilessly destroyed by Dark Elves. The Moon Empress brought her and other orphaned children back to the Heavenly Garden, forming the most recent generation of lunar disciples. Zhao Qi later left the celestial court and returned to Fu Zhou, her homeland, bringing the Moon Empress's blessing to its people. Now she serves as Minister of the Court of Imperial Sacrifices, appointed by Ming Long.	true
character_skills_localised_description_wh3_main_skill_innate_yuenv_innate_3	It is hard to imagine a Dragon-kin openly supporting a religious movement rising within her own domain, yet Ming Long has done exactly that — perhaps as a means to secure more support for herself, or perhaps at the Moon Empress's own bidding. Whatever the reason, the Moonlight Sect now enjoys full official backing across the eastern provinces.	true
character_skills_localised_description_wh3_main_skill_innate_yuenv_innate_4	Beneath the high heavens, one still bears the Dragon's grace; with this mortal form, one walks alongside the Dragon.	true
character_skills_localised_description_wh3_main_skill_innate_yuenv_innate_5	The Moonlight Sect has spread widely along Zhen Dan's eastern coast. Zhao Qi and her followers traveled south from Wei Jing, saving countless people of Zhen Dan along the way. They gather beneath the banners of moonlight, bathed in its sheltering glow — together, the faithful of the Moonlight Sect shall uphold Zhen Dan.	true
character_skills_localised_description_wh3_main_skill_innate_yuenv_innate_6	The whispers of trees, the calls of spirit beasts — Zhao Qi's extraordinary bond with nature has saved the common people's fragile uprisings time and time again.	true
effects_description_wh3_main_effect_ability_enable_yibing_yin	Unlocks skill: 'Righteous Soldiers'	true
unit_abilities_tooltip_text_wh3_main_effect_ability_enable_yibing_yin	When the realm rises or falls, every common man bears responsibility.	true
unit_abilities_onscreen_name_wh3_main_effect_ability_enable_yibing_yin	Righteous Soldiers	true
units_custom_battle_mounts_mount_name_wh3_deer24_yuenvwh3_deer24_yuenv1	Liu Xi	false
effects_description_wh3_main_effect_ability_enable_jingqizhifeng	Unlocks skill: 'Mastery of Elemental Winds'	true
effects_description_wh3_main_effect_ability_enable_zhenshou_kuangbao	Unlocks skill: Unlocks 'Rampage' for Guardian Beast units	true
effects_description_wh_main_effect_character_stat_enable_miyou	Attack enchanted: Beguilement	true
land_units_onscreen_name_wh3_deer24_yuenv_horse	[Jade River Moon] Zhao Qi	true
units_custom_battle_mounts_mount_name_wh3_deer24_yuenvwh3_deer24_yuenv_horse	Warhorse	false
character_skills_localised_name_wh3_deer24_yuenvwh3_deer24_yuenv_horse	Warhorse	false
unit_abilities_onscreen_name_huli	Awakening of the True Eye	true
unit_abilities_tooltip_text_huli	[What... what exactly is that thing?]	true
effects_description_yuenv_reaper_of_souls	Unlocks skill: 『Soul-Guiding Lantern』	true
unit_abilities_tooltip_text_yuenv_reaper_of_souls	The Grand Ceremonies of the Court of Imperial Sacrifices bring peace above and comfort below. The souls of the departed are guided by their hands, drawn homeward at last.	true
unit_abilities_onscreen_name_yuenv_reaper_of_souls	Soul-Guiding Lantern	true
ancillaries_onscreen_name_yuenv_yuehe	Moon Harmony Society	true
ancillaries_onscreen_name_yuenv_chizu	Crimson Arrowhead Corps	true
ancillaries_onscreen_name_yuenv_hongjin	Army of Righteous Sacrifice	true
ancillaries_colour_text_yuenv_yuehe	A militia group resisting Dark Elf oppression, their members wrapped in blue cloth headbands, holding firm faith that the power of the Moon Empress will protect the brave people fighting under her banner.	true
ancillaries_colour_text_yuenv_chizu	A militia group resisting Dark Elf oppression, most of whose members were once hunters. They banded together spontaneously in the early days of the invasion to wage guerrilla warfare against the Dark Elf forces.	true
ancillaries_colour_text_yuenv_hongjin	A militia group resisting Dark Elf oppression. Every member of the Army of Righteous Sacrifice bears a blood feud against the Dark Elves — most are the last survivors of their families, marching forward burning with rage, unafraid of death.	true
character_skills_localised_name_yuenv_yuehe	Moon Harmony Society	true
character_skills_localised_description_yuenv_yuehe	A militia group resisting Dark Elf oppression, they wear blue headbands and firmly believe the Moon Empress's power will protect her valiant people in battle.	true
character_skills_localised_name_yuenv_chizu	Crimson Arrowhead Corps	true
character_skills_localised_description_yuenv_chizu	A militia formed to resist the oppression of the Dark Elves, most of whom were once hunters. From the early days of the invasion, they banded together spontaneously to wage guerrilla warfare against the Dark Elf armies.	true
character_skills_localised_name_yuenv_hongjin	Army of Righteous Sacrifice	true
character_skills_localised_description_yuenv_hongjin	A militia group resisting Dark Elf oppression, the members of the Army of Righteous Sacrifice all bear blood feuds against the Dark Elves. Most are the last survivors of their families, marching forward burdened with fury and ready to face death without regret.	true
effect_bundles_localised_description_yuenv_yuehe	A militia group resisting Dark Elf oppression, they wear blue headbands and firmly believe the Moon Empress's power will protect her valiant people in battle.	false
effect_bundles_localised_title_yuenv_yuehe	Moon Harmony Society	false
effect_bundles_localised_description_yuenv_chizu	A militia group resisting Dark Elf oppression, most of its members were once hunters who banded together in the early days of the invasion to wage guerrilla war against the Dark Elf armies.	true
effect_bundles_localised_title_yuenv_chizu	Crimson Arrowhead Corps	true
effect_bundles_localised_description_yuenv_hongjin	A militia group resisting Dark Elf oppression, the members of the Army of Righteous Sacrifice all bear blood feuds against the Dark Elves. Most are the last survivors of their families, marching forward burdened with fury and ready to face death without regret.	true
effect_bundles_localised_title_yuenv_hongjin	Army of Righteous Sacrifice	true
effects_description_yuenv_banner	This banner can only be used for Peasant units	true
land_units_onscreen_name_wh3_deer24_lvqiling1	[New Marquis of Wu] Xin Qi	true
land_units_onscreen_name_wh3_deer24_lvqiling	[New Marquis of Wu] Xin Qi	true
names_name_624400012	[New Marquis of Wu] Xin Qi	true
character_skills_localised_name_wh3_main_skill_innate_lvqiling	Descendant of the New Martial Marquis	true
character_skills_localised_description_wh3_main_skill_innate_lvqiling	Xin Qi is the descendant of Zhen Dan's legendary hero Xin Wu, and the world says her martial prowess surpasses even his in every respect.	true
character_skills_localised_name_wh3_main_skill_innate_lvqiling_innate_1	Empress of Ghosts and Spirits	true
character_skills_localised_name_wh3_main_skill_innate_lvqiling_innate_2	Reborn from Dire Straits	true
character_skills_localised_name_wh3_main_skill_innate_lvqiling_innate_3	Drawing the Bow to Shoot the Sun	true
character_skills_localised_name_wh3_main_skill_innate_lvqiling_innate_4	Walking with Dragons	true
character_skills_localised_name_wh3_main_skill_innate_lvqiling_innate_5	Loyal Servant of the Hao Court	true
character_skills_localised_name_wh3_main_skill_innate_lvqiling_innate_6	Momentum Like a Rainbow	true
unit_description_short_texts_text_wh3_deer24_short_lvqiling	Xin Qi is a descendant of the legendary Cathayan hero New Wu, and she has inherited her ancestor's martial prowess. After entering service, she was attached under Dong Yan, the Pacification Commissioner of Shang Yang, and was quickly appointed Cavalry Commandant for her distinguished feats in battle. Later, when Dong Yan led the gentry rebels in revolt, Xin Qi conspired with Ye Sheng and Feng Yao to kill him. Afterward, the two men seized Dong Yan's position and continued the rebellion themselves; Xin Qi, refusing to be complicit, fought desperately and narrowly escaped with her life. In recognition of her loyalty, Zhao Ming appointed her General Who Inspires Awe and ennobled her as Marquis of New Wu.	true
character_skills_localised_description_wh3_main_skill_innate_lvqiling_innate_1	Xin Wu was a highly controversial figure — some regard his story as tragic and stirring, others as tyrannical and excessive, yet none can deny his battle prowess, which seemed almost supernatural. As the descendant of such a complex figure, Xin Qi has inherited both his martial valor and the controversy that surrounds his name.	true
character_skills_localised_description_wh3_main_skill_innate_lvqiling_innate_2	Nearly everything about Xin Qi's current standing owes to her martial valor. After slaying Dong Yan, Ye Sheng and Feng Yao immediately led the rebels to surround Xin Qi and her followers within the palace hall, intending to eliminate them all. In this deadly standoff of one against a hundred, though dozens of guards fell in the fighting, Xin Qi alone fought her way out through sheer martial skill and escaped with her life.	true
character_skills_localised_description_wh3_main_skill_innate_lvqiling_innate_3	Xin Qi possesses astonishing arm strength and excels with the longbow, drawing a bow of ten jun with ease. Wielding the divine bow Passing Wind of Beauty, her arrows bury themselves to the feathers. Her followers, trained under her example, have gained much from her tutelage as well.	true
character_skills_localised_description_wh3_main_skill_innate_lvqiling_innate_4	Beneath the high heavens, one still bears the Dragon's grace; with this mortal form, one walks alongside the Dragon.	true
character_skills_localised_description_wh3_main_skill_innate_lvqiling_innate_6	Fighting alone, her strength matches a thousand pounds.	true
character_skills_localised_description_wh3_main_skill_innate_lvqiling_innate_5	Betrayed twice over, Xin Qi has repeatedly faced deadly peril, yet her loyal heart remains unshaken as she safeguards the Vast Dragon.	true
units_custom_battle_mounts_mount_name_wh3_deer24_lvqilingwh3_deer24_lvqiling1	Dan Tu	false
units_custom_battle_mounts_mount_name_wh3_deer24_lvqilingwh3_deer24_lvqiling_horse	Warhorse	false
character_skills_localised_name_wh3_deer24_lvqilingwh3_deer24_lvqiling_horse	Warhorse	false
effects_description_wh3_main_effect_ability_enable_zhenchitu	Unlocks skill: 'Cinnabar Shadow Breaks the Sky'	false
unit_abilities_onscreen_name_wh3_main_effect_ability_enable_zhenchitu	Cinnabar Shadow Breaks the Sky	false
unit_abilities_tooltip_text_wh3_main_effect_ability_enable_zhenchitu	Dragon's stride, tiger's gait, its mane like flame, its neigh shaking the heavens like thunder. Iron hooves trample the enemy ranks to pieces, as the painted halberd dances and pierces the very heart of the sky.	true
projectile_shot_type_displays_onscreen_name_lvqiling_dan	Halberd Volley	false
projectile_shot_type_enum_tooltip_text_lvqiling_dan	Flying arrows pierce the clouds, breaking the silence	false
projectile_shot_type_displays_onscreen_name_lvqiling_qun	Rout the Army	false
projectile_shot_type_enum_tooltip_text_lvqiling_qun	Flying arrows fall like rain upon the Celestial River	false
unit_abilities_onscreen_name_lvqiling_qun_ability	Firebird Blazes the Plains	true
unit_abilities_tooltip_text_lvqiling_qun_ability	The blazing arrows have already left the bowstring — as beautiful and deadly as the master reborn from their flames.	true
effects_description_lvqiling_qun_ability	Skill: 'Firebird Blazes the Plains'	true
character_skills_localised_description_wh3_main_skill_node_cth_lvqilingARMY_self_0	Zhen Dan has produced heroine after heroine, who defend hearth and home alongside its sons and are remembered no less in history's annals.	true
character_skills_localised_name_wh3_main_skill_node_cth_lvqilingARMY_self_0	Glory of the Maiden	true
character_skills_localised_description_wh3_main_skill_node_cth_lvqilingARMY_self_1	Xin Qi moves through the battlefield like a spirit of death — any who dare challenge her will pay dearly for it.	true
character_skills_localised_name_wh3_main_skill_node_cth_lvqilingARMY_self_1	Ghosts and Spirits	true
agent_subtypes_description_text_override_yuchigong	As Zhu Long's most trusted mortal servant and foremost of the Twenty-Eight Generals' Stars, Duan Wei holds the vital post of Grand General of the Right Martial Marquis Guard in Ling Nan, commanding the Three Armies and overseeing the Beacon Watch.	true
names_name_624400013	[Duke of Pacified South] Duan Wei	true
character_skills_localised_name_yuchigong_skill_texing	[Foremost of the Generals]	false
character_skills_localised_description_yuchigong_skill_texing	'With Nan Ling at peace, Li Dao held a grand feast for the three armies, rewarding the meritorious officials and naming the Twenty-Eight Generals' Stars, declaring: "The hearts of you all stand as unmovable as mountains; with such stars accompanying me, what can a million enemies do against me!" Duan Wei's achievements were among the very greatest, guarding his lord with distinction. Zhu Long relied upon him as her right hand — sharing carriage when going forth, sharing seat when returning — and named him First Beneath the Dragon among all the star-generals.'	false
character_skills_localised_name_cth_yuchigong_skill_1_0	Triple Triumph of the Long Ge	false
character_skills_localised_description_cth_yuchigong_skill_1_0	Duan Wei led his army south, finally catching up with the main serpentfolk host in the great serpent rainforest, and led his men to strike with weapons raised. Though the enemy horde was broken, reinforcements soon arrived. Even deep in hostile territory, Duan Wei adapted to the battle in an instant, perceiving the moment of victory, using terrain and timing to his advantage, and unleashing sudden and ingenious stratagems. Though the enemy numbers were great, he won three battles in three engagements. Zhu Long rejoiced greatly: "In this dire strait of being outnumbered and surrounded on all sides, to witness your extraordinary valor and masterful strategy—Heaven surely aids my great cause through you!"	false
character_skills_localised_name_cth_yuchigong_skill_1_1	Double Swing of the Mighty Whip	false
character_skills_localised_description_cth_yuchigong_skill_1_1	"The monkey bandits came from all directions, scheming to surround and slay him, yet Duan Wei drew his whip and charged forth, cutting them down all the way, beheading over a hundred. None of the monkey horde dared stand against him, and they scattered like startled birds and beasts."	false
character_skills_localised_name_cth_yuchigong_skill_1_2	Left Arm	false
character_skills_localised_description_cth_yuchigong_skill_1_2	As Zhu Long's most trusted general, Duan Wei is unstoppable on the battlefield. Though the generals of the various provinces have never formally measured themselves against one another, Zhu Long believes no mortal warrior in all of Grand Cathay surpasses Duan Wei in strength. As the General of the Right Martial Marquis, entrusted to hold his own front, Duan Wei has wrought miracle after miracle across his long military career, and his talent for commanding and disciplining troops has saved countless soldiers from needless sacrifice.	false
character_skills_localised_name_cth_yuchigong_skill_1_3	Phoenix Image	false
character_skills_localised_description_cth_yuchigong_skill_1_3	Martial virtue upon him, he plucks out the root of calamity with his own hand, sweeping away the murk and gloom; loyal to his sovereign and upholding righteousness, his achievements and fame complete, his glory shines through the Gate of Heaven.	false
character_skills_localised_name_cth_yuchigong_skill_1_5	[Guardian War God]	false
character_skills_localised_description_cth_yuchigong_skill_1_5	The Sentinels have stood for over seventy years, yet Duan Wei has led them for barely a decade. The Vermilion Bird's transcendent guardians were reluctant at first to accept this man of common mortal stock, but Duan Wei has proven time and again that even set against the Imperial Guard, the Vermilion Bird, or even the Dragon God himself, a mortal can be every bit as great.	false
effects_description_wh3_main_effect_ability_enable_chishizi	Unlocks skill: 'Scorching Waves Set the Sky Ablaze'	false
unit_abilities_onscreen_name_wh3_main_effect_ability_enable_chishizi	Scorching Waves Set the Sky Ablaze	false
unit_abilities_tooltip_text_wh3_main_effect_ability_enable_chishizi	The Flowing Fire Jade Lion is a blessed sacred beast, striding like a tiger through the southern frontier, burning away all wickedness.	true
character_skills_localised_description_cth_yuchigongARMY_self_0	Beyond the Celestial Mountains dwell countless xenos races that never fail to astonish the people of Grand Cathay, and among these, the more reasonable and cooperative peoples—such as the Tiger-folk and Monkey-folk—often maintain closer ties with Cathayans, even holding significant positions within the armies of the southern provinces.	true
character_skills_localised_name_cth_yuchigongARMY_self_0	Trusted Tiger Warriors	true
character_skills_localised_description_cth_yuchigongARMY_self_1	Duan Wei is Li Dao's most trusted commander, sharing his carriage when they travel and his seat when they dine. His position as second only to Li Dao in Ling Nan has made him proud and arrogant, weighed down by his own accomplishments, and though the decisions of the [Duke of Pacified South] have always proven correct in the end, his fierce and unyielding temperament has earned him countless enemies, with political rivals lurking on every side. Zhu Long harbors a quiet unease—out of his sight, will this unstoppable warrior one day fall at the hands of his own people?	true
character_skills_localised_name_cth_yuchigongARMY_self_1	Merit Burdened, Fortunes Waning	true
character_skills_localised_name_cth_hanxin_skill_1_5	Overwhelming Force	false
character_skills_localised_name_cth_hanxin_skill_1_3	Master of the Battlefield	false
character_skills_localised_name_cth_hanxin_skill_1_0	Soul-Enthralling Lineage	false
names_name_624400014	[Prince of Nan Yang] Han Cheng	true
character_skills_localised_description_cth_hanxin_skill_1_0	The Han clan of Nan Yang has long been a Soul-Enthralling noble house, beloved by the great families of the realm. When the Chaos of the Dragons erupted and the northern provinces were engulfed in war, Han Cheng led his army south to quell the rebellion. Unexpectedly, the rebels had already infiltrated close to home—the Dragon-kin themselves harbored treachery in secret. As the rebels seized territory from without, kin of dragon blood took up arms from within, and the city fell, suffering ten days of slaughter from which not even the Han clan was spared. The Celestial Court, already wary of Han Cheng, punished his faction for the loss of the city. Though they intended to eradicate his line root and branch, the outcry of injustice forced them to merely demote him to a minor clerk, installing another in his place. Yet Han Cheng retained the trust of the people and his merits only grew—all of Nan Yang, high and low, held him in deep regard. Though stripped of his rank, one call from him would summon a hundred in answer. Years passed, and the realm knew peace; for over a decade Han Cheng served faithfully at his post. That he now dredges up old grudges to declare himself king and stir rebellion—what a bitter lament this is!	false
character_skills_localised_name_hanxin_skill_texing	[Never Beneath Another]	false
agent_subtypes_description_text_override_hanxin	The Han clan of Nan Yang has long been soul-enthralling nobility, beloved by the great houses. Han Cheng was granted the title of Duke of the Soul-Enthralling for his outstanding merits. But during the Dragon-Kin civil war, the northern provinces suffered greatly in the chaos of war—the Soul-Enthralling city fell, and the principal members of its great families were beheaded as a warning to others. Han Cheng, leading his army abroad, escaped this calamity. Now he has raised arms in rebellion and proclaimed himself Prince of Nan Yang. Some say this is an unforgivable blood feud; others say it is all a scheme of Sovereign Qing Bao.	true
effects_description_wh3_main_effect_ability_enable_nanlishuangbian	Unlocks skill: 'Guardian War God'	true
character_skills_localised_description_cth_hanxin_skill_1_3	In his youth, Han Cheng inherited his father's rank and was appointed a commandant, later rising through his own formidable martial skill to the post of General Who Inspires Awe, striding unchallenged across the battlefield and commanding Nan Yang with a tiger's tread—every soldier under him held him in reverent fear.	false
character_skills_localised_name_cth_hanxin_skill_1_1	Reclaiming the Mortal Way	false
character_skills_localised_description_cth_hanxin_skill_1_1	'Zhen Dan has stood for ten thousand years, yet all its ages have shared but one bloodline. I too once listened and believed this. But the sons and grandsons of dragons think only of their own gain, sowing discord until the Nine Sons warred among themselves and the mountains and rivers broke asunder. My own kin perished for it. Fortunately, the Sovereign Qing Bao revealed himself to me and gave me counsel—must the blood of dragons forever hold dominion?'	false
character_skills_localised_description_cth_hanxin_skill_1_5	Han Cheng has already prepared himself, even should he have to stand alone against the entire Celestial Court.	false
character_skills_localised_description_hanxin_skill_texing	"Cathay has endured for over ten thousand years, and all its generations have shared one lineage. I too have heard and believed it, but the sons and grandsons of the dragon think only of their own gain, fostering discord until it came to the strife of the nine sons, and the shattering of mountains and rivers—my own family perished because of it. Fortunately, the Sovereign Qing Bao appeared to enlighten me: are the dragon's descendants truly of such stock? All present know the man I am—laboring to the utmost, only to end in a broken home and a dead family. Can this truly be called the righteous path? Today I have gathered you all here, to set the world aright and deliver its countless people!"	false
character_skills_localised_name_cth_hanxin_skill_1_2	Holding Power by Force of Arms	false
character_skills_localised_description_cth_hanxin_skill_1_2	As Duke of the Soul-Enthralling line, Han Cheng already commands a mighty host, and with the lords of Nan Yang now rallying to his great cause, he need only await the tens of thousands more who will flock to his banner to sweep across the Nine Provinces.	false
effects_description_wh3_main_effect_ability_enable_hanxinfanda	Unlocks skill: 'Cleave the Heavens' Might'	false
unit_abilities_onscreen_name_wh3_main_effect_ability_enable_hanxinfanda	Cleave the Heavens' Might	false
unit_abilities_tooltip_text_wh3_main_effect_ability_enable_hanxinfanda	[For those brimming with courage, the stronger the foe, the fiercer the fighting spirit it kindles.]	true
character_skills_localised_description_hanxin_jianqi	The whispers of Sovereign Qing Bao stir every nerve in Han Cheng's body, the crimes of the dragon's sons endlessly read aloud in his mind—the Way of Ten Thousand Changes has revealed the truth of the world!	true
character_skills_localised_name_hanxin_jianqi	Fall into Endless Change	true
character_skills_localised_description_hanxin_longdi	Han Cheng has heard the Vast Heaven's transmitted voice, and the conspiracy of Sovereign Qing Bao has been laid bare in full. The Dragon Emperor is willing to forgive his deceived subjects—there is still a chance to return to the righteous path	true
character_skills_localised_name_hanxin_longdi	Breath of the Dragon Emperor	true
character_skills_localised_description_cth_hanxinARMY_self_1	During the civil war, Han Cheng's outstanding military talent swept aside the warlords of Yan Bin Plain, the Capital Circuit, and Xuan Yuan on behalf of the Celestial Court, and he repeatedly led reinforcements to aid the God-Strategy Bureau's pacification forces. At the Battle of Ming Zhu, he seized the secondary capital through a feint of striking east while attacking west; at the Battle of Hai Qi, he drowned the allied rebel and Dark Elf forces and slew the [King of Xuan Yuan] Ying Qie; at the Battle of Zhi Zhu, he lured the enemy with a Five-Army Formation and shattered the [Lord of the Jade Cauldron], ultimately forcing him to cut his own throat at the Yu River.	true
character_skills_localised_name_cth_hanxinARMY_self_1	Divine Generalship	true
character_skills_localised_description_cth_hanxinARMY_self_0	After Han Cheng marched to war, the Soul-Enthralling stronghold was left in the care of the Dragon-kin. Though the northern front saw constant fighting, this great city at the heart of Yan Bin Plain lay far from the frontlines and was garrisoned by the Celestial Court's proud Sky Junk Fleet—so when the rebels, aided by spies in matching blue Daoist robes hidden within the city, threw open the gates from within, the nobles still reveled in songs and dance.\\n\\nThe most valiant of the Dragon-kin were assassinated simultaneously, for the treacherous Dragon-kin among them were themselves the architects of this rebellion. Frenzied cultists, moving to the sound of an inscrutable sermon, slaughtered the loyalist generals within the government halls, and the leading members of the great families were all beheaded as a warning to others. Only those generals stationed in the industrial districts managed to escape with their lives, rescued by the Sky Junk Fleet. Though the God-Strategy Bureau's forces retook this vital city with the utmost speed, when Han Cheng and his unstoppable army returned to their homeland, all that met their eyes was a field of ruins.	true
character_skills_localised_name_cth_hanxinARMY_self_0	Beyond Salvation	true
character_skills_localised_name_cth_nicheng_skill_1_5	No Crack Too Small to Slip Through	false
character_skills_localised_name_cth_nicheng_skill_1_3	Preserve the Green Hills	false
character_skills_localised_name_cth_nicheng_skill_1_0	Pools of Wine, Forests of Meat	false
names_name_624400099	[Usurper] Ye Sheng	true
character_skills_localised_description_cth_nicheng_skill_1_0	No one in Shang Yang can stop Ye Sheng any longer. His armies have torn off their masks and now plunder the common folk openly, while Ye Sheng and his lackeys sit atop a throne of blood.	false
character_skills_localised_name_nicheng_skill_texing	[Emperor of the Shadowed Side]	false
agent_subtypes_description_text_override_nicheng	Though the Ogre Wars ended long ago, great numbers of ogres still band together with the tribes of Zhen Dan's western frontier to raid the empire. Ye Sheng, gifted with extraordinary political skill, was chosen to suppress the unrest, and his string of victories in the west proved he was no mere manipulator of intrigue. The Bin Xi court thus named him General Who Breaks the Caitiffs, and he was granted command of troops to guard the frontier. Later, when Dong Yan led the treacherous gentry in rebellion, Ye Sheng at once marched his troops back to Shang Yang. After the siege, Ye Sheng, Xin Qi, and Feng Yao together plotted the death of the usurper Dong Yan, and the three swore an oath to jointly hold the Shang Yang court until the Eighth-Generation Lord of Shang Yang returned north to reclaim the throne. Yet Ye Sheng's ambitions did not end there—through his enticement, Feng Yao joined him in surrounding and killing Xin Qi, who refused to take part in a second rebellion. Now Ye Sheng holds Shang Yang by force, scheming to seize control of the entire western provinces of Zhen Dan and carve out his own kingdom.	true
character_skills_localised_description_cth_nicheng_skill_1_3	Clearly, a man like Ye Sheng will stop at nothing to protect himself.	false
character_skills_localised_name_cth_nicheng_skill_1_1	Dance of the Rats	false
character_skills_localised_description_cth_nicheng_skill_1_1	Though Ye Sheng seized this city by exploiting the power vacuum in Shang Yang, Zhao Ming will return one day. We cannot truly hope to bring down a Dragon-kin by ourselves—but fortunately, we still have many friends we can count on...	false
character_skills_localised_description_cth_nicheng_skill_1_5	Shang Yang has become Ye Sheng's own miniature Celestial Court, and his hounds will ensure his reign of terror leaves no crack unfilled.	false
character_skills_localised_description_nicheng_skill_texing	Once certain men cross their own moral threshold, there is no telling where they will stop. Ye Sheng's path to power has been paved with slaughter and conspiracy. His infiltration of Shang Yang runs to the very marrow — his sworn retainers and hidden assassins are scattered through every mansion in the city, and even the Hong Wu Overseers, the God-Strategy Bureau's own agents stationed in Shang Yang, have become his private killers. Until Zhao Ming's wrath finally reaches him, it seems nothing can stand in the way of his greater ambitions.	false
character_skills_localised_name_cth_nicheng_skill_1_2	Blazing Fire Scorches the Heavens	false
character_skills_localised_description_cth_nicheng_skill_1_2	'Burn it! Take their wealth and their people, then reduce these worthless wretches and their city alike to ash. Let others know the fate of those who defy me.'	false
character_skills_localised_description_cth_nichengARMY_self_0	Ye Sheng's eyes and ears cover all of Shang Yang; those who oppose him have long since vanished into corners no one dares speak of.	true
character_skills_localised_name_cth_nichengARMY_self_0	Reign of Terror	true
character_skills_localised_description_cth_nichengARMY_self_1	Ye Sheng never worries about supplies—so long as common folk remain in a region, there is always more to squeeze from them.	true
character_skills_localised_name_cth_nichengARMY_self_1	Plunder on the Spot	true
character_skills_localised_name_cth_yushihujun_skill_1_5	Immortal March of War, Jade Spirit Breaks the Foe	false
character_skills_localised_name_cth_yushihujun_skill_1_3	The Brave Die, Yet Jade Bones Live On	false
character_skills_localised_name_cth_yushihujun_skill_1_0	The Death of Nong Chang, the Rebirth of Nong Chang	false
names_name_23101808	[Jade Bone Immortal] Jin Xiao	true
character_skills_localised_description_cth_yushihujun_skill_1_0	No one can say for certain where the Jade Blood Curse first arose, but this sudden nightmare has, over long ages, corroded the once-fertile Nong Chang Basin. Most survivors have withdrawn from this land, but some have chosen to keep fighting on the soil that raised them—Jin Xiao and the Jade Stone Guard are their last protectors.	false
character_skills_localised_name_yushihujun_skill_texing	[Jade Bone Immortal]	false
agent_subtypes_description_text_override_yushihujun	When the Curse of the Jade Blood Clan descended upon the Nong Chang Basin, Jin Xiao, leader of the Protector Guard, could not escape the nightmare of undeath. Perhaps it was his unyielding will, his constitution beyond ordinary men, or perhaps mere luck, but as his flesh turned to bone, Jin Xiao managed to preserve his mind whole, and wearing the mask of the Protector Guard, he continued to lead Nong Chang's survivors against the Jade Blood Clan. With the arrival of the Jade Dragon, the crisis in Nong Chang was temporarily averted, but Jin Xiao's secret was also laid bare before the Jade Dragon. Rather than the death Jin Xiao had resigned himself to, Yuan Bo used his mighty sorcery to transform Jin Xiao's body—his shattered bones became jade, and the power contained within left Jin Xiao himself in disbelief. The Jade Dragon then rode off elsewhere as always. Jin Xiao does not know whether the Jade Dragon's act stemmed from trust, pity, or mere curiosity, but regardless, Jin Xiao will not waste this second life given to him.	true
character_skills_localised_description_cth_yushihujun_skill_1_3	Strictly speaking, Jin Xiao has been dead for a long time, but these jade bones bring vivid life-force to his broken body—perhaps even stronger than when he lived.	false
character_skills_localised_name_cth_yushihujun_skill_1_1	Jade Blood Stains the Collar, Jade Bones Interlace	false
character_skills_localised_description_cth_yushihujun_skill_1_1	Jin Xiao may be the one who has resisted the Jade Blood clan longer than anyone else alive; the other resistors have either become wandering spirits themselves or long since been buried six feet under. Jin Xiao's curse has now become the foundation of his struggle against the undead, and having received the Jade Dragon's blessing, he is certain to channel this unstoppable power to lead the people of Nong Chang in unleashing their boundless wrath upon the Jade Blood clan.	false
character_skills_localised_description_cth_yushihujun_skill_1_5	In a hundred battles he casts aside his body, treating life and death lightly; his blade sweeps through drifting clouds, scattering jade-white sand.	false
character_skills_localised_description_yushihujun_skill_texing	When the curse of the Jade Blood Clan descended upon the Nong Chang basin, Jin Xiao, leader of the Jade Stone Guard, could not escape falling into the nightmare of undeath. Perhaps through sheer force of will, an unusually resilient constitution, or simply luck, Jin Xiao—his flesh turned to bone—managed to preserve his mind intact, and continued to wear the guard's mask to lead the survivors of Nong Chang against the Jade Blood Clan. With the arrival of the Jade Dragon, the crisis in Nong Chang was momentarily resolved, but Jin Xiao's secret was also laid bare before the Jade Dragon. Contrary to what Jin Xiao expected—to be put to death—Yuan Bo instead used his mighty sorcery to transform Jin Xiao's body, turning his ruined bones into jade, and the power contained within left Jin Xiao in disbelief. The Jade Dragon then flew off as usual to other places; Jin Xiao does not know whether this was born of trust, pity, or mere curiosity, but regardless, he will not waste this second chance at life.	false
character_skills_localised_name_cth_yushihujun_skill_1_2	My Homeland, My Lifeblood	false
character_skills_localised_description_cth_yushihujun_skill_1_2	Once-prosperous Nong Chang now lies in ruins. Though the Jade Stone Guard still holds fast in the capital, Jin Xiao understands they must reclaim their homeland swiftly, or before the endless Jade Blood clan can fully engulf this shattered city, the lost survivors will crumble even within their own high walls.	false
character_skills_localised_name_cth_qinqiong_skill_1_5	Summon the Mighty Spirit	false
character_skills_localised_name_cth_qinqiong_skill_1_3	Careful Deployment of Generals	false
character_skills_localised_name_cth_qinqiong_skill_1_0	Right Arm	false
names_name_23101806	[Golden Spear Guardian] Qin Yuan Yi	true
character_skills_localised_description_cth_qinqiong_skill_1_0	Ling Nan is among the most perilous territories in the entire Celestial Court. The watchfires along the border sway uncertainly beneath the onslaught of foreign tribes, and countless casualties continually gnaw at the strength of the frontier prefectures. In such a harsh environment, the court of Zhu Long has cultivated a fierce martial spirit—countless rising stars have shone briefly here before falling, and only a rare few rise above the rest. In this southern frontier unprotected by the Great Wall, they make of their own bodies a rampart, defending the Empire's border.	false
character_skills_localised_name_qinqiong_skill_texing	[Golden Spear Guardian]	false
agent_subtypes_description_text_override_qinqiong	The Qin clan of Ling Nan is the most influential lineage south of Sheng Jiang, and a pillar of support for Li Dao's rule, having served Zhu Long faithfully for a hundred years. Qin Yuan Yi's father, Qin Wen Cheng, was during his lifetime a renowned minister of the south whom Li Dao relied upon as his right hand. Now Qin Yuan Yi himself is one of the most decorated generals in Li Dao's court.	true
character_skills_localised_description_cth_qinqiong_skill_1_3	A hundred stratagems unleashed, the enemy broken across a thousand li.	false
character_skills_localised_name_cth_qinqiong_skill_1_1	Kinsmen of Ling Nan	false
character_skills_localised_description_cth_qinqiong_skill_1_1	The Qin clan of Ling Nan is the most influential family south of the Sheng River and a pillar of support for Li Dao's rule, having served Zhu Long faithfully for a hundred years. Qin Yuan Yi's father, Qin Wen Cheng, was in his lifetime one of the great southern ministers upon whom Li Dao relied most heavily, and Qin Yuan Yi himself is now one of the most decorated generals in Li Dao's court.	false
character_skills_localised_description_cth_qinqiong_skill_1_5	It is believed that Qin Yuan Yi's soul carries a fragment of the primal spirit of Zhen Dan's Sovereign beast, and that it will manifest itself in moments of grave crisis.	false
character_skills_localised_description_qinqiong_skill_texing	The Qin clan of Ling Nan is the most powerful lineage south of the Sheng Jiang river, and a pillar of support for Li Dao's rule, having served Zhu Long faithfully for a hundred years. Qin Yuan Yi's father, Qin Wen Cheng, was in his time a renowned minister of the south whom Li Dao relied upon as his right hand — and now Qin Yuan Yi himself is one of the most decorated generals in Li Dao's own court.	false
character_skills_localised_name_cth_qinqiong_skill_1_2	Fierce and Invincible	false
character_skills_localised_description_cth_qinqiong_skill_1_2	'Where the cold blade flashed, blood splattered—the rebel chief Yun Zhao fell from his saddle. Before the fifteenth clash was done, his spear had already unhorsed the He Dong tyrant Li Yun Zhao. Guo Shao charged in with his lance; Yuan Yi's spear swept it aside and countered with a reverse thrust. The Wu brothers both leveled their spears to join the fray, three weapons converging as one—yet General Qin, spirit undaunted, wove his spearplay: left to parry the Bin iron mace, right to sweep aside the Yun Lu blade, straight for Guo Shao's face. Facing three at once, he remained utterly composed; wherever his spear pointed, none of the three dared draw near. The battle raged until the sun grew dim and the forest wind moaned in grief, his war robe stained crimson with blood, his crest in disarray—and the ten myriad soldiers of He Dong were struck with terror!'	false
land_units_onscreen_name_wh3_deer24_qinqiong_weiling	Sovereign of Awesome Spirit	true
unit_description_short_texts_text_wh3_deer24_qinqiong_weiling	It is believed that a fragment of the primordial spirit of Cathay's Sovereign Beast resides within Qin Yuan Yi's soul, manifesting itself in moments of dire crisis.	true
character_skills_localised_description_cth_qinqiongARMY_self_0	Qin Yuan Yi and Duan Wei each guard one end of the canal, standing like the Door Gods that the people of Zhen Dan paste upon their doors to ward off evil, holding the threats to Zhen Dan at bay beyond the mountains and forests.	true
character_skills_localised_name_cth_qinqiongARMY_self_0	Door God of Nan Ling	true
character_skills_localised_description_cth_qinqiongARMY_self_1	The primal spirit of the Sovereign beast is a burden no mortal should be able to bear, one that should have long since claimed Qin Yuan Yi's life. Yet he has endured this struggle against fate to this very day, and has turned that burden to his own use.	true
character_skills_localised_name_cth_qinqiongARMY_self_1	Fate Woven Like Threads	true
agent_subtypes_onscreen_name_override_yangjian	Legendary Lord	true
agent_subtypes_description_text_override_yangjian	Descriptions of Hou Qian vary greatly across the legends of different regions. In the songs of the north, he is a bloodthirsty, raging great ape. In the tales of western storytellers, he is a creature resembling a baboon, with beautiful golden fur and a swollen red rear—for the Monkey King is forever in a fury. In the legends by the eastern shore, this enormous ape has an astonishing appetite, his bare belly covered in unsightly boils. To some in the south, the Monkey King is instead a slight spider-monkey, leaping from shoulder to shoulder among allies and enemies alike, his words a mixture of truth and lies.	true
names_name_6881888	[Guardian of the Heavenly Gate] Hou Qian	true
character_skills_localised_name_yangjian_skill_texing	[Warden of Heaven's Gate]	false
character_skills_localised_description_yangjian_skill_texing	As Warden of Heaven's Gate, Hou Qian commands a hundred thousand Dragon Guards of Wei Jing. He is the Dragon-kin most trusted by Yuan Bo, and a general held in high esteem by Yun Xiang as well — it is through his mediation that these two, otherwise at daggers drawn, manage to maintain a delicate balance.	false
character_skills_localised_name_cth_yangjian_skill_1_0	Guardian of Wei Jing	false
character_skills_localised_description_cth_yangjian_skill_1_0	Above the Heavenly Court, the Dragon Emperor's Guard stand silent watch outside the palace of the Vast Heavens, and only their leader travels back and forth to the God-Strategy Bureau. Since the War of Soul-Enthralling, the Dragon Emperor's Guard have repeatedly drawn back the boundaries of their watch, ceding more of Wei Jing's city defenses to mortals, while the vast Heavenly Court Dragon Guard was summoned to the capital to form a new formation. Hou Qian arrived as merely one dragon-kin among many, but now, having earned glorious battle merit time and again, he stands as the Guardian of Wei Jing, commanding a hundred thousand dragon guards.	false
character_skills_localised_name_cth_yangjian_skill_1_1	Search the Mountains, Subdue the Demons	false
character_skills_localised_description_cth_yangjian_skill_1_1	Grand Cathay is a realm brimming with the Winds of Magic, and all things in it gather spiritual energy—some of which, over long ages, transform into malevolent things that plague the land. Most of the time, local officials or Buddhist and Daoist practitioners are enough to settle such matters, but sometimes a great demon stirring up chaos cannot be tolerated even by the soldiers of the God-Strategy Bureau. At such times, Hou Qian leads the Heavenly Court's divine troops to subdue demons and banish evil.	false
character_skills_localised_name_cth_yangjian_skill_1_2	Slay the Flood Dragon, Still the Waves	false
character_skills_localised_description_cth_yangjian_skill_1_2	Like the dragon-horses and the qilin, the flood dragons are an ancient bloodline of the dragons, yet despite their close resemblance to true dragons, their uncontrollable fury made them intolerable to the dragon-kind, and so they were banished to slumber beneath lake depths. Some flood dragons, over long ages, mastered their tempers and came to guard territories for the dragons, while the rest, consumed by resentment, became malevolent spirits, their unfathomable rage raging alongside floods and disasters. By the riverbank of Hou Qian's hometown, a stone tablet records this history: "The province had a flood dragon; whenever the river swelled, it rode the flood to wreak havoc, sweeping away homes, and countless people drowned—none were said able to subdue it. Then Hou Qian took up his sword and entered the water, slaying the flood dragon as it emerged, its blood staining the river's heart, ending the people's suffering. Its sinews and bones were forged into a hilt, its three heads into blades—thus was made the Trident-Edged Double-Bladed Saber."	false
character_skills_localised_name_cth_yangjian_skill_1_3	Wise Eyes Gaze Upon the World	false
character_skills_localised_description_cth_yangjian_skill_1_3	Hou Qian was born with a Heavenly Eye that can see through every disguise and illusion, discerning the true nature of all things. When the Changeling transformed into Yun Xiang and strode boldly into the God-Strategy Bureau, it was Hou Qian who saw through its disguise at a single glance.	false
character_skills_localised_name_cth_yangjian_skill_1_4	Duel the Monkey King	false
character_skills_localised_description_cth_yangjian_skill_1_4	"It is said that after the Monkey King's army was defeated and fled south, Hou Qian, under Yun Xiang's orders, led fifty thousand celestial soldiers of the capital together with an allied dragon-kin force in pursuit of the bandit. Riding the clouds, Hou Qian rode alone at the vanguard and cornered the ape at Kun Lan Mountain. Had the Monkey King arrayed for open battle as he did in the War of Heavenly Court, it surely would have shaken heaven and earth once more, but this time he could afford no delay and could only scramble to respond in a panic. Hou Qian, already formidable in skill, fought even fiercer, driving the Monkey King back until his gleaming Trident-Edged Double-Bladed Saber left him scrambling to defend himself. Yet the ape-king's supernatural arts brought forth endless surprising tricks, and in the flash of an instant he even shook Hou Qian to his core. Seeing the situation turn dire, Hou Qian hastily drew forth the treasure gifted by the Old Immortal of Kun Shan and hacked fiercely at the ape-king's head, but the Monkey King dodged aside in a flash, leaving behind a shower of fur before vanishing entirely, leaving only the immortal axe behind, which had cleaved a great chasm through the surrounding mountains."	false
character_skills_localised_name_yangjian_skill_addition_skill1	[Howling Celestial Hound]	true
character_skills_localised_description_yangjian_skill_addition_skill1	'One becomes ten, ten becomes a hundred, and the transformations of hundreds, thousands, tens of thousands, millions — all are the arts of the Howling Celestial Hound.'	false
agent_subtypes_onscreen_name_override_huangfengdasheng	Great Sage of the Yellow Wind	true
agent_subtypes_description_text_override_huangfengdasheng	A hundred years have passed since that day. Xin Wu has long since become a desolate ruin, the yellow sand still raging aimlessly across the land. Yet occasionally, bold merchants passing along the road claim to hear a clamor of voices rising from the ruins of Xin Wu—alas, obscured by the Yellow Wind, none can see clearly whether it is man or demon.	true
names_name_6881777	Great Sage Yellow Wind	true
character_skills_localised_name_huangfengdasheng_skill_texing	[Great Sage Yellow Wind]	false
character_skills_localised_description_huangfengdasheng_skill_texing	A hundred years have passed since that day, and Xin Wu has long lain desolate and uninhabited, the yellow sand still raging aimlessly across the land. Yet occasionally, bold merchants pass through that road, claiming the ruins of Xin Wu still echo with the clamor of voices—though obscured by that yellow wind, none can say clearly whether it is man or demon	false
character_skills_localised_name_cth_huangfengdasheng_skill_1_0	Kun Lan Immortal Arts	false
character_skills_localised_description_cth_huangfengdasheng_skill_1_0	It learned every last one of the Old Immortal of Kun Lan's marvelous arts—what a sinful thing to do. One wonders what the old immortal above must think of this...	false
character_skills_localised_name_cth_huangfengdasheng_skill_1_1	Ownerless Cats and Rats United	false
character_skills_localised_description_cth_huangfengdasheng_skill_1_1	The Great Sage Yellow Wind seized Xin Wu, already possessing formidable magic, and with the skull of Xin Wu's fallen general fashioned into an implement of power, it briefly held dominion unrivaled, drawing demons and monsters from every direction to recognize it as their Great Sage.	false
character_skills_localised_name_cth_huangfengdasheng_skill_1_2	Samadhi Wind	false
character_skills_localised_description_cth_huangfengdasheng_skill_1_2	That fateful gale over Xin Wu once cost Zhao Ming the White Tiger and drove Miao Ying away from Xuan Wu, shaking the Three Realms and the Nine Provinces to their core. Even later, when the Monkey King marched north upon the Celestial Court, he made certain his simian kin stayed far, far away from this place.	false
character_skills_localised_name_cth_huangfengdasheng_skill_1_3	Cannot Attain True Enlightenment	false
character_skills_localised_description_cth_huangfengdasheng_skill_1_3	Legend says the Great Sage Yellow Wind stole the skull of Xin Wu's great general to absorb the essence of heaven and earth, yet no matter how it cultivated, it could never attain true enlightenment. In its boundless fury, it destroyed the city of Xin Wu, and after a hundred more years of cultivation, it descended into madness, bringing ruin wherever it went.	false
character_skills_localised_name_cth_huangfengdasheng_skill_1_4	Chaos Among the Three Realms	false
character_skills_localised_description_cth_huangfengdasheng_skill_1_4	Ever since that gale swept over Xin Wu, the Celestial Court has sent countless armies to strike it down, yet the Great Sage Yellow Wind's own power is formidable, and its subordinates number among the fiercest of generals—locked in endless struggle with Zhen Dan's celestial soldiers. Compounded by the Yellow Wind Array that blots out the sun and sky, time and again Zhen Dan's great armies have returned empty-handed.	false
names_name_6881775	Great Sage Yellow Wind	true
factions_screen_name_wh3_main_skv_clan_krizzor	Yellow Wind Ridge	false
factions_screen_name_when_rebels_wh3_main_skv_clan_krizzor	Yellow Wind Ridge	false
unit_abilities_onscreen_name_wh3_deer24_abilities_archaon_zhongyan	When the World Ends	true
agent_subtypes_onscreen_name_override_jinfo	Legendary Lord	true
agent_subtypes_description_text_override_jinfo	Xue Ding, [Son of the Yin River], is the Left Guardian Grand General of the Jade Court. He accompanied Yun Feng Zi on the campaign against Lu Si Qi Ya, clad in white robes, bearing his staff and talismans, charging into battle with a great roar, unstoppable wherever he went. Xue Ding has fought alongside the Jade Dragon for over twenty years, crushing the Nine Tribes of the wild orcs, subduing the Black Lotus bloodline, and breaking the lizardmen—his merits are many and great.	true
names_name_8301198	[Son of the Yin River] Xue Ding	true
character_skills_localised_name_jinfo_skill_texing	Conquest of Ten Thousand Miles	false
character_skills_localised_description_jinfo_skill_texing	Xue Ding plays a pivotal role in the Celestial Empire's foreign wars, appearing in nearly every battle. Countless formidable enemies who once scorned the Celestial Empire have been brought to their knees by his campaigns	false
character_skills_localised_name_cth_jinfo_skill_1_0	Ambition of the Four Quarters	false
character_skills_localised_description_cth_jinfo_skill_1_0	For over twenty years he has fought alongside the Jade Dragon, crushing the savage orcs of the Nine Tribes, subduing the Black Lotus bloodline, and shattering the Lizardmen—his merits are manifold and renowned.	false
character_skills_localised_name_cth_jinfo_skill_1_1	Exemplar of Martial Valor	false
character_skills_localised_description_cth_jinfo_skill_1_1	Xue Ding's fame has spread to every corner of the realm; he received the post of Master Instructor of the Cloud Banner Command from Yuan Bo, becoming one of the Thirty-Six Instructors of the Jade Court's forces.	false
character_skills_localised_name_cth_jinfo_skill_1_2	Secured Manpower	false
character_skills_localised_description_cth_jinfo_skill_1_2	Troops and horses fully assembled, ready to answer the call of the campaign.	false
character_skills_localised_name_cth_jinfo_skill_1_3	Majesty of the Jade Court	false
character_skills_localised_description_cth_jinfo_skill_1_3	Xue Ding is the Left Guardian General of the Jade Court. When he campaigns abroad, his glory is the Jade Court's glory, and his strength is the Jade Court's strength.\\n\\nHe will never allow the Jade Court to be shamed.	false
character_skills_localised_name_cth_jinfo_skill_1_4	Heavenly Army of the Jade Court	false
character_skills_localised_description_cth_jinfo_skill_1_4	Xue Ding commands the Jade Court's Left Army, tens of thousands of jade warriors awaiting his every command outside his tent, and he has already led this legion across the four seas.	false
character_skills_localised_name_cth_jinfo_skill_addition	{{tr:unit_abilities_onscreen_name_wh3_dlc24_character_passive_bulwark_of_the_gate}}	false
character_skills_localised_description_cth_jinfo_skill_addition	{{tr:unit_abilities_tooltip_text_wh3_dlc24_character_passive_bulwark_of_the_gate}}	false
character_skills_localised_name_cth_jinfo_skill_addition2	{{tr:unit_abilities_onscreen_name_wh3_dlc24_character_passive_bulwark_of_the_gate}}	false
character_skills_localised_description_cth_jinfo_skill_addition2	{{tr:unit_abilities_tooltip_text_wh3_dlc24_character_passive_bulwark_of_the_gate}}	false
agent_subtypes_onscreen_name_override_nvxia	Sword of Heartlessness	true
agent_subtypes_description_text_override_nvxia	Liu Yue Ru is the direct disciple of [Xuan Nv], the founder of the Xuan Heng Sect of Fu Zhou. After the Battle of Xuan Yuan, almost all the sect leaders perished. Though [Xuan Nv] narrowly survived, her six roots were shattered beyond hope of recovery. Liu Yue Ru and her fellow disciples fought to the death, and of the eight hundred students, only seven remained. With the sect brought to such ruin, [Xuan Nv] passed the sword technique down to Liu Yue Ru, that the Xuan Heng lineage might not vanish from the world. [Xuan Nv] was laid to rest on Mount Heng in Fu Zhou, and her surviving sisters scattered to the four winds—some perished in battle against the Dark Elves, others withdrew from the martial world. Now only Liu Yue Ru remains, having abandoned her empty mountain gate to wander the world, hunting down and assassinating Dark Elf nobles and officials wherever she finds them. The old tales have become mere talk over wine, but the world still remembers the name of the Sword of Severed Love.	true
names_name_8301197	[Sword of Broken Affection] Liu Yue Ru	true
character_skills_localised_name_nvxia_skill_texing	Sword of Severed Love	false
character_skills_localised_description_nvxia_skill_texing	Liu Yue Ru is the direct disciple of [Xuan Nv], master of the Xuan Heng sect of Fu Zhou. After the Battle of Xuan Yuan, nearly every sect master perished; though [Xuan Nv] narrowly survived, her six roots of perception were shattered beyond recovery. Liu Yue Ru and her fellow disciples fought to the death, yet of eight hundred students, only seven remained. With the sect reduced to such ruin, [Xuan Nv] passed her sword technique on to Liu Yue Ru, so that the Xuan Heng lineage would not vanish from the world. [Xuan Nv] was laid to rest on Heng Mountain in Fu Zhou, and her surviving sisters scattered to the four winds — some perished fighting Dark Elves, others retired from the martial world. Now only Liu Yue Ru remains, having abandoned the empty halls of her sect to wander the realm, hunting down and assassinating Dark Elf nobles wherever she finds them. The old tales have become mere idle talk — what remains in this world is only the name of the Sword of Severed Love.	false
character_skills_localised_name_cth_nvxia_skill_1_0	[Direct Disciple of Xuan Nv]	false
character_skills_localised_description_cth_nvxia_skill_1_0	Liu Yue Ru is the direct disciple of [Xuan Nv], and in a moment of desperate crisis was granted the Xuan Heng Sword Technique—the ultimate secret art passed down through a century of the Xuan Heng lineage now rests entirely within her.	false
character_skills_localised_name_cth_nvxia_skill_1_1	Righteous and Unyielding	false
character_skills_localised_description_cth_nvxia_skill_1_1	At the martial world alliance, every sect claimed to be righteous and orthodox, yet when the fate of the nation hung in the balance, each harbored its own hidden agenda. While the Eight Great Sects hesitated, it was the Xuan Heng sect that first stepped forward to support Tang Jing Yin. Setting aside grand ambitions to serve the nation—if we call ourselves champions of the righteous path, how could we stand idle while the Dark Elves commit such atrocities? In this hour of crisis, we who bear this ultimate skill vow to restore clear skies to all under heaven.	false
character_skills_localised_name_cth_nvxia_skill_1_2	Blood for Blood	false
character_skills_localised_description_cth_nvxia_skill_1_2	Seven hundred and ninety-three disciples of the Xuan Heng sect died in a single day—the blood debt owed by the Dark Elves must be repaid twofold.	false
character_skills_localised_name_cth_nvxia_skill_1_3	Aid the World, Pacify the People	false
character_skills_localised_description_cth_nvxia_skill_1_3	'Never again shall such a tragedy be allowed to repeat itself. Not as long as I still draw breath.'	false
character_skills_localised_name_cth_nvxia_skill_1_5	Sword Technique of Xuan Heng	false
character_skills_localised_description_cth_nvxia_skill_1_5	[Xuan Nv], in her final hour of peril, passed the Xuan Heng Sword Technique on to Liu Yue Ru. It is neither as domineering as the Roaring Suan Ni Blade Style nor as fierce as the Jade Wind Sword Technique, yet it holds infinite variation, advancing and retreating with perfect fluidity.\\n\\n[[col:green]]The Xuan Heng Sword Technique is profound beyond measure, and Liu Yue Ru has yet to fully grasp it even now. You may invest additional skill points into this ability to further master the Xuan Heng Sword Technique and gain corresponding stat bonuses.[[/col]]	false
character_skills_localised_name_cth_nvxia_skill_1_4	Final Disciple	false
character_skills_localised_description_cth_nvxia_skill_1_4	Her sect has faded away along with those she once knew—she is now the last disciple of the Xuan Heng lineage.	false
names_name_20218001	[Raven Guard] Ku Xi	true
agent_subtypes_description_text_override_yawei	One of the Three Heroes of Xing Po, deeply versed in the Dao, appearing sometimes in human form, sometimes as a raven—none can say for certain what his true form is. Once regarded with suspicion by the alchemist masters, his heart nonetheless remains devoted to the common people. Commanding the Raven-Feather Legion in service to the Moon Empress, he has rendered great service in protecting the nation and its people, and the Celestial Observatory relies upon him as a trusted right hand.	true
character_skills_localised_description_cth_yawei_skill_item	You hear the rustle of feathers, and can even feel the blade closing in on you, but where exactly is he?	true
character_skills_localised_description_cth_yawei_skill_weapon	Among the ministers who narrowly escaped that fateful night, rumors grew ever more exaggerated—they said the Raven Guard slit the throats of eighteen palace guards of the rebel king's court with nothing but a single feather. Was it truly just a feather, or a sword that can take the form of a feather? At the very least, the dead can no longer say.	true
character_skills_localised_name_cth_yawei_skill_1_1	[No Form to Find, No Shadow to Hide]	false
character_skills_localised_name_cth_yawei_skill_item	[Night-Crosser] Straw Cloak	true
character_skills_localised_name_cth_yawei_skill_1_4	Way of a Thousand Blades	false
character_skills_localised_description_cth_yawei_skill_1_2	Not a few conspiracy theorists among Cathay's elite believe the Raven-Feather Guard has always been in collusion with the ratfolk who carry out their base deeds, for wherever the Raven-Feather Guard appears, ratfolk assassins are invariably found nearby. But they never consider that it might simply be because of the Raven Guard's presence that these highly skilled schemers are discovered at all.	false
character_skills_localised_name_cth_yawei_skill_weapon	Throat-Sealing Feather	true
character_skills_localised_name_cth_yawei_skill_1_2	Constable of the Shadows	false
character_skills_localised_name_yawei_skill_texing	Surging Through the Dark Night	false
character_skills_localised_description_cth_yawei_skill_1_0	Ku Xi is the leader and mentor of the Raven-Feather Guard of the Xing Po Imperial Guard, and a symbol of terror in the hearts of the heretics who lurk within Grand Cathay.	false
character_skills_localised_description_cth_yawei_skill_1_3	No one dares declare whether Master Ku Xi is truly man or raven, but everyone on the battlefield can hear the terrifying cry that surrounds him.	false
character_skills_localised_description_cth_yawei_skill_1_4	Though ten thousand forms of treachery and evil may arise, this blade shall cut them all down.	false
effects_description_wh3_main_effect_ability_enable_tuimoyuyi	Unlocks skill: 'Demon-Repelling Feathered Wings'	true
character_skills_localised_description_yawei_skill_texing	As founder of the Raven-Feather Legion, Ku Xi's skill is unmatched anywhere in Zhen Dan — a true grandmaster among assassins.	false
character_skills_localised_name_cth_yawei_skill_1_0	Raven Guard	false
agent_subtypes_onscreen_name_override_yawei	Raven Guard	true
character_skills_localised_description_cth_yawei_skill_1_1	The Raven-Feather Legion serves the Moon Empress, even surpassing the Hong Wu Overseers of the inner palace in stealth and assassination—and every member of the Raven Guard trained under Ku Xi.	false
character_skills_localised_name_cth_yawei_skill_1_3	Raven's Cry	false
character_skills_localised_name_yawei_skill_addition_skill1	Spreading Eyes and Ears	true
character_skills_localised_name_yawei_skill_addition_skill2	No Mercy for the Executed	true
character_skills_localised_name_yawei_skill_addition_skill3	Raven's Nightmare	false
character_skills_localised_description_yawei_skill_addition_skill1	'The eyes of the Raven Guard see all...'	false
character_skills_localised_description_yawei_skill_addition_skill2	'Whoever is marked is already dead...'	true
character_skills_localised_description_yawei_skill_addition_skill3	'Your nightmare has come true...'	true
names_name_2058001	[Moon Immortal] Fang Wen Zi	true
character_skills_localised_description_cth_zhugeliang_skill_1_5	"Silent as gods and spirits, swift as wind and thunder. Advancing, none can stand before him; retreating, none can pursue. Front and rear answer in concert, left and right move at his command. He shifts the nature of the Five Elements, alters the mandates of the four seasons. Is he man? Is he immortal? I cannot say—he is the purest brilliance among men."	false
character_skills_localised_description_cth_zhugeliang_skill_1_3	"Open, Rest, Life, Injury, Obstruct, View, Death, Fright"—once the eight trigrams are unfurled, the enemy is overcome and victory secured.	false
character_skills_localised_name_zhugeliang_luopan	Five Elements War Compass	true
ancillaries_onscreen_name_zhugeliang_luopan	Five Elements War Compass	true
character_skills_localised_name_cth_zhugeliang_skill_1_3	Eight Formations, Mysterious Gates	false
character_skills_localised_description_zhugeliang_luopan	A creation of the Heavenly Court, a miniature replica of the magnificent architecture of Wei Jing.	true
character_skills_localised_description_zhugeliang_horse	A general's warhorse is his most trusted and valiant companion. Just don't name it 'Little Daisy.'	true
character_skills_localised_name_cth_zhugeliang_skill_1_1	Strategic Command	false
character_skills_localised_name_cth_zhugeliang_skill_1_4	Wind-Guided Sealed Spellcasting	false
character_skills_localised_name_zhugeliang_horse	Warhorse	true
ancillaries_onscreen_name_zhugeliang_horse	War Horse	true
character_skills_localised_description_cth_zhugeliang_skill_1_4	Fang Wen Zi is gifted beyond measure, wielding the power of the Winds of Magic with consummate mastery—but his body has also grown frail from bearing a force beyond what mortals can withstand.	false
character_skills_localised_description_zhugeliang_skill_texing	Fang Wen Zi is a senior Director of the Astronomical Bureau and one of the Three Heroes of Xing Po. After the Dragon Emperor and the Moon Empress devoted themselves to their secret plans, certain extraordinary individuals in the mortal world are always inspired to take crucial actions to help Zhen Dan avoid potential catastrophe—and now, the Moon Empress's chosen one is Fang Wen Zi.	false
agent_subtypes_description_text_override_zhugeliang	Fang Wen Zi is a senior Grand Astronomer of the Celestial Observatory, and the one who conveys the will of the Moon Empress. After the Dragon Emperor and the Moon Empress devoted themselves to their secret plans, extraordinary individuals in the mortal world have always emerged, receiving their guidance and taking crucial actions to spare Zhen Dan from potential calamity. Now, the Moon Empress's chosen vessel is Fang Wen Zi.	true
character_skills_localised_description_cth_zhugeliang_skill_1_0	Though Fang Wen Zi is a senior member of the Astronomical Bureau, he prefers to immerse himself in mountains and wilderness, feeling the spiritual breath of heaven and earth and refining his own character.	false
character_skills_localised_description_cth_zhugeliang_skill_1_1	Fang Wen Zi plans with utter thoroughness, mastering every detail great and small; in matters of army and warfare, with a single step taken he has already calculated ten steps ahead.	false
character_skills_localised_name_cth_zhugeliang_skill_1_0	Mirror-Bright, Water-Still	false
agent_subtypes_onscreen_name_override_zhugeliang	Chancellor of the Lunar Court	true
character_skills_localised_description_cth_zhugeliang_skill_1_2	During the Monkey King's rebellion, Fang Wen Zi received the Moon Empress's guidance and, representing the Jade Dragon's court, mediated among the dragon-kin of all quarters, debating and overcoming every dissenting voice through sheer eloquence, bringing about the alliance of dragon-kin to strike down the rebels. His mastery of strategy and unmatched gift for persuasion were beyond compare.	false
character_skills_localised_name_zhugeliang_skill_texing	Divine Strategy and Marvelous Calculations	false
character_skills_localised_name_cth_zhugeliang_skill_1_5	Flawless Calculation	false
character_skills_localised_name_cth_zhugeliang_skill_1_2	Lofty Discourse, Brilliant Insight	false
character_skills_localised_name_zhugeliang_skill_addition_skill1	Compiling Classic Texts	true
character_skills_localised_name_zhugeliang_skill_addition_skill2	Economic Reform	false
character_skills_localised_name_zhugeliang_skill_addition_skill3	Preparing for a Rainy Day	true
character_skills_localised_description_zhugeliang_skill_addition_skill1	The classic texts compiled by Fang Wen Zi provide a reference for the operation of the Celestial Empire, allowing every detail of data from across the realm to be recorded and consulted in official documents.	false
character_skills_localised_description_zhugeliang_skill_addition_skill2	Through a series of reforms, Fang Wen Zi weakened the grip of local strongmen on the grassroots economy, dissolving the economic blockages caused by corruption.	false
character_skills_localised_description_zhugeliang_skill_addition_skill3	Having all things prepared before the march allows one to remain unshaken in the face of danger.	false
names_name_1958001	[Martial Fanatic] Pei Yue	true
character_skills_localised_description_cth_wuchi_skill_1_1	Every motion and breath, every fist and form, is already etched into the surging hot blood of Pei Yue.	false
character_skills_localised_description_cth_wuchi_skill_1_4	"Laughing at the world's petty grudges, raising a cup once more with heroic spirit; the Divine Fist rolls on, stirring Heaven's own wrath—we of this generation ascend the azure clouds with joyful abandon."                                                             [[col:white]]You do not need to allocate skill points to this skill—it will automatically level up as the character's level increases. When the character reaches level 50, all four of Pei Yue's attributes will receive a 20% bonus.[[/col]]	false
character_skills_localised_name_cth_wuchi_skill_1_3	Mountains Crumble, Earth Collapses	false
character_skills_localised_description_cth_wuchi_skill_1_2	When Pei Yue steadies his breath and focuses his spirit, even the surrounding river's waters grow still beneath the pressure of his presence: he will use redirected force to reverse his enemy's assault, then return it in full.	false
character_skills_localised_name_cth_wuchi_skill_1_4	Martial Arts Without End	false
agent_subtypes_onscreen_name_override_wuchi	Martial Fanatic	true
character_skills_localised_name_wuchi_skill_texing	Martial Fanatic	false
character_skills_localised_name_cth_wuchi_skill_1_2	River Falls, Tide Stills	false
character_skills_localised_name_cth_wuchi_skill_1_5	Ascend Upon the Clouds	false
character_skills_localised_name_cth_wuchi_skill_1_0	Pure Martial Art	false
character_skills_localised_name_cth_wuchi_skill_1_1	Flowing Clouds, Running Water	false
character_skills_localised_description_cth_wuchi_skill_1_5	Pei Yue has ascended to the very summit of martial arts; the heroes of Grand Cathay's martial world have all fallen before him, and among all the mountain peaks, he has no rival remaining. Perhaps, after all he has endured, the Martial Fanatic finally understands what constitutes true martial arts and true chivalry better than those who merely call themselves heroes.	false
character_skills_localised_description_cth_wuchi_skill_1_0	In Pei Yue's heart, martial arts does not carry the many layered meanings that most Cathayan warriors ascribe to it. Martial arts is simply martial arts—hold fast to this path, and reach its very pinnacle.	false
character_skills_localised_description_cth_wuchi_skill_1_3	Pei Yue's fist technique is so pure and unadorned that few of Grand Cathay's masters, with all their ever-changing forms, can withstand even a single exchange with him.	false
agent_subtypes_description_text_override_wuchi	Pei Yue's life thus far has been an unending journey. He has traveled every inch of Zhen Dan, defeating one arrogant martial arts master after another in sect after sect, seeking the very limits of martial skill. Now, the Martial Fanatic has settled beneath the banner of Bin Long Men, seeking only to sweep aside every hero and champion of Shang Yang.	true
character_skills_localised_description_wuchi_skill_texing	Pei Yue's life thus far has been one unending journey — he has traveled every corner of Zhen Dan, defeating the most arrogant masters of one school after another in his pursuit of martial perfection. Now the Martial Fanatic has settled beneath the Bin Long sect, seeking only to sweep aside every hero of the eight directions in Shang Yang.	false
character_skills_localised_name_wuchi_skill_addition_skill1	Sweeping the Northern Frontier	true
character_skills_localised_name_wuchi_skill_addition_skill2	Dominating the Southern Rivers	false
character_skills_localised_name_wuchi_skill_addition_skill3	Looking Down on the Western Desert	true
character_skills_localised_description_wuchi_skill_addition_skill1	Those northern warriors who fancy themselves born for war charge forward with blade in hand, only to fall before his fists.	false
character_skills_localised_description_wuchi_skill_addition_skill2	Countless schools line the southern bank of the Jade River, the birthplace of Zhen Dan's martial arts — yet not one among them can withstand the Martial Fanatic's fist.	false
character_skills_localised_description_wuchi_skill_addition_skill3	Even in Shang Yang, where masters from all eight directions gather, Pei Yue still claims first place in the arena with ease.	false
agent_subtypes_onscreen_name_override_wusheng	Lord of Formless Jade	true
agent_subtypes_description_text_override_wusheng	[Martial Sage] has journeyed through Zhen Dan's long history for a hundred years. As a military commander from the same era as Xin Wu and a champion personally chosen by the Jade Dragon, blessed with a divine artifact bestowed by the dragons, [Martial Sage] was granted a lifespan as long as that of the Dragon Emperor's Guard, aiding the dragons in preserving Zhen Dan's peace and stability. All the soldiers who once fought beside him have long since faded away, and the common people of today can no longer recall this great warrior's true name—only the title of [Martial Sage] remains recorded in history.	true
names_name_6981001	[Sage of War] True Lord Ta Yu Zai Tian	true
character_skills_localised_name_wusheng_skill_texing	Jade-Faced Wanderer	false
character_skills_localised_description_wusheng_skill_texing	The [Sage of War] has worn his imperially bestowed jade mask to guard Zhen Dan for a hundred years. The common people speak of him as an immortal protector of the nation, and villains and traitors alike tremble at the mere mention of his name.	false
character_skills_localised_name_cth_wusheng_skill_1_0	Tempered by Time, Grown Ever Stronger	false
character_skills_localised_description_cth_wusheng_skill_1_0	The peerless [Martial Sage], unmatched from birth, has grown ever stronger through a century of battles.	false
character_skills_localised_name_cth_wusheng_skill_1_1	Loyal, Valiant, Virtue Made Manifest	false
character_skills_localised_description_cth_wusheng_skill_1_1	The title of Martial Sage has long been bound in the hearts of Cathayans to every noble virtue of the martial warrior; the common folk have even come to venerate him as an immortal—the True Lord Ta Yu Zai Tian.	false
character_skills_localised_name_cth_wusheng_skill_1_2	Alone to Guard the Nation	false
character_skills_localised_description_cth_wusheng_skill_1_2	The soldiers who once fought alongside him have long since scattered like dust in the wind, leaving only the [Martial Sage] to guard the nation's gate alone—and no matter how many enemies he faces, he never wavers.	false
character_skills_localised_name_cth_wusheng_skill_1_3	Let Jade and Stone Burn Together	false
character_skills_localised_description_cth_wusheng_skill_1_3	The [Martial Sage] will break the mask's hold over him, and his frozen life will flow once more.	false
character_skills_localised_name_cth_wusheng_skill_1_5	Jade String Shatters	false
character_skills_localised_description_cth_wusheng_skill_1_5	Ten thousand ages of peace and stability, yet a new calamity arises, and the people suffer. Yet peace and harmony shall flow again, for righteous warriors will surely arise to quell the chaos.	false
character_skills_localised_name_cth_wusheng_skill_1_4	Shatter Heaven and Earth	false
character_skills_localised_description_cth_wusheng_skill_1_4	Blade drawn, mounted for battle, he warms fresh wine; a single steed cuts through dust, breaking through three armies.	false
agent_subtypes_onscreen_name_override_zhouyu	Lord of Brocade Jade	true
agent_subtypes_description_text_override_zhouyu	Ying Jin was renowned as a prodigy in Nan Yang since childhood, and as he grew older, his unstoppable talent shone ever brighter. After the Soul-Enthralling clan entered service, Ying Jin has always assisted the Duke of the Soul-Enthralling, personally attending to matters both great and small, earning the sincere admiration of the entire court.	true
names_name_6881001	[Brocade Jade Lord] Ying Jin	true
character_skills_localised_name_zhouyu_skill_texing	Renowned Far and Wide	false
character_skills_localised_description_zhouyu_skill_texing	Ying Jin is known to the people as the [Lord of Brocade Jade]. He is a talent renowned throughout the world, a minister without peer in this age.	false
character_skills_localised_name_cth_zhouyu_skill_1_0	Heaven Admires Talent	false
character_skills_localised_description_cth_zhouyu_skill_1_0	Ying Jin was renowned as a prodigy in Nan Yang since childhood, and as he grew, his unstoppable talent shone ever brighter. Since Soul-Enthralling entered office, Ying Jin has served at his side without fail, personally attending to matters both great and small, earning the sincere admiration of the entire court.	false
character_skills_localised_name_cth_zhouyu_skill_1_1	Commander of the Sky Junks	false
character_skills_localised_description_cth_zhouyu_skill_1_1	Soul-Enthralling's sky junk technology is renowned throughout the world—so much so that even the peerless blind artisans of Nan Gau must regard Soul-Enthralling's engineers as rivals. These powerful war machines form a vital part of Soul-Enthralling's army, and under Ying Jin's command, they remain undefeated to this day.	false
character_skills_localised_name_cth_zhouyu_skill_1_2	Consort with Tigers	false
character_skills_localised_description_cth_zhouyu_skill_1_2	Though Han Cheng and Ying Jin's friendship has endured for decades, they have come to an irreconcilable divide over the matter of the rebellion. Ying Jin listed countless reasons in his efforts to persuade Han Cheng, hoping to make him see the conspiracy behind these events, but it seemed some other force had seized control of his old friend's mind. Ying Jin's attempt failed, but he has no intention of abandoning his bewitched comrade. After much struggle, he chose to retreat into seclusion—if at all possible, he will exhaust every effort to bring Han Cheng back before matters become irreversible, and if there is no other way, he will also take up arms against the rebel king of Nan Yang for the sake of Grand Cathay's greater cause.	false
character_skills_localised_name_cth_zhouyu_skill_1_3	Wind-Shattering Strike	false
character_skills_localised_description_cth_zhouyu_skill_1_3	With but a single command from Ying Jin, a rain of fire blotting out the sky and sun answers his call.	false
character_skills_localised_name_cth_zhouyu_skill_1_5	Fire God's Guidance	false
character_skills_localised_description_cth_zhouyu_skill_1_5	Blazing fire lights up the heavens and illuminates the sea of clouds; masts and oars burn to ash and drift away.	false
character_skills_localised_name_cth_zhouyu_skill_1_4	Fishing Boat Flute	false
character_skills_localised_description_cth_zhouyu_skill_1_4	Ying Jin commands his sky junk legion through the sound of his flute, each melody a symbol of a command.	false
effects_description_wh_main_effect_character_stat_zhouyu	Attack enchanted: The Retainer	true
special_ability_phases_onscreen_name_wh_main_effect_character_stat_zhouyu	The Retainer	true
unit_abilities_onscreen_name_wh3_deer24_abilities_yudi	Whispering Jade Flute	true
unit_abilities_tooltip_text_wh3_deer24_abilities_yudi	Who understands the warrior's heart within the flute's melody? The riverside sands vainly illuminate the bones of those who marched to war.	true
effects_description_wh3_deer24_abilities_yudi	Skill: 'Whispering Jade Flute'	true
ui_unit_groupings_onscreen_wwd_tianzhou_hero	Commander of the Sky Junks	false
character_skills_localised_name_zhouyu_skill_addition_skill1	Extended Range	false
character_skills_localised_name_zhouyu_skill_addition_skill2	Volatile Gunpowder	false
character_skills_localised_name_zhouyu_skill_addition_skill3	Extra Sails	false
character_skills_localised_description_zhouyu_skill_addition_skill1	The artisans of the Soul-Enthralling Lineage tirelessly pursue the achievements of the Blind Craftsmen and the Martial Artisans' Bureau day and night, and all their progress in sky junk technology has been fully applied to Ying Jin's fleet.	false
character_skills_localised_description_zhouyu_skill_addition_skill2	The artisans of the Soul-Enthralling Lineage tirelessly pursue the achievements of the Blind Craftsmen and the Martial Artisans' Bureau day and night, and all their progress in sky junk technology has been fully applied to Ying Jin's fleet.	true
character_skills_localised_description_zhouyu_skill_addition_skill3	The artisans of the Soul-Enthralling Lineage tirelessly pursue the achievements of the Blind Craftsmen and the Martial Artisans' Bureau day and night, and all their progress in sky junk technology has been fully applied to Ying Jin's fleet.	true
agent_subtypes_onscreen_name_override_yiqu	Grand Chamberlain of the Jade Court	true
agent_subtypes_description_text_override_yiqu	Yi Yao Hua is the elder sister of [Sky-Defying Sovereign] Yi Qing, who won great renown in the Third Northern Expedition. She also holds the illustrious post of Minister of the Court of Imperial Sacrifices in the Jade Court, serving both as the bond between the Jade Dragon and mortals, and as the messenger between the Heavenly Court and the Jade Dragon.	true
names_name_6881003	[Wandering Fragrance] Yi Yao Hua	true
character_skills_localised_name_yiqu_skill_texing	[Wandering Fragrance]	false
character_skills_localised_description_yiqu_skill_texing	Yi Yao Hua is the elder sister of [Sky-Defying Sovereign] Yi Qing, who earned great renown in the Third Northern Expedition. She herself is the illustrious Minister of the Court of Imperial Sacrifices at the Jade Court — both the bond between mortals and Jade Dragon, and the messenger between the celestial court and Jade Dragon.	false
character_skills_localised_name_cth_yiqu_skill_1_0	Minister of the Court of Imperial Sacrifices	false
character_skills_localised_description_cth_yiqu_skill_1_0	Yi Yao Hua is the elder sister of [Sky-Defying Sovereign] Yi Qing, who earned illustrious battle merit in the Third Northern Expedition, and is herself an eminent Minister of the Court of Imperial Sacrifices of the Jade Court—both a bond between the Jade Dragon and mortals, and a messenger between the Heavenly Court and the Jade Dragon.	false
character_skills_localised_name_cth_yiqu_skill_1_1	Summon at Once	false
character_skills_localised_description_cth_yiqu_skill_1_1	Every Minister of the Court of Imperial Sacrifices is greatly revered by the people, and their arrival is regarded as a sign of favor bestowed by the Dragon Emperor and the Moon Empress upon that place.	false
character_skills_localised_name_cth_yiqu_skill_1_2	Song to Welcome the Heavens	false
character_skills_localised_description_cth_yiqu_skill_1_2	Yi Yao Hua recites various invocations during rituals, conveying the wishes of the mortal world to the Vast Heavens.	false
character_skills_localised_name_cth_yiqu_skill_1_3	Rite to Honor the Earth	false
character_skills_localised_description_cth_yiqu_skill_1_3	Yi Yao Hua recites various invocations during rituals, conveying the wishes of the mortal world to the Vast Heavens.	false
character_skills_localised_name_cth_yiqu_skill_1_5	Edict of Wrath	false
character_skills_localised_description_cth_yiqu_skill_1_5	The shamanistic Nuo culture of southern Grand Cathay can be traced back to the era when the Dragon Emperor first descended. The local people believe these traditional rituals can ward off calamity and dispel evil spirits, and some even use these rites to harm their enemies.	false
character_skills_localised_name_cth_yiqu_skill_1_4	Grand Shaman's Sacrifice	false
character_skills_localised_description_cth_yiqu_skill_1_4	The people of Grand Cathay revere the resonance between Heaven and Man, offering sacrifices of various forms to seek the blessing of the Vast Heavens and the Dragon Emperor, and it falls to the Ministers of the Court of Imperial Sacrifices of the various courts to preside over such rites.	false
effects_description_wh3_deer24_abilities_yiqi_duration	Effect duration: Ritual Skill %+n%	false
agent_subtypes_onscreen_name_override_jinjun_f	Deputy Commander of the Imperial Guard	true
agent_subtypes_description_text_override_jinjun_f	Miao Yi is Yun Xiang's deputy commander, and the only known female member of the Dragon Emperor's Guard. Nearly all of Zhen Dan's heroines destined to be remembered in history are chosen for the Moon Empress's court. Yet just as people believed Miao Yi too would be chosen as one of the Moon Empress's maidens for her great deeds, an emissary from the Heavenly Court summoned her instead in the name of Hao Tian, and Miao Yi thus became fortunate enough to be among the last to receive the Dragon Emperor's blessing. In the hundred years since the departure of the Vast Dragon, the Guard has fought and sacrificed itself countless times for the survival of Zhen Dan. To this day, fewer than a hundred of the Heavenly Court's Guard remain, but Miao Yi and her comrades will steadfastly uphold their ancient oath—true this autumn, and true for ten thousand generations to come.	true
names_name_6881013	[Dust-Shaking Life] Miao Yi	true
character_skills_localised_name_jinjun_f_skill_texing	Deputy Commander of the Imperial Guard	false
character_skills_localised_description_jinjun_f_skill_texing	Miao Yi is Yun Xiang's deputy commander, and the only known female member of the Dragon Emperor's Guard. Cathay's heroines worthy of being recorded in history are usually chosen to serve in the Moon Empress's court, and when people believed that Miao Yi too would be chosen by the Moon Empress for her great achievements, an envoy from the Heavenly Court instead summoned her in the name of the Vast Heaven. Miao Yi thus had the fortune to become one of the last to be blessed by the Dragon Emperor. In the hundred years since the Vast Dragon's departure, the Palace Guards have fought and sacrificed themselves countless times for Cathay's survival. To this day, fewer than a hundred remain in the Heavenly Court's service, but Miao Yi and her comrades will steadfastly uphold their ancient oath—this autumn, as in all ages to come	false
character_skills_localised_name_cth_jinjun_f_skill_1_0	Dust-Shaking Life	false
character_skills_localised_description_cth_jinjun_f_skill_1_0	Miao Yi is Yun Xiang's second-in-command, and the only known female member of the Dragon Emperor's Guard. Nearly all of Zhen Dan's history-making heroines are drawn into the Moon Empress's court—and just as people believed Miao Yi, too, would be chosen for her great achievements to join the Empress's ranks, an emissary from the Celestial Court instead summoned her in the name of Hao Tian himself. Miao Yi thus became fortunate enough to be among the last to receive the Dragon Emperor's blessing. In the century since Hao Long's departure, the Palace Guard has fought and sacrificed itself countless times for Zhen Dan's survival. To this day, fewer than a hundred of the Celestial Court's guard remain, yet Miao Yi and her comrades will unwaveringly uphold their ancient oath—true this autumn, and true for ten thousand generations to come.	false
character_skills_localised_name_cth_jinjun_f_skill_1_1	Legion of Myth	false
character_skills_localised_description_cth_jinjun_f_skill_1_1	To the mortal world, the Dragon Emperor's Guard is nearly a legend. In the age when the Dragon Emperor still walked among the living, the Guard's might was enough to lay flat any nation of the mortal realm. But as the Dragon Emperor and the Moon Empress devoted themselves wholly to their grand design, watchful enemies came pressing in from every side, and the Dragon Emperor's Guard could never again be replenished. Mortals can no longer see full formations of the Guard fighting on the front lines of the Celestial Court as they once did a century ago—but when these surviving legends descend upon the battlefield, the people of Zhen Dan witness myth and reality overlap.	false
character_skills_localised_name_cth_jinjun_f_skill_1_2	Echo of Legend	false
character_skills_localised_description_cth_jinjun_f_skill_1_2	The last time the Great Wall was utterly breached, an unprecedented Chaos legion swarmed into Zhen Dan: the colossal terracotta guardians of the Spirit Road collapsed within the Terracotta Warriors' mausoleum, the Soul-Enthralling stronghold was consumed by the falling Sky Junk Fleet, Miao Ying's legions clung to survival beneath the high walls, and Yuan Bo's Jade Stone Legion was lured astray by the schemes of the Sovereign Qing Bao. In this hour when Zhen Dan's very survival hung by a thread, the Dragon Emperor's Guard held back the onslaught of the Chaos alliance at the near-ruined Soul-Enthralling stronghold—nine Greater Daemons were banished, hundreds of Chaos Champions were struck down, and the vast legions following in their wake scattered like startled birds. When Miao Yi, having taken up the mantle of her fallen second-in-command, tallied the losses under Yun Xiang's orders, they realized: the age of the Dragon Emperor's Guard had come to an end. The unbearable losses had stripped them of their strength as a final trump card—though the surviving Guard remained powerful enough to shake all of Zhen Dan, these survivors were now but an echo of past glory.	false
character_skills_localised_name_cth_jinjun_f_skill_1_3	Origin of Divergence	false
character_skills_localised_description_cth_jinjun_f_skill_1_3	Since the end of that last great battle, the Dragon Emperor's Guard did not leave the capital for a long time, until the outbreak of the civil war—as the situation grew increasingly uncontrollable, the Guard was dispatched to strip various generals of their authority, crushing those who defied their orders like ants underfoot. The damage the civil war inflicted upon Zhen Dan was contained in time, but it also bred distrust between the capital's Guard and Yuan Bo. Miao Yi, as Yun Xiang's deeply trusted deputy, was dispatched to the Jade Court to seek aid from the Celestial Court's chief minister, but Yuan Bo refused the God-Strategy Bureau's request: he had a mission he was bound to complete. The Jade Court's expeditionary force was preparing to march toward Roselia to aid the Dragon Emperor's grand plan, and he had made other arrangements regarding the civil war—he believed the remaining Dragon-kin and the Celestial Court's Guard were sufficient to control the situation. Yuan Bo's apparent indifference to the civil war enraged Yun Xiang beyond measure, and this became the root of the later conflict between the courts.	false
character_skills_localised_name_cth_jinjun_f_skill_1_5	Unwavering Resolve	false
character_skills_localised_description_cth_jinjun_f_skill_1_5	Over the long years, the Guard's emotions have been worn thin by endless war, yet Miao Yi still harbors feelings for Yun Xiang unlike any other. Her duties and burdens leave her little room to dwell on such things, but she knows—should the situation demand it—she would gladly give her life for him.	false
character_skills_localised_name_cth_jinjun_f_skill_1_4	Tireless Investigation	false
character_skills_localised_description_cth_jinjun_f_skill_1_4	The God-Strategy Bureau was once seriously infiltrated by followers of the Sovereign Qing Bao, and even in recent times incidents have occurred where high officials were impersonated. Under Yun Xiang's orders, Miao Yi has repeatedly overseen investigations into the Bureau, even mobilizing the Raven-Feather Legion of the Astronomical Bureau for support, vowing never again to let Chaos's corruption stain the capital.	false
ui_unit_groupings_onscreen_wwd_jinjun_hero	Palace Guard	false
agent_subtypes_onscreen_name_override_guojin	Former Wu Lin Alliance Leader	true
agent_subtypes_description_text_override_guojin	In the previous invasion of the Dark Elves, Tang Jing Yin, as the Leader of the Martial World, united sects and schools from every corner of Zhen Dan, and at Xuan Yuan won a hard-fought victory that destroyed the Dark Elf coalition seeking to press further inland. Countless heroes, including Tang Jing Yin's own wife, gave their lives for the nation in that battle, and [Giant Hero] himself vanished without a trace after the fighting ended. Now, with the nation's fortunes faltering once more and every common man bearing responsibility, Tang Jing Yin has finally returned to the martial world.	true
names_name_6881098	[Giant Hero] Tang Jing Yin	true
character_skills_localised_name_guojin_skill_texing	[Giant Hero]	false
character_skills_localised_description_guojin_skill_texing	Nearly half of the master warriors of Tang Jing Yin's generation gave their lives in the great battle of Xuan Yuan. When the officials were stretched too thin to act, it was these wandering warriors—once regarded with suspicion by the authorities—who threw themselves before the Celestial Empire's vulnerable flank in service to their country. After the Battle of Xuan Yuan, the Jade Court made an exception and posthumously granted titles to those wandering warriors who had died in battle. Tang Jing Yin, as their leader, was posthumously honored as Duke of Xuan Yuan, but those who had fought at his side, those he had shielded with his own body, called him by another name—the Giant Hero	false
character_skills_localised_name_cth_guojin_skill_1_0	Leader of the Martial World	false
character_skills_localised_description_cth_guojin_skill_1_0	Tang Jing Yin's era has long passed, yet he still vividly remembers the horrors of the Battle of Xuan Yuan. When the Dark Elf host struck at the moment of weakness along that endless coastline, the Celestial Court's armies were already overwhelmed by Chaos forces pressing in from north and south alike. At Yuan Bo's behest, an emissary from the Jade Court reluctantly convened a martial world assembly, gathering the great heroes of the age. Countless peerless masters vied there for supremacy, and in the end, Tang Jing Yin bested them all, uniting the various sects—each with their own hidden motives—through a stirring speech, persuading these free spirits who cared nothing for matters of state to willingly march toward what might well be a battlefield of no return.	false
character_skills_localised_name_cth_guojin_skill_1_1	Seven Secrets of Yin Jing	false
character_skills_localised_description_cth_guojin_skill_1_1	Tang Jingyin belongs to no sect, yet has forged his own style of martial arts through total synthesis, becoming a school unto himself—at that time, none in the world could rival him.	false
character_skills_localised_name_cth_guojin_skill_1_2	Retired from the Martial World	false
character_skills_localised_description_cth_guojin_skill_1_2	In the Battle of Xuan Yuan, Tang Jing Yin's wife and friends were nearly all slain. Though he drove back the last of the Dark Elves even after losing his left arm in battle, when he searched the battlefield for familiar faces and found only endless corpses, all hope within him shattered. In his despair, this great hero cast himself into the Yu River to end his life, but was unexpectedly saved by the Dragon Monks at the Hao Tian Palace. From then on, he lived in hiding under an assumed name, retreating into the mountains and forests for over a decade.	false
character_skills_localised_name_cth_guojin_skill_1_3	Return to the Martial World	false
character_skills_localised_description_cth_guojin_skill_1_3	Zhen Dan enjoyed years of peace after the war, but fate's decree seemed to knock once more upon the gates beyond the heavens—the Dark Elves returned in force, the Jade Blood calamity swept across the Yu River, the Kurgan's hooves trampled the shrouds of fallen frontier soldiers, and the hiss of Serpentmen echoed across the southern border. Though Tang Jing Yin still mourned old wounds, he knew that to turn a blind eye to the suffering of all under heaven would betray the very heart of his chivalry, and would shame the memory of those who gave their lives to defend hearth and home. And so, in this hour of national crisis, the [Giant Hero] has returned.	false
character_skills_localised_name_cth_guojin_skill_1_5	Dragon Emperor's Bestowal	false
character_skills_localised_description_cth_guojin_skill_1_5	It is said the Dragon Emperor has sealed himself away in the high towers of the Celestial Court for a century, his blessing withdrawn from the mortal world—but some know that even burdened by his grand design, the Dragon Emperor's gaze still watches over his people. Tang Jing Yin came alone to the Hao Tian Palace, now besieged by the Jade Blood clan, to repay the debt of his rescue long ago, but these unnatural, corrupt abominations once more drove him to the very brink of death. In that final moment, a miracle of Hao Tian descended upon him: the Winds of Magic surged through his body and coalesced into form—he felt an arm long lost to him, and a strength beyond anything he had known. Alone and surrounded, he realized in that instant that dragon and mortal flesh now walked as one.	false
character_skills_localised_name_cth_guojin_skill_1_4	Revival of the Martial World	false
character_skills_localised_description_cth_guojin_skill_1_4	Tang Jing Yin's return came naturally—he simply did once more what he had done over a decade before: acting with chivalry and righteousness, saving the dying and healing the wounded. From the moment the first person recognized him as the [Giant Hero] of old, word spread like wildfire. Old friends still living and a new generation of wandering warriors who admired his legend were eager to crown him leader of the martial world once more, while others were shocked by the revelation that his death had been faked, and even cast doubt upon the events of that old war—perhaps in some eyes, the giant hero who died for his country was the true hero, and now that he lived, he no longer deserved the title. But regardless of what the world thought, this time, Tang Jing Yin was determined to see his own Wanderer's Code through to the very end.	false
character_skills_localised_name_guojin_skill_addition_skill1	[Drunken Cloud-Turning Palm]	true
character_skills_localised_description_guojin_skill_addition_skill1	'Drunk and wandering still, overturning clouds and seas, righteousness stands unshaken'	false
character_skills_localised_name_guojin_skill_addition_skill2	[Formless Unity Technique]	true
character_skills_localised_description_guojin_skill_addition_skill2	'Amid ten thousand changes, still unmoved; spirit at ease, mind at peace'	false
character_skills_localised_name_guojin_skill_addition_skill3	[Carefree Wandering Sky Step]	true
character_skills_localised_description_guojin_skill_addition_skill3	'Ascending beyond the azure sky, soaring ten thousand miles, riding the cool wind, vast and boundless over all things'	false
agent_subtypes_onscreen_name_override_meihouwang	Handsome Monkey King	true
agent_subtypes_description_text_override_meihouwang	Descriptions of the Monkey King vary greatly across the legends of different regions. In the songs of the north, he is a bloodthirsty, raging great ape. In the tales of western storytellers, he is a creature resembling a baboon, with beautiful golden fur and a swollen red rear—for the Monkey King is forever in a fury. In the legends by the eastern shore, this enormous ape has an astonishing appetite, his bare belly covered in unsightly boils. To some in the south, the Monkey King is instead a slight spider-monkey, leaping from shoulder to shoulder among allies and enemies alike, his words a mixture of truth and lies.	true
names_name_6881097	Monkey King	true
names_name_98742426	Marshal Tian Peng	true
character_skills_localised_name_meihouwang_skill_texing	[Handsome Monkey King]	false
character_skills_localised_description_meihouwang_skill_texing	In legends from different regions, descriptions of the Monkey King vary widely. In northern ballads, he is a bloodthirsty and savage great ape. In the mouths of western storytellers, he resembles a baboon, with beautiful golden fur and swollen, reddened haunches — for the Monkey King is perpetually enraged. In legends along the eastern coast, this giant ape has an astonishing appetite, his bare belly covered in ugly boils. To some in the south, the Monkey King is instead a slight spider monkey, leaping between the shoulders of allies and enemies alike, his words a mixture of truth and lies.	false
character_skills_localised_name_cth_meihouwang_skill_1_0	Birth of the Monkey King	false
character_skills_localised_description_cth_meihouwang_skill_1_0	Day and night, the monkeys of the Simian Court sing praises to the Monkey King: legend tells that even before the Dragon Emperor descended in the age of creation, an immortal stone nurtured by heaven and earth stood atop Mount Tian Shan. One day the stone burst open, birthing a stone egg, which the wind transformed into a stone monkey. When the stone monkey was born, two beams of divine light shot from its eyes, piercing the Dipper's Palace and even stirring the Dragon Emperor in the Celestial Court a thousand li away—and that stone monkey became the one the monkeys of Tian Shan now call the 'Handsome Monkey King.'	false
character_skills_localised_name_cth_meihouwang_skill_1_1	A Body of Marvelous Skills	false
character_skills_localised_description_cth_meihouwang_skill_1_1	The Monkey King lived a carefree, innocent life on Tian Shan for many years, until, seeking the secret of eternal life, he wandered the four seas in search of a master. Though his unmatched natural gifts allowed him to master extraordinary skills, he could never shed his mischievous nature, and was repeatedly expelled from his masters' tutelage for showing off his abilities.	false
character_skills_localised_name_cth_meihouwang_skill_1_2	Self-Proclaimed Usurper	false
character_skills_localised_description_cth_meihouwang_skill_1_2	In the year 2377 of the Imperial Calendar, the Monkey King seized control over Zhen Dan. He appointed the Aeshin clan's King Qi Shi Qi as his advisor to establish trade with the Skaven. The Dragon-kin, at last understanding the old wisdom that brothers must set aside their quarrels to face outside threats, turned as one to oppose this self-proclaimed usurper's monkey head.	false
character_skills_localised_name_cth_meihouwang_skill_1_3	Lord of the Simian Court	false
character_skills_localised_description_cth_meihouwang_skill_1_3	Calling the Simian Court a 'court' may be something of a stretch, for the Monkey King and his subjects rarely do anything so orderly as hold formal assemblies. Yet as with the Tiger Warrior's court, some still hope the Monkey King might discipline the monkey soldiers under his command the way the Dragon-kin govern the people of Zhen Dan. In practice, the Simian Court's assemblies invariably descend into chaos. While the Monkey King smugly believes his rule rivals that of any Dragon-kin, the rest of Zhen Dan can only watch in stunned disbelief at the shambles his kingdom has become.	false
character_skills_localised_name_cth_meihouwang_skill_1_5	Slay Demons, Banish Evil	false
character_skills_localised_description_cth_meihouwang_skill_1_5	'After that battle at the Celestial Court, though the Monkey King narrowly escaped the pursuit of the Dragon Sons back to Mount Tian Shan, he could not escape the Dragon Emperor's sight: the Five Elements Compass, a thousand li away, thundered without end, churning the very contours of Tian Shan. As the monkeys scattered like startled birds amid the dust, the Monkey King was astonished to find himself trapped within the confines of solid rock. The Dragon Emperor's voice rose within his mind: though the Monkey King is not evil by nature, and his mischief in Zhen Dan brought no great disaster, the peace of Zhen Dan has nonetheless been shattered by his hand, and his incorrigible nature will one day give destructive forces an opening to exploit. The Dragon Emperor shall punish him—but this, too, is his chance: one day in the future, a pilgrim traveling west shall pass through Tian Shan, and on that day the Monkey King's chains shall be broken, and his true purpose shall begin...'	false
character_skills_localised_name_cth_meihouwang_skill_1_4	Great Havoc in Heaven	false
character_skills_localised_description_cth_meihouwang_skill_1_4	The monkeys stormed into Wei Jing amid the chaos, and the Monkey King himself soared straight up into the clouds, wreaking havoc upon the Celestial Court itself. The heroes who guarded the Dragon Emperor's palace, proud above all under heaven, were led on a merry chase by the mischievous monkey. The stern and silent Palace Guard cursed aloud at his endless tricks, and even Yun Xiang, the mightiest champion beneath the Dragon Emperor, could do nothing to stop him. Only when the allied Dragon armies were mere steps from the capital did the Monkey King finally gather his followers and flee in a panic.	false
character_skills_localised_name_meihouwang_skill_addition_skill1	[Body Outside the Body]	true
character_skills_localised_description_meihouwang_skill_addition_skill1	'One becomes ten, ten becomes a hundred, and the transformations of hundreds, thousands, tens of thousands, millions — all are the arts of Body Outside the Body.'	false
character_skills_localised_name_meihouwang_skill_addition_skill2	[Bronze Head and Iron Arms]	true
character_skills_localised_description_meihouwang_skill_addition_skill2	The Monkey King forged his body from the stolen peaches of immortality, the imperial wine, and the dragon elixirs, tempered together in samadhi fire. Blade and axe, thunder and flame, poison and liquor — none of it leaves so much as a scratch.	false
character_skills_localised_name_meihouwang_skill_addition_skill3	[Seventy-Two Transformations]	true
character_skills_localised_description_meihouwang_skill_addition_skill3	Though the Monkey King learned the art of immortality from the Old Immortal of Tian Shan, only by surviving the 'Three Calamities' could he achieve true eternal life! After his desperate pleading, the Old Immortal finally taught him the Seventy-Two Transformations, allowing him to escape the harm of heavenly thunder, dark fire, and the crushing wind — thus fulfilling his wish for immortality.	false
character_skills_localised_name_meihouwang_skill_addition_skill4	[Gathering Form, Dispersing Qi]	true
character_skills_localised_description_meihouwang_skill_addition_skill4	Gathering form, dispersing qi, leaving neither trace nor track.	false
character_skills_localised_name_meihouwang_skill_addition_skill5	[Body-Binding Technique]	true
character_skills_localised_description_meihouwang_skill_addition_skill5	A wondrous art of manipulation — with but a single point of the finger, the enemy is pinned in place, unable to move.	false
agent_subtypes_onscreen_name_override_nezha	Lotus Incarnation	true
agent_subtypes_description_text_override_nezha	Na Tian was once the Third Prince of Zhu Long's court. As a pure-blooded descendant of Zhu Long, he was as untamed and headstrong as Li Dao, and greatly favored by Zhu Long, but his willful temperament eventually brought disaster—an envoy delegation from the Ming Dragon was so enraged by the arrogant Na Tian that a conflict broke out, and in the chaos Na Tian accidentally killed a Dragon-Kin of Yin Yin. Knowing he had caused a grave catastrophe, Na Tian, to spare Ling Nan from being implicated, cut the flesh from his own bones and ended his own life. The grieving Zhu Long sent his remains to Kun Lan, where the Old Immortal preserved Na Tian's soul through the wondrous art of Lotus Incarnation. Since then, Na Tian has cultivated under the Old Immortal as his attendant disciple, hoping one day to atone for his past mistakes with future merit.	true
names_name_8301097	[Third Prince] Na Tian	true
character_skills_localised_name_nezha_skill_texing	[Lotus Incarnation]	false
character_skills_localised_description_nezha_skill_texing	Na Tian's mortal flesh perished a hundred years ago; his current form is merely an avatar shaped through wondrous arts by the Old Immortal of Kun Lan at that time — yet it possesses undying, indestructible power, capable of infinite transformation.	false
character_skills_localised_name_cth_nezha_skill_1_0	Sandalwood Incense Coalesced	false
character_skills_localised_description_cth_nezha_skill_1_0	As a pure-blooded descendant of Zhu Long, Nanuo Tian's temperament resembles his father's more closely than any of his siblings, and he has inherited that same peerless divine power, earning him Li Dao's deep favor. The people call him the Third Prince of Ling Nan.	false
character_skills_localised_name_cth_nezha_skill_1_1	Eyes Open, Wrath; Eyes Closed, Ruin	false
character_skills_localised_description_cth_nezha_skill_1_1	Nanuo Tian spent his days as crown prince in idle splendor, but his willful temper eventually brought disaster. When a delegation from the Ming Long court paraded through the streets with such arrogance toward the common folk that it vexed the Third Prince, he subjected them to endless mischief. Unexpectedly, the Dragon-kin flew into a rage, and both sides came to blows—the enraged Third Prince flayed that dragon-kin alive by the canal. By the time he came to his senses, disaster had already struck.	false
character_skills_localised_name_cth_nezha_skill_1_2	The Sword in Fire Cuts the Neck	false
character_skills_localised_description_cth_nezha_skill_1_2	Wracked with regret, Nanuo Tian stumbled back to Zhu Long's estate, only to find crowds already gathering behind him—the Ming Long envoy had brought the assembled Dragon-kin to demand justice. With no way to settle the debt and desperate to spare Li Dao's court any entanglement, Nanuo Tian drew his blade before Zhu Long's estate and cut his own throat. As the spraying blood arced through the air, it was instantly boiled away by the Sash of Chaos-Rending wrapped about his body, which flickered out along with his life.	false
character_skills_localised_name_cth_nezha_skill_1_3	As the Wind Stills, the Soul Drifts	false
character_skills_localised_description_cth_nezha_skill_1_3	In his grief, Zhu Long carried the Third Prince's body away, seeking only some means to restore his life: the Mother of Rebirth at the Vermilion Bird Temple shook her head—the pure-blooded vessel had already burned away all its vitality. The Old Immortal of Tian Shan exhausted every elixir and miracle drug, yet no fragment of his spirit returned. At last, Zhu Long journeyed to Kun Lan, for the Old Immortal there had once served as the Dragon Emperor's chancellor and received a golden token from Hao Tian himself—if any mortal being could still perform a miracle beyond the reach of the Dragon-kin, it was he. The Old Immortal of Kun Lan shaped a new form for Nanuo Tian using the Lotus Incarnation technique, then drew his soul back with the power of the Winds of Magic. Once the incense had circulated fully through this new vessel, the Third Prince returned to life. Li Dao departed Kun Lan the day before Nanuo Tian's return, leaving only word for the Old Immortal to take the Third Prince as his disciple thereafter, that he might one day atone for his past sins.	false
character_skills_localised_name_cth_nezha_skill_1_5	Half a Scroll Read, All Frost and Wind Traversed	false
character_skills_localised_description_cth_nezha_skill_1_5	From the moment of his rebirth, no one has ever again called Nanuo Tian the Third Prince, and he has never returned to Ling Nan nor seen Zhu Long again. He cultivated diligently under the Old Immortal of Kun Lan for a hundred years, and after his master ascended to the immortal realm, he journeyed to the Celestial Court, fighting without rest ever since. Perhaps his sins have long since been absolved—may he one day find his way home.	false
character_skills_localised_name_cth_nezha_skill_1_4	Madness Fed by Fire	false
character_skills_localised_description_cth_nezha_skill_1_4	Nanuo Tian cultivated atop Kun Lan for a hundred years, until the outbreak of the civil war drew him down from the mountain once more. He accompanied the Old Immortal of Kun Lan in aiding the generals of the God-Strategy Bureau. None knew who this fiery young man was, but all marveled that the Old Immortal's disciples were uniformly extraordinary, and appointed him their vanguard general.	false
character_skills_localised_description_nezha_skill_addition_skill1	'One becomes ten, ten becomes a hundred, and the transformations of hundreds, thousands, tens of thousands, millions — all are the arts of Body Outside the Body.'	false
character_skills_localised_name_nezha_skill_addition_skill3	[Three Heads and Six Arms]	true
effects_description_wh3_deer24_abilities_lingguan1	Skill: 'Tongue of Flame'	true
effects_description_wh3_deer24_abilities_lingguan2	Skill: 'Blazing Inferno'	true
effects_description_wh3_deer24_abilities_lingguan3	Skill: 'Flame Punishment'	true
agent_recruitment_categories_onscreen_name_doushen	Commander of the Cloud Banner	true
agent_subtypes_description_text_override_doushen	Zhen Dan maintains seventy-two Commanders of the Cloud Banner in total. Aside from [Martial Sage], the Jade Dragon's foremost champion, the rest hold no particular order of precedence. Though mortal in flesh, their valor rivals that of the Dragon-Kin, their strength capable of moving mountains, unstoppable upon the battlefield.	true
agent_subtypes_onscreen_name_override_doushen	Commander of the Cloud Banner	true
character_skills_localised_description_doushen1	Awe-inspiring might across all directions, sweeping away the enemy like scattered clouds	false
character_skills_localised_description_doushen2	Facing the enemy in battle, the ranks stand arrayed before all	false
character_skills_localised_description_doushen3	Supreme martial skill makes the Cloud Banner Commander unstoppable on the battlefield, inspiring every soldier in the army	false
character_skills_localised_description_doushen4	Every Cloud Banner Commander bears the courage of one who can hold a pass alone; though facing ten thousand foes, they remain unshaken	false
character_skills_localised_description_doushen_horse	A general's warhorse is his most trusted and valiant companion. Just don't name it 'Little Daisy'	false
character_skills_localised_description_doushen_longma	The Coiling Dragon Steed largely resembles its kin in appearance, but this breed of dragon-horse is born without wings and grows to a far greater size. It may lack the speed of other horses, but it can deliver far more devastating blows to enemies in close combat	false
character_skills_localised_name_doushen1	Expel Villainy	false
character_skills_localised_name_doushen2	Essence of the Martial Way	false
character_skills_localised_name_doushen3	Rally the Three Armies	false
character_skills_localised_name_doushen4	Braver with Every Battle	false
character_skills_localised_name_doushen_horse	Warhorse	false
character_skills_localised_name_doushen_longma	Coiling Dragon Steed	false
effects_description_enable_wh3_deer24_abilities_doushen1	Unlocks skill: 'Braver with Every Battle'	false
effects_description_wh3_main_effect_ability_enable_doushen	Unlocks skill: 'Dragon Soars, Tiger Strikes'	false
land_units_onscreen_name_doushen	Cloud Banner Commander	false
land_units_onscreen_name_doushen_horse	Cloud Banner Commander	false
land_units_onscreen_name_doushen_longma	Cloud Banner Commander	false
unit_abilities_onscreen_name_wh3_deer24_abilities_doushen1	Stronger with Every Battle	false
unit_abilities_onscreen_name_wh3_main_effect_ability_enable_doushen	Dragon Soars, Tiger Strikes	false
unit_abilities_tooltip_text_wh3_deer24_abilities_doushen1	One man guards the pass, and ten thousand cannot break through!	true
unit_abilities_tooltip_text_wh3_main_effect_ability_enable_doushen	A peerless warrior sweeps the battlefield unopposed, one against a thousand. When they unleash their full strength, no enemy can withstand the blow.	true
unit_description_historical_texts_text_doushen	Cathay maintains seventy-two Cloud Banner Commanders, serving as the vanguard of its heavenly troops. From training the Three Armies to deciding battles on the front lines, all matters of military affairs fall under their charge. Save for [Wu Sheng], the foremost champion beneath the Jade Dragon, none among them holds precedence over another. Though born of mortal flesh, their valor rivals that of the Dragon-kin, and their strength to move mountains renders them unstoppable on the battlefield.	false
unit_description_historical_texts_text_doushen_horse	Cathay maintains seventy-two Cloud Banner Commanders, serving as the vanguard of its heavenly troops. From training the Three Armies to deciding battles on the front lines, all matters of military affairs fall under their charge. Save for [Wu Sheng], the foremost champion beneath the Jade Dragon, none among them holds precedence over another. Though born of mortal flesh, their valor rivals that of the Dragon-kin, and their strength to move mountains renders them unstoppable on the battlefield.	false
unit_description_historical_texts_text_doushen_longma	Cathay maintains seventy-two Cloud Banner Commanders, serving as the vanguard of its heavenly troops. From training the Three Armies to deciding battles on the front lines, all matters of military affairs fall under their charge. Save for [Wu Sheng], the foremost champion beneath the Jade Dragon, none among them holds precedence over another. Though born of mortal flesh, their valor rivals that of the Dragon-kin, and their strength to move mountains renders them unstoppable on the battlefield.	false
unit_description_short_texts_text_doushen	Cathay maintains seventy-two Cloud Banner Commanders, serving as the vanguard of its heavenly troops. From training the Three Armies to deciding battles on the front lines, all matters of military affairs fall under their charge. Save for [Wu Sheng], the foremost champion beneath the Jade Dragon, none among them holds precedence over another. Though born of mortal flesh, their valor rivals that of the Dragon-kin, and their strength to move mountains renders them unstoppable on the battlefield.	false
unit_description_short_texts_text_doushen_horse	Cathay maintains seventy-two Cloud Banner Commanders, serving as the vanguard of its heavenly troops. From training the Three Armies to deciding battles on the front lines, all matters of military affairs fall under their charge. Save for [Wu Sheng], the foremost champion beneath the Jade Dragon, none among them holds precedence over another. Though born of mortal flesh, their valor rivals that of the Dragon-kin, and their strength to move mountains renders them unstoppable on the battlefield.	false
unit_description_short_texts_text_doushen_longma	Cathay maintains seventy-two Cloud Banner Commanders, serving as the vanguard of its heavenly troops. From training the Three Armies to deciding battles on the front lines, all matters of military affairs fall under their charge. Save for [Wu Sheng], the foremost champion beneath the Jade Dragon, none among them holds precedence over another. Though born of mortal flesh, their valor rivals that of the Dragon-kin, and their strength to move mountains renders them unstoppable on the battlefield.	false
units_custom_battle_mounts_mount_name_doushendoushen_horse	Warhorse	false
units_custom_battle_mounts_mount_name_doushendoushen_longma	Coiling Dragon Steed	false
ancillaries_onscreen_name_doushen_horse	War Horse	false
character_skills_localised_name_doushendoushen_horse	Warhorse	false
ancillaries_colour_text_doushen_horse	A general's warhorse is his most trusted and courageous companion. Just don't name it 'Daisy.'	false
ancillaries_onscreen_name_doushen_longma	Coiling Dragon Steed	false
character_skills_localised_name_doushendoushen_longma	Coiling Dragon Steed	false
ancillaries_colour_text_ndoushen_longma	The Coiling Dragon Steed largely resembles its kin in appearance, but this breed of dragon-horse is born without wings, and grows to an even greater size. It may not be as swift as other horses, but it can deal far more terrifying blows to enemies in close combat.	false
character_skills_localised_description_doushen9	The Cloud Banner Commander is Cathay's vanguard blade, the most valiant example among the Three Armies	false
character_skills_localised_name_doushen9	First to Scale the Walls	false
ui_unit_groupings_onscreen_doushen	Expert (Melee)	false
character_skills_localised_description_doushen_lion	For ages, the people of the Old World believed winged lions to be mere creatures of imagination, yet they truly exist upon the distant lands of Cathay in the far East. Unlike the western manticore, the Hao Tian Lion has been purified by the Dragon Emperor's magic and dwells within the hunting grounds of the Bright Moon Forest. Cathayan sorcerers occasionally receive a Hao Tian Lion as a gift from a dragon god, riding it as a mount to tear their enemies to shreds	false
character_skills_localised_name_doushen_lion	Hao Tian Lion	false
land_units_onscreen_name_doushen_lion	Cloud Banner Commander	false
unit_description_historical_texts_text_doushen_lion	Cathay maintains seventy-two Cloud Banner Commanders, serving as the vanguard of its heavenly troops. From training the Three Armies to deciding battles on the front lines, all matters of military affairs fall under their charge. Save for [Wu Sheng], the foremost champion beneath the Jade Dragon, none among them holds precedence over another. Though born of mortal flesh, their valor rivals that of the Dragon-kin, and their strength to move mountains renders them unstoppable on the battlefield.	false
unit_description_short_texts_text_doushen_lion	Cathay maintains seventy-two Cloud Banner Commanders, serving as the vanguard of its heavenly troops. From training the Three Armies to deciding battles on the front lines, all matters of military affairs fall under their charge. Save for [Wu Sheng], the foremost champion beneath the Jade Dragon, none among them holds precedence over another. Though born of mortal flesh, their valor rivals that of the Dragon-kin, and their strength to move mountains renders them unstoppable on the battlefield.	false
units_custom_battle_mounts_mount_name_doushendoushen_lion	Hao Tian Lion	false
ancillaries_onscreen_name_doushen_lion	Hao Tian Lion	false
character_skills_localised_name_doushendoushen_lion	Hao Tian Lion	false
ancillaries_colour_text_ndoushen_lion	For a long time, the people of the Old World believed winged lions to be mere legend, yet they truly exist in the distant Celestial Empire of Zhen Dan in the East. Unlike the western manticore, the Hao Tian Lion has been purified by the Dragon Emperor's magic and dwells within the hunting grounds of the Bright Moon Forest. Zhen Dan's sorcerers occasionally receive a Hao Tian Lion as a gift from a dragon deity, taking it as a mount to tear their foes to shreds.	false
agent_recruitment_categories_onscreen_name_wwd_taichang_agent	Grand Court Attendant	true
agent_subtypes_description_text_override_wwd_taichang_agent	The Court of Imperial Sacrifices is the bridge linking the mortal world with the Heavenly Court. Countless Grand Court Attendants listen here to the teachings of the Moon Empress, then carry the will of the heavens down to the earth.	true
agent_subtypes_onscreen_name_override_wwd_taichang_agent	Grand Court Attendant	true
character_skills_localised_description_wwd_taichang_agent_horse	The general's warhorse is his most trusted and courageous companion — just don't name it 'Little Daisy.'	false
land_units_onscreen_name_wwd_taichang_agent	Grand Attendant	false
land_units_onscreen_name_wwd_taichang_agent_horse	Grand Attendant	false
unit_description_historical_texts_text_wwd_taichang_agent	The Court of Imperial Sacrifices is the bridge that links the mortal world with the Heavenly Court. Countless Grand Court Attendants gather there to heed the teachings of the Moon Empress, then carry the will of the heavens down to the earth below.	false
unit_description_historical_texts_text_wwd_taichang_agent_horse	The Court of Imperial Sacrifices is the bridge that links the mortal world with the Heavenly Court. Countless Grand Court Attendants gather there to heed the teachings of the Moon Empress, then carry the will of the heavens down to the earth below.	false
unit_description_short_texts_text_wwd_taichang_agent	The Court of Imperial Sacrifices is the bridge that links the mortal world with the Heavenly Court. Countless Grand Court Attendants gather there to heed the teachings of the Moon Empress, then carry the will of the heavens down to the earth below.	false
unit_description_short_texts_text_wwd_taichang_agent_horse	The Court of Imperial Sacrifices is the bridge that links the mortal world with the Heavenly Court. Countless Grand Court Attendants gather there to heed the teachings of the Moon Empress, then carry the will of the heavens down to the earth below.	false
units_custom_battle_mounts_mount_name_wwd_taichang_agentwwd_taichang_agent_horse	Warhorse	false
ancillaries_onscreen_name_wwd_taichang_agent_horse	War Horse	false
ancillaries_colour_text_wwd_taichang_agent_horse	A general's warhorse is his most trusted and courageous companion. Just don't name it 'Daisy.'	false
agent_culture_details_onscreen_name_2023101813	Grand Court Attendant	true
character_skills_localised_name_taichang_yuehua	Rite of Moonlight	true
character_skills_localised_description_taichang_yuehua	Healing is one of the powers of the Moon Empress, and her followers must uphold her will, striving with all their strength to save the common people.	true
character_skills_localised_name_taichang_yinhundeng	Soul-Guiding Lantern	true
character_skills_localised_description_taichang_yinhundeng	In the rites of the Court of Imperial Sacrifices, heaven is settled above and earth comforted below; the souls of the departed are guided by them, returning home at last.	true
character_skills_localised_name_taichang_xianzu	Rite of the Ancestral Spirit	true
character_skills_localised_description_taichang_xianzu	Obeying the Moon Empress's decree, these warriors return from the underworld to guard Zhen Dan once more. Before they return to the darkness, this shall be a brief moment of light.	true
character_skills_localised_name_wwd_taichang_agent_horse	Warhorse	true
character_skills_localised_description_wh3_main_skill_cth_taichang_mount_warhorse	The general's warhorse is his most trusted and courageous companion — just don't name it 'Little Daisy.'	true
character_skills_localised_description_wwd_taichang_agent_horse2	Tai Yue Luan is the most magnificent of celestial mounts — only magic born of heaven itself can withstand the power of her flame.	false
land_units_onscreen_name_wwd_taichang_agent_horse2	Grand Attendant	false
unit_description_historical_texts_text_wwd_taichang_agent_horse2	The Court of Imperial Sacrifices is the bridge that links the mortal world with the Heavenly Court. Countless Grand Court Attendants gather there to heed the teachings of the Moon Empress, then carry the will of the heavens down to the earth below.	false
unit_description_short_texts_text_wwd_taichang_agent_horse2	The Court of Imperial Sacrifices is the bridge that links the mortal world with the Heavenly Court. Countless Grand Court Attendants gather there to heed the teachings of the Moon Empress, then carry the will of the heavens down to the earth below.	false
units_custom_battle_mounts_mount_name_wwd_taichang_agentwwd_taichang_agent_horse2	Tai Yue Luan	false
ancillaries_onscreen_name_wwd_taichang_agent_horse2	Tai Yue Luan	false
ancillaries_colour_text_wwd_taichang_agent_horse2	The Tai Yue Luan is the most magnificent of sky mounts, and only magic descended from the heavens can withstand the might of its flames.	false
character_skills_localised_name_wwd_taichang_agent_horse2	Tai Yue Luan	true
ancillaries_onscreen_name_LX_deer_mount	Tian Wu	false
effects_description_wwd_ability_executioner	Unlocks skill: 'Instant Execution'	true
character_skills_localised_description_LX_deer_horse	The general's warhorse is his most trusted and valiant companion. Just don't name it 'Little Daisy.'	false
character_skills_localised_name_LX_deer_horse	Warhorse	false
character_skills_localised_name_guanshan_deer_enchanted_item	Bag of Wisdom	true
unit_abilities_tooltip_text_deer_ability_guanshan_jianshou	『Though the stars fall and sun and moon cease to turn, we shall stand before Zhen Dan』	true
ancillaries_onscreen_name_deershizi_arcane_item	Ten Proposals for Military Reform	true
character_skills_localised_name_deershizi_armour	Radiant Light	true
character_skills_localised_name_wh3_main_skill_innate_deershizi_innate_1	Driving Straight Ahead	true
unit_description_short_texts_text_wh3_deer24_short_deershizi	Yi Qing is fierce and valiant, bold and resourceful beyond compare. He shattered the Kurgan, opened up the northern frontier, cleared the realm of turmoil, and brought peace to the Celestial land. His strategies are peerless, unmatched by any hero of Cathay.	true
character_skills_localised_description_deershizi_talisman	The people of Cathay have long recorded history through poetry. This scroll records the works of countless poets across Cathay's millennia. Yi Qing, being fond of learning, carries it with him always	true
character_skills_localised_description_wh3_main_skill_innate_deershizi_innate_2	Having pacified the northern frontier, Yi Qing drove the rampaging forces of Chaos back into the depths of the desert, leading countless nomadic peoples who had fled Zhen Dan back to their homelands to rebuild.	true
units_custom_battle_mounts_mount_name_deershizideershizi1	Mo Xian	false
character_skills_localised_name_wh3_main_skill_node_cth_deershiziARMY_self_0	Cavalry Commander	true
land_units_onscreen_name_deerduanzhu	[Forgemaster] Qiao Xiao	true
land_units_onscreen_name_deerduanzhu1	[Forgemaster] Qiao Xiao	true
ancillaries_onscreen_name_deerduanzhu_arcane_item	Fire-Blazing Hammer	true
character_skills_localised_description_wh3_main_skill_innate_JINJUNdeerduanzhu	As one of the Nine Venerables of Nan Gao, Qiao Xiao holds an unshakeable position there. He is the master swordsmith of the Artisans' Guild, and the nobles of the Wei Bei provinces treasure the blades he forges as priceless heirlooms — though Qiao Xiao himself scorns such vanity: the weapons he forges are meant to slay Zhen Dan's enemies, not to be admired as ornaments in a hall.	true
ancillaries_colour_text_deerduanzhu_talisman	Qiao Xiao has forged several blades known as 'Nan Gao's Peerless Sky,' legendary weapons of the current age rivaling even the Six Swords of Kun Lan in renown. Save for the Clear Melting Sword, all the others are kept locked within a case, never leaving his side.	true
character_skills_localised_description_deerduanzhu_enchanted_item	The Stone-Burning Spike is Qiao Xiao's forging tool, crafted from otherworldly materials and tempered in the fires of the southern flame. This tool alone is the finest proof of Qiao Xiao's mastery of the forge	true
character_skills_localised_description_deerduanzhu_weapon	Forged in fire, tempered by the cascade, refined through a thousand hammerings and a hundred temperings	true
ancillaries_onscreen_name_deerduanzhu_mount	Yan Kui	false
character_skills_localised_description_deerduanzhu_mount	A body solid as bedrock, a spirit vast enough to swallow mountains and rivers	false
units_custom_battle_mounts_mount_name_deerduanzhudeerduanzhu1	Yan Kui	false
ancillaries_colour_text_deerduanzhu_horse	A general's warhorse is his most trusted and courageous companion. Just don't name it 'Daisy.'	false
ancillaries_onscreen_name_yuenv_deer_armour	White Fur Cloak	true
ancillaries_onscreen_name_yuenv_deer_talisman	Beast Talisman	true
character_skills_localised_name_yuenv_deer_arcane_item	Staff of Painted Void	true
ancillaries_colour_text_yuenv_deer_mount	Wandering freely, her flowing robes dance; a trail of white light lingers as she intoxicates the heavens.	false
effects_description_deer_effect_attribute_enable_immune_to_psychology_yuenv	Unlocks Attribute: Unlocks Immune to Psychology when fighting Dark Elves	true
character_skills_localised_description_yuenv_deer_horse	A general's warhorse is her most trusted and valiant companion. Just don't name it 'Little Daisy.'	false
character_skills_localised_name_lvqiling_deer_weapon	Duan Chou Halberd	true
character_skills_localised_description_lvqiling_deer_armour	Xin Qi's crimson robe and bronze armor cut an imposing figure	true
character_skills_localised_description_lvqiling_deer_talisman	Xin Qi is skilled in archery, drawing a bow of ten jun with ease. The Passing Wind of Beauty, passed down from Xin Wu, is forged of bronze bones and strung with dragon-whisker sinew — its arrows fly like thunderbolts, their echo lingering unbroken.	true
character_skills_localised_name_lvqiling_deer_mount	Dan Tu	false
ancillaries_colour_text_lvqiling_deer_armour	Xin Qi's crimson robe over bronze armor cuts a truly imposing figure.	true
ancillaries_colour_text_lvqiling_deer_talisman	Xin Qi is a skilled archer, able to draw a bow of tremendous strength with ease. The Passing Wind of Beauty, passed down from the New Wu Marquis, is strung with dragon-whisker sinew over a bronze frame — its arrows strike like thunderbolts, their echoes never ceasing.	true
unit_abilities_tooltip_text_deer_ability_lvqiling_lidiqianjun	Xin Qi is unstoppable on the battlefield, as if the New Martial Marquis had returned to the world	true
effects_description_deer_ability_guisheng	Unlocks Skill: [Ghosts and Spirits]	false
unit_abilities_onscreen_name_deer_ability_guisheng	Ghosts and Spirits	false
ancillary_sets_name_deer_lvqiling_set	Peerless Maiden	false
unit_abilities_onscreen_name_deer_yuchigong_longteng	Phoenix Manifestation	true
unit_abilities_tooltip_text_deer_yuchigong_jiu	A fine brew crafted by the monks of Fu Hong Temple. When taken into the mouth in prayer for the protection of the Vermilion Bird, the blessing of the guardian beast's spirit descends upon the body.\\n\\nDescent of the spirit is a burden the mortal body can scarcely bear, but with the Phoenix Abyss Wine as a vessel, one may temporarily manifest miracles in mortal flesh.	true
ancillaries_onscreen_name_deer_cth_yuchigong_weapon	Tang Huang Whip	true
character_skills_localised_name_deer_cth_yuchigong_mount	Flowing Fire Jade Lion	false
units_custom_battle_mounts_mount_name_deer_cth_yuchigongdeer_cth_yuchigong_mount	Flowing Fire Jade Lion	false
land_units_onscreen_name_deer_cth_yuchigong_mount	[Duke of Pacified South] Duan Wei	true
units_custom_battle_mounts_mount_name_deer_cth_hanxindeer_cth_hanxin_mount	Coiling Dragon Steed	false
ancillaries_onscreen_name_deer_cth_hanxin_weapon	Ink-Blade Mist Path Saber	true
ancillaries_colour_text_deer_cth_hanxin_horse	A general's warhorse is his most trusted and valiant companion. Just don't name it 'Little Daisy.'	false
character_skills_localised_description_deer_cth_hanxin_weapon	Carved through eight sections, its blade black as ink; with a single flick, a cold gleam faint as mist.	true
ancillaries_onscreen_name_deer_cth_hanxin_mount	Coiling Dragon Steed	false
effects_description_deer_ability_hanxin_weapon	Unlocks Skill: [Ink Bone Smoke Wind]	false
unit_abilities_tooltip_text_deer_ability_hanxin_weapon	Legend holds that the Ink-Blade Mist Path Saber was forged from the bones of a guardian beast, and it exudes an unsettling yin wind that suppresses all spellcasters nearby	true
effects_description_deer_cth_hanxin_bixie	Mount: Bi Xie	true
ancillaries_colour_text_deer_cth_nicheng_enchanted_item	A tiger-shaped talisman stone issued by the Bin Xi court during Ye Sheng's tenure as General Who Quells the Barbarians, ensuring his authority to command the heavy garrisons of the western frontier against rampaging ogres and border unrest. Ye Sheng used it to protect the frontier, and also used it to overturn Shang Yang.	true
character_skills_localised_description_deer_cth_nicheng_mount	The Jade Dragon Steed is rare and majestic, permitting only truly qualified riders to command it.	false
unit_abilities_onscreen_name_deer_nicheng_huangpao	Draped in the Yellow Robe	true
units_custom_battle_mounts_mount_name_deer_cth_nichengdeer_cth_nicheng_mount	Jade Dragon Steed	false
character_skills_localised_description_deer_cth_nicheng_enchanted_item	The tiger-shaped talisman stone issued by the Bin Xi court when Ye Sheng served as General Who Breaks the Barbarians, to ensure he could mobilize the heavy troops of the western frontier against rebellious ogres and border raiders. Ye Sheng carried it to protect the frontier—and carried it also to overthrow Shang Yang.	true
ancillaries_onscreen_name_deer_cth_nicheng_horse	Warhorse	false
character_skills_localised_name_deer_cth_nicheng_horse	War Horse	false
unit_description_short_texts_text_deer_cth_nicheng	Though the Ogre Wars ended long ago, hordes of Ogres still band together with tribesmen from Cathay's western frontier to launch raids. Ye Sheng, thanks to his exceptional political skill, was chosen to suppress the unrest — and his string of victories in the west proved he was no mere schemer of court intrigue. The Bin Xi court granted him the title General Who Shatters the Invader, and he held the border with his own private army. Later, when Dong Yan led the gentry rebels in revolt, Ye Sheng immediately marched back to Shang Yang, and together with Xin Qi and Feng Yao, plotted to kill the usurper Dong Yan. The three swore to jointly hold the reins of Shang Yang's court until the Eighth-Generation Lord of Shang Yang returned north to the throne. But Ye Sheng's ambitions did not end there — with promises of gain, he lured Feng Yao into joining him to surround and kill Xin Qi, who refused to take part in a second rebellion. He then seized control of Shang Yang's forces, scheming to claim the entire western provinces of Cathay and carve out his own kingdom.	true
unit_abilities_onscreen_name_deer_nicheng_huangpao3	Preserve the Green Hills	true
unit_abilities_onscreen_name_deer_nicheng_huangpao2	Hasten to the Rescue!	true
character_skills_localised_description_deer_cth_yushihujun_enchanted_item	A tattered letter, its handwriting nearly illegible, but whoever sent this letter has long since faded away over the long passage of years	true
ancillaries_colour_text_deer_cth_yushihujun_horse	A general's warhorse is his most trusted and courageous companion. Just don't name it 'Daisy.'	false
character_skills_localised_description_deer_cth_yushihujun_horse	A general's warhorse is his most trusted and valiant companion. Just don't name it 'Little Daisy'	false
character_skills_localised_name_deer_cth_yushihujun_enchanted_item	Distant Homeward Journey	true
unit_abilities_tooltip_text_deer_yushihujun_yuguliuqing	This immortal body holds within it a vast reservoir of life force; do not act rashly, for one can never know what consequences it may bring	true
effects_description_deer_yushihujun_xianxingrongge	Skill: 'Immortal's March to War'	true
ancillaries_colour_text_deer_cth_yushihujun_talisman_item	A divine relic once enshrined in the tomb of the Poet Yan Mo, said to hold divine power to protect the land and bind demons and evil spirits. Local forces removed it before the Jade Blood clan could fully seize the tomb, hoping this artifact might truly lead them through calamity as the legends foretold.	true
character_skills_localised_description_deer_cth_yushihujun_talisman_item	A divine artifact once enshrined in the mausoleum of the Poet Yan Mo, said to contain the divine power to protect the land and bind demons and expel evil. Local troops removed it before the Jade Blood Clan could fully seize control of the mausoleum, hoping this divine artifact could truly lead them through calamity as in the legends	true
effects_description_deer_yushihujun_qiankunquan	Skill: 'Bind the Fiend and Subdue the Demon'	true
unit_abilities_onscreen_name_deer_yushihujun_qiankunquan	Bind the Fiend and Subdue the Demon	true
ancillaries_colour_text_deer_cth_qinqiong_weapon	Qin Yuan Yi's weapon — the blessing of Zhu Que and the blood of countless enemies from the southern frontier have stained its spearhead a crimson that will never fade.	true
ancillaries_onscreen_name_deer_cth_qinqiong_enchanted_item	Life Talisman	true
land_units_onscreen_name_deer_cth_qinqiong	[Golden Spear Guardian] Qin Yuan Yi	true
character_skills_localised_name_deer_cth_qinqiong_enchanted_item	Life Talisman	true
effects_description_deer_qinqiong_renjuanhengyun	Skill: [Blade Sweeps the Drifting Clouds]	true
effects_description_deer_yangjian_lipihuashan	Skill: 'Cleave Kunlun Asunder'	true
ancillaries_colour_text_deer_cth_yangjian_talisman	Hou Qian always carries the Immortal Axe forged by the Old Immortal of Kun Shan. At first glance it appears no different from an ordinary weapon, but when wielded, it transforms freely, blotting out the sky and sun, cleaving mountains and carving chasms.	true
effects_description_deer_cth_yangjian_mount	Mount: Silver-Coated Horse	false
unit_abilities_onscreen_name_deer_yangjian_tianyankai	Eye of Wisdom Opens	true
unit_abilities_tooltip_text_deer_yangjian_feijianjue	An immortal art of Kun Lan's essence, condensing the power of the Eight Winds into a flying sword—with but a gesture of the fingers, it moves at its master's will	true
unit_abilities_tooltip_text_deer_cth_yangjian_enchanted_item	Cold iron forged through a thousand tempering, stars embedded within the blade's body, its edge like autumn water bright as a mirror, reflecting the dust of the nine netherworlds and six realms	true
character_skills_localised_description_deer_cth_huangfengdasheng_weapon	A treasure of the Great Sage Yellow Wind, worthy of comparison to the As-You-Wish Golden-Banded Staff and the Trident-Edged Double-Bladed Saber—all treasures forged by the Old Immortal of Kun Lan. How it came into this demon's possession, none can say. What a pity!	true
character_skills_localised_name_deer_cth_huangfengdasheng_talisman	Wind-Calming Pill	true
unit_abilities_onscreen_name_deer_huangfengdasheng_sanmeishengfeng	Divine Wind of Samadhi	true
character_skills_localised_description_deer_cth_jinfo_talisman	Xue Ding's helmet is forged from Kun Shan crystal and gilded in gold leaf, carved in the likeness of ghosts and spirits from Cathayan folklore. Crafted with the superb artistry of Kun Lan artisans, it is as light as thin silk yet as hard as solid rock.	true
character_skills_localised_name_deer_cth_jinfo_mount	War Horse	false
ancillaries_colour_text_deer_cth_jinfo_mount	A general's warhorse is his most trusted and valiant companion. Just don't name it 'Little Daisy.'	false
unit_abilities_onscreen_name_deer_jinfo_tianheng	Heavenly Balance	true
ancillaries_onscreen_name_deer_cth_jinfo_mount2	Shi Tian	false
unit_abilities_tooltip_text_deer_nvxia_xuanheng	The stars turn and celestial mechanisms stir, jade pendants sway gently as the immortal maiden moves	true
unit_abilities_onscreen_name_yawei_crow_form	Feathered Flight Through the Void	true
unit_abilities_tooltip_text_wwd_yawei_qianren	A thousand techniques, a thousand forms, all condensed into a single breath.	true
ancillaries_onscreen_name_wwd_cth_yawei_weapon	Throat-Sealing Feather	true
unit_abilities_tooltip_text_yawei_crow_form	Ku Xi can transform into a crow, allowing him to bypass perilous terrain no ordinary man could cross.	true
unit_abilities_tooltip_text_wwd_yawei_yamin	No one dares say for certain whether Master Ku Xi is man or crow, but everyone on the battlefield can hear the terrifying cries of crows that surround him.	true
effects_description_wwd_yawei_tuimo	Unlocks skill: 『Sentenced to Death』	true
land_units_onscreen_name_deer_cth_zhugeliang_0	[Moon Immortal] Fang Wen Zi	true
land_units_onscreen_name_deer_cth_zhugeliang_2	[Moon Immortal] Fang Wen Zi	true
unit_abilities_onscreen_name_deer_zhugeliang_shibingbazheng	Eight Trigrams Formation	true
character_skills_localised_name_deer_cth_zhugeliang_arcane_item	Moon Empress's Talisman	true
ancillaries_onscreen_name_deer_cth_zhugeliang_enchanted_item	Proclamation Scroll	true
effects_description_deer_zhugeliang_shibingbazheng	Skill: 'Eight Formations, Mysterious Gates'	true
effects_description_deer_zhugeliang_mingjingzhishui	Skill: 'Mirror-Bright, Water-Still'	true
effects_description_deer_zhugeliang_yuehua	Skill: 'Moonlight'	true
ancillaries_colour_text_deer_cth_zhugeliang_enchanted_item	Fang Wen Zi is a great talent in statecraft and governance. He authored the Proclamation Scroll, chronicling matters in detail.	true
character_skills_localised_description_deer_cth_zhugeliang_arcane_item	Fang Wen Zi's outstanding talent has earned the Moon Empress's recognition, and with it, her blessing. This talisman contains the Moon Empress's power, able to heal the wounds of the mortal world	true
character_skills_localised_description_deer_cth_zhugeliang_enchanted_item	Fang Wen Zi is a great talent in statecraft and governance; the Proclamation Scroll records his deeds in detail	true
ancillaries_colour_text_deer_cth_zhugeliang_arcane_item	Fang Wen Zi's brilliant talent earned the approval of the Moon Empress, along with her blessing. This talisman holds a fragment of the Moon Empress's power, capable of healing the wounds of the mortal world.	true
unit_abilities_onscreen_name_deer_zhugeliang_suanwuyice	Flawless Strategy	true
unit_abilities_onscreen_name_deer_wuchi_dibengshancui	Earth Splits and Mountains Crumble	true
character_skills_localised_name_deer_cth_wuchi_weapon	Lofty Peak	true
unit_abilities_onscreen_name_deer_wuchi_wujingwulian3	Endless Martial Training III	false
unit_abilities_tooltip_text_deer_wuchi_wujingwulian2	At last! Pei Yue has found an opponent worthy of his skill—the fist he has honed for decades was made for this very moment	false
unit_abilities_onscreen_name_deer_wusheng_yushijufen	Jade and Stone Burn Together	true
character_skills_localised_description_deer_cth_wusheng_horse	None can match its unhindered vastness; truly, one may entrust it with life and death—so swift and valiant a steed, it could gallop ten thousand miles unopposed	false
units_custom_battle_mounts_mount_name_deer_cth_wushengdeer_cth_wusheng_horse	Green Jade Spirit	false
effects_description_deer_wusheng_zhiyuanzhongchen	Skill: 'Shatter Heaven and Earth'	true
unit_abilities_onscreen_name_deer_zhouyu_diaochuanqi	Fishing Boat Flute	true
land_units_onscreen_name_deer_cth_zhouyu_horse	[Brocade Jade Lord] Ying Jin	true
character_skills_localised_description_deer_cth_zhouyu_enchanted_item	Ying Jin is deeply versed in music and especially fond of the flute. Whenever he plays within the army, whether stirring homesickness or kindling ambition, none remain unmoved, high or low alike	true
ancillaries_onscreen_name_deer_cth_zhouyu_horse2	Zhe Gu Tian	false
units_custom_battle_mounts_mount_name_deer_cth_zhouyudeer_cth_zhouyu_horse2	Zhe Gu Tian	false
effects_description_deer_tianzhou_level	Newly Recruited Unit Rank: Sky Junk and Sky Lantern units %+n	true
unit_abilities_onscreen_name_deer_yiqu_yinqiange	Song of Welcoming Heaven	true
unit_abilities_tooltip_text_deer_yiqu_baikunyin	『The coiled earth turns and spring warmth returns, the mountain crags stand firm against the wind』	true
ancillaries_colour_text_deer_cth_yiqu_enchanted_item	The jade pendant hanging around Yi Yao Hua's neck is a treasured family heirloom. Within these small gemstones lies boundless power, capable of harmonizing Yin and Yang.	true
ancillaries_onscreen_name_deer_cth_yiqu_horse	Warhorse	false
ancillaries_colour_text_deer_cth_yiqu_horse	A general's warhorse is his most trusted and courageous companion. Just don't name it 'Daisy.'	false
effects_description_deer_yiqu_yunnuling	Skill: 'Decree of Wrath'	true
ancillaries_onscreen_name_deer_cth_yiqu_horse2	Yu Ting Terrace	false
character_skills_localised_name_deer_cth_yiqu_horse2	Yu Ting Terrace	false
unit_abilities_onscreen_name_deer_jinjun_f_liaoyuan	Prairie Fire	true
unit_abilities_onscreen_name_deer_jinjun_f_shizhibuyu	Unwavering Resolve	true
character_skills_localised_description_deer_cth_jinjun_f_horse	The general's warhorse is his most trusted and most valiant companion. Just don't name it "Little Daisy."	false
units_custom_battle_mounts_mount_name_deer_cth_jinjun_fdeer_cth_jinjun_f_horse	Warhorse	false
effects_description_deer_jinjun_f_liaoyuan	Skill: [Prairie Fire]	true
effects_description_deer_jinjun_f_shizhibuyu	Skill: [Unwavering Resolve]	true
land_units_onscreen_name_deer_cth_jinjun_f	[Dust-Shaking Life] Miao Yi	true
land_units_onscreen_name_deer_cth_jinjun_f_horse	[Dust-Shaking Life] Miao Yi	true
character_skills_localised_name_deer_cth_jinjun_f_horse2	Gilded Lion	false
ancillaries_colour_text_deer_cth_jinjun_f_horse2	The Gilded Lion is the exclusive mount of the Dragon Emperor's Guard, powerful constructs infused with the Dragon Emperor's own magic, unstoppable upon the battlefield.	false
effects_description_deer_longdijinjun_resistance_all	Special Protection: Dragon Emperor's Guard units %+n%	true
ancillaries_colour_text_deer_cth_jinjun_f_armour	Miao Yi wears the standard-issue armor of the Dragon Emperor's Guard. This magnificent golden armor is the crystallization of Zhen Dan's superb forging craft and the Dragon Emperor's power, as unbreakable as Zhen Dan itself.	true
character_skills_localised_description_deer_cth_jinjun_f_armour	The armor Miao Yi wears is the standard-issue armor of the Dragon Emperor's Guard—these magnificent golden suits are the crystallization of Grand Cathay's superb forging craft and the Dragon Emperor's power, as indestructible as Grand Cathay itself.	true
unit_abilities_tooltip_text_deer_guojin_tianshang	Decades of grudges and passions are settled with a single sword	true
unit_abilities_onscreen_name_deer_guojin_mingding	Drunken Cloud-Turning Palm	true
unit_abilities_tooltip_text_deer_guojin_mingding	『Drunk and stumbling, wandering to and fro—the sea churns and the clouds turn, yet righteousness stands unshaken』	true
ancillaries_colour_text_deer_cth_guojin_weapon	Foremost of the Six Swords of Kun Lan, this blade vanished along with Tang Jing Yin during the great battle over a decade ago. It was once believed by the people of Zhen Dan to be the mightiest weapon in the mortal realm, but a sword is, after all, merely a tool—right and wrong lie only in the one who wields it.	true
land_units_onscreen_name_deer_cth_guojin_horse	[Titan Hero] Tang Jing Yin	true
ancillaries_onscreen_name_deer_cth_guojin_horse	Spirit Arm	false
effects_description_deer_guojin_hunyuanwuxiangjue	Skill: [Formless Primordial Technique]	true
ancillaries_colour_text_deer_cth_meihouwang_weapon	The As-You-Wish Golden-Banded Staff was originally a piece of 'molten iron' that appeared upon Kun Lan Mountain in ancient primordial times. It was later obtained by the Old Immortal of Kun Lan, one of the Three Forging Sects of Kun Lan, who personally forged it in the Eight Trigrams Furnace, refining it into a divine weapon capable of stretching and shrinking at will. Legend tells that Hou Xi once vied with the Vast Heavens for supremacy, and in his fury churned the waters of the Jade River, snapping the Pillar of Heaven and severing the Cord of Earth. The staff thus fell into the Jade River's palace, becoming the divine needle standing at the heart of the river's depths — until the Handsome Monkey King retrieved it while traveling north.	true
land_units_onscreen_name_deer_cth_meihouwang	Monkey King	true
unit_abilities_tooltip_text_deer_meihouwang_shenwaishen	『One becomes ten, ten becomes a hundred, and from a hundred to a hundred million transformations—all are the arts of the Body Outside the Body』	true
effects_description_deer_meihouwang_shenwaishen	Skill: [Body Outside the Body]	true
effects_description_deer_meihouwang_danaotiangong	Skill: [Great Havoc in Heaven]	true
character_skills_localised_name_deer_cth_meihouwang_talisman_item	Lotus-Silk Cloud-Treading Boots	true
ancillaries_onscreen_name_deer_cth_meihouwang_linggen_02	[[col:yellow]]Ears Hear Anger[[/col]]	true
ancillaries_colour_text_deer_cth_meihouwang_linggen_04	Savoring the taste, extremes of joy give birth to sorrow.\\n\\n[[col:green]]The Handsome Monkey King's six roots were stripped away by the Dragon Emperor as punishment, scattered across the eight wildernesses. Fight for Zhen Dan and raise your rank to reclaim these roots one by one (the attributes gained from the previous root carry over to the next; only the most recently obtained root need be used).[[/col]]	false
ancillaries_onscreen_name_deer_cth_meihouwang_linggen_05	[[col:yellow]]Body Bears Sorrow[[/col]]	true
ancillaries_colour_text_deer_cth_meihouwang_linggen_06	Communing with the sacred and the spirit realm, the long night hard to dispel.\\n\\n[[col:green]]The Handsome Monkey King's six roots were stripped away by the Dragon Emperor as punishment, scattered across the eight wildernesses. Fight for Zhen Dan and raise your rank to reclaim these roots one by one (the attributes gained from the previous root carry over to the next; only the most recently obtained root need be used).[[/col]]	false
effects_description_deer_meihouwang_juxingsanqi	Skill: [Gathering Form, Scattering Qi]	true
ancillaries_onscreen_name_deer_cth_nezha_weapon	Purple Flame Fire-Tip Spear	true
ancillaries_colour_text_deer_cth_nezha_weapon	Legend says this spear was forged from the flames of Zhu Long, shaped like fire itself, holding the power to summon tongues of flame. Its shaft measures over eighteen feet, able to change shape at will. Within it lies boundless power, a divine weapon for slaying demons and banishing evil, striking down soldiers and generals alike — its might rivaling even Mountain Crusher, the divine weapon of the Dragon Emperor's Champion.	true
land_units_onscreen_name_deer_cth_nezha2	[Third Prince] Nanuo Tian	true
character_skills_localised_description_deer_cth_nezha_weapon	Legend holds this spear was forged from Zhu Long's own flame, shaped like fire itself, and possessing the power to summon tongues of flame. Its shaft measures over eighteen feet and can change form at will. Within it lies boundless power, a divine weapon fit for slaying demons, banishing evil, and cutting down soldiers and generals alike, its might rivaling even the Dragon Emperor's Champion's divine weapon, the Mountain-Crusher.	true
unit_abilities_onscreen_name_deer_nezha_huojianqiang	Fire-Tip Spear	true
character_skills_localised_description_deer_cth_nezha_talisman	Step upon its wheels, chant the incantation, and flames erupt from the wheels while wind rises beneath one's feet, spinning into motion—capable of soaring through the sky at tremendous speed, ascending to the heavens and diving into the earth, traveling ten thousand miles a day, able to fly and to fight, reaching anywhere without obstruction, unmatched across the realm.	true
unit_abilities_tooltip_text_deer_nezha_santouliubi2	『Six arms dance and wind and clouds transform, three heads glare in fury, stirring ghosts and spirits to dread』	true
unit_abilities_tooltip_text_deer_nezha_santouliubi3	『His divine form solemn drives away evil spirits, his wise eyes blaze like torches to discern loyalty from treachery』	true
unit_abilities_tooltip_text_deer_nezha_huntianlingxiang	『The silken sash flutters like flowing fire, its divine power surpassing even Kun Gang』	true
effects_description_deer_doushen_xp	Newly Recruited Hero Rank: Commander of the Cloud Banner %+n	false
effects_description_deer_taichang_availability	Unlocks recruitment for [[img:icon_hero]][[/img]] Hero: Grand Court Attendant	false
effects_description_wh3_deer24_abilities_xuedizi_uses	Hong Wu Overseer skill uses: 'Blood-Dripping Blade' %+n	false
character_skills_localised_description_cth_mike_skill_1_1	The presence of the Hong Wu Overseers can be found in nearly every province of Zhen Dan. News from all fifteen prefectures flows upward, layer by layer, converging at last in the Commander's hand.	false
character_skills_localised_name_cth_mike_skill_1_3	Root Out All Evil	false
unit_abilities_tooltip_text_deer_mike_routi	Plain sleeves flutter as the silver river falls, gentle hands dance as the sea clouds gather\\n\\nNot for rouge and powder does she bear her chivalrous heart, but gives her very liver and gall to the flowing current	true
effects_description_wh3_main_effect_ability_disable_jinyiweieye	Replaces skill: 'All-Seeing Eyes'	true
character_skills_localised_description_cth_taishi_skill_1_1	In Yuan Bo's eyes, mortal endeavors are invariably imperfect—Jiang Wang alone is the exception.	false
character_skills_localised_description_cth_taishi_skill_1_3	One skilled in war turns spears and shields into jade and silk—this is the utmost mastery of the art of war.	false
ancillaries_colour_text_deer_cth_taishi_mount	A general's warhorse is his most trusted and courageous companion. Just don't name it 'Daisy.'	false
character_skills_localised_name_deer_cth_taishi_mount2	Blue Qi Lin	false
units_custom_battle_mounts_mount_name_deer_cth_taishideer_cth_taishi2	Blue Qi Lin	false
character_skills_localised_name_cth_taishi_skill_addition2	Speak of the Dao	false
character_skills_localised_name_cth_taishi_skill_addition3	Speak of Strategy	false
unit_abilities_onscreen_name_wh3_main_skill_node_cth_yushihujun_additional_2	Jade Marrow, Burning Soul	true
character_skills_localised_name_wh3_main_skill_node_cth_yushihujun_additional_2	[Jade Soul Burning Flame]	true
character_skills_localised_description_wh3_main_skill_node_cth_yushihujun_additional_2	Emerald flame wrapped in shattered jade essence pierces through enemy ranks — each burning fragment of jade soul tears at the caster's own life-source. The magic of an undying body becomes kindling, pouring forth the Jade Blood Clan's fury that spans the boundary between life and death.	true
character_skills_localised_description_wh3_main_skill_node_cth_yushihujun_additional_1	An oath shared between brothers-in-arms, as enduring as the roots of Nong Chang's soil across a hundred generations.	true
unit_abilities_onscreen_name_wh3_main_skill_node_cth_yushihujun_additional_1	Jade Essence, Shared Marsh	true
ancillary_sets_name_wwd_cstg_set	Foremost of Jin Men	false
unit_abilities_tooltip_text_wh3_deer24_abilities_quansusheji	[I don't care whether the barrels overheat — let them fire, fire, fire!]	true
character_skills_localised_name_deer_cth_taishi_horse	War Horse	false
character_skills_localised_description_deer_cth_taishi_horse	A general's warhorse is his most trusted and valiant companion. Just don't name it 'Little Daisy'	false
effects_description_deer_cth_taishi_horse	Mount: Warhorse	false
ancillaries_onscreen_name_LX_deer_talisman	Ring of Parting and Reunion	true
character_skills_localised_name_LX_deer_armour	Golden Gate Dragon Armor	true
character_skills_localised_name_LX_deer_talisman	Ring of Parting and Reunion	true
ancillaries_colour_text_LX_deer_arcane_item	A five-pattern golden coin proclaiming the divine might of the Dragon Emperor. Wherever it is carried, one can feel the Dragon Emperor's guidance.	true
character_skills_localised_description_LX_deer_arcane_item	Five golden coins proclaiming the Dragon Emperor's divine might. No matter where one stands, the Dragon Emperor's guidance can be felt.	true
character_skills_localised_description_LX_deer_talisman	A jade pendant split into yin and yang halves. Yang lends its strength, yin shields its body; when the twin halves join, all things fall into harmony.	true
character_skills_localised_name_LX_deer_mount	Tian Wu	false
ancillaries_colour_text_LX_deer_mount	The Qi Lin treads upon auspicious clouds, quelling the world's hundred hardships.	false
ancillaries_onscreen_name_guanshan_deer_talisman	Seven-Star Candle	true
character_skills_localised_name_guanshan_deer_talisman	Seven-Star Candle	true
character_skills_localised_description_guanshan_deer_armour	Silver armor of pure white, its cloth sewn from silk, billowing like clouds and surging like the sea as Guan Zi Mo dances	true
character_skills_localised_description_guanshan_deer_enchanted_item	The Three Heroes of Xing Po is a name known to every household in Cathay, referring to three heroes born there, one of whom is Guan Zi Mo. The Bag of Wisdom was crafted by [Moon Immortal], and shared with the other two, to be used when necessary to save a crumbling edifice from collapse	true
ancillaries_onscreen_name_guanshan_deer_mount	Nine-Colored Deer	false
ancillaries_colour_text_guanshan_deer_talisman	The Seven-Star Candle is a divine artifact of the southern lands. With its seven flames arranged in formation, blazing without end, even in the face of overwhelming force, whoever it protects may remain at ease.	true
character_skills_localised_name_guanshan_deer_horse	Warhorse	false
effects_description_deer_attribute_enable_vanguard_deployment_cav	Unlocks Attribute: Unlocks vanguard deployment for cavalry	false
unit_abilities_tooltip_text_deer_ability_guanshan_zhuoshizhiguang	『While this body endures, righteousness shall never perish』	true
unit_abilities_onscreen_name_deer_ability_guanshan_zhuoshizhiguang	Illuminating All Rivers	true
land_units_onscreen_name_deershizi1	[Sky-Defying Sovereign] Yi Qing	true
ancillaries_onscreen_name_deershizi_talisman	Thousand-Word Poem	true
character_skills_localised_name_deershizi_enchanted_item	Long Farewell	true
character_skills_localised_name_deershizi_weapon	Duan Jue	true
character_skills_localised_description_wh3_main_skill_innate_JINJUNdeershizi	Yi Qing is a leading figure among the younger generation of Zhen Dan's celestial generals. With outstanding command ability and innovations in cavalry tactics, he led Zhen Dan's iron cavalry deep into the Chaos wastes, driving back the enemy for a hundred miles and once seizing Chi Lei, the greatest Kurgan gathering-place north of the Great Wall — leaving these disciples of Chaos thoroughly deterred from encroaching upon Zhen Dan for a long time thereafter.	true
character_skills_localised_name_wh3_main_skill_innate_deershizi_innate_3	Swallowing Mountains and Rivers	true
ancillaries_colour_text_deershizi_arcane_item	Yi Qing excels in both battle and strategy. Under his leadership, the Chang Yuan frontier prefecture reformed its military system, establishing large-scale cavalry legions, with all its regulations recorded in the Ten Proposals, to serve as a model for others.	true
ancillaries_colour_text_deershizi_armour	The armor is adorned with carvings of golden beasts, its plates gilded at the edges to display his majesty. Whenever he enters battle, the armor shimmers and gleams — this is called Radiant Light.	true
ancillaries_colour_text_deershizi_enchanted_item	One of the Six Swords of Kun Lan, this long sword was forged personally by the Jade Dragon, imbued with a fragment of his own might. Over a thousand years, it has been bestowed upon generation after generation of Zhen Dan's mortal heroes, and reclaimed after each hero's passing. Yuan Bo, in recognition of Yi Qing's great victory over the Kurgan and his service in repelling the invaders, personally granted him this sword as his trusted right hand, honoring his loyalty and valor.	true
character_skills_localised_description_deershizi_weapon	Yi Qing's long spear is a symbol of the border army's cavalry. This weapon has witnessed the cruel bloodshed of the northern wars and the legendary tales of Cathay's sons and daughters: as the spear's cold gleam flashes, Cathay's iron cavalry charges forth	true
character_skills_localised_description_wh3_main_skill_innate_deershizi_innate_3	Even by the standard of the Dragon Emperor's Guard, Yi Qing is renowned for his ferocity. Under his command, Zhen Dan's iron cavalry strike like a sharpened blade straight into the heart of the enemy's ranks.	true
character_skills_localised_description_deershizi_horse	A general's warhorse is his most trusted and valiant companion. Just don't name it 'Little Daisy'	false
character_skills_localised_name_deershizi_horse	War Horse	false
ancillaries_onscreen_name_deerduanzhu_weapon	Clear Melting Sword	true
character_skills_localised_name_deerduanzhu_weapon	Clear Melting Sword	true
character_skills_localised_name_wh3_main_skill_innate_deerduanzhu_innate_1	Sincerity Moves All	true
character_skills_localised_name_wh3_main_skill_innate_deerduanzhu_innate_2	Fortify the Walls, Clear the Fields	true
character_skills_localised_name_wh3_main_skill_innate_deerduanzhu_innate_3	Towers Upon Towers	true
unit_description_short_texts_text_wh3_deer24_short_deerduanzhu	Biao Long knows that to defend Chang Yuan, she must unite the political forces of the northern provinces — and Qiao Xiao can help her do it. As the first of the Nine Venerables of Nan Gao to publicly support Biao Long, he has, through his lobbying, already brought three more of the remaining eight Venerables — including his own master, the Blind Craftsman Shi Hong — to Miao Ying's side. In return, Qiao Xiao has become, as he wished, the overseer of the Artisans' Guild and Chang Yuan's supply lines, and now commands the fighting along the wall as Governor of Feng Men Pass.	true
ancillaries_colour_text_deerduanzhu_arcane_item	The Stone-Burning Spike and Liao Fire Hammer are Qiao Xiao's forging tools, crafted from unearthly materials and tempered in the fires of the Southern Blaze. These two items alone are the finest proof of Qiao Xiao's forging mastery.	true
character_skills_localised_description_deerduanzhu_arcane_item	The Stone-Burning Spike is Qiao Xiao's forging tool, crafted from otherworldly materials and tempered in the fires of the southern flame. This tool alone is the finest proof of Qiao Xiao's mastery of the forge	true
character_skills_localised_description_wh3_main_skill_innate_deerduanzhu_innate_3	Every tower and palace of Zhen Dan shall become an outpost against the forces of Chaos.	true
ancillary_sets_name_deer_duanzhu_ancillary_set	Earth-Shattering Force	false
character_skills_localised_name_deerduanzhu_horse	War Horse	false
effects_description_deer_ability_enable_hualongdianjing	Unlocks Skill: [Carving the Dragon's Eyes]	true
unit_abilities_tooltip_text_deer_ability_enable_hualongdianjing	『Just make a small change here, and they will move as nimbly as if alive...』	true
character_skills_localised_name_yuenv_deer_armour	White Fur Cloak	true
character_skills_localised_name_yuenv_deer_talisman	Beast Talisman	true
character_skills_localised_description_yuenv_deer_arcane_item	Zhao Qi's connection to the Winds of Magic seems troubled by some unseen interference, making her control of Yin-Yang sorcery more difficult than for other Zhen Dan sorcerers. When Yin Yin bestowed upon her the title of Minister of the Court of Imperial Sacrifices, she also found this staff at the Bi Xue Daoist Temple and granted it to Zhao Qi — with this staff in hand, casting spells becomes effortless.	true
character_skills_localised_description_yuenv_deer_talisman	A talisman carved with fox-shaped patterns that seems to hold great sway over non-human creatures. No one knows the origin of this artifact, but many have witnessed Zhao Qi summon a colossal beast out of thin air to fight at her side.	true
ancillaries_onscreen_name_yuenv_deer_mount	Liu Xi	false
character_skills_localised_description_yuenv_deer_mount	You Xi dances free in flowing rainbow silks, her white radiance lingering as if drunk on heaven's light.	false
ancillaries_colour_text_yuenv_deer_arcane_item	Zhao Qi's connection to the Winds of Magic seems to suffer some interference, making her control of Yin-Yang sorcery more difficult than that of other Zhen Dan sorcerers. Yin Yin, upon appointing her Minister of the Court of Imperial Sacrifices, found this staff at the Bi Xue Daoist Temple and bestowed it upon her as well. With this staff in hand, casting spells becomes effortless.	true
character_skills_localised_name_yuenv_deer_horse	Warhorse	false
ancillaries_onscreen_name_yuenv_deer_horse	War Horse	false
unit_abilities_onscreen_name_yuenv_human_form	Transformation	true
unit_abilities_onscreen_name_yuenv_fox_form	Return to Origin and Transform	true
ancillaries_onscreen_name_lvqiling_deer_weapon	Duan Chou Halberd	true
ancillaries_onscreen_name_lvqiling_deer_talisman	Passing Wind of Beauty	true
character_skills_localised_description_lvqiling_deer_weapon	Between the halberd blade and its haft, a crossbar is set. The crescent blade is reversed to form a straight spearpoint from what was once a curved edge, while a crossbar mounted upon the haft bears two inverted half-moon blades on either side — this weapon is called the Duan Chou Halberd.	true
ancillaries_onscreen_name_lvqiling_deer_mount	Dan Tu	false
character_skills_localised_description_lvqiling_deer_mount	Moving like a dragon, striding like a tiger, its mane blazing like fire, its neigh thunderous, iron hooves crushing the enemy's ranks as the painted halberd dances toward the heart of the sky	false
unit_abilities_tooltip_text_deer_ability_lvqiling_sierhoushen	『The likes of you dare to try and kill me!』	true
effects_description_deer_ability_baibuchuanyang	Unlocks Skill: [Piercing the Willow Leaf at a Hundred Paces]	false
unit_abilities_tooltip_text_deer_yuchigong_longteng	With martial virtue upon him, he tears out the root of calamity, sweeping away the murky mists; loyal to his lord and upholding righteousness, his deeds accomplished and his name made, he shines forth before the Heavenly Gate.	true
ancillaries_onscreen_name_deer_cth_yuchigong_horse	Warhorse	false
character_skills_localised_name_deer_cth_yuchigong_horse	War Horse	false
character_skills_localised_description_deer_cth_yuchigong_horse	A general's warhorse is his most trusted and valiant companion. Just don't name it 'Little Daisy'	false
unit_description_short_texts_text_deer_cth_yuchigong	As the most trusted mortal of Zhu Long, and foremost among the Twenty-Eight Generals' Stars, Duan Wei holds the vital post of Grand General of the Right Martial Guard of Ling Nan, commanding the Three Armies and overseeing the Beacon-Keepers.	true
effects_description_deer_yuchigong_jiu	Skill: 'Fu Hong Temple's Phoenix Abyss Wine'	true
land_units_onscreen_name_deer_cth_yuchigong_horse	[Duke of Pacified South] Duan Wei	true
character_skills_localised_description_deer_cth_yuchigong_weapon	Duan Wei's twin whips, like those of the other Beacon-Keepers, were both forged by the legendary Kun Lan craftsman Master Kong and consecrated by the abbot of Fu Hong Temple. Before this, Duan Wei's sword was Lofty Peak, one of the Six Swords of Kun Lan. After a duel at the border city, Duan Wei passed that divine weapon on to Pei Yue, a warrior he had come to recognize as worthy	true
unit_abilities_tooltip_text_deer_hengxing	Tiger-strides through Nan Yang, sweeping across the Nine Provinces	true
land_units_onscreen_name_deer_cth_hanxin_horse	[Prince of Nan Yang] Han Cheng	true
ancillaries_onscreen_name_deer_cth_hanxin_horse	Warhorse	false
land_units_onscreen_name_deer_cth_hanxin_mount	[Prince of Nan Yang] Han Cheng	true
units_custom_battle_mounts_mount_name_deer_cth_hanxindeer_cth_hanxin_horse	Warhorse	false
character_skills_localised_name_deer_cth_hanxin_enchanted_item	Qing Bao Sovereign's Admonition	true
unit_description_short_texts_text_deer_cth_hanxin	The Han clan of Nan Yang has long been Soul-Enthralling nobility, beloved by the great families. But during the civil war among the Dragon-kin, the northern provinces suffered greatly from the ravages of war — when the Soul-Enthralling city fell, the principal members of the great families were beheaded as a warning to others. Han Cheng, leading his troops abroad, escaped this fate, and after the war was exonerated and ennobled as Duke of the Soul-Enthralling. The other lords, fearing his retaliation, treated him with wary suspicion. Yet Duke Han faithfully upheld his duties and protected his domain for years — and now, that he should rise in rebellion and claim kingship is a matter of the deepest lament!	true
unit_abilities_onscreen_name_deer_ability_hanxin_weapon	Ink Bone Smoke Wind	true
ancillaries_colour_text_deer_cth_nicheng_horse	A general's warhorse is his most trusted and courageous companion. Just don't name it 'Daisy.'	false
land_units_onscreen_name_deer_cth_nicheng	[Usurper] Ye Sheng	true
character_skills_localised_description_deer_cth_nicheng_horse	The general's warhorse is his most trusted and most valiant companion. Just don't name it "Little Daisy."	false
ancillaries_onscreen_name_deer_cth_nicheng_mount	Jade Dragon Steed	false
unit_abilities_tooltip_text_deer_nicheng_huangpao2	『The traitors are upon us, someone come and save the sovereign!』	true
unit_abilities_tooltip_text_deer_nicheng_huangpao3	『There will be time enough later, but for now, saving one's own life matters most』	true
unit_abilities_tooltip_text_deer_nicheng_huangpao4	Those well-versed in the arts of power and scheming can always deal their rivals a fatal blow from the shadows	true
unit_abilities_onscreen_name_deer_nicheng_huangpao5	Kick a Man While He's Down	true
unit_abilities_tooltip_text_deer_nicheng_huangpao5	In the struggle for power, you had best make certain your rival never rises again once they have fallen	true
effects_description_deer_nicheng_huangpao5	Skill: [Kick a Man While He's Down]	true
land_units_onscreen_name_deer_cth_yushihujun_horse	[Jade Bone Immortal] Jin Xiao	true
unit_abilities_onscreen_name_deer_yushihujun_yuguxian	Jade Bone Immortal	true
units_custom_battle_mounts_mount_name_deer_cth_yushihujundeer_cth_yushihujun_horse	Warhorse	false
ancillaries_onscreen_name_deer_cth_yushihujun_mount	Everlasting Jade	false
character_skills_localised_name_deer_cth_yushihujun_mount	Everlasting Jade	false
unit_abilities_onscreen_name_deer_yushihujun_yuguliuqing	Jade Bones, Eternal Life	true
unit_abilities_onscreen_name_deer_yushihujun_xianxingrongge	Immortal's March to War	true
unit_abilities_tooltip_text_deer_yushihujun_xianxingrongge	A bone-deep chill seeps into the flesh of enemies as the Jade Bone Immortal moves freely through the massed ranks	true
ancillaries_onscreen_name_deer_cth_yushihujun_talisman_item	Demon-Quelling Ring	true
land_units_onscreen_name_deer_cth_qinqiong_mount	[Golden Spear Guardian] Qin Yuan Yi	true
character_skills_localised_name_deer_cth_qinqiong_mount	Ten-Thousand-Mile Mist Glow	false
unit_abilities_tooltip_text_deer_qinqiong_renjuanhengyun	Qin Yuan Yi's weapon—the blessing of the Vermilion Bird and the blood of countless enemies from the southern frontier have stained its spearhead with a crimson that can never be washed away	true
unit_abilities_onscreen_name_deer_qinqiong_renjuanhengyun	Blade Sweeps the Drifting Clouds	true
effects_description_wwd_summon_weiling	Skill: 『Summon the Mighty Spirit』	true
ancillaries_onscreen_name_deer_cth_yangjian_weapon	Trident-Edged Double-Bladed Saber	true
ancillaries_colour_text_deer_cth_yangjian_weapon	By the riverside of Hou Qian's hometown, a stone tablet inscribes an old tale: 'The province was plagued by a flood dragon that, whenever the river swelled, unleashed havoc, sweeping away homes and drowning countless people, and none could subdue it. Then Qian took up his sword and entered the waters, slaying the dragon so that its blood stained the river's heart, ending the people's suffering. Its sinews and bones were forged into a shaft, its three heads into blades — thus was made the Trident-Edged Double-Bladed Saber.'	true
unit_description_short_texts_text_deer_cth_yangjian_xiaotianquan	Its howl shakes mountains and rivers, and fills demons with dread; its black mane, streaked with gold, breaks through ten thousand troops.	true
unit_abilities_onscreen_name_deer_yangjian_lipihuashan	Cleave Kunlun Asunder	true
character_skills_localised_name_deer_cth_yangjian_mount	Silver-Coated Horse	false
effects_description_deer_yangjian_feijianjue	Skill: 'Flying Sword Technique'	true
unit_abilities_onscreen_name_deer_yangjian_xiaotianquan_xunlie	Divine Hound of the Heavenly Gate	true
character_skills_localised_name_deer_cth_yangjian_enchanted_item	Demon-Slaying Sword	true
land_units_onscreen_name_deer_cth_huangfengdasheng	Great Sage of the Yellow Wind	true
character_skills_localised_name_deer_cth_huangfengdasheng_weapon	Flying Dragon Staff	true
character_skills_localised_description_deer_cth_huangfengdasheng_talisman	A treasure personally refined by the Great Sage Yellow Wind, said to still his Samadhi Wind and bind his own magic. Such a self-restraining item—yet why would this heartless demon carry it upon himself?	true
land_units_onscreen_name_deer_cth_jinfo1	[Son of the Yin River] Xue Ding	true
character_skills_localised_description_deer_cth_jinfo_weapon	A double-headed mace personally enchanted by Yuan Bo, a treasure offered by the Kingdom of a Thousand Gods beyond the Celestial Mountains when Xue Ding campaigned south.	true
ancillaries_onscreen_name_deer_cth_jinfo_talisman	Ghost-Spirit Mask	true
character_skills_localised_name_deer_cth_jinfo_talisman	Ghost-Spirit Mask	true
character_skills_localised_description_deer_cth_jinfo_mount	The general's warhorse is his most trusted and most valiant companion. Just don't name it "Little Daisy."	false
effects_description_deer_cth_jinfo_mount	Mount: Warhorse	false
character_skills_localised_description_deer_cth_nvxia_weapon	The signature sword of the Xuan Heng Sect, bestowed upon Liu Yue Ru together with its sword technique. Liu Yue Ru carries this blade as she wanders the four seas and roams to the ends of the earth, hunting down the Dark Elves who once took part in the Battle of Xuan Yuan	true
effects_description_deer_nvxia_xuanheng2	Skill: [Yu Qiang]	false
unit_abilities_onscreen_name_wwd_yawei_qianren	Path of a Thousand Blades	true
unit_abilities_onscreen_name_wwd_yawei_tuimo	Instant Execution	true
effects_description_wwd_yawei_qianren	Unlocks skill: 『Way of a Thousand Blades』	true
unit_abilities_onscreen_name_wwd_yawei_yamin	Crow's Cry	true
effects_description_deer_zhugeliang_yinfengshufa	Skill: 'Wind-Guided Sealed Spellcasting'	true
effects_description_deer_zhugeliang_suanwuyice	Skill: 'Flawless Strategy'	true
unit_abilities_onscreen_name_deer_zhugeliang_mingjingzhishui	Still Water, Clear Mirror	true
unit_abilities_onscreen_name_deer_zhugeliang_yuehua	Moonlight	true
ancillaries_onscreen_name_deer_cth_zhugeliang_arcane_item	Moon Empress's Talisman	true
land_units_onscreen_name_deer_cth_wuchi_0	[Martial Fanatic] Pei Yue	true
unit_abilities_tooltip_text_deer_wuchi_aoshiqunshan	『Righteous or wicked, this body remains the same—towering strength that shakes the soul, mountains that break the spirit. Wind sweeping away the clouds, dust wrapping the earth—the word 'carefree' is hardest of all to achieve』	true
unit_abilities_tooltip_text_deer_wuchi_jiangluochaoping	When Pei Yue steadies his breath and focuses his spirit, even the surrounding river waters grow calm beneath his presence: he will reverse the force of his enemy's assault with yielding power, then return it all in kind	true
unit_abilities_onscreen_name_deer_wuchi_wujingwulian	Endless Martial Training I	false
unit_abilities_tooltip_text_deer_wuchi_wujingwulian3	『Three great laughs to dispel all regret, this body given over to swift vengeance and gratitude repaid』	false
unit_abilities_tooltip_text_deer_wusheng_zishenwangguo	All the soldiers who once fought alongside him have long since scattered like the wind, leaving only the [Martial Sage] to guard the nation's gate alone—yet no matter how many enemies he faces, he never wavers	true
ancillaries_onscreen_name_deer_cth_wusheng_enchanted_item	Yin-Yang Jade Mask	true
ancillaries_onscreen_name_deer_cth_wusheng_weapon	Crescent Blade	true
effects_description_deer_wusheng_zishenwangguo	Skill: 'Alone to Guard the Nation'	true
character_skills_localised_description_deer_cth_wusheng_weapon	A single steed races a thousand miles through the dust, the crescent blade's azure dragon edge gleaming cold	true
unit_abilities_tooltip_text_deer_zhouyu_qianfanjing	A thousand sails cross the vast sky, ten thousand miles of scattered clouds contend	true
effects_description_deer_zhouyu_qianfanjing	Skill: 'A Thousand Sails Contend'	true
effects_description_deer_zhouyu_huoshenyin	Skill: 'Fire God's Summons'	true
effects_description_deer_zhouyu_cuifengpo	Skill: 'Wind-Breaking Wave'	true
land_units_onscreen_name_deer_cth_zhouyu	[Brocade Jade Lord] Ying Jin	true
character_skills_localised_name_deer_cth_zhouyu_enchanted_item	《Drum and Flute Command》	true
effects_description_deer_tianzhou_time	Recruitment Time: Sky Junk and Sky Lantern units %+n turns	true
unit_description_short_texts_text_deer_cth_yiqu	Yi Yao Hua is the elder sister of [Sky-Defying Sovereign] Yi Qing, who won great renown during the Third Northern Campaign. She is also the illustrious Minister of the Court of Imperial Sacrifices of the Jade Court, serving as both the bond between the Jade Dragon and mortals, and as the messenger between the Heavenly Court and the Jade Dragon.	true
effects_description_deer_yiqu_baikunyin	Skill: 'Rite to Honor the Earth'	true
character_skills_localised_name_deer_cth_yiqu_enchanted_item	Peaceful Harmony Jade Pendant	true
unit_abilities_tooltip_text_deer_jinjun_f_liaoyuan	The power of the vast sky boils upon blade and halberd, then transforms into surging flame that rushes forth	true
ancillaries_onscreen_name_deer_cth_jinjun_f_horse	Warhorse	false
ancillaries_colour_text_deer_cth_jinjun_f_horse	A general's warhorse is his most trusted and valiant companion. Just don't name it 'Little Daisy.'	false
character_skills_localised_name_deer_cth_jinjun_f_weapon	Dust-Shaking Life	true
ancillaries_onscreen_name_deer_cth_jinjun_f_armour	Heavenly Court Dragon Armor	true
effects_description_deer_guojin_mingding	Skill: [Drunken Cloud-Turning Palm]	true
unit_abilities_tooltip_text_deer_guojin_hunyuanwuxiangjue	『Amid ten thousand changes, all remains settled; the spirit is at ease, the breath calm』	true
character_skills_localised_description_deer_cth_meihouwang_weapon	The As-You-Wish Golden-Banded Staff was originally "Molded Iron" that appeared upon Kun Lan Mountain in primordial times. It was later obtained by the Old Immortal of Kun Lan, one of the Three Forging Sects of Kun Lan, who personally forged it in the Eight Trigrams Furnace, refining it into a divine weapon that could stretch and shrink at will. Legend holds that when Hou Xi contended with the Vast Heavens for supremacy, he in his fury stirred up the waters of the Jade River, snapped the Pillar of Heaven, and severed the Cords of Earth—and the As-You-Wish Golden-Banded Staff fell into the palace of the Jade River, becoming the divine needle standing at the center of the River Treasury, until the Handsome Monkey King drew it forth on his journey north.	true
land_units_onscreen_name_deer_meihouwang_shenwaishen	Body Outside the Body	true
unit_abilities_onscreen_name_deer_meihouwang_fatianxiangdi	Emulating Heaven and Earth	true
effects_description_deer_meihouwang_fatianxiangdi	Skill: [Emulating Heaven and Earth]	true
ancillaries_onscreen_name_deer_cth_meihouwang_f_armour	Chainmail Golden Armor	true
ancillaries_onscreen_name_deer_cth_meihouwang_linggen_01	[[col:yellow]]Eyes See Joy[[/col]]	true
character_skills_localised_description_deer_cth_meihouwang_linggen_03	Follow scent and pursue aroma, lost in wonder and marvel.\\n\\n[[col:green]]The Handsome Monkey King's Six Roots were stripped from him by the Dragon Emperor as punishment, scattered across the eight wildernesses. Fight for Grand Cathay, raise your level, and reclaim these Roots one by one (the attributes gained from the previous Root will carry over to the next; only the most recently obtained Root need be equipped).[[/col]]	true
ancillaries_onscreen_name_deer_cth_meihouwang_linggen_03	[[col:yellow]]Nose Smells Love[[/col]]	true
ancillaries_colour_text_deer_cth_meihouwang_linggen_03	To smell fragrance and pursue scent—entering confusion to emerge with wonder.\\n\\n[[col:green]]The Monkey King's six roots were stripped away by the Dragon Emperor as punishment, scattered across the eight wildernesses. Fight for Zhen Dan and raise your level to reclaim these roots one by one. (Attributes gained from the previous root carry over to the next; only the most recently obtained root need be used.)[[/col]]	false
character_skills_localised_description_deer_cth_meihouwang_linggen_05	Strengthen the body and firm the bones; life and death remain uncertain.\\n\\n[[col:green]]The Handsome Monkey King's Six Roots were stripped from him by the Dragon Emperor as punishment, scattered across the eight wildernesses. Fight for Grand Cathay, raise your level, and reclaim these Roots one by one (the attributes gained from the previous Root will carry over to the next; only the most recently obtained Root need be equipped).[[/col]]	true
ancillaries_colour_text_deer_cth_meihouwang_linggen_05	A body of sturdy bone, fate uncertain between life and death.\\n\\n[[col:green]]The Handsome Monkey King's six roots were stripped away by the Dragon Emperor as punishment, scattered across the eight wildernesses. Fight for Zhen Dan and raise your rank to reclaim these roots one by one (the attributes gained from the previous root carry over to the next; only the most recently obtained root need be used).[[/col]]	false
character_skills_localised_description_deer_cth_meihouwang_linggen_06	Commune with sages and spirits; the long night is hard to break.\\n\\n[[col:green]]The Handsome Monkey King's Six Roots were stripped from him by the Dragon Emperor as punishment, scattered across the eight wildernesses. Fight for Grand Cathay, raise your level, and reclaim these Roots one by one (the attributes gained from the previous Root will carry over to the next; only the most recently obtained Root need be equipped).[[/col]]	true
character_skills_localised_name_deer_cth_meihouwang_linggen_01	[[col:yellow]]Eyes See Joy[[/col]]	true
character_skills_localised_name_deer_cth_meihouwang_linggen_03	[[col:yellow]]Nose Smells Love[[/col]]	true
character_skills_localised_name_deer_cth_meihouwang_linggen_05	[[col:yellow]]Body Bears Sorrow[[/col]]	true
unit_abilities_onscreen_name_deer_meihouwang_juxingsanqi	Gathering Form, Scattering Qi	true
effects_description_deer_nezha_huojianqiang	Skill: [Fire-Tip Spear]	true
ancillaries_onscreen_name_deer_cth_nezha_enchanted_item	Sash of Chaos-Rending	true
ancillaries_onscreen_name_deer_cth_nezha_talisman	Wind Fire Wheels	true
ancillaries_colour_text_deer_cth_nezha_talisman	Standing upon its wheels and chanting the incantation, flames ignite upon the wheels and wind rises beneath one's feet, spinning into motion, carrying one swiftly through the sky — soaring to the heavens, diving into the earth, traveling ten thousand miles in a single day. Capable of both flight and combat, it goes wherever it is needed, roaming the world without hindrance.	true
unit_abilities_onscreen_name_deer_nezha_huntianlin	Sash of Chaos-Rending	true
unit_abilities_onscreen_name_deer_nezha_zhuolonghuilang	Seize the Dragon, Turn the Tide	true
effects_description_deer_doushen_cap	Hero Recruitment Capacity: Commander of the Cloud Banner %+n	false
effects_description_deer_mike_fayanwuyi	Skill: [All-Seeing Eyes]	true
agent_subtypes_onscreen_name_override_mike	Chief of the Inner Palace	true
land_units_onscreen_name_deer_cth_mike2	[Shadow Simurgh] Tong Long	true
land_units_onscreen_name_deer_cth_mike	[Shadow Simurgh] Tong Long	true
character_skills_localised_description_mike_skill_texing	Tong Long is Commissioner of the Hong Wu Overseers, the foremost master within the inner sanctum of the palace, honored with the title [Shadow Simurgh].	false
character_skills_localised_description_cth_mike_skill_1_0	The Inner Palace's secret bureau encompasses the finest masters of the Nine Provinces, yet in all these years, not one has lasted ten exchanges against Tong Long. Search the whole of the Celestial Court, and you would struggle to find him a worthy rival.	false
character_skills_localised_description_cth_mike_skill_1_2	Three times, Tong Long has broken open earth-shaking conspiracies within the capital. The Face-Painting Cult once held sway over four seats among the Celestial Court's Six Ministries, its roots entangled deep within the halls of power—brewing disaster right beneath their feet—until Tong Long uprooted it entirely.	false
character_skills_localised_name_cth_mike_skill_1_4	The Net of Heaven Is Vast	false
character_skills_localised_name_cth_mike_skill_1_5	Uncanny Skill	false
character_skills_localised_description_cth_mike_skill_1_5	Wherever sword and boot may tread, all bandits shall be destroyed.	false
effects_description_wh3_deer24_abilities_jinyiwei_upgrade	Skill: 'Head-Taker'	true
character_skills_localised_description_cth_mike_addition_skill3	Fighting against a shadow? Better to try running instead.	false
unit_abilities_onscreen_name_wh3_deer24_abilities_jinyiweieye_upgrade	Golden Eye	true
land_units_onscreen_name_deer_cth_taishi2	[Master of Clarity and Emptiness] Jiang Wang	true
character_skills_localised_description_cth_taishi_skill_1_0	By observing the drift of the stars through the armillary sphere, one may foresee the crises that gather at the crossing point of time. When the Jade Pivot's needle pierces the bamboo strips, all of Zhen Dan will kindle its beacon fires for the coming war.	false
character_skills_localised_description_cth_taishi_skill_1_2	When the Winds of Magic converge in a single place, they become power enough to overturn heaven and earth.	false
character_skills_localised_name_cth_taishi_skill_1_3	The Art of Concealed Warfare	false
ancillaries_onscreen_name_deer_cth_taishi_talisman	Treasured Gourd	true
effects_description_deer_taishi_qihe	Skill: [Union of Boundless Qi]	true
ancillaries_colour_text_deer_cth_taishi_mount2	A rare beast of the Heavenly Mountains, its form like condensed emerald clouds, its dark radiance gathering into being. Its eyes are like a cold pool reflecting the moon, and mountains and rivers lose their color in its gaze; its mane billows like dark waves riding the wind, and mist parts wherever it walks. With each breath, mists swirl and coil, forming wreaths of frost and dew; with each toss of its mane, rainbows burst forth, and auspicious clouds mark the heavens. It is a creature born of the purest essence of heaven and earth, an omen of good fortune for all living things.	false
ancillaries_onscreen_name_LX_deer_armour	Golden Gate Dragon Armor	true
ancillaries_onscreen_name_LX_deer_enchanted_item	Emperor-Bestowed Tiger Tally	true
ancillaries_onscreen_name_LX_deer_weapon	Mountain Crusher	true
character_skills_localised_name_LX_deer_arcane_item	Heaven-Proclaiming Five Coins	true
character_skills_localised_name_LX_deer_weapon	Mountain-Crusher	true
ancillaries_colour_text_LX_deer_enchanted_item	A tiger-shaped talisman stone bestowed personally by the Dragon Emperor. This seal alone commands Zhen Dan's military might; elite soldiers from all directions answer to it.	true
ancillaries_colour_text_LX_deer_weapon	An ancient Zhen Dan sword containing boundless power, yet light as a feather in Yun Xiang's hands. To sever water, split feathers, cleave mountains, and cut down peaks—all is possible through this blade.	true
effects_description_LX_deer_mount	Mount: Tian Wu	false
effects_description_deer_effect_allegiance_points_mod_cth	Allegiance Points Gained: Income from Alliance with the Celestial Empire of Zhen Dan %+n%	false
ancillaries_onscreen_name_LX_deer_horse	Warhorse	false
ancillaries_colour_text_LX_deer_horse	A general's warhorse is his most trusted and valiant companion. Just don't name it 'Little Daisy.'	false
ancillaries_onscreen_name_guanshan_deer_armour	Ascending the Cloud Sea	true
character_skills_localised_name_guanshan_deer_armour	Ascending the Cloud Sea	true
character_skills_localised_description_guanshan_deer_mount	The Nine-Colored Deer is a sacred beast of the Bright Moon Forest. This gentle and kindly doe is regarded as an extension of the Moon Empress's power	false
ancillaries_colour_text_guanshan_deer_armour	Silver armor of pure white, its fabric lining sewn from silk, billowing as Guan Zi Mo moves, drifting like clouds, surging like the sea.	true
ancillaries_colour_text_guanshan_deer_enchanted_item	The Three Heroes of Star Slope is a name known to every household in Zhen Dan, referring to three heroes born there, one of whom is Guan Zi Mo. The Bag of Wisdom was composed by the [Moon Immortal] and shared with the other two, so that in times of dire need, it might help hold back a collapsing edifice.	true
effects_description_guanshan_deer_mount	Mount: Nine-Colored Deer	false
ancillaries_colour_text_guanshan_deer_horse	A general's warhorse is his most trusted and courageous companion. Just don't name it 'Daisy.'	false
effects_description_deer_ability_guanshan_jianshou	Unlocks Skill: [Clear Light in a Turbid World]	false
ancillaries_onscreen_name_deershizi_weapon	Duan Jue	true
character_skills_localised_name_wh3_main_skill_innate_deershizi_innate_4	Walk with the Dragon	true
ancillaries_colour_text_deershizi_weapon	Yi Qing's long spear is the emblem of the frontier army's cavalry. This weapon has witnessed the brutal bloodshed of the northern wars and the legendary tales of Zhen Dan's sons and daughters: as its cold blade flashes, the iron-clad horsemen of Zhen Dan come charging forth.	true
character_skills_localised_description_deershizi_arcane_item	Yi Qing is skilled in both warfare and military strategy. Under his leadership, the Chang Yuan border prefecture reformed its military system and established large-scale cavalry legions, all its regulations recorded in the Ten Proposals as a model to follow	true
character_skills_localised_description_deershizi_armour	His armor is adorned with carvings of golden beasts, its edges gilded to display his majesty. Whenever he enters battle, the armor gleams and shimmers, hence its name, Radiant Light	true
character_skills_localised_description_wh3_main_skill_innate_deershizi_innate_5	Yi Qing's talent overflows so brightly that even the Winds of Magic themselves seem to favor a man of such gifts. Even Zhen Dan's most arrogant men of genius, after crossing wits with him, cannot help but concede his brilliance.	true
ancillaries_onscreen_name_deershizi_mount	Mo Xian	false
effects_description_deershizi_mount	Mount: Mo Xian	false
land_units_onscreen_name_deershizi_horse	[Sky-Defying Sovereign] Yi Qing	true
ancillaries_onscreen_name_deershizi_horse	War Horse	false
character_skills_localised_name_deershizideershizi_horse	Warhorse	false
ancillaries_colour_text_deershizi_horse	A general's warhorse is his most trusted and courageous companion. Just don't name it 'Daisy.'	false
unit_abilities_onscreen_name_deer_ability_shizi_chongfeng	Wind-Blown Catkins	true
character_skills_localised_description_wh3_main_skill_node_cth_deershiziARMY_self_0	Yi Qing reformed the military structure of the Chang Yuan Frontier Army, overturning the old order built around heavy infantry, and for the first time launched resistance and expansion beyond Chang Yuan in the form of large-scale cavalry forces.	true
character_skills_localised_description_wh3_main_skill_node_cth_deershiziARMY_self_1	Yi Qing is a general forged in seas of blood; leading Zhen Dan's iron cavalry in headlong charges is what he does best.	true
character_skills_localised_name_deerduanzhu_arcane_item	Liao Fire Hammer	true
character_skills_localised_name_deerduanzhu_enchanted_item	Stone-Burning Spike	true
effects_description_deerduanzhu_mount	Mount: Yan Kui	false
ancillaries_onscreen_name_yuenv_deer_arcane_item	Staff of Painted Void	true
character_skills_localised_description_yuenv_deer_armour	Zhao Qi's fine robes are adorned with pure white fox fur, seamlessly woven as though never stitched at all. Unfortunately, no one has ever seen Zhao Qi remove her robes — otherwise the skilled tailors of North Qi Xin would surely have much to study.	true
effects_description_yuenv_deer_mount	Mount: Liu Xi	false
ancillaries_colour_text_yuenv_deer_horse	A general's warhorse is his most trusted and courageous companion. Just don't name it 'Daisy.'	false
character_skills_localised_name_wh3_main_skill_innate_yuenv_fox_formg	True Eyes Revealed	true
character_skills_localised_name_lvqiling_deer_talisman	Passing Wind of Beauty	true
ancillaries_colour_text_lvqiling_deer_mount	It moves like a dragon and strides like a tiger, its mane like fire, its neigh shaking the heavens like thunder. Its iron hooves shatter enemy formations, while the painted halberd dances, piercing the very heart of the sky.	false
character_skills_localised_name_lvqiling_deer_horse	Warhorse	false
effects_description_deer_ability_lvqiling_lidiqianjun	Unlocks Skill: [Strength to Match a Thousand Pounds]	false
unit_abilities_onscreen_name_deer_ability_baibuchuanyang	Piercing the Willow Leaf at a Hundred Paces	false
ancillaries_onscreen_name_deer_cth_yuchigong_enchanted_item	Fu Hong Temple's Phoenix Abyss Wine	true
ancillaries_colour_text_deer_cth_yuchigong_horse	A general's warhorse is his most trusted and courageous companion. Just don't name it 'Daisy.'	false
land_units_onscreen_name_deer_cth_yuchigong	[Duke of Pacified South] Duan Wei	true
character_skills_localised_name_deer_cth_yuchigong_enchanted_item	Fu Hong Temple's Phoenix Abyss Wine	true
character_skills_localised_name_deer_cth_yuchigong_weapon	Tang Huang Whip	true
ancillaries_onscreen_name_deer_cth_yuchigong_mount	Flowing Fire Jade Lion	false
ancillaries_colour_text_deer_cth_yuchigong_mount	Crossing the perilous Serpent Sea, surmounting the towering peaks of Gai Tian Mountains.	false
character_skills_localised_description_deer_cth_hanxin_mount	Coiling Dragon Steeds resemble their kin in most respects, but these dragon-horses are born without wings and grow to a far greater size. They may lack the swiftness of other horses, but they deliver far more terrifying blows to enemies in close combat.	false
character_skills_localised_description_deer_cth_hanxin_enchanted_item	Rumored to record the secret that the Qing Bao Sovereign revealed to Han Cheng—its contents known to none but Han Cheng himself.	true
ancillaries_colour_text_deer_cth_hanxin_mount	The Coiling Dragon Steed largely resembles its kin in appearance, but this breed of dragon horse is born without wings and grows to a far greater size. They may not match other horses in speed, but they can deal far more devastating blows to enemies at close range.	false
character_skills_localised_description_deer_cth_hanxin_bixie	There are also divine beasts, named the Lion Demon-Warder, the Three-Deer Scorched Goat, the Bronze-Headed Iron-Browed, and the Long-Fanged Chisel-Toothed—thirty-six kinds in all. Know all their names, and no evil ghost or wicked beast under Heaven will dare to trespass against man.	false
ancillaries_colour_text_deer_cth_hanxin_bixie	There exist divine beasts named the Lion-Ward, the Three-Deer Scorch-Goat, the Bronze-Head Iron-Brow, and the Long-Fang Chisel-Tooth—thirty-six kinds in all. Know their names, and no evil ghost or beast under heaven shall dare harm a man.	false
character_skills_localised_name_deer_cth_hanxin_bixie	Bi Xie	false
unit_abilities_tooltip_text_deer_nicheng_huangpao	Ye Sheng has bound the entirety of Shang Yang to his war chariot, crushing the authority of the Dragon God and all the imperial princes beneath him as he charges toward the abyss	true
ancillaries_colour_text_deer_cth_nicheng_mount	The Jade Dragon Steed is rare and majestic, allowing only truly qualified riders to command it.	false
character_skills_localised_name_deer_cth_nicheng_mount	Jade Dragon Horse	false
effects_description_deer_nicheng_huangpao2	Skill: [Hasten to the Rescue!]	true
unit_abilities_onscreen_name_deer_nicheng_huangpao4	A Hidden Arrow Wounds	true
unit_abilities_tooltip_text_deer_yushihujun_yuguxian	Jin Xiao's body brims with the power of the Elemental Winds, granting him strength beyond anything he has known	true
units_custom_battle_mounts_mount_name_deer_cth_yushihujundeer_cth_yushihujun_mount	Everlasting Jade	false
ancillaries_onscreen_name_deer_cth_yushihujun_horse	Warhorse	false
land_units_onscreen_name_deer_cth_yushihujun	[Jade Bone Immortal] Jin Xiao	true
effects_description_deer_yushihujun_jiaguoyouzai	Skill: 'The Homeland Still Stands'	true
unit_abilities_onscreen_name_deer_yushihujun_jiaguoyouzai	The Homeland Still Stands	true
character_skills_localised_name_deer_cth_yushihujun_talisman_item	Demon-Quelling Ring	true
unit_abilities_tooltip_text_deer_yushihujun_qiankunquan	Qian is heaven, Kun is earth; it is believed the Demon-Quelling Ring can ward off evil and subdue demons, bringing peace to the land	true
unit_abilities_tooltip_text_deer_qinqiong_jinqiangtaibao	『Where the cold glint arose, blood sprayed forth, and the rebel leader Yun Zhao fell from his carved saddle. Before fifteen bouts had passed, Yuan Yi's spear had already toppled the fierce hero of He Dong, Li Yun Zhao, from his horse. Guo Shao charged in with his lance to fight; Yuan Yi swept his spear aside and answered with a reversing thrust. The twin heroes of the Wu clan each thrust forth their long spears to aid him; three weapons struck as one, yet General Qin, spirit undimmed, wove his spear in dazzling patterns—left he parried the Bin iron mace, right he swept aside the Yun Lu blade, driving straight for Guo Shao's face. One against three, yet he remained at perfect ease; wherever his spear pointed, the three could not draw near. He fought until the sun grew dim and the forest winds moaned in grief, his battle robe stained crimson and his red tassel in disarray, striking terror into a hundred thousand troops of He Dong!』	true
character_skills_localised_description_deer_cth_qinqiong_mount	Ten-Thousand-Mile Mist Glow is rare and magnificent, allowing only truly worthy riders to mount it	false
unit_abilities_onscreen_name_deer_qinqiong_jinqiangtaibao	Golden Spear Guardian	true
character_skills_localised_name_deer_cth_qinqiong_weapon	Vermilion Gilded Spear	true
character_skills_localised_description_deer_cth_qinqiong_enchanted_item	It is believed that Qin Yuan Yi's soul houses a fragment of the spirit of Cathay's great beast sovereign. Daoists crafted a special Life Talisman for him, to help him better control this power without being consumed by it	true
ancillaries_onscreen_name_deer_cth_qinqiong_weapon	Vermilion Gilded Spear	true
ancillaries_onscreen_name_deer_cth_qinqiong_horse	Warhorse	false
character_skills_localised_description_deer_cth_qinqiong_horse	A general's warhorse is his most trusted and valiant companion. Just don't name it 'Little Daisy'	false
unit_description_short_texts_text_deer_cth_qinqiong	The Qin clan of Ling Nan is the most influential family south of Sheng Jiang, and a pillar of support for Li Dao's rule, having served Zhu Long for a hundred years. Qin Yuan Yi's father, Qin Wen Cheng, was a renowned statesman south of the river whom Li Dao relied upon as his right hand in life, and now Qin Yuan Yi has himself become one of the most decorated generals in Li Dao's own court.	true
unit_abilities_tooltip_text_wwd_summon_weiling	It is believed that a fragment of the primordial spirit of Cathay's Sovereign Beast resides within Qin Yuan Yi's soul, manifesting itself in moments of dire crisis.	true
land_units_onscreen_name_deer_cth_yangjian	[Warden of Heaven's Gate] Hou Qian	true
land_units_onscreen_name_deer_cth_yangjian1	[Warden of Heaven's Gate] Hou Qian	true
character_skills_localised_description_deer_cth_yangjian_weapon	By the riverbank of Hou Qian's hometown stands a stone tablet inscribed with an old tale: 'In this province there dwelt a flood dragon. Whenever the river swelled, it would rage forth with the flood, sweeping away the people's homes, drowning countless souls beyond count; none were known who could subdue it. Then Qian took up his sword and entered the water, slaying the flood dragon as he emerged, its blood staining the river's heart, ending the people's suffering. Its sinews and bones were transformed into the hilt, its three heads into the blade—thus was made the Trident-Edged Double-Bladed Saber'	true
unit_abilities_onscreen_name_deer_yangjian_xiaotianquan	Howling Celestial Hound	true
unit_abilities_tooltip_text_deer_yangjian_xiaotianquan	『One becomes ten, ten becomes a hundred, and from a hundred to a hundred million transformations—all are the arts of the Howling Celestial Hound』	true
ancillaries_onscreen_name_deer_cth_yangjian_talisman	Mountain-Splitting Axe	true
ancillaries_onscreen_name_deer_cth_yangjian_mount	Silver-Coated Horse	false
character_skills_localised_description_deer_cth_yangjian_mount	Its silver mane gleams like frost and snow, moonlight glinting off its swift silver hooves	false
unit_abilities_onscreen_name_deer_yangjian_feijianjue	Flying Sword Technique	true
ancillaries_colour_text_deer_cth_yangjian_enchanted_item	Another divine weapon gifted to Hou Qian by the Old Immortal of Kun Shan, its blade etched with demon-subduing runes. Even minor spirits will be scattered to nothingness at the slightest touch of its edge.	true
character_skills_localised_description_deer_cth_yangjian_enchanted_item	Another divine weapon gifted to Hou Qian by the Old Immortal of Kun Shan, its blade inscribed with runes for subduing demons—ordinary lesser spirits need only the lightest touch to be scattered to nothingness	true
effects_description_deer_cth_yangjian_enchanted_item	Skill: [Demon-Slaying Sword]	true
ancillaries_onscreen_name_deer_cth_huangfengdasheng_weapon	Flying Dragon Staff	true
unit_abilities_onscreen_name_wh3_deer24_abilities_archaon_mofeng	Winds of Magic Surge!	true
land_units_onscreen_name_deer_cth_jinfo2	[Son of the Yin River] Xue Ding	true
land_units_onscreen_name_deer_cth_jinfo	[Son of the Yin River] Xue Ding	true
character_skills_localised_name_deer_cth_jinfo_weapon	Heaven's Balance	true
effects_description_deer_cth_jinfo_mount2	Mount: Shi Tian	false
unit_description_short_texts_text_deer_cth_nvxia	Liu Yue Ru is the direct disciple of [Xuan Nv], Master of the Xuan Heng School of Fu Zhou. After the Battle of Xuan Yuan, the masters of nearly every school perished. Though [Xuan Nv] survived by a stroke of luck, her Six Roots were mortally wounded, beyond hope of recovery. Liu Yue Ru and her fellow disciples fought to the death, yet of eight hundred students, only seven remained. With the sect brought so low, [Xuan Nv] passed down the sword formula to Liu Yue Ru, so that the Xuan Heng lineage would not vanish from the world. [Xuan Nv] was laid to rest at Heng Mountain in Fu Zhou, and her surviving sisters scattered to the four winds — some perished in battle against the Dark Elves, others retired from the martial world. Now only Liu Yue Ru remains, having abandoned the empty halls of her sect to wander the world, hunting down Dark Elf nobility one by one. The old tales have become mere talk over wine, but in this age, only the name of the Sword of Severed Love remains.	true
effects_description_deer_nvxia_xuanheng	Skill: [Xuan Heng Sword Technique]	true
ancillaries_colour_text_wwd_cth_yawei_item	You hear the rustle of feathers, you can even feel the blade closing in — but where is he?	true
ancillaries_colour_text_wwd_cth_yawei_weapon	Among the ministers who narrowly escaped with their lives, the rumors grow ever more exaggerated — they say the Raven Guard slit the throats of eighteen palace guards of the rebel king's court with nothing but a single feather. Was it truly just a feather, or a sword that could shift shape into feathered form? At the very least, those who died will never know.	true
unit_abilities_onscreen_name_wwd_yawei_duye	Crossing the Night	true
effects_description_deer_effect_attribute_enable_yawei_devestating_flanker	Unlocks Attribute: Unlocks Devastating Flanker for the Raven-Feather Legion	true
unit_description_short_texts_text_deer_cth_zhugeliang	Fang Wen Zi is a high-ranking Astronomer Officer of the Astronomical Bureau, and one of the Three Heroes of Xing Po. Ever since the Dragon Emperor and the Moon Empress embarked upon their secret plans, the mortal world has always produced certain extraordinary figures touched by their revelation, taking crucial actions to spare Cathay from potential calamity. Now, the Moon Empress's chosen instrument is Fang Wen Zi.	true
character_skills_localised_name_deer_cth_zhugeliang_enchanted_item	Proclamation Scroll	true
character_skills_localised_description_deer_cth_zhugeliang_3	White clouds drift on, empty across a thousand years	true
land_units_onscreen_name_deer_cth_zhugeliang_3	[Moon Immortal] Fang Wen Zi	true
ancillaries_onscreen_name_deer_cth_wuchi_weapon	Lofty Peak	true
effects_description_deer_wuchi_dibengshancui	Skill: [Mountains Crumble, Earth Collapses]	true
effects_description_deer_wuchi_jiangluochaoping	Skill: 'River Falls, Tide Stills'	true
character_skills_localised_description_deer_cth_wuchi_weapon	One of the Six Swords of Kun Lan. The Lord of Blazing Wind entrusted this blade to the border army where Heaven had torn asunder the land, hoping these mortal beings could find a champion worthy of trust, to display the courage that belongs to humankind	true
unit_abilities_tooltip_text_deer_wuchi_wujingwulian	Every strike from Pei Yue grows heavier still, until he meets a foe who can withstand his final blow	false
ancillaries_colour_text_deer_cth_wusheng_enchanted_item	Through sorcery, Yuan Bo infused the life force of the [Martial Sage] into this Yin-Yang Jade Mask, so that as long as the mask remains unbroken, the Martial Sage may live on forever.	true
ancillaries_colour_text_deer_cth_wusheng_weapon	A lone rider races a thousand miles through the dust, the cold edge of the Crescent Green Dragon Blade gleaming.	true
ancillaries_onscreen_name_deer_cth_wusheng_horse	Green Jade Spirit	false
character_skills_localised_name_deer_cth_wusheng_horse	Green Jade Spirit	false
unit_description_short_texts_text_deer_cth_wusheng	[Wu Sheng] has campaigned across Cathay's long history for a hundred years. As a general of the same era as New Wu, and a champion personally chosen by the Jade Dragon, he was granted a divine weapon by the dragons' favor, and thus received a lifespan as long as that of the Dragon Emperor's Palace Guard, aiding the dragons in safeguarding Cathay's peace through the ages. The soldiers who once fought at his side have long since faded away, and the people of this age can no longer recall the true name of this great warrior — only the title [Wu Sheng] remains recorded in history.	true
character_skills_localised_name_deer_cth_wusheng_weapon	Crescent Blade	true
unit_abilities_onscreen_name_deer_zhouyu_qianfanjing	A Thousand Sails Contend	true
unit_abilities_tooltip_text_deer_zhouyu_diaochuanqi	Ying Jin commands the Sky Junk Legion with the sound of his flute, each melody signifying a different order	true
unit_abilities_tooltip_text_deer_zhouyu_huoshenyin	Blazing fire lights up the sky and illuminates the sea of clouds, masts and oars burned to ash and drifting cinders	true
unit_abilities_tooltip_text_deer_zhouyu_cuifengpo	At but a single command from Ying Jin, a rain of fire that blots out sun and sky answers his call	true
ancillaries_onscreen_name_deer_cth_zhouyu_enchanted_item	《Drum and Flute Command》	true
ancillaries_colour_text_deer_cth_zhouyu_horse	Ying Jin is deeply versed in music and has a particular fondness for the flute. Whenever he plays within the army, whether stirring homesickness or kindling great ambition, all who hear it are moved alike.	false
units_custom_battle_mounts_mount_name_deer_cth_zhouyudeer_cth_zhouyu_horse	Warhorse	false
unit_description_short_texts_text_deer_cth_zhouyu	Ying Jin was renowned since childhood as a prodigy of Nan Yang, and as he grew, his unstoppable talent shone ever brighter. Since the Soul-Enthralling clan entered government service, Ying Jin has faithfully assisted Duke of the Soul-Enthralling, personally attending to every matter great and small — earning the sincere admiration of the entire court.	true
effects_description_deer_zhouyu_diaochuanqi	Skill: 'Fishing Boat Flute'	true
effects_description_deer_tianzhou_keep	Upkeep: Heavenly Ship and Sky Lantern units %+n%	true
unit_abilities_onscreen_name_deer_yiqu_qitianwu	Dance of Prayer to Heaven	true
ancillaries_onscreen_name_deer_cth_yiqu_enchanted_item	Peaceful Harmony Jade Pendant	true
character_skills_localised_description_deer_cth_yiqu_enchanted_item	The jade pendant Yi Yao Hua wears around her neck is a family heirloom treasure. Within these small gemstones lies boundless power, capable of harmonizing yin and yang	true
character_skills_localised_description_deer_cth_yiqu_horse2	The Yu Ting Terrace is a massive war drum, upon which [Wandering Fragrance] can perform rituals, carrying the Vast Heaven's blessings to wherever they are needed most	false
units_custom_battle_mounts_mount_name_deer_cth_yiqudeer_cth_yiqu_horse2	Yu Ting Terrace	false
unit_abilities_tooltip_text_deer_jinjun_f_shizhibuyu	『[Heaven's Favored]'s spirit is spent, what use has this body to live on』	true
ancillaries_colour_text_deer_cth_jinjun_f_weapon	Like the Dragon Emperor's Guard themselves, their weapons bear the Dragon Emperor's own blessing—they are agents of the Vast Dragon's power made manifest.	true
character_skills_localised_description_deer_cth_jinjun_f_weapon	The weapons of the Dragon Emperor's Guard, like the guardsmen themselves, carry the blessing of the Dragon Emperor himself—they are the instruments through which the power of the Vast Dragon is enacted.	true
ancillaries_onscreen_name_deer_cth_jinjun_f_horse2	Gilded Lion	false
land_units_onscreen_name_deer_cth_jinjun_f_horse2	[Dust-Shaking Life] Miao Yi	true
character_skills_localised_name_deer_cth_jinjun_f_armour	Heavenly Court Dragon Armor	true
unit_abilities_onscreen_name_deer_guojin_tianshang	Heavenly Goblet	true
land_units_onscreen_name_deer_cth_guojin	[Titan Hero] Tang Jing Yin	true
character_skills_localised_name_deer_cth_guojin_weapon	Heaven-Toasting Sword	true
ancillaries_colour_text_deer_cth_guojin_horse	A spectral arm formed from the power of the Winds of Magic, a divine miracle blessed by Hao Tian.	false
ancillaries_onscreen_name_deer_cth_meihouwang_weapon	As-You-Wish Golden-Banded Staff	true
unit_description_short_texts_text_deer_cth_meihouwang	Legends of the Handsome Monkey King differ wildly from region to region. In northern ballads, he is a bloodthirsty and savage great ape. In the tales of western storytellers, he is described as a baboon-like creature with beautiful golden fur and a swollen red rump — for the Handsome Monkey King is perpetually enraged. In legends from the eastern coast, this enormous ape has an astonishing appetite, his bare belly covered in unsightly boils. Some in the south instead describe the Handsome Monkey King as a small, wiry spider-monkey, leaping between the shoulders of allies and enemies alike, his words a mix of truth and lies.	true
effects_description_meihouwang_bug_form	Skill: 'Seventy-Two Transformations'	true
effects_description_deer_meihouwang_bingqiyu	Skill: [Rain of Weapons]	true
unit_abilities_tooltip_text_meihouwang_bug_form2	A transformation technique taught by the Old Immortal of Tian Shan, allowing the Handsome Monkey King to evade the damage of the Three Calamities — Heavenly Thunder, Yin Fire, and Bi Wind — in pursuit of his wish for immortality.	true
character_skills_localised_description_deer_cth_meihouwang_talisman_item	Woven of lotus silk, forged into immortal boots\\n\\nTreading shadows, chasing wind, brushing past the void\\n\\nTen thousand miles of dust and sand wear at weary toes\\n\\nNine layers of frost and snow temper icy hems\\n\\nThe Milky Way pours down, washing golden threads\\n\\nSlanting through the Moon's Grotto, crossing the violet rainbow\\n\\nWith a Buddha's heart and a Daoist's bones, he travels far\\n\\nReturning to the Eastern Land to prove his worth	true
character_skills_localised_description_deer_cth_meihouwang_linggen_02	Listen to sound, discern reason; know that difficulty makes ease.\\n\\n[[col:green]]The Handsome Monkey King's Six Roots were stripped from him by the Dragon Emperor as punishment, scattered across the eight wildernesses. Fight for Grand Cathay, raise your level, and reclaim these Roots one by one (the attributes gained from the previous Root will carry over to the next; only the most recently obtained Root need be equipped).[[/col]]	true
ancillaries_onscreen_name_deer_cth_meihouwang_linggen_04	[[col:yellow]]Tongue Tastes Thought[[/col]]	true
ancillaries_onscreen_name_deer_cth_meihouwang_linggen_06	[[col:red]]Mind Beholds Desire[[/col]]	true
character_skills_localised_name_deer_cth_meihouwang_linggen_06	[[col:red]]Mind Beholds Desire[[/col]]	true
land_units_onscreen_name_deer_cth_meihouwang1	Mayfly	true
character_skills_localised_description_deer_cth_nezha_enchanted_item	A treasure from the Celestial Mountains, a miracle blessed by the Vermilion Bird, wrapped around Na Tian's body since his very birth. Its color is true crimson, its form long and slender, at once fierce as wind and soft as silk, wrapping and binding its foe—symbolizing clouds, and thus its power can throw sun, moon, and stars into chaos, and cleave through rivers, lakes, and seas alike.	true
unit_abilities_tooltip_text_deer_nezha_huntianlin	A treasure from Tian Shan, a miracle blessed by the Vermilion Bird, it wrapped around Na Tian's body and was born together with him. Its color is pure crimson, its shape long and slender, supple as the wind, wrapping and binding the enemy—it symbolizes the clouds, and thus its might can throw sun, moon, and stars into chaos, and cleave through the waves of rivers, lakes, and seas	true
effects_description_deer_nezha_huntianlin	Skill: [Sash of Chaos-Rending]	true
unit_abilities_onscreen_name_deer_nezha_santouliubi3	Calm Mind Mantra	true
unit_abilities_onscreen_name_deer_nezha_feixue	Boiling Blood	true
unit_abilities_tooltip_text_deer_nezha_zhuolonghuilang	『Above the great canal, kindred blood turns against blood』	true
effects_description_deer_taichang_cap	Hero Recruitment Capacity: Grand Court Attendant %+n	false
effects_description_deer_taichang_xp	Newly Recruited Hero Rank: Grand Court Attendant %+n	false
ancillaries_onscreen_name_deer_cth_mike_amour	Golden Threads	true
ancillaries_colour_text_deer_cth_mike_amour	Tong Long's protective robe, its Kun Lan refined steel woven as fine as silk, each link interlocking flawlessly, utterly impenetrable.	true
character_skills_localised_name_mike_skill_texing	[Shadow Simurgh]	false
character_skills_localised_description_deer_cth_mike_amour	Wherever his sword and boots have gone, hordes of bandits have been vanquished.	true
unit_abilities_onscreen_name_deer_mike_routi	Tender Touch	true
effects_description_deer_mike_routi	Skill: [Tender Touch]	true
units_custom_battle_mounts_mount_name_deer_cth_mikedeer_cth_nvxia2	Warhorse	false
effects_description_wh3_deer24_abilities_jinyiweieye_upgrade	Skill: 'Golden Eye'	true
effects_description_wh3_deer24_abilities_concealment_bombs_upgrade	Skill: 'Thousand Embers'	true
character_skills_localised_description_cth_mike_addition_skill2	The wicked, with nowhere left to hide, tremble beneath his gaze—there is no escape for them.	false
character_skills_localised_name_cth_mike_addition_skill3	Thousand Embers	false
unit_abilities_tooltip_text_wh3_deer24_abilities_jinyiweieye_upgrade	The wicked have nowhere to hide, trembling under that gaze — there is no escape for them.	true
unit_abilities_tooltip_text_wh3_deer24_abilities_concealment_bombs_upgrade	Fighting a shadow? You'd be better off trying to flee.	true
character_skills_localised_name_wh3_main_skill_node_cth_yuenv_additional_2	Beast Form	true
character_skills_localised_name_wh3_main_skill_node_cth_yuenv_additional_3	Heart of Man	true
agent_subtypes_onscreen_name_override_taishi	Legendary Lord	true
ancillaries_onscreen_name_deer_cth_taishi_weapon	Whisk	true
unit_description_short_texts_text_deer_cth_taishi	Jiang Wang, Grand Tutor of the Right, oversees all affairs of the Jade Court's inner sanctum. When Yuan Bo led his forces on a distant campaign, he bestowed upon Jiang Wang the jade seal, decreeing: 'Act in my stead over the Jade Court, and administer the affairs of the state as regent.'	true
land_units_onscreen_name_deer_cth_taishi	[Master of Clarity and Emptiness] Jiang Wang	true
names_name_8301200	[Master of Pure Emptiness] Jiang Wang	true
character_skills_localised_name_cth_taishi_skill_1_1	Balance Through Nine Alliances	false
character_skills_localised_name_deer_cth_taishi_weapon	Whisk	true
character_skills_localised_description_cth_taishi_skill_1_4	The Winds of Magic surge along the veins of jade and stone, and the Jade Court's loyal guards are unstoppable.	false
ancillaries_colour_text_deer_cth_taishi_talisman	A treasured gourd hidden away in Kun Lan, holding all of heaven and earth within it, capable of conjuring something from nothing, brewing fine nectar and jade wine of its own accord.	true
character_skills_localised_name_deer_cth_taishi_talisman	Treasured Gourd	true
character_skills_localised_description_deer_cth_taishi_mount	A general's warhorse is his most trusted and valiant companion. Just don't name it 'Little Daisy'	false
character_skills_localised_name_cth_taishi_skill_addition	Speak of War	false
character_skills_localised_description_cth_taishi_skill_addition2	"The ruler is the boat, the people are the water—the truth of bearing up and overturning is plain to see."	false
character_skills_localised_description_cth_taishi_skill_addition3	"Victory or defeat in war is not decided in the moment arrows and blades clash, but in the calculations made within the halls of the court."	false
unit_abilities_tooltip_text_wh3_main_skill_node_cth_yushihujun_additional_2	[Where the jade blood tempers the blade's edge, its smoldering embers illuminate the heart within.]	true
effects_description_wwd_miao_yin_method_I	Raising the settlement tier of Nan Gau unlocks various technology bonuses	false
effects_description_wwd_miao_yin_method_II	Vassalize the Empire's Frontier Guard [[img:wwd_dgsw]][[/img]] through the Chang Yuan Revival mechanic to rapidly strengthen Chang Yuan	false
unit_abilities_onscreen_name_wh3_deer24_abilities_quansusheji	Full Speed Volley!	true
ancillaries_colour_text_deer_cth_taishi_horse	A general's warhorse is his most trusted and courageous companion. Just don't name it 'Daisy.'	false
ancillaries_onscreen_name_LX_deer_arcane_item	Heaven-Proclaiming Five Coins	true
ancillaries_colour_text_LX_deer_armour	The most exquisite armor the Heavenly Court's craft can forge, its patterns depicting the golden gate of the Dragon Emperor's palace, a symbol of Zhen Dan's authority.	true
ancillaries_colour_text_LX_deer_talisman	A jade pendant split into two halves of yin and yang. The yang half aids strength, the yin half protects the body; when the two halves are joined, all things find harmony.	true
character_skills_localised_description_LX_deer_armour	The most exquisite armor the Celestial Court's craft can forge, its engravings depicting the golden gate of the Dragon Emperor's palace—a symbol of Zhen Dan's authority.	true
character_skills_localised_description_LX_deer_mount	The Qi Lin treads upon auspicious clouds, quelling the myriad hardships of the mortal world.	false
ancillary_sets_name_deer_LX_ancillary_set	Champion of the Dragon God	false
ancillaries_onscreen_name_guanshan_deer_weapon	Apricot Blossom Sky	true
character_skills_localised_name_guanshan_deer_weapon	Apricot Blossom Sky	true
character_skills_localised_description_guanshan_deer_weapon	The double-bladed spear wielded by Guan Zi Mo, light as a feather and sharp enough to cut through iron like mud	true
ancillaries_colour_text_guanshan_deer_weapon	The double-bladed spear Guan Zi Mo wields is light as a feather, yet cuts through iron like mud.	true
ancillaries_onscreen_name_guanshan_deer_horse	War Horse	false
unit_abilities_onscreen_name_deer_ability_guanshan_jianshou	Clear Light in a Turbid World	true
character_skills_localised_name_wh3_main_skill_innate_JINJUNdeershizi	Talent of the Outstanding	true
character_skills_localised_name_wh3_main_skill_innate_deershizi_innate_2	Opening New Lands	true
character_skills_localised_name_wh3_main_skill_innate_deershizi_innate_5	Talent of the Right Hand	true
ancillaries_colour_text_deershizi_talisman	The people of Zhen Dan often record history through poetry. This scroll contains the works of countless poets across Zhen Dan's long history. Yi Qing, being fond of learning, carries it with him always.	true
character_skills_localised_description_deershizi_enchanted_item	A longsword forged personally by the Jade Dragon, containing a fraction of his great power. Over a thousand years it has been bestowed upon generation after generation of Cathay's mortal heroes, and reclaimed after each hero's passing. Yuan Bo, in recognition of Yi Qing's great victory over the Kurgan and his merit in repelling the enemy, personally bestowed this sword upon him as a trusted minister, honoring his loyalty and valor	true
character_skills_localised_description_wh3_main_skill_innate_deershizi_innate_1	Yi Qing's achievements shall be remembered for a thousand autumns. Though the Kurgan hordes could not breach Chang Yuan, their strength was vast, and even the heroes within the wall found themselves helpless before it. Yi Qing led eight thousand men, shattered tens of thousands of the enemy, and drove them back a hundred miles, forcing the Kurgans into the deep desert — bringing peace at last to the lands north of the wall.	true
character_skills_localised_description_wh3_main_skill_innate_deershizi_innate_4	Beneath the high heavens, one still bears the Dragon's grace; with this mortal form, one walks alongside the Dragon.	true
character_skills_localised_description_wh3_main_skill_innate_deershizi_innate_6	Yi Qing repels the enemy a thousand miles beyond, and unites all peoples within. Yuan Bo regards him as his right hand, and Jade Dragon once said of him: 'Lord Yi's civil and martial strategy make him a hero among ten thousand men — surely heaven has granted him to me.'	true
character_skills_localised_name_deershizi_mount	Mo Xian	false
units_custom_battle_mounts_mount_name_deershizideershizi_horse	Warhorse	false
unit_abilities_tooltip_text_deer_ability_shizi_chongfeng	『The mountains and rivers remain as they were, this body turns to wind and follows』	true
ancillaries_onscreen_name_deerduanzhu_talisman	Skybreaker's Ingenious Case	true
character_skills_localised_name_deerduanzhu_talisman	Skybreaker's Ingenious Case	true
character_skills_localised_name_wh3_main_skill_innate_deerduanzhu_innate_6	Master of a Thousand Furnaces	true
ancillaries_colour_text_deerduanzhu_enchanted_item	The Stone-Burning Spike and Liao Fire Hammer are Qiao Xiao's forging tools, crafted from unearthly materials and tempered in the fires of the Southern Blaze. These two items alone are the finest proof of Qiao Xiao's forging mastery.	true
character_skills_localised_description_deerduanzhu_talisman	Qiao Xiao has forged several blades known as South Hall of Nan Gau, divine weapons unmatched in this age save for the Six Swords of Kun Lan. Apart from the Clear Melting Sword, all the others remain locked away in cases, never leaving his side	true
character_skills_localised_description_wh3_main_skill_innate_deerduanzhu_innate_6	Qiao Xiao possesses an uncanny affinity for metal sorcery. Some believe it is this affinity that grants him such precise control in forging blades — but perhaps it is instead his years spent constantly at the side of sword and steel that let him fathom the magic of metal so deeply.	true
ancillary_sets_description_deer_duanzhu_ancillary_set	The Stone-Burning Spike and Liao Fire Hammer — unmatched works born into the world.	false
land_units_onscreen_name_deerduanzhu_horse	[Forgemaster] Qiao Xiao	true
character_skills_localised_description_deerduanzhu_horse	A general's warhorse is his most trusted and valiant companion. Just don't name it 'Little Daisy'	false
units_custom_battle_mounts_mount_name_deerduanzhudeerduanzhu_horse	Warhorse	false
character_skills_localised_name_deerduanzhudeerduanzhu_horse	War Horse	false
character_skills_localised_name_yuenv_deer_mount	Liu Xi	false
ancillaries_colour_text_yuenv_deer_talisman	A talisman carved with fox-shaped patterns, said to hold powerful influence over non-human creatures. No one knows the origin of this artifact, but many have witnessed Zhao Qi summon great beasts from thin air to fight at her side.	true
effects_description_yuenv_fox_form	Unlocks skill: 『Return to True Form』	true
ancillaries_colour_text_lvqiling_deer_weapon	Between the blade and the shaft, a crossbar is set. The blade curves back into a crescent moon shape, transformed into a straight spearpoint within its crescent edge, with the crossbar mounted upon the shaft, each side bearing an inverted half-moon shape — this weapon is called the Duan Chou Halberd.	true
land_units_onscreen_name_lvqiling_deer_horse	[New Marquis of Wu] Xin Qi	true
ancillaries_onscreen_name_lvqiling_deer_horse	War Horse	false
ancillaries_colour_text_lvqiling_deer_horse	A general's warhorse is his most trusted and courageous companion. Just don't name it 'Daisy.'	false
effects_description_deer_ability_lvqiling_sierhoushen	Unlocks Skill: [Death Before Rebirth]	false
unit_abilities_onscreen_name_deer_ability_lvqiling_sierhoushen	Death Before Rebirth	false
ancillary_sets_description_deer_lvqiling_set	Crimson clouds mirror the emerald sky, a vast plain fit for a gallop\\n\\nBeacon smoke rises on the horizon, the finest steed among steeds,\\n\\nA precious mount awaits its hero, charging forth swift as lightning,\\n\\nDrifting sunset clouds carry lofty ambition, the boundless sea stirs the heart,\\n\\nTomorrow it shall gallop forth on four hooves, forging martial glory upon the enemy's ranks.	false
units_custom_battle_mounts_mount_name_deer_cth_yuchigongdeer_cth_yuchigong_horse	Warhorse	false
character_skills_localised_description_deer_cth_yuchigong_enchanted_item	A fine brew crafted by the monks of Fu Hong Temple. Holding the wine in one's mouth and praying for the Vermilion Bird's protection invites the blessing of the guardian beast's spirit to descend upon oneself\\n\\nDivine possession is a burden the mortal body can scarcely bear, but with the Phoenix Abyss Wine as a medium, a mortal form may briefly manifest divine wonders	true
character_skills_localised_description_deer_cth_yuchigong_mount	Crossing the perilous Serpent Sea, surmounting the towering peaks of Gai Tian Mountain	false
ancillaries_colour_text_deer_cth_hanxin_enchanted_item	Rumored to bear the secret that Sovereign Qing Bao revealed to Han Cheng. Its precise contents are known to none but Han Cheng himself.	true
character_skills_localised_name_deer_cth_hanxin_weapon	Ink-Blade Mist Path Saber	true
ancillaries_colour_text_deer_cth_hanxin_weapon	Carved with eight sections, its feathered blade dark as ink, a single glimmer of cold light thin as smoke.	true
effects_description_deer_hanxin_hengxing	Skill: [Rampant Advance]	true
character_skills_localised_name_deer_cth_hanxin_horse	War Horse	false
character_skills_localised_description_deer_cth_hanxin_horse	The general's warhorse is his most trusted and most valiant companion. Just don't name it "Little Daisy."	false
character_skills_localised_description_deer_cth_hanxin_talisman_item	A treasure bestowed upon Han Cheng by the Qing Bao Sovereign—once invoked, the Sovereign's kin and dharma-protectors will answer the summons to aid Han Cheng in accomplishing his great cause.	true
units_custom_battle_mounts_mount_name_deer_cth_hanxindeer_cth_hanxin_bixie	Bi Xie	false
land_units_onscreen_name_deer_cth_hanxin_bixie	[Prince of Nan Yang] Han Cheng	true
ancillaries_onscreen_name_deer_cth_hanxin_bixie	Bi Xie	false
effects_description_deer_nicheng_huangpao	Skill: [Draped in the Yellow Robe]	true
character_skills_localised_description_deer_cth_nicheng_weapon	A standard-issue Miao saber of the Raven-Feather Legion, its blade sharp enough to cut through iron like mud, enchanted with special sorcery by an alchemist. Its former owner discovered Ye Sheng's conspiracy, and thus became the target of Ye Sheng's minions. After the cost of several Hong Wu Overseers' lives, this lone assassin and his weapon were left forever in Ye Sheng's estate. Ye Sheng treasures this fine blade dearly, though he never quite mastered its use	true
land_units_onscreen_name_deer_cth_nicheng_mount	[Usurper] Ye Sheng	true
ancillaries_onscreen_name_deer_cth_nicheng_enchanted_item	Bin Xi Tiger Tally	true
units_custom_battle_mounts_mount_name_deer_cth_nichengdeer_cth_nicheng_horse	Warhorse	false
character_skills_localised_name_deer_cth_nicheng_enchanted_item	Bin Xi Tiger Tally	true
effects_description_deer_nicheng_huangpao3	Skill: [Preserve the Green Hills]	true
ancillaries_colour_text_deer_cth_yushihujun_enchanted_item	A badly worn letter, its script now nearly illegible. Whoever sent it, they have long since passed away over the ages.	true
ancillaries_colour_text_deer_cth_yushihujun_weapon	Jin Xiao's weapon has been with him through life and death, cycling through rebirth alongside him under the Jade Dragon's sorcery. This once rust-covered trident spear now brims with the energy of life magic.	true
ancillaries_onscreen_name_deer_cth_yushihujun_weapon	Uncarved Jade Trident Spear	true
character_skills_localised_description_deer_cth_yushihujun_weapon	Jin Xiao's weapon has endured life and death alongside him, cycling through rebirth together under the Jade Dragon's sorcery. This trident spear, once rusted through, now brims with the energy of life magic	true
ancillaries_onscreen_name_deer_cth_yushihujun_enchanted_item	Distant Homeward Journey	true
character_skills_localised_name_deer_cth_yushihujun_horse	War Horse	false
unit_description_short_texts_text_deer_cth_yushihujun	When the curse of the Jade Blood Clan fell upon the Nong Chang basin, Jin Xiao, the leader of the Protector Guard, could not escape the nightmare of undeath either. Perhaps through sheer force of will, an extraordinary constitution, or simple luck, Jin Xiao — his flesh dissolved to bone — retained his mind intact, and continued to wear the Protector's mask, leading the survivors of Nong Chang against the Jade Blood Clan. With the arrival of the Jade Dragon, the crisis of Nong Chang was temporarily averted, but Yuan Bo also uncovered Jin Xiao's secret. Contrary to Jin Xiao's own expectation of death, Yuan Bo used his mighty sorcery to transform Jin Xiao's body — his shattered bones reformed into jade, and the power contained within left even Jin Xiao in disbelief. The Jade Dragon then moved on as he always did, and Jin Xiao does not know whether this act stemmed from trust, mercy, or mere curiosity — but whatever the reason, he will not let his second life go to waste.	true
effects_description_deer_yushihujun_yuguliuqing	Skill: 'Jade Bones, Eternal Life'	true
units_custom_battle_mounts_mount_name_deer_cth_qinqiongdeer_cth_qinqiong_mount	Ten-Thousand-Mile Mist Glow	false
ancillaries_colour_text_deer_cth_qinqiong_horse	A general's warhorse is his most trusted and courageous companion. Just don't name it 'Daisy.'	false
character_skills_localised_name_deer_cth_qinqiong_horse	War Horse	false
units_custom_battle_mounts_mount_name_deer_cth_qinqiongdeer_cth_qinqiong_horse	Warhorse	false
unit_abilities_onscreen_name_wwd_summon_weiling	Summon the Awesome Spirit	true
unit_description_short_texts_text_deer_cth_yangjian	As Warden of Heaven's Gate, Hou Qian commands the hundred thousand Dragon Guard of Wei Jing. He is the Dragon-kin most trusted by Yuan Bo, and a general held in high favor by Yun Xiang. It is precisely through his mediation that these two, otherwise at daggers drawn, manage to maintain a delicate balance.	true
land_units_onscreen_name_deer_cth_yangjian_xiaotianquan	Howling Celestial Hound	true
character_skills_localised_name_deer_cth_yangjian_talisman	Mountain-Splitting Axe	true
character_skills_localised_description_deer_cth_yangjian_talisman	Hou Qian carries with him the Immortal Axe forged by the Old Immortal of Kun Shan. At first glance it seems no different from an ordinary weapon, but when wielded, it transforms freely, blotting out the sky and sun, splitting mountains and carving out abysses	true
ancillaries_colour_text_deer_cth_yangjian_mount	Its silvery mane glimmers like frost and snow, moonlight reflecting off its swift silver hooves.	false
units_custom_battle_mounts_mount_name_deer_cth_yangjiandeer_cth_yangjian1	Silver-Coated Horse	false
effects_description_deer_yangjian_tianyankai	Skill: 'Eye of Wisdom Opens'	true
unit_abilities_tooltip_text_deer_yangjian_xiaotianquan_xunlie	The divine hound and its master have weathered countless battles together; they are partners who know each other's fighting style better than any other	true
ancillaries_onscreen_name_deer_cth_yangjian_enchanted_item	Demon-Slaying Sword	true
ancillaries_colour_text_deer_cth_huangfengdasheng_weapon	A treasure of the Great Sage Yellow Wind, worthy to be spoken of alongside the As-You-Wish Golden-Banded Staff and the Trident-Edged Double-Bladed Saber—both treasures forged by the Old Immortal of Kun Lan. How it came into the hands of this monstrous being, none can say. What a pity!	true
ancillaries_colour_text_deer_cth_huangfengdasheng_talisman	A treasure personally forged by the Great Sage Yellow Wind, said to still the Samadhi Wind and bind one's own sorcerous power. Such a thing that shackles its own bearer—why would this heartless demon carry it upon himself, one wonders?	true
unit_abilities_tooltip_text_deer_huangfengdasheng_sanmeishengfeng	That gust of wind from New Wu once blew Zhao Ming from White Tiger and drove Miao Ying from Xuan Wu, shaking all three realms and nine provinces—and even later, when the Handsome Monkey King journeyed north to the Heavenly Court, it was that same wind that drove his monkey kin far from that place	true
ancillaries_onscreen_name_deer_cth_jinfo_weapon	Heavenly Balance	true
ancillaries_colour_text_deer_cth_jinfo_talisman	Xue Ding's helm, forged from Kun Shan crystal and overlaid with gold leaf, carved in the likeness of the ghosts and spirits of Zhen Dan folklore. Crafted with the superb artistry of Kun Lan craftsmen, it is light as thin silk yet hard as solid rock.	true
units_custom_battle_mounts_mount_name_deer_cth_jinfodeer_cth_jinfo1	Warhorse	false
unit_abilities_tooltip_text_deer_jinfo_tianheng	『His great hammer whirled like a gale, and none could withstand it—a graze meant death, a touch meant injury』	true
effects_description_deer_jinfo_tianheng	Skill: [Heaven's Balance]	true
character_skills_localised_name_deer_cth_jinfo_mount2	Shi Tian	false
ancillaries_colour_text_deer_cth_jinfo_mount2	The Hao Tian Lion ridden by Xue Ding. This legendary great lion, like its master, is unstoppable in battle, said to be the mightiest Hao Tian Lion in all of Zhen Dan's history.	false
character_skills_localised_description_deer_cth_jinfo_mount2	The Hao Tian Lion that Xue Ding rides—this legendary great lion is as unstoppable as its master, said to be the mightiest Hao Tian Lion in all of Grand Cathay's history.	false
units_custom_battle_mounts_mount_name_deer_cth_jinfodeer_cth_jinfo2	Shi Tian	false
ancillaries_onscreen_name_deer_cth_nvxia_weapon	Yu Qiang Sword	true
ancillaries_colour_text_deer_cth_nvxia_weapon	The signature sword of the Xuan Heng sect, bestowed upon Liu Yue Ru along with its sword technique. Liu Yue Ru carries this blade as she travels the four seas and wanders the ends of the earth, hunting down the Dark Elves who took part in the Battle of Xuan Yuan.	true
land_units_onscreen_name_deer_cth_nvxia	[Sword of Severed Love] Liu Yue Ru	true
character_skills_localised_name_deer_cth_nvxia_weapon	Yu Qiang Sword	true
unit_abilities_onscreen_name_deer_nvxia_xuanheng	Xuan Heng Sword Technique	true
unit_abilities_tooltip_text_deer_nvxia_xuanheng2	Plucking the sword hilt, singing loud enough to rend the frost-white silk, half chivalric spirit, half sorrow	false
unit_description_short_texts_text_wwd_cth_yawei	One of the Three Heroes of Xing Po, deeply versed in the Dao, appearing now in human form, now as a crow, his true nature impossible to discern. He was once regarded with suspicion by the alchemists, but his heart has always been devoted to the common people. Commanding the Raven-Feather Legion in service to the Moon Empress, he has earned great merit in protecting the nation and comforting the people, and the Astronomical Bureau relies upon him as a trusted right hand.	true
effects_description_wwd_yawei_duye	Unlocks skill: 『Crossing the Night』	true
effects_description_wwd_yawei_yamin	Unlocks skill: 『Raven's Cry』	true
unit_abilities_tooltip_text_deer_zhugeliang_suanwuyice	『Secretive as ghosts and spirits, swift as wind and thunder. Unstoppable in advance, untraceable in retreat. Coordinated front and back, commanding left and right. Shifting the nature of the Five Elements, altering the mandates of the four seasons. Man? Or immortal? I know not—he is the purest brilliance among men.』	true
units_custom_battle_mounts_mount_name_deer_cth_zhugeliang_0deer_cth_zhugeliang_2	Five Elements War Compass	true
units_custom_battle_mounts_mount_name_deer_cth_zhugeliang_0deer_cth_zhugeliang_1	Warhorse	true
unit_abilities_tooltip_text_deer_zhugeliang_yinfengshufa	Fang Wen Zi possesses extraordinary natural talent, wielding the power of the Winds of Magic with consummate skill — but his body has grown frail from bearing a power beyond what any mortal frame can endure.	true
unit_abilities_tooltip_text_deer_zhugeliang_yuehua	Fang Wen Zi's talent has caught the eye of the Moon Empress, earning her blessing. This talisman holds within it the Moon Empress's power, and her resolve to shelter all living things.	true
character_skills_localised_name_deer_cth_zhugeliang_3	Wandering Cloud	true
unit_abilities_onscreen_name_deer_wuchi_xiazhidazhe	A Hero Among Heroes	true
unit_abilities_onscreen_name_deer_wuchi_aoshiqunshan	Defiant Above a Thousand Peaks	true
unit_abilities_onscreen_name_deer_wuchi_jiangluochaoping	River Falls, Tide Stills	true
effects_description_deer_wuchi_xiazhidazhe	Skill: 'A Hero Among Heroes'	true
effects_description_deer_wuchi_aoshiqunshan	Skill: [Defiant Above a Thousand Peaks]	true
effects_description_deer_wuchi_wujingwulian	Skill: 'Endless Martial Training'	true
ancillaries_colour_text_deer_cth_wuchi_weapon	One of the Six Swords of Kun Lan. The Lord of Blazing Wind entrusted this sword to the frontier army stationed at the sundered borderlands, hoping these mortal flesh-and-blood souls might find a hero worthy of its trust, one who could display the courage befitting humanity.	true
unit_abilities_tooltip_text_deer_wuchi_dibengshancui	Pei Yue's fist technique is utterly pure, and few of Zhen Dan's masters of ever-changing styles can withstand even a single exchange with him	true
unit_description_short_texts_text_deer_cth_wuchi	Pei Yue's life thus far has been an unending journey. He has traveled every inch of Cathay's soil, defeating one arrogant martial arts master after another in sect after sect, seeking the very limits of the martial arts. Now, the Martial Fanatic has settled beneath the banner of Bin Long, intent on sweeping aside every hero of Shang Yang.	true
unit_abilities_onscreen_name_deer_wusheng_zishenwangguo	Guard the Realm Alone	true
unit_abilities_onscreen_name_deer_wusheng_zhiyuanzhongchen	Shatter Heaven and Earth	true
unit_abilities_onscreen_name_deer_wusheng_yuxianjingpo	Jade String's Startling Break	true
unit_abilities_tooltip_text_deer_wusheng_yushijufen	The [Martial Sage] will break free of the mask's constraint upon him, and his frozen life will flow once more	true
ancillaries_colour_text_deer_cth_wusheng_horse	No expanse too vast for it to cross, truly a mount to entrust with one's life. With such a swift and mighty steed, one may ride ten thousand miles unimpeded.	false
effects_description_deer_wusheng_yuxianjingpo	Skill: 'Jade String Shatters'	true
effects_description_deer_wusheng_yushijufen	Skill: 'Jade and Stone Burn Together'	true
land_units_onscreen_name_deer_cth_wusheng	[Martial Sage] True Lord Ta Yu Zai Tian	true
land_units_onscreen_name_deer_cth_wusheng_horse	[Martial Sage] True Lord Ta Yu Zai Tian	true
character_skills_localised_description_deer_cth_wusheng_enchanted_item	Through sorcery, Yuan Bo infused the life force of the [Martial Sage] into this Yin-Yang Jade Mask. As long as the mask remains unbroken, the Martial Sage may live forever	true
unit_abilities_onscreen_name_deer_zhouyu_huoshenyin	Fire God's Summons	true
character_skills_localised_name_deer_cth_zhouyu_horse	War Horse	false
ancillaries_colour_text_deer_cth_zhouyu_horse2	The Zhe Gu Tian is the proudest creation of the Soul-Enthralling Lineage's craftsmen — the flagship of their Sky Junk fleet, bearing the pride of the entire Soul-Enthralling Lineage.	false
land_units_onscreen_name_deer_cth_zhouyu_horse2	[Brocade Jade Lord] Ying Jin	true
unit_abilities_tooltip_text_deer_yiqu_yinqiange	『Continuous spring rain falls in procession, a lingering melody sings its return』	true
unit_abilities_onscreen_name_deer_yiqu_yunnuling	Decree of Wrath	true
unit_abilities_tooltip_text_deer_yiqu_yunnuling	The shamanic exorcism culture of southern Zhen Dan can be traced back to the era when the Dragon Emperor first arrived; the local people believe these traditional rites can ward off calamity and drive away evil spirits, and some even use these rites to harm their enemies	true
character_skills_localised_name_deer_cth_yiqu_horse	War Horse	false
effects_description_deer_yiqu_qitianwu	Skill: 'Dance of Prayer to Heaven'	true
land_units_onscreen_name_deer_cth_yiqu	[Wandering Fragrance] Yi Yao Hua	true
ancillaries_colour_text_deer_cth_yiqu_horse2	The Yu Ting Terrace is a colossal war drum, allowing the [Wandering Fragrance] to perform rituals upon the battlefield, carrying the blessings of the Vast Heavens to all who need them most.	false
land_units_onscreen_name_deer_cth_yiqu_horse2	[Wandering Fragrance] Yi Yao Hua	true
ancillaries_onscreen_name_deer_cth_jinjun_f_weapon	Dust-Shaking Life	true
character_skills_localised_name_deer_cth_jinjun_f_horse	War Horse	false
unit_description_short_texts_text_deer_cth_jinjun_f	Miao Yi is Yun Xiang's second-in-command, and the only known female among the Dragon Emperor's Palace Guard. Cathay's heroines who have earned a place in history are almost always chosen for the Moon Empress's court, and when people believed that Miao Yi, too, would be selected as a Handmaiden for her great achievements, an emissary from the Heavenly Court instead summoned her in the name of Hao Tian. Thus Miao Yi became fortunate enough to be among the last to receive the Dragon Emperor's blessing. In the hundred years since the Jade Dragon departed, the Palace Guard have fought and sacrificed themselves countless times for Cathay's survival. To this day, fewer than a hundred of the Heavenly Court's Guard remain, but Miao Yi and her comrades will unwaveringly uphold their ancient oath — as true this autumn as it will be for ten thousand generations to come.	true
character_skills_localised_description_deer_cth_jinjun_f_horse2	The Gilded Lion is the exclusive mount of the Dragon Emperor's Guard, these powerful constructs infused with the Dragon Emperor's magic, unstoppable upon the field of battle.	false
unit_description_short_texts_text_deer_cth_guojin	During the previous invasion of the Dark Elves, Tang Jing Yin, as Leader of the Martial World, united every sect and school across Cathay's length and breadth, and through a brutal victory at Xuan Yuan, annihilated the Dark Elf coalition that sought to press further inland. Countless wandering warriors, including Tang Jing Yin's own wife, gave their lives for the nation in that battle, and [Giant Hero] himself vanished without a trace afterward. Now, with the nation's fortunes faltering once more and every common man bearing responsibility, Tang Jing Yin has finally returned to the martial world.	true
units_custom_battle_mounts_mount_name_deer_cth_guojindeer_cth_guojin_horse	Spirit Arm	false
unit_abilities_onscreen_name_deer_guojin_hunyuanwuxiangjue	Formless Primordial Technique	true
character_skills_localised_name_deer_cth_meihouwang_weapon	As-You-Wish Golden-Banded Staff	true
unit_abilities_tooltip_text_deer_meihouwang_tongtoutiebi	The Handsome Monkey King's body was forged into one with the stolen peaches, imperial wine, and dragon pills through the Samadhi Fire. Blades and axes, thunder and fire, poison and wine—none can leave the slightest mark upon it	true
effects_description_deer_meihouwang_tongtoutiebi	Skill: [Bronze Head and Iron Arms]	true
unit_abilities_tooltip_text_meihouwang_bug_form	A transformation technique taught by the Old Immortal of Tian Shan, allowing the Handsome Monkey King to evade the damage of the Three Calamities — Heavenly Thunder, Yin Fire, and Bi Wind — in pursuit of his wish for immortality.	true
unit_abilities_onscreen_name_deer_meihouwang_bingqiyu	Rain of Weapons	true
unit_abilities_tooltip_text_deer_meihouwang_bingqiyu	『Transforming at once into a thousand iron rods, like flying snakes and coiling pythons, falling in chaos from the empty sky』	true
unit_abilities_onscreen_name_meihouwang_bug_form2	Seventy-Two Transformations	true
ancillaries_onscreen_name_deer_cth_meihouwang_talisman_item	Lotus-Silk Cloud-Treading Boots	true
ancillaries_colour_text_deer_cth_meihouwang_talisman_item	Woven from lotus silk, these immortal shoes tread lightly upon shadow, chasing the wind through the void.\\n\\nTen thousand miles of dust wear down the toes, nine layers of frost and snow quench the hems in ice.\\n\\nThe Milky Way pours down to wash the golden threads, slanting through the Moon Grotto to cross the violet rainbow.\\n\\nWith a Buddha's heart and a Daoist's bones, they walk the distant road, returning at last to the Eastern Lands to claim their merit and fame.	true
character_skills_localised_name_deer_cth_meihouwang_f_armour	Chainmail Golden Armor	true
character_skills_localised_description_deer_cth_meihouwang_f_armour	Coiling dragon chains roar to the heavens; golden armor's flowing light shoots through the starry sky\\n\\nCloud-borne waves broken beneath a thousand-pound staff; one stroke of the rod clears ten thousand miles of realm\\n\\nThe Celestial River rolls back, silver scales dancing; the Jade Palace shifts and turns, weapons raised in pride\\n\\nNine-times refined mystic gold, tempered through a hundred forgings; coiling chains guard the Monkey King in dragon form	true
character_skills_localised_description_deer_cth_meihouwang_linggen_01	Discern countenance and color, and evil is born of one's own talent.\\n\\n[[col:green]]The Handsome Monkey King's Six Roots were stripped from him by the Dragon Emperor as punishment, scattered across the eight wildernesses. Fight for Grand Cathay, raise your level, and reclaim these Roots one by one (the attributes gained from the previous Root will carry over to the next; only the most recently obtained Root need be equipped).[[/col]]	true
ancillaries_colour_text_deer_cth_meihouwang_linggen_01	To discern appearance and judge complexion—wickedness born of one's own talent.\\n\\n[[col:green]]The Monkey King's six roots were stripped away by the Dragon Emperor as punishment, scattered across the eight wildernesses. Fight for Zhen Dan and raise your level to reclaim these roots one by one. (Attributes gained from the previous root carry over to the next; only the most recently obtained root need be used.)[[/col]]	false
ancillaries_colour_text_deer_cth_meihouwang_linggen_02	To listen to sounds and discern reason—knowing difficulty makes ease possible.\\n\\n[[col:green]]The Monkey King's six roots were stripped away by the Dragon Emperor as punishment, scattered across the eight wildernesses. Fight for Zhen Dan and raise your level to reclaim these roots one by one. (Attributes gained from the previous root carry over to the next; only the most recently obtained root need be used.)[[/col]]	false
character_skills_localised_description_deer_cth_meihouwang_linggen_04	Taste the marrow and know its flavor; joy carried to excess breeds sorrow.\\n\\n[[col:green]]The Handsome Monkey King's Six Roots were stripped from him by the Dragon Emperor as punishment, scattered across the eight wildernesses. Fight for Grand Cathay, raise your level, and reclaim these Roots one by one (the attributes gained from the previous Root will carry over to the next; only the most recently obtained Root need be equipped).[[/col]]	true
character_skills_localised_name_deer_cth_meihouwang_linggen_02	[[col:yellow]]Ears Hear Anger[[/col]]	true
character_skills_localised_name_deer_cth_meihouwang_linggen_04	[[col:yellow]]Tongue Tastes Thought[[/col]]	true
unit_abilities_onscreen_name_deer_meihouwang_dingshenfa	Body-Binding Technique	true
unit_abilities_tooltip_text_deer_meihouwang_dingshenfa	A wondrous art of manipulation—with but a point of the finger, the enemy is frozen in place, unable to move	true
unit_description_short_texts_text_deer_cth_nezha	Na Tian was once the Third Prince of Zhu Long's court, a pureblood descendant of Zhu Long himself, as headstrong and untamable as Li Dao and equally favored by the dragon. But his arrogant temperament eventually brought disaster — Na Tian, in his insolence, provoked the fury of Ming Long's envoy, and in the ensuing clash, accidentally killed a Dragon-kin of Yin Yin. Knowing he had caused a terrible calamity, Na Tian, to spare Ling Nan from being implicated, took his own life by carving the flesh from his own bones. The grief-stricken Zhu Long sent his remains to Kun Lan, where the Old Immortal there preserved Na Tian's soul through the wondrous art of [Lotus Incarnation], and from then on Na Tian has cultivated at the Old Immortal's side as his attendant, hoping one day to atone for his past sins through his deeds.	true
land_units_onscreen_name_deer_cth_nezha	[Third Prince] Nanuo Tian	true
character_skills_localised_name_deer_cth_nezha_weapon	Purple Flame Fire-Tip Spear	true
unit_abilities_onscreen_name_deer_nezha_santouliubi	Three Heads and Six Arms	true
character_skills_localised_name_deer_cth_nezha_enchanted_item	Heaven-Mingling Silk	true
character_skills_localised_name_deer_cth_nezha_talisman	Wind Fire Wheels	true
unit_abilities_onscreen_name_deer_nezha_huntianlingxiang	Ringing of the Chaos-Rending Sash	true
land_units_onscreen_name_deer_baochuan	Long Peng	true
agent_subtypes_description_text_override_mike	Tong Long is the Commissioner of the Hong Wu Overseers, the foremost master of the inner court's secret affairs, honored with the title [Shadow Simurgh].	true
unit_description_short_texts_text_deer_cth_mike	Tong Long is the foremost master of the Inner Palace's covert operations, Chief of the Hong Wu Overseers, revered as [Shadow Simurgh].	true
names_name_8301199	[Shadow Phoenix] Tong Long	true
character_skills_localised_name_cth_mike_skill_1_0	Chief of the Inner Palace	false
character_skills_localised_name_cth_mike_skill_1_1	Commissioner of the Hong Wu Overseers	false
character_skills_localised_name_cth_mike_skill_1_2	Solver of Countless Mysteries	false
character_skills_localised_description_cth_mike_skill_1_4	The pursuit of criminals, the judging of cases, and the governance of cities are the foremost duties of the officials of the Hong Wu Overseers—they are the extended senses of the Celestial Court itself.	false
effects_description_wh3_main_effect_ability_disable_jinyiwei	Replaces skill: 'Blood-Dripping Blade'	true
character_skills_localised_name_cth_mike_addition_skill1	Bearer of Heads	false
character_skills_localised_name_cth_mike_addition_skill2	Golden Pupil	false
unit_abilities_onscreen_name_wh3_deer24_abilities_jinyiwei_upgrade	Head-Taker	true
unit_abilities_tooltip_text_wh3_deer24_abilities_jinyiwei_upgrade	Shadow Simurgh's Blood-Dripping Blade is even more lethal than others' — this high-speed spinning weapon can take an enemy's head in an instant.	true
agent_subtypes_description_text_override_taishi	Jiang Wang, Right Grand Tutor, oversees all affairs of the Jade Court's inner sanctum. When Yuan Bo led his forces on a distant campaign, he bestowed upon Jiang Wang the jade seal, decreeing: 'In my stead shall you govern the Jade Court, acting as regent over the realm.'	true
character_skills_localised_description_deer_cth_taishi_weapon	'Observe the way of the heavens, grasp the movements of the heavens'	true
unit_abilities_tooltip_text_deer_taishi_qihe	The power of the Elemental Winds gathers into a single point, enough to transform into a force that overturns heaven and earth	true
effects_description_deer_cth_taishi_mount2	Mount: Blue Qi Lin	false
character_skills_localised_description_cth_taishi_skill_addition	"To govern an army is like governing water—channel its flow, and guide its current."	false
effects_description_wh3_main_skill_node_cth_yushihujun_additional_2	Skill: 'Jade Marrow, Burning Soul'	true
character_skills_localised_name_wh3_main_skill_node_cth_yushihujun_additional_1	[Jade Marrow, Shared Grace]	true
unit_abilities_tooltip_text_wh3_main_skill_node_cth_yushihujun_additional_1	[Jade bones form a fence against the spectral horde, an immortal form becomes a vessel to hold the rivers.]	true
ancillary_sets_description_wwd_cstg_set	Today, of all days!	false
ancillaries_onscreen_name_deer_cth_taishi_horse	Warhorse	false
character_skills_localised_description_LX_deer_weapon	A Zhen Dan Zhan Ma sword imbued with boundless power, yet light as a feather in Yun Xiang's hands. It cleaves water and severs feathers, splits mountains and cuts through ridges—all by this blade alone.	true
ancillary_sets_description_deer_LX_ancillary_set	Yun Xiang is the mightiest champion warrior mortal Zhen Dan has produced in a hundred years, the Superintendent of the Heavenly Court, Commander of the Two Guards, Grand General of Heaven's Strategy, and Commander of the Palace Guard. Beneath the dragons, he stands at the very pinnacle of the mortal world, and his arrival heralds the coming of the Dragon Emperor's wrath.	false
ancillaries_onscreen_name_guanshan_deer_enchanted_item	Bag of Wisdom	true
character_skills_localised_description_guanshan_deer_talisman	The Seven-Star Candle is a divine artifact of the southern lands. With seven candles forming an array, their flames burn ever bright, and though it holds the power to overturn mountains and seas, the one it protects may remain unshaken	true
character_skills_localised_name_guanshan_deer_mount	Nine-Colored Deer	false
ancillaries_colour_text_guanshan_deer_mount	The Nine-Colored Deer is a sacred beast of the Bright Moon Forest. This gentle, kindly doe is regarded as an extension of the Moon Empress's power.	false
character_skills_localised_description_guanshan_deer_horse	A general's warhorse is his most trusted and valiant companion. Just don't name it 'Little Daisy'	false
effects_description_deer_ability_guanshan_zhuoshizhiguang	Unlocks Skill: [Illuminating All Rivers]	false
land_units_onscreen_name_deershizi	[Sky-Defying Sovereign] Yi Qing	true
ancillaries_onscreen_name_deershizi_armour	Radiant Light	true
ancillaries_onscreen_name_deershizi_enchanted_item	Long Farewell	true
character_skills_localised_name_deershizi_arcane_item	Ten Proposals for Military Reform	true
character_skills_localised_name_deershizi_talisman	Thousand-Word Poem	true
character_skills_localised_name_wh3_main_skill_innate_deershizi_innate_6	Hero of Home and Nation	true
ancillaries_colour_text_deershizi_mount	Ink-shadow like a bow, its string draws forth thunder.	false
character_skills_localised_description_deershizi_mount	Its ink-dark form like a drawn bow, its bowstring's release like startling thunder	false
effects_description_deer_ability_shizi_chongfeng	Unlocks Skill: [Wind-Blown Catkins]	false
character_skills_localised_name_wh3_main_skill_node_cth_deershiziARMY_self_1	Marching Steps Shake the Heavens	true
ancillaries_onscreen_name_deerduanzhu_enchanted_item	Stone-Burning Spike	true
character_skills_localised_name_wh3_main_skill_innate_JINJUNdeerduanzhu	Refined to Perfection	true
character_skills_localised_name_wh3_main_skill_innate_deerduanzhu_innate_4	Walk with the Dragon	true
character_skills_localised_name_wh3_main_skill_innate_deerduanzhu_innate_5	Sculpting Form, Carving Eyes	true
ancillaries_colour_text_deerduanzhu_weapon	Forged in fire, quenched in cascading flame, tempered a thousand times over.	true
character_skills_localised_description_wh3_main_skill_innate_deerduanzhu_innate_1	Chang Yuan is far from impregnable, and the Artisans' Guild is far from unified. For a long time, corrupt officials ignored the frontier soldiers' protests over their lack of arms, skimming supplies for their own gain. But once Qiao Xiao successfully seized authority, the greedy received their due punishment, and countless blades forged under his supervision were sent to Chang Yuan.	true
character_skills_localised_description_wh3_main_skill_innate_deerduanzhu_innate_2	Qiao Xiao has deep mastery of the arts of war against the northern threat — invaders will find no easy victory at his hands.	true
character_skills_localised_description_wh3_main_skill_innate_deerduanzhu_innate_4	Beneath the high heavens, one still bears the Dragon's grace; with this mortal form, one walks alongside the Dragon.	true
character_skills_localised_description_wh3_main_skill_innate_deerduanzhu_innate_5	Clay, like steel, holds boundless possibilities. The Bureau of Statue-Casting exists to ensure that potential is fully realized — sometimes, one small alteration is all it takes to bring a stone statue to life.	true
character_skills_localised_name_deerduanzhu_mount	Yan Kui	false
ancillaries_colour_text_deerduanzhu_mount	A body like solid rock, a spirit that could swallow mountains and rivers.	false
ancillaries_onscreen_name_deerduanzhu_horse	Warhorse	false
unit_abilities_onscreen_name_deer_ability_enable_hualongdianjing	Carving the Dragon's Eyes	true
ancillaries_colour_text_yuenv_deer_armour	Zhao Qi's magnificent robe is adorned with pure white fox fur, blended so seamlessly it seems not to have been sewn at all. Unfortunately, no one has ever seen Zhao Qi remove her robe, or else the master tailors of North Qi Xin would surely study it in depth.	true
character_skills_localised_description_wh3_main_skill_innate_yuenv_fox_formg	Zhao Qi is a leader who succors the common people, a healer who saves the dying and the wounded, and a wise strategist who remains calm in the face of danger — but only now does her true form descend.	true
ancillaries_onscreen_name_lvqiling_deer_armour	Martial Reverence Armor	true
character_skills_localised_name_lvqiling_deer_armour	Martial Reverence Armor	true
effects_description_lvqiling_deer_mount	Mount: Dan Tu	false
character_skills_localised_description_lvqiling_deer_horse	A general's warhorse is his most trusted and valiant companion. Just don't name it 'Little Daisy'	false
unit_abilities_onscreen_name_deer_ability_lvqiling_lidiqianjun	Strength to Match a Thousand Pounds	true
unit_abilities_tooltip_text_deer_ability_baibuchuanyang	Deep within the camp gate, the moon seems to open, a single cold star amid the small branches	true
unit_abilities_tooltip_text_deer_ability_guisheng	Xin Qi moves through the battlefield like a ghost or spirit; any who dare challenge her will pay the price	true
unit_abilities_onscreen_name_deer_yuchigong_jiu	Fu Hong Temple Phoenix Abyss Wine	true
ancillaries_colour_text_deer_cth_yuchigong_enchanted_item	A fine brew crafted by the monks of Fu Hong Temple. Holding the wine in one's mouth and praying for Zhu Que's protection invokes the blessing of the guardian beast's spirit.\\n\\nDescending spirits is a burden mortal flesh can scarcely bear, but with the Phoenix Abyss Wine as a medium, one may briefly manifest miracles within a mortal shell.	true
ancillaries_colour_text_deer_cth_yuchigong_weapon	Duan Wei's twin whips, like those of the other Beacon-Keepers, were forged by the legendary Kun Lan master craftsman Kong, and consecrated by the abbot of Fu Hong Temple as peerless weapons. Before this, Duan Wei's sword was Lofty Peak, one of the Six Swords of Kun Lan; after a duel at the frontier city, Duan Wei passed that divine blade on to Pei Yue, a warrior who had earned his recognition.	true
effects_description_deer_yuchigong_longteng	Skill: 'Phoenix Manifestation'	true
unit_abilities_onscreen_name_deer_hengxing	Rampant Advance	true
ancillaries_onscreen_name_deer_cth_hanxin_enchanted_item	Qing Bao Sovereign's Admonition	true
land_units_onscreen_name_deer_cth_hanxin	[Prince of Nan Yang] Han Cheng	true
character_skills_localised_name_deer_cth_hanxin_mount	Coiling Dragon Steed	false
ancillaries_onscreen_name_deer_cth_hanxin_talisman_item	Qing Bao Talisman	true
character_skills_localised_name_deer_cth_hanxin_talisman_item	Qing Bao Talisman	true
ancillaries_colour_text_deer_cth_hanxin_talisman_item	A treasure bestowed upon Han Cheng by Sovereign Qing Bao. Upon use, the Sovereign's kin and guardian protectors shall answer the summons to aid Han Cheng in his great endeavor.	true
land_units_onscreen_name_deer_cth_nicheng_horse	[Usurper] Ye Sheng	true
character_skills_localised_name_deer_cth_nicheng_weapon	Demon-Breaking Feathered Edge	true
ancillaries_colour_text_deer_cth_nicheng_weapon	The standard sabre of the Raven-Feather Legion, its blade sharp enough to cut through iron like mud, enchanted with special sorcery by the alchemist-priests. Its previous owner discovered Ye Sheng's plot and became a target of Ye Sheng's agents as a result. After the cost of several Hong Wu Overseers, this lone assassin and his weapon remained forever in Ye Sheng's estate. Ye Sheng treasures this fine blade dearly, though he can never quite get used to wielding it.	true
ancillaries_onscreen_name_deer_cth_nicheng_weapon	Demon-Breaking Feathered Edge	true
effects_description_deer_nicheng_huangpao4	Skill: [A Hidden Arrow Wounds]	true
character_skills_localised_description_deer_cth_yushihujun_mount	Jin Xiao's mount has traversed the cycle of life and death alongside him, remaining loyal and devoted even reduced to dry bones	false
character_skills_localised_name_deer_cth_yushihujun_weapon	Uncarved Jade Trident Spear	true
effects_description_deer_yushihujun_yuguxian	Skill: 'Jade Bone Immortal'	true
land_units_onscreen_name_deer_cth_yushihujun_mount	[Jade Bone Immortal] Jin Xiao	true
ancillaries_colour_text_deer_cth_yushihujun_mount	Jin Xiao's mount has crossed the cycle of life and death alongside him, remaining loyal even reduced to bare bones.	false
unit_abilities_tooltip_text_deer_yushihujun_jiaguoyouzai	Nong Chang stands like a lonely island, its trapped survivors clinging to life, ever believing that one day they will reclaim their homeland	true
land_units_onscreen_name_deer_cth_qinqiong_horse	[Golden Spear Guardian] Qin Yuan Yi	true
ancillaries_colour_text_deer_cth_qinqiong_enchanted_item	It is believed that a fragment of the soul of Zhen Dan's revered divine beast resides within Qin Yuan Yi's spirit. Daoist priests crafted a special life talisman for him, to help him better control this power without being consumed by it.	true
effects_description_deer_qinqiong_jinqiangtaibao	Skill: [Golden Spear Guardian]	true
character_skills_localised_description_deer_cth_qinqiong_weapon	Qin Yuan Yi's weapon, blessed by the Vermilion Bird and stained with the blood of southern foes, its spearhead now bearing a crimson hue that can never be washed away	true
ancillaries_onscreen_name_deer_cth_qinqiong_mount	Ten-Thousand-Mile Mist Glow	false
ancillaries_colour_text_deer_cth_qinqiong_mount	The Ten-Thousand-Mile Mist Glow is rare and majestic, allowing only truly qualified riders to command it.	false
character_skills_localised_name_deer_cth_yangjian_weapon	Trident-Edged Double-Bladed Saber	true
effects_description_deer_yangjian_xiaotianquan	Skill: 'Howling Celestial Hound'	true
unit_abilities_tooltip_text_deer_yangjian_lipihuashan	Hou Qian carries with him the immortal axe forged by the Old Immortal of Kun Shan. At a glance it seems no different from an ordinary weapon, but when wielded, it transforms freely, blotting out the sky and sun, cleaving mountains and carving abysses	true
unit_abilities_tooltip_text_deer_yangjian_tianyankai	The wise eye upon Hou Qian's brow gathers the power of the Elemental Winds; wherever its gaze falls, all evil retreats	true
unit_abilities_onscreen_name_deer_cth_yangjian_enchanted_item	Demon-Slaying Sword	true
unit_description_short_texts_text_deer_cth_huangfengdasheng	A hundred years have passed since that fateful day, and New Wu has long since been left desolate, the yellow sand still raging aimlessly across the land. Yet bold merchants occasionally still pass through that way, claiming that the ruins of New Wu still bustle with the sound of voices — though obscured by that yellow wind, no one can tell for certain whether what they hear are men or demons.	true
ancillaries_onscreen_name_deer_cth_huangfengdasheng_talisman	Wind-Calming Pill	true
effects_description_deer_huangfengdasheng_sanmeishengfeng	Skill: [Samadhi Wind]	true
ancillaries_colour_text_deer_cth_jinfo_weapon	A double-headed mace personally enchanted by Yuan Bo, a treasure presented by the Kingdom of a Thousand Gods beyond the Celestial Mountains when Xue Ding campaigned in the south.	true
unit_description_short_texts_text_deer_cth_jinfo	[Son of the Yin River] Xue Ding is the Grand General of the Left Guardian of the Jade Court. He accompanied Yun Feng Zi in the campaign against Roselia, clad in white robes and bearing a staff strung with talismans, charging into the enemy lines with a great cry, unstoppable wherever he went. Having fought alongside the Jade Dragon for over twenty years, he crushed the Nine Tribes of the wild Greenskins, subdued the Black Lotus bloodline, and broke the Lizardmen — his merits are truly extraordinary.	true
ancillaries_onscreen_name_deer_cth_jinfo_mount	Warhorse	false
unit_abilities_onscreen_name_deer_nvxia_xuanheng2	Yu Qiang	false
ancillaries_onscreen_name_wwd_cth_yawei_item	[Night-Crosser] Straw Cloak	true
land_units_onscreen_name_wwd_cth_yawei_1	[Raven Guard] Ku Xi	true
land_units_onscreen_name_wwd_cth_yawei_0	[Raven Guard] Ku Xi	true
unit_abilities_tooltip_text_wwd_yawei_duye	You hear the rustle of feathers, and can even feel the blade closing in on you — but where, exactly, is he?	true
unit_abilities_onscreen_name_yawei_human_form	Gather Qi and Return to Form	true
unit_abilities_tooltip_text_yawei_human_form	Ku Xi can freely shift between his two forms, turning the tide of battle at the most opportune moment.	true
unit_abilities_tooltip_text_wwd_yawei_tuimo	The rumors are not without basis — and for the [Raven Guard], a master of assassination, the deeds whispered of him are as easy as breathing.	true
land_units_onscreen_name_deer_cth_zhugeliang_1	[Moon Immortal] Fang Wen Zi	true
unit_abilities_tooltip_text_deer_zhugeliang_shibingbazheng	『Open, Rest, Life, Injury, Obstruct, Scene, Death, Fright』—once the Eight Trigrams are opened, the enemy is overcome	true
unit_abilities_onscreen_name_deer_zhugeliang_yinfengshufa	Draw Wind, Bind Magic	true
unit_abilities_tooltip_text_deer_zhugeliang_mingjingzhishui	Though Fang Wen Zi is a senior member of the Astronomical Bureau, he prefers to immerse himself in the mountains and wilds, feeling the spiritual breath of heaven and earth to refine his own temperament	true
ancillaries_onscreen_name_deer_cth_zhugeliang_3	Wandering Cloud	true
units_custom_battle_mounts_mount_name_deer_cth_zhugeliang_0deer_cth_zhugeliang_3	Wandering Cloud	true
effects_description_deer_cth_zhugeliang_3	Mount: Wandering Cloud	true
unit_abilities_tooltip_text_deer_wuchi_xiazhidazhe	『For the nation, for the people』	true
unit_abilities_onscreen_name_deer_wuchi_wujingwulian2	Endless Martial Training II	false
unit_abilities_tooltip_text_deer_wusheng_zhiyuanzhongchen	The [Martial Sage]'s renown is known to all; any enemy who dares face him in combat trembles before his unmatched skill	true
unit_abilities_tooltip_text_deer_wusheng_yuxianjingpo	Ten thousand generations of peace, yet a new calamity has arisen, and suffering follows. Yet peace and harmony ever turn anew, and there will always be men of righteousness to still the chaos.	true
character_skills_localised_name_deer_cth_wusheng_enchanted_item	Yin-Yang Jade Mask	true
unit_abilities_onscreen_name_deer_zhouyu_cuifengpo	Wind-Breaking Wave	true
ancillaries_colour_text_deer_cth_zhouyu_enchanted_item	Ying Jin is deeply versed in music and has a particular fondness for the flute. Whenever he plays within the army, whether stirring homesickness or kindling great ambition, all who hear it are moved alike.	true
ancillaries_onscreen_name_deer_cth_zhouyu_horse	Warhorse	false
character_skills_localised_description_deer_cth_zhouyu_horse	A general's warhorse is his most trusted and valiant companion. Just don't name it 'Little Daisy'	false
character_skills_localised_name_deer_cth_zhouyu_horse2	Zhe Gu Tian	false
character_skills_localised_description_deer_cth_zhouyu_horse2	Zhe Gu Tian is the proudest creation of the Soul-Enthralling craftsmen, the flagship of the Soul-Enthralling sky junk fleet, bearing the pride of the entire Soul-Enthralling people	false
effects_description_deer_tianzhou_speed	Speed: Sky Junk and Sky Lantern units %+n%	true
unit_abilities_tooltip_text_deer_yiqu_qitianwu	『[Wandering Fragrance] dances the rite of prayer to heaven, and the miracles of the vast sky descend in answer』	true
unit_abilities_onscreen_name_deer_yiqu_baikunyin	Hymn of Homage to Earth	true
character_skills_localised_description_deer_cth_yiqu_horse	A general's warhorse is his most trusted and valiant companion. Just don't name it 'Little Daisy'	false
units_custom_battle_mounts_mount_name_deer_cth_yiqudeer_cth_yiqu_horse	Warhorse	false
effects_description_deer_yiqu_yinqiange	Skill: 'Song to Welcome the Heavens'	true
land_units_onscreen_name_deer_cth_yiqu_horse	[Wandering Fragrance] Yi Yao Hua	true
units_custom_battle_mounts_mount_name_deer_cth_jinjun_fdeer_cth_jinjun_f_horse2	Gilded Lion	false
ancillaries_onscreen_name_deer_cth_guojin_weapon	Heaven-Toasting Sword	true
effects_description_deer_guojin_tianshang	Skill: [Heavenly Goblet]	true
character_skills_localised_description_deer_cth_guojin_weapon	Foremost of the Six Swords of Kun Lan, it vanished without a trace alongside Tang Jing Yin in the great battle over a decade ago. This blade was once thought by Cathayans to be the mightiest weapon in the mortal realm, but a sword, in the end, is merely a tool—right and wrong depend entirely on the one who wields it.	true
character_skills_localised_name_deer_cth_guojin_horse	Spirit Arm	false
character_skills_localised_description_deer_cth_guojin_horse	A spirit arm formed from the power of the Winds of Magic, a divine miracle blessed by the Vast Heavens.	false
effects_description_deer_guojin_tianshang_use_mod	Number of Uses: [Heavenly Goblet] %+n	true
unit_abilities_onscreen_name_deer_meihouwang_tongtoutiebi	Bronze Head and Iron Arms	true
unit_abilities_onscreen_name_meihouwang_bug_form	Seventy-Two Transformations	true
unit_abilities_onscreen_name_deer_meihouwang_shenwaishen	Body Outside the Body	true
unit_description_short_texts_text_deer_meihouwang_shenwaishen	Blow upon a single strand of fur, and it transforms into a thousand troops and ten thousand horses.	true
unit_abilities_onscreen_name_deer_meihouwang_danaotiangong	Great Havoc in Heaven	true
unit_abilities_tooltip_text_deer_meihouwang_danaotiangong	Clouds crumble and seas split, mountains and rivers give way, a hundred thousand claps of thunder fall like iron pellets\\n\\nWaves surge over Peng Lai and the azure void shatters, the rosy mists of Kun Lun darken and the jade palace tilts\\n\\nThe eight wildernesses bow their heads, all heavens fall silent, the myriad gods and buddhas make not a sound\\n\\nHis divine form shimmers and swallows the Dipper's handle, leaving only his divine form to eclipse the distant stars	true
unit_abilities_tooltip_text_deer_meihouwang_fatianxiangdi	Clouds crumble and seas split, mountains and rivers give way, a hundred thousand claps of thunder fall like iron pellets\\n\\nWaves surge over Peng Lai and the azure void shatters, the rosy mists of Kun Lun darken and the jade palace tilts\\n\\nThe eight wildernesses bow their heads, all heavens fall silent, the myriad gods and buddhas make not a sound\\n\\nHis divine form shimmers and swallows the Dipper's handle, leaving only his divine form to eclipse the distant stars	true
ancillaries_colour_text_deer_cth_meihouwang_f_armour	Coiled dragon chains roar to the vault of sky, golden armor's flowing light pierces the stars,\\n\\nAmid clouds and waves the thousand-jin staff strikes, one blow clears ten thousand leagues of land,\\n\\nThe Celestial River churns, silver scales dance, the Jade Palace shifts as weapons rise in glory,\\n\\nNine-times-forged dark gold, tempered through a hundred trials, coiled dragon chains guard the Monkey King.	true
unit_abilities_tooltip_text_deer_meihouwang_juxingsanqi	Gathering form, scattering qi—leaving neither trace nor track	true
effects_description_deer_meihouwang_dingshenfa	Skill: [Body-Binding Technique]	true
effects_description_deer_nezha_santouliubi	Skill: [Three Heads and Six Arms]	true
unit_abilities_tooltip_text_deer_nezha_huojianqiang	『Legend says this spear was forged from the flames of Zhu Long, its spearhead shaped like fire, its tip able to spew flame, its shaft over eighteen feet long, capable of changing form at will. Within it lies boundless power, a divine weapon for slaying demons and beheading enemy generals, its might rivaling even the Dragon Emperor's Champion's divine weapon, Mountain Crusher』	true
ancillaries_colour_text_deer_cth_nezha_enchanted_item	A treasure from the Heavenly Mountains, a miracle blessed by Zhu Que, wrapped around Na Tian's body since birth. Crimson in color, elongated in shape, at once fierce and gentle, it binds and ensnares foes, resembling clouds — thus its power can churn the sun, moon, and stars into chaos, and cleave through rivers, lakes, and seas alike.	true
unit_abilities_tooltip_text_deer_nezha_santouliubi	『Three heads appear like gods themselves, six arms sway and shake heaven and earth\\n\\nThe left wields fire-tip to burn away demons, the right swings to pin down the Three Purities\\n\\nSwift as shooting stars chasing sun and moon, its splendor rivaling the light of heaven\\n\\nWind-fire wheels spin beneath his feet, sweeping through armies with unstoppable force』	true
unit_abilities_onscreen_name_deer_nezha_santouliubi2	Maddened by Flame	true
unit_abilities_tooltip_text_deer_nezha_feixue	『His true nature runs wild, boiling blood churning in chaos』	true
effects_description_deer_doushen_availability	Unlocks recruitment for [[img:icon_hero]][[/img]] Hero: Commander of the Cloud Banner	false
effects_description_deer_mike_xuedizi	Skill: [Blood-Dripping Blade]	true
effects_description_wh3_deer24_abilities_yiqi_range	Hong Wu Overseer skill range: 'All-Seeing Eyes' %+n%	false
character_skills_localised_description_cth_mike_skill_1_3	When the enemy believes themselves safe, it is best to prove them wrong.	false
character_skills_localised_name_deer_cth_mike_amour	Uncanny Skill	true
effects_description_wh3_main_effect_ability_disable_concealment_bombs	Replaces skill: 'Concealment Bombs'	true
character_skills_localised_description_cth_mike_addition_skill1	The Shadow Simurgh's Blood-Dripping Blade proves deadlier than any other. This high-speed spinning weapon can claim an enemy's head in an instant.	false
unit_abilities_onscreen_name_wh3_deer24_abilities_concealment_bombs_upgrade	Thousand Embers	true
character_skills_localised_description_wh3_main_skill_node_cth_yuenv_additional_2	A cold moon, frosted woods, a lone fox howls alone,\\nA fox's shadow hides its sorrow within.\\nPine gullies, distant crane tracks,\\nTears stain the plain paper — who will ever know?\\nThe soul lingers, the soul lingers,\\nThe heart entrusted to a small boat on the Jade River.	true
character_skills_localised_description_wh3_main_skill_node_cth_yuenv_additional_3	Ask not after drifting duckweed,\\nBut gather instead the orchid-scented sleeve.\\nWhere hearts share a bond,\\nOne touch, and understanding follows.	true
ancillaries_colour_text_deer_cth_taishi_weapon	'Observe the Way of Heaven, and grasp the workings of Heaven.'	true
character_skills_localised_name_taishi_skill_texing	True Lord of the Jade Pivot	false
character_skills_localised_description_taishi_skill_texing	Jiang Wang is a disciple of the Old Immortal of Kun Lan. After his master attained enlightenment and ascended to heaven, he emerged from seclusion to aid Yuan Bo, serving as Grand Tutor and Regent of the Jade Court, foremost among all the ministers of the celestial bureaus.	false
character_skills_localised_name_cth_taishi_skill_1_0	Insight into the Subtle Workings of Heaven	false
character_skills_localised_name_cth_taishi_skill_1_2	Boundless Harmony of Qi	false
character_skills_localised_name_cth_taishi_skill_1_4	Loyal Guard of the Jade Court	false
character_skills_localised_description_deer_cth_taishi_talisman	A treasured gourd hidden within Kun Lan, containing within it the whole of creation, capable of conjuring something from nothing, brewing sweet nectar and jade dew from itself	true
unit_abilities_onscreen_name_deer_taishi_qihe	Union of Boundless Qi	true
ancillaries_onscreen_name_deer_cth_taishi_mount2	Blue Qi Lin	false
character_skills_localised_description_deer_cth_taishi_mount2	A wondrous beast of the Sky Mountains, its form like jade-green clouds condensed, its dark radiance gathering into spirit. Its eyes are like a cold pool reflecting the moon, and mountains and rivers pale before its gaze; its mane billows like dark waves riding the wind, and where it moves, mist and haze part before it. With every breath, mountain mists swirl and coil, frost and dew form into jeweled adornments; with every shake of its mane, rainbows burst forth, and the vault of heaven reveals patterns of auspicious clouds. Truly, it is the crystallization of heaven and earth's purest essence, an omen of good fortune for all living things	false
effects_description_wh3_main_skill_node_cth_yushihujun_additional_1	Skill: 'Jade Essence, Shared Marsh'	true
effects_description_deer_liguang_shejian	Skill: [Flying General]	true
unit_abilities_onscreen_name_deer_liguang_shejian	Flying General	true
unit_abilities_tooltip_text_deer_liguang_shejian	Li Su is unmatched in mounted archery; even against ten thousand troops, he would still leave men and horses toppled	true
unit_abilities_onscreen_name_wwd_liguang_zhi	Linked Chain	true
unit_abilities_tooltip_text_wwd_liguang_zhi	When the rain of arrows falls, you had better pray your armor is strong enough.	true
effects_description_wwd_liguang_zhi	Skill: 'Linked Chain'	true
unit_abilities_onscreen_name_wwd_liguang_qun	Nine Heavens	true
unit_abilities_tooltip_text_wwd_liguang_qun	Where will you hide?	true
effects_description_wwd_liguang_qun	Skill: 'Nine Heavens'	true
unit_abilities_onscreen_name_wwd_liguang_dan	Setting Sun	true
unit_abilities_tooltip_text_wwd_liguang_dan	This is an arrow shot with his life on the line — there is nowhere for you to run.	true
effects_description_wwd_liguang_dan	Skill: 'Setting Sun'	true
effects_description_deer_liguang_use_mod_qun	Number of Uses: [Nine Heavens] %+n	true
effects_description_deer_liguang_use_mod_zhi	Number of Uses: [Linked Chain] %+n	true
effects_description_deer_liguang_cooldown_qun	Cooldown Rate: [Nine Heavens] %+n%	true
effects_description_deer_liguang_cooldown_zhi	Cooldown Rate: [Linked Chain] %+n%	true
agent_subtypes_onscreen_name_override_liguang	Legendary Lord	true
agent_subtypes_description_text_override_liguang	Li Su has served in the army for over forty years, having taken part in quelling the Rebellion of the Six Commanderies, and served successively as Governor of the Three Passes of Chang Yuan. Renowned as the Foremost Divine Archer of the Northern Defense, though past his fiftieth year, he remains equal to great responsibility, repeatedly leading troops alongside Yi Qing on northern campaigns, greatly feared by all the Zag tribes.	true
ancillaries_colour_text_deer_cth_liguang_weapon	The prized bow of Li Su, known as the Foremost Divine Archer of the Northern Defense. Legend says that in his youth he used this very weapon to slay a great fiend that ravaged the southern desert. Though he has passed his fiftieth year, his heroic bearing on horseback still leaves the younger generation far behind.	true
unit_description_short_texts_text_deer_cth_liguang	Li Su has served in the army for over forty years, taking part in the pacification of the Six Prefectures' rebellion, and has served as Governor of all Three Passes of Chang Yuan. Known as the finest marksman of Wei Bei, though past his fiftieth year he is still entrusted with heavy responsibility, repeatedly leading troops alongside Yi Qing on the northern campaigns — a name that strikes deep fear into every tribe of Zag.	true
land_units_onscreen_name_deer_cth_liguang3	[Flying General] Li Su	true
land_units_onscreen_name_deer_cth_liguang2	[Flying General] Li Su	true
land_units_onscreen_name_deer_cth_liguang	[Flying General] Li Su	true
names_name_624400066	[Flying General] Li Su	true
character_skills_localised_name_liguang_skill_texing	Flying General	false
character_skills_localised_description_liguang_skill_texing	Li Su has served in the army for over forty years, having taken part in quelling the Rebellion of the Six Commanderies, and has served successively as Prefect of Chang Yuan's Three Passes, hailed as the finest archer in the defense of the north. Though past his fiftieth year, he remains entrusted with weighty duties, repeatedly leading troops northward alongside Yi Qing, striking such fear into the tribes of Zag	false
ancillaries_colour_text_deer_cth_liguang_mount	A general's warhorse is his most trusted and valiant companion. Just don't name it 'Little Daisy.'	false
character_skills_localised_description_deer_cth_liguang_mount	The general's warhorse is his most trusted and most valiant companion. Just don't name it "Little Daisy."	false
ancillaries_onscreen_name_deer_cth_liguang_mount2	Tramplebarbarian	false
character_skills_localised_name_deer_cth_liguang_mount2	Tramplebarbarian	false
ancillaries_colour_text_deer_cth_liguang_mount2	Li Su's mount—his most trusted and valiant companion.	false
character_skills_localised_description_deer_cth_liguang_mount2	Li Su's mount, his most trusted and most valiant companion.	false
effects_description_deer_cth_liguang_mount2	Mount: Tramplebarbarian	false
units_custom_battle_mounts_mount_name_deer_cth_liguangdeer_cth_liguang2	Warhorse	false
ancillaries_onscreen_name_deer_cth_liguang_mount	Warhorse	false
character_skills_localised_name_deer_cth_liguang_mount	War Horse	false
units_custom_battle_mounts_mount_name_deer_cth_liguangdeer_cth_liguang3	Tramplebarbarian	false
ancillaries_onscreen_name_deer_cth_liguang_weapon	Yao Yang	false
character_skills_localised_name_deer_cth_liguang_weapon	Yao Yang	false
character_skills_localised_description_deer_cth_liguang_weapon	The prized bow of Li Su, hailed as the finest marksman guarding the north. Legend says that in his youth he used this divine weapon to slay the great beast that ravaged the southern desert. Though he has now passed his fiftieth year, his mounted archery still leaves younger warriors far behind.	false
character_skills_localised_name_cth_liguang_skill_1_0	Divine Archery of the Northern Defense	false
character_skills_localised_description_cth_liguang_skill_1_0	Though Li Su has now passed the age of fifty, his standing as the foremost marksman of the Northern Defense remains unchallenged. This veteran general has rarely known defeat, yet three times he has been driven back by the armies of the [Beast-Cherished] in the northern territories. He has sworn a blood oath: he will take the head of Kun Du Lun Khan with his own hands.	false
ancillaries_colour_text_deer_cth_liguang_talisman	A divine artifact said to be taken from the bottom of the Soul River. Wherever the Winds of Magic run strong, slaying enemies causes an endless stream of arrows to spring forth from the bottom of the quiver.	true
ancillaries_onscreen_name_deer_cth_liguang_talisman	Soul Quiver	false
character_skills_localised_name_deer_cth_liguang_talisman	Soul Quiver	false
character_skills_localised_description_deer_cth_liguang_talisman	A divine artifact said to have been taken from the bottom of the Soul River—so long as one slays enemies where the Winds of Magic run thick, an endless supply of arrows will spring forth from the base of the quiver.	false
character_skills_localised_name_cth_liguang_skill_1_2	Divine Arm	false
character_skills_localised_description_cth_liguang_skill_1_2	The soldiers under Li Su's command tell legends of his strength—it is said his arms hold boundless power, enough to snap a tribal champion in two with his bare hands. No one has ever witnessed such a feat, but all who have seen him draw a bow believe it without question.	false
agent_subtypes_onscreen_name_override_longnv	Legendary Lord	true
agent_subtypes_description_text_override_longnv	A Dragon-Kin deeply trusted by Miao Ying, and commander of the Giant Dragon Horse Legion of the Northern Defense Provinces.	true
ancillaries_colour_text_deer_cth_longnv_weapon	The weapon wielded by Yun Lan. Contrary to the impression given by its massive blade, this halberd dances as gracefully as a startled swan in her hands, swift as thunder and lightning. Where its cold light passes, only a storm of blood and wind remains; when it withdraws, the gleaming blade leaves not a trace.	true
unit_description_short_texts_text_deer_cth_longnv	A Dragon-kin deeply trusted by Miao Ying, and commander of the Giant Dragon Steed Legion of the provinces of Wei Bei.	true
land_units_onscreen_name_deer_cth_longnv3	[Imperial Wind] Yun Lan	true
land_units_onscreen_name_deer_cth_longnv2	[Imperial Wind] Yun Lan	true
land_units_onscreen_name_deer_cth_longnv	[Imperial Wind] Yun Lan	true
names_name_624400067	[Imperial Wind] Yun Lan	true
character_skills_localised_name_longnv_skill_texing	Wings of the Imperial Wind	false
character_skills_localised_description_longnv_skill_texing	A trusted dragon-kin of Miao Ying, commander of the Great Dragon-Horse Legion of the northern provinces	false
ancillaries_colour_text_deer_cth_longnv_mount	Jade Dragon Steed	false
character_skills_localised_description_deer_cth_longnv_mount	Jade Dragon Steed	false
ancillaries_onscreen_name_deer_cth_longnv_mount2	Skywatcher	false
character_skills_localised_name_deer_cth_longnv_mount2	Skywatcher	false
ancillaries_colour_text_deer_cth_longnv_mount2	The Ink Qi Lin is an auspicious spirit sent down from heaven. Black as ink, mountainous in form—all the people bow upon seeing it.	false
character_skills_localised_description_deer_cth_longnv_mount2	The Ink Qi Lin is a divine omen sent down from the heavens. Its color is dark as ink, its form as grand as a mountain, and the common folk bow the moment they lay eyes upon it.	false
effects_description_deer_cth_longnv_mount2	Mount: Skywatcher	false
units_custom_battle_mounts_mount_name_deer_cth_longnvdeer_cth_longnv2	Jade Dragon Steed	false
ancillaries_onscreen_name_deer_cth_longnv_mount	Jade Dragon Steed	false
character_skills_localised_name_deer_cth_longnv_mount	Jade Dragon Horse	false
units_custom_battle_mounts_mount_name_deer_cth_longnvdeer_cth_longnv3	Skywatcher	false
ancillaries_onscreen_name_deer_cth_longnv_weapon	Swift Rain	false
character_skills_localised_name_deer_cth_longnv_weapon	Swift Rain	false
character_skills_localised_description_deer_cth_longnv_weapon	The weapon Yun Lan wields, quite unlike the impression given by its massive blade—this Crescent Blade dances in her hands as lightly as a startled swan in flight, swift as thunder and rainbow light. Where its cold gleam passes, only bloody wind and rain follow; when the strike is drawn back, its bright blade leaves not a single trace behind.	false
character_skills_localised_name_cth_longnv_skill_1_0	Dragon Steed Strikes the Vast Sky	false
character_skills_localised_description_cth_longnv_skill_1_0	Yun Lan is one of the Dragon-kin most valued by Miao Ying. She commands the vast Coiling Dragon Steed legion of the northern defense provinces, flying ahead as the prelude to the coming Raging Gale storm.	false
character_skills_localised_name_cth_longnv_skill_1_1	Vanguard of the Raging Gale	false
character_skills_localised_description_cth_longnv_skill_1_1	The sound of great wings cleaving the air shall shatter the last calm before the storm.	false
character_skills_localised_name_cth_longnv_skill_1_2	Bloodline of the Heavens	false
character_skills_localised_description_cth_longnv_skill_1_2	Our perfection—achieved by different means, to the same end.	false
character_skills_localised_name_cth_longnv_skill_1_3	Speaker of Heaven	false
character_skills_localised_description_cth_longnv_skill_1_3	Taming dragon steeds? You've come to the right person.	false
character_skills_localised_name_cth_longnv_skill_1_4	Favored Daughter of the Clan	false
character_skills_localised_description_cth_longnv_skill_1_4	Miao Ying's exacting standards are well known throughout the land—if you wish to earn her favor, you must accomplish at least half of what Yun Lan has done.	false
effects_description_wwd_disable_greater_gate_of_tzeentch	Disables spell: 'Treason of Tzeentch'	false
effects_description_wwd_disable_gate_of_tzeentch	Disables skill: 'Gate of Tzeentch'	false
effects_description_wwd_disable_tzeentch_treason_of_tzeentch	Disables skill: 'Greater Gate of Tzeentch'	false
character_skills_localised_name_wh3_main_skill_node_cth_longnv_additional_1	Heavenly Army's Valiant Cavalry	true
character_skills_localised_description_wh3_main_skill_node_cth_longnv_additional_1	Every dragon-steed cavalryman of the Heavenly Army is Dragon-kin — their mere appearance above the battlefield is enough to seal victory for Zhen Dan's forces.	true
character_skills_localised_name_wh3_main_skill_node_cth_longnv_additional_2	Unbridled	true
character_skills_localised_description_wh3_main_skill_node_cth_longnv_additional_2	Once you see Skywatcher bearing down at full speed, there's no longer any point in trying to flee.	true
unit_abilities_onscreen_name_wwd_longnv_chong	Slip the Reins	true
unit_abilities_tooltip_text_wwd_longnv_chong	By the time you see Skywatcher charging at full speed toward you, it is already too late to try to flee.	true
effects_description_wwd_longnv_chong	Skill: 'Unbridled'	true
effects_description_wwd_qijiguang_bingfa	Skill: 『Strategy to Pacify the Seas』	true
unit_abilities_onscreen_name_wwd_qijiguang_bingfa	Strategy to Pacify the Seas	true
unit_abilities_tooltip_text_wwd_qijiguang_bingfa	The tactics of combining ranged and melee weapons have been perfected to an art within He Dong's forces. Qi Yan's troops often descend upon the battlefield in mixed squads, infiltrating every gap like the relentless tide.	true
agent_subtypes_onscreen_name_override_qijiguang	Legendary Lord	true
agent_subtypes_description_text_override_qijiguang	Qi Yan governs thirty-six ports along the He Dong coast, one of the three Grand Admirals of the Giant Dragon Fleet, founder of the Tide-Washing Court, an unyielding bastion standing firm amid the raging tides of the Eastern Frontier.	true
unit_description_short_texts_text_deer_cth_qijiguang	Qi Yan governs thirty-six ports across He Dong, one of three Grand Admirals of the Dragon fleets, founder of the Tide-Washing Court, and an unyielding bulwark standing firm against the raging waves of the eastern frontier.	true
land_units_onscreen_name_deer_cth_qijiguang3	[Wave-Calming Grand Admiral] Qi Yan	true
land_units_onscreen_name_deer_cth_qijiguang2	[Wave-Calming Grand Admiral] Qi Yan	true
land_units_onscreen_name_deer_cth_qijiguang	[Wave-Calming Grand Admiral] Qi Yan	true
names_name_624400068	[Wave-Calming Grand Admiral] Qi Yan	true
character_skills_localised_name_qijiguang_skill_texing	Grand Admiral	false
character_skills_localised_description_qijiguang_skill_texing	Qi Yan governs thirty-six ports across He Dong, one of the three Grand Admirals commanding the Three Dragon Fleets, founder of the Tide-Washing Court, and an unyielding bulwark standing firm against the raging tides of the eastern frontier.	false
ancillaries_colour_text_deer_cth_qijiguang_mount	A general's warhorse is his most trusted and courageous companion. Just don't name it 'Daisy.'	false
character_skills_localised_description_deer_cth_qijiguang_mount	A general's warhorse is his most trusted and valiant companion. Just don't name it 'Little Daisy'	false
ancillaries_onscreen_name_deer_cth_qijiguang_mount2	Jade Dragon Steed	false
character_skills_localised_name_deer_cth_qijiguang_mount2	Jade Dragon Horse	false
ancillaries_colour_text_deer_cth_qijiguang_mount2	The Jade Dragon Steed is rare and majestic, allowing only truly qualified riders to command it.	false
character_skills_localised_description_deer_cth_qijiguang_mount2	The Jade Dragon Steed is rare and magnificent, allowing only truly worthy riders to mount it	false
effects_description_deer_cth_qijiguang_mount2	Mount: Jade Dragon Steed	false
units_custom_battle_mounts_mount_name_deer_cth_qijiguangdeer_cth_qijiguang2	Warhorse	false
ancillaries_onscreen_name_deer_cth_qijiguang_mount	Warhorse	false
character_skills_localised_name_deer_cth_qijiguang_mount	War Horse	false
units_custom_battle_mounts_mount_name_deer_cth_qijiguangdeer_cth_qijiguang3	Jade Dragon Steed	false
character_skills_localised_name_cth_qijiguang_skill_1_0	Pacify the Sea with Strategy	false
character_skills_localised_description_cth_qijiguang_skill_1_0	Qi Yan is the foremost hero under Ming Long's command in defending against the maritime threats of the eastern frontier, a rampart standing unbroken amid the raging waves of the eastern seas.	false
character_skills_localised_name_cth_qijiguang_skill_1_1	Dragon Might Overwhelms the Tide	false
character_skills_localised_description_cth_qijiguang_skill_1_1	Qi Yan is one of the Four Helmsmen commanding the Great Dragon Fleet, and a pioneer who, in the name of Ming Long, carried Zhen Dan's divine might into the farthest, most desolate reaches of the sea.	false
character_skills_localised_name_cth_qijiguang_skill_1_2	The Sea-Quelling Army System	false
character_skills_localised_description_cth_qijiguang_skill_1_2	The tactic of coordinating ranged and melee weapons was perfected to its highest art within He Dong's forces. Qi Yan's units often arrive on the battlefield as small, mixed-arms squads, flowing across the field like an unstoppable tide.	false
character_skills_localised_name_cth_qijiguang_skill_1_3	Discipline the Ranks	false
character_skills_localised_description_cth_qijiguang_skill_1_3	The armies of He Dong once nearly collapsed entirely under the onslaught of sea raiders. It was from that crisis that Qi Yan, under Ming Long's direction, formed the Tide-Washing Court—the youngest and most agile of the Palace Guard units, masters of the deadly interplay between ranged and melee combat, coordinating their forces to the utmost degree of perfection.	false
effects_description_wwd_qijiguang_yuanyangzheng_melee	Unlocks skill for melee units: 『Mandarin Duck Formation · Vanguard』	true
effects_description_wwd_qijiguang_yuanyangzheng_missile	Unlocks skill for missile units: 『Mandarin Duck Formation · Rearguard』	true
unit_abilities_onscreen_name_wwd_qijiguang_yuanyangzheng_melee	Mandarin Duck Formation · Vanguard	true
unit_abilities_tooltip_text_wwd_qijiguang_yuanyangzheng_melee	The rattan shields unfurl like paired wings, the wolf-brush spears interlock like a hundred centipede legs.	true
unit_abilities_onscreen_name_wwd_qijiguang_yuanyangzheng_missile	Mandarin Duck Formation · Rearguard	true
unit_abilities_tooltip_text_wwd_qijiguang_yuanyangzheng_missile	The pouring rain of long spears chills the enemy's courage, and beneath parting clouds, short blades cleave the barbarian sky.	true
character_skills_localised_name_cth_qijiguang_combat_inspiration_3_0	Mandarin Duck Formation	false
character_skills_localised_description_cth_qijiguang_combat_inspiration_3_0	The sea's fury raged upon the eastern tide,\\nCommander Qi arrayed his ranks with pride.\\nTwelve stalwart soldiers, arms as one aligned,\\nA hundred, thousand raiders lost their mind.\\nWolf-brush pikes swept blades aside with ease,\\nLong spears pierced armor light as summer breeze.\\nShort blades filled every gap left unattended,\\nThenceforth the whale-borne waves were forever ended.	false
ancillaries_onscreen_name_deer_cth_qijiguang_talisman	《New Book on Pacifying the Sea》	false
character_skills_localised_name_deer_cth_qijiguang_talisman	《New Book on Pacifying the Sea》	false
character_skills_localised_description_deer_cth_qijiguang_talisman	A military treatise authored by Qi Yan during his reform of He Dong's military system, covering military training, troop selection, formation drills, martial discipline, and land and naval tactics, recording tactics that would later become famous, such as the Mandarin Duck Formation	false
ancillaries_colour_text_deer_cth_qijiguang_talisman	A military treatise authored by Qi Yan during the reform of the He Dong military system, covering military training, troop selection, formation drills, martial discipline, and land and naval tactics — including the record of what would later become the renowned Mandarin Duck Formation.	true
ancillaries_onscreen_name_wwd_ll_miaoyin_story_bastion_revival_reward_banner	Frontier Guard Banner	true
ancillaries_colour_text_wwd_ll_miaoyin_story_bastion_revival_reward_banner	A banner of the frontier army, symbolizing the unbreakable strength of the Celestial Empire.	true
effect_bundles_localised_description_wwd_ll_miaoyin_story_bastion_revival_reward_banner	A frontier army banner, symbolizing the unbreakable might of the Celestial Empire.	false
effect_bundles_localised_title_wwd_ll_miaoyin_story_bastion_revival_reward_banner	Frontier Guard Banner	false
ancillaries_onscreen_name_wwd_ll_miaoyin_story_bastion_revival_reward_follower	Frontier Army Corporal	true
ancillaries_colour_text_wwd_ll_miaoyin_story_bastion_revival_reward_follower	'That gap over there — hold it!'	true
ancillaries_colour_text_zhaoming_tiejia	'Harder than my own scaled armor!'\\nSo reads the note left behind by Zhao Ming.	true
ancillaries_onscreen_name_zhaoming_tiejia	[Dimensional Stone Steel Secret Armor]	true
character_skills_localised_description_cth_liguang_skill_1_3	Li Su has served upon the Great Wall longer than many of the soldiers under his command have even been alive; he understands deeply the secrets of both war and survival.	true
character_skills_localised_description_cth_qijiguang_combat_inspiration_3_2	Not one of Ming Long's Four Grand Helmsmen is anything less than a genius chosen from among ten thousand—they are the war architects of the Great Dragon Fleet, the most fearsome strategists at the board.	true
character_skills_localised_description_cth_qijiguang_skill_1_4	Ranged and melee support one another, yin and yang in perfect harmony—the front ranks hold the line, the rear ranks strike the blow.	true
character_skills_localised_description_wh3_main_skill_node_cth_liguang_additional_1	When the arrows rain down, you had best pray your armor is strong enough.	true
character_skills_localised_description_wh3_main_skill_node_cth_liguang_additional_2	Where will you hide?	true
character_skills_localised_name_cth_liguang_skill_1_3	Aging Steed	true
character_skills_localised_name_cth_qijiguang_combat_inspiration_3_2	[Wave-Calming Grand Admiral]	true
character_skills_localised_name_cth_qijiguang_skill_1_4	Martial Way in Peace and Harmony	true
character_skills_localised_name_wh3_main_skill_node_cth_liguang_additional_1	Powerful Arrows	true
character_skills_localised_name_wh3_main_skill_node_cth_liguang_additional_2	Sky-Filling Volley	true
effects_description_wh3_main_effect_ability_enable_combat_inspiration_3_2	Passive skill: 'Wave-Calming Grand Admiral'	true
effects_description_wwd_effect_ability_disable_qijiguang_combat_inspiration	Replaces: 'Master Tactician'	true
unit_abilities_onscreen_name_wh3_deer24_abilities_archaon_jieduan_Phase2	Lord of the End Times II	true
unit_abilities_onscreen_name_wh3_deer24_abilities_archaon_jieduan_Phase3	Lord of the End Times III	true
unit_abilities_onscreen_name_wh3_deer24_abilities_tongling_zhongyan_heal	Empress's Mercy	true
unit_abilities_onscreen_name_wh3_deer24_ability_boss	Legendary Unit	true
unit_abilities_onscreen_name_wh3_deer24_ability_boss_unit	Formidable Foe	true
unit_abilities_onscreen_name_wh3_main_effect_ability_enable_combat_inspiration_3_2	Wave-Calming Grand Admiral	true
unit_abilities_tooltip_text_wh3_main_effect_ability_enable_combat_inspiration_3_2	Ming Long's four Grand Admirals are each one-in-a-million geniuses, the war architects of the Dragon fleets, and the most fearsome tacticians of all.	true
