key	text	tooltip
#Loc;1;text/@@@DEER24Cathay/db/!!!!!!wwd_incident.loc		
effect_bundles_localised_title_cathay_weijing_lost_incident_payment	Bribe the Great Scholar	false
effect_bundles_localised_description_cathay_weijing_lost_incident_payment	Not every Cathayan is a loyal minister and able general — with sufficient reward, a great scholar can always be found to argue your case.	false
effect_bundles_localised_title_cathay_weijing_recapture_player	Reclaim Wei Jing	false
effect_bundles_localised_description_cathay_weijing_recapture_player	You have reclaimed Wei Jing from foreign hands!	false
effect_bundles_localised_title_cathay_weijing_lost_player_refuse_join	Appeasement and Self-Preservation	false
effect_bundles_localised_description_cathay_weijing_lost_player_refuse_join	Troubles within your own domain leave you no time to spare — you have no heart to march at once to retake Wei Jing.	false
campaign_payload_ui_details_description_dummy_cathay_weijing_lost_incident	Other Cathayan factions will declare war on them	false
campaign_payload_ui_details_description_dummy_cathay_weijing_lost_player_war	All Cathayan factions loyal to the Dragon Emperor will jointly declare war on the foreign invaders who seized Wei Jing	false
campaign_payload_ui_details_description_dummy_cathay_weijing_capture_player_war	You cannot make peace with Cathayan factions while you control Wei Jing	false
campaign_payload_ui_details_description_dummy_cathay_weijing_lost_player_against_incident	You will face Cathayan forces on the battlefield	false
campaign_payload_ui_details_description_dummy_cathay_weijing_lost_player_join_incident	Cathay's wrath shall never cease until the capital is reclaimed!	false
campaign_payload_ui_details_description_dummy_cathay_weijing_recapture_player_incident	Through your efforts, Wei Jing has finally returned to Cathay's embrace. Your name shall be recorded in history as a hero for the ages!	false
campaign_payload_ui_details_description_dummy_cathay_weijing_recapture_ai_incident	Wei Jing has been liberated by another Cathayan faction!	false
campaign_payload_ui_details_description_dummy_cathay_weijing_lost_to_other_incident	Wei Jing has been seized by another foreign power. Cathay may now make peace with the original faction	false
cdir_events_dilemma_choice_details_localised_choice_label_cathay_weijing_capture_player_dilemmaFIRST	All-Out War	false
cdir_events_dilemma_choice_details_localised_choice_label_cathay_weijing_capture_player_dilemmaSECOND	Bribe the Grand Scholar	false
cdir_events_dilemma_choice_details_localised_choice_title_cathay_weijing_capture_player_dilemmaFIRST	Force a declaration of war against the Zhen Dan faction, unable to make peace with them while controlling Wei Jing	false
cdir_events_dilemma_choice_details_localised_choice_title_cathay_weijing_capture_player_dilemmaSECOND	Foster friendly relations with Zhen Dan	false
dilemmas_localised_description_cathay_weijing_capture_player_dilemma	Wei Jing, the pearl atop the Celestial Empire's crown, home to the Five Elements Compass and the Dragon Emperor's palace among mortals. This greatest of imperial capitals now lies in our hands, but it is only a matter of time before the people of Zhen Dan mount a ferocious counterattack...	false
dilemmas_localised_title_cathay_weijing_capture_player_dilemma	The Fall of Wei Jing	false
cdir_events_dilemma_choice_details_localised_choice_label_cathay_weijing_lost_player_dilemmaFIRST	Agree to Join the War	false
cdir_events_dilemma_choice_details_localised_choice_label_cathay_weijing_lost_player_dilemmaSECOND	Appease and Hold Fast	false
cdir_events_dilemma_choice_details_localised_choice_title_cathay_weijing_lost_player_dilemmaFIRST	Zhen Dan's fury shall never subside until the capital is retaken!	false
cdir_events_dilemma_choice_details_localised_choice_title_cathay_weijing_lost_player_dilemmaSECOND	Wei Jing? What is that to me?	false
dilemmas_localised_description_cathay_weijing_lost_player_dilemma	Wei Jing, the pearl atop the Celestial Empire's crown, home to the Five Elements Compass and the Dragon Emperor's palace among mortals. This greatest of imperial capitals has now fallen to a foreign race — a disgrace to all of Zhen Dan! Messengers from the God-Strategy Bureau have already been dispatched across the land, the princes and nobles of every court stand ready with weapons in hand, and armies from all directions are converging upon the capital\\n\\n[[col:yellow]]Let those not of our people who hold the capital know: the whole world shall strike as one![[/col]]	false
dilemmas_localised_title_cathay_weijing_lost_player_dilemma	Wei Jing Lost	false
incidents_localised_title_cathay_weijing_lost_incident	The Fall of Wei Jing	false
incidents_localised_title_cathay_weijing_lost_to_other_incident	Wei Jing Changes Hands	false
incidents_localised_title_cathay_weijing_recapture_ai_incident	Reclaim Wei Jing	false
incidents_localised_title_cathay_weijing_recapture_player_incident	Reclaim Wei Jing	false
incidents_localised_title_cathay_weijing_lost_player_join_incident	Aid the Realm in Crisis	false
incidents_localised_title_cathay_weijing_lost_player_against_incident	Zhen Dan's Shame	false
incidents_localised_description_cathay_weijing_lost_incident	Wei Jing has been captured by a foreign faction	false
incidents_localised_description_cathay_weijing_lost_to_other_incident	Wei Jing has changed hands among foreign factions time and again, yet Zhen Dan remains powerless to act. This shall be an eternal disgrace...	false
incidents_localised_description_cathay_weijing_recapture_ai_incident	Urgent news from the front! Word has come that one of the allied provincial armies has successfully retaken Wei Jing—the capital has returned to Zhen Dan's embrace!	false
incidents_localised_description_cathay_weijing_recapture_player_incident	As golden blades shattered Wei Jing's weathered southern gate, an eerie silence drifted among the crumbling ruins and broken walls. The remaining glazed tiles on the flying eaves gleamed blood-red in the twilight, and the white marble pillars once inscribed with 'Celestial Empire Above All' were now scarred with the cracks of foreign blades\\n\\nFirst came a decaying vermilion door, its ruined hinges shrieking. An aged face emerged from within, withered fingers clutching desperately at the doorframe, clouded pupils trembling violently the moment they recognized the Zhen Dan banners. 'The royal army, the royal army has arrived!' The hoarse cry of a lame old scholar broke the deathly stillness. Rustling footsteps gradually rose upon the flagstone road, faint as silkworms nibbling leaves at first, then surging like crashing waves. Ragged refugees crawled from the rubble; a scholar with severed fingers clutched half a scroll of poetry and wept upon his knees; a noblewoman with disheveled hair and bare feet bowed thrice and kowtowed nine times toward the palace. As your army marched past the bronze dragon-head statues before the Heavenly Gate, the sobs of countless thousands had already turned into thunderous cheers that shook heaven and earth\\n\\nThe crimson sunset, like blood, melted the frost clinging to your war robes. The dragon banner rose once more atop Wei Jing's walls, fluttering in the wind. The arrows lodged deep in the city walls, the tattered banners drifting through the markets, the scholar's caps hanging from withered trees—all now trembled softly in the breeze. The bell of the Heavenly Gate tolled, and with it, your name echoed throughout Wei Jing	false
incidents_localised_description_cathay_weijing_lost_player_join_incident	You will join the other Zhen Dan factions in declaring war on the faction that seized Wei Jing, and cannot make peace with them until the capital is reclaimed	false
incidents_localised_description_cathay_weijing_lost_player_against_incident	A Zhen Dan faction has declared war on you, swearing to wash away the disgrace of Wei Jing with your blood	false
effect_bundles_localised_title_cathay_weijing_lost_buff	The World Strikes as One	false
effect_bundles_localised_description_cathay_weijing_lost_buff	Cathay shall wash away the shame brought upon Wei Jing with the blood of the invaders!	false
effect_bundles_localised_title_cathay_weijing_lost_debuff1	[[col:red]]Panic Spreads (Turns 1-8 after the capital's fall)[[/col]]	false
effect_bundles_localised_description_cathay_weijing_lost_debuff1	To the people of Cathay, Wei Jing is not merely the capital, but a symbol of the bond between the mortal world and the Dragon Emperor and Moon Empress — an immortal and mysterious Celestial Court. When word of its fall reaches their ears, every Cathayan feels a dread and fury welling up from the heart.	false
effect_bundles_localised_title_cathay_weijing_lost_debuff2	[[col:red]]Chaos Looms (Turns 8-16 after the capital's fall)[[/col]]	false
effect_bundles_localised_description_cathay_weijing_lost_debuff2	Wei Jing still remains in the hands of the foreign enemy. The defeated generals cast blame upon one another, yet none dares lead troops to attack, and the plan to reclaim the lost territory has nearly run aground. Though the allied armies of Cathay still eye the occupying forces in the capital with hostile intent, as the center of power over the realm has fallen, the lords harboring their own ambitions have already begun scheming for themselves...	false
effect_bundles_localised_title_cathay_weijing_lost_debuff3	[[col:red]]The Celestial Empire's Collapse (16 turns after the capital's fall)[[/col]]	false
effect_bundles_localised_description_cathay_weijing_lost_debuff3	The armies of Cathay have lost the will to reclaim the lost lands. Lords harboring treacherous intent openly swallow up each other's jurisdictions, the helpless commonfolk are scattered and displaced, and the collapse of the Celestial Empire draws ever nearer. In so vast an empire, is there truly no one who can lead us to turn the tide?	false
dilemmas_localised_title_wwd_incident01	Strife Within the Walls	false
dilemmas_localised_description_wwd_incident01	The tiered palaces of Wei Jing show a swath of crimson beneath the dying sun, and suspicion among those who hold the game pieces has grown hard to suppress. No dragon shadow is seen at the Celestial Court, yet Yuan Bo stumbles about among the rainforests, blind to the chaos gripping the realm; the Palace Guard turns away the Jade Court's envoys at the gates, while the generals of the God-Strategy Bureau campaign across the four directions like unbridled wild horses. The Ravenfolk have poured out of Shang Wu in full force, and the carved bronze locks of ornate offices crack one by one in the gathering dusk, as vermilion-sealed dispatches fall like snow into the incinerators.\\nThough two deeply cautious leaders still maintain a precarious balance atop the Celestial Court, beneath this consensus thin as cicada wings, the tablets of the Nine Ministers have already quietly shifted. Rivalry has taken root, and dusk draws near. As a triangular crossbow bolt fletched in azure feathers pierces the throat of a Jade Court messenger, the fine rain smears the last line of vermilion annotation on the manifesto nailed to the God-Strategy Bureau's gate: "In the year of Bing Chen, at the White Dew, the star of calamity hangs over the capital."	false
cdir_events_dilemma_choice_details_localised_choice_label_wwd_incident01FIRST	We should support the Dragon-Kin	false
cdir_events_dilemma_choice_details_localised_choice_title_wwd_incident01FIRST	Zhen Dan's millennium-long grand enterprise rests upon his shoulders. Yuan Bo will be glad to see his old colleague still choose to trust him	false
cdir_events_dilemma_choice_details_localised_choice_label_wwd_incident01SECOND	I fear Yun Xiang is more reliable	false
cdir_events_dilemma_choice_details_localised_choice_title_wwd_incident01SECOND	Yun Xiang has seen problems that the lofty dragon-kin have overlooked, and would be pleased to see a meritorious hero of Zhen Dan willing to stand shoulder to shoulder with him	false
cdir_events_dilemma_choice_details_localised_choice_label_wwd_incident01THIRD	Attempt to Mediate	false
cdir_events_dilemma_choice_details_localised_choice_title_wwd_incident01THIRD	With a great enemy at the gates, Zhen Dan cannot afford internal strife. As one of Zhen Dan's pillar figures, your proposal cannot be ignored by anyone. Convene a meeting - perhaps we can turn back this crisis of infighting	false
cdir_events_dilemma_choice_details_localised_choice_label_wwd_incident01FOURTH	Perhaps we should wait and see	false
cdir_events_dilemma_choice_details_localised_choice_title_wwd_incident01FOURTH	That internal turmoil stirred up by petty schemers still lingers fresh in memory, but now is not the time to intervene. The Celestial Dynasty's two great ministers know their own measure	false
effects_description_wwd_diplomacy_mod_wh3_main_cth_celestial_loyalists	Diplomatic Stance: %+n with Celestial Loyalists	false
effects_description_wwd_diplomacy_mod_wh3_dlc24_cth_the_celestial_court	Diplomatic Stance: %+n with the Jade Court	false
campaign_payload_ui_details_description_wwd_incident_text_4	Will trigger subsequent events.	false
dilemmas_localised_title_wwd_incident02	A Meeting of Man and Dragon	false
dilemmas_localised_description_wwd_incident02	You have succeeded in persuading both Yun Xiang and Yuan Bo to attend the meeting, but the atmosphere in the hall bodes ill—the Dragon Emperor's Guard and the Jade Court's Decree Guard glare at one another, Yun Xiang's displeasure toward Yu Long is written plain across his brow, while Yuan Bo makes no secret of his utter disregard for this undying "commoner." We need an issue that can unite them in common purpose.	false
cdir_events_dilemma_choice_details_localised_choice_label_wwd_incident02FIRST	Urge both to consider the people of Cathay	false
cdir_events_dilemma_choice_details_localised_choice_title_wwd_incident02FIRST	Whatever their differences, both of them act to protect Zhen Dan. On this matter, perhaps they can reach an agreement	false
cdir_events_dilemma_choice_details_localised_choice_label_wwd_incident02SECOND	Remind them the great enemies of the Celestial Empire have already descended	false
cdir_events_dilemma_choice_details_localised_choice_title_wwd_incident02SECOND	Zhen Dan already treads on thin ice, and the threat from the forces of Destruction has never been more menacing. Infighting will bring ruin to the Celestial Dynasty in an instant	false
cdir_events_dilemma_choice_details_localised_choice_label_wwd_incident02THIRD	Point out that blockade and infiltration are tearing Cathay apart	false
cdir_events_dilemma_choice_details_localised_choice_title_wwd_incident02THIRD	The Ravens and the Hong Wu Overseers have poured energy meant for fighting foreign enemies into pointless mutual attrition. Zhen Dan's intelligence network crumbles under their mutual blockades, and the rivalry between the Jade Court and the God-Strategy Bureau will ultimately backfire	false
cdir_events_dilemma_choice_details_localised_choice_label_wwd_incident02FOURTH	Seal off the assembly and incite rebellion	false
cdir_events_dilemma_choice_details_localised_choice_title_wwd_incident02FOURTH	Everyone present was stunned - no one had expected that one of Zhen Dan's trusted pillars would stir up a rebellion in the very midst of this council. Without doubt, you have succeeded in uniting Zhen Dan's various factions, but now they will turn against you	false
effect_bundles_localised_description_wwd_incident01_chose1	You support the Jade Court, and the Jade Court will surely repay you.	false
effect_bundles_localised_title_wwd_incident01_chose1	Return Gift from the Jade Court	false
effect_bundles_localised_description_wwd_incident01_chose2	The God-Strategy Bureau holds the military authority of Zhen Dan, and it will naturally reward those who help them.	false
effect_bundles_localised_title_wwd_incident01_chose2	Aid from the God-Strategy Bureau	false
effect_bundles_localised_description_wwd_incident01_chose3	The common people are forever the foundation of Zhen Dan. No one can deny this, and even Dragon-kin and champions of the Dragon Gods will be reduced to dust in history if they continue to disregard the multitudes.	false
effect_bundles_localised_title_wwd_incident01_chose3	Peaceful Living and Contentment	false
effect_bundles_localised_description_wwd_incident01_chose4	Zhen Dan has come to a moment of life and death. The forces of destruction are knocking at the gates of the Celestial Empire. We must set aside our disputes and face the enemy together.	false
effect_bundles_localised_title_wwd_incident01_chose4	Sharpening Spears, Feeding Horses	false
effect_bundles_localised_description_wwd_incident01_chose5	The Raven Guard and the Hong Wu Overseers should be sent where they are truly needed, to serve as the eyes and ears of Zhen Dan, not to blind one another.	false
effect_bundles_localised_title_wwd_incident01_chose5	Seamless as a Heavenly Robe	false
effect_bundles_localised_description_wwd_incident01_chose6	All of Zhen Dan will become our enemy, but the arrow has left the bow. Civil war has come.	false
effect_bundles_localised_title_wwd_incident01_chose6	Great Rebellion	false
campaign_payload_ui_details_description_wwd_incident_text_6	Gain substantial bonuses, but all loyalist factions will become hostile towards you.	false
dilemmas_localised_title_wwd_incident03	Envoy from the Vast Heavens	false
dilemmas_localised_description_wwd_incident03	Violent thunder shakes your camp, and an unexpected visitor leaves your soldiers pale with shock: a member of the Dragon Emperor's Guard. The last time they left the capital was during the era of internal strife—these greatest warriors of the Celestial Dynasty were sent to strip generals of their authority across the land, crushing any who defied their orders like ants underfoot. That our power today stands unmatched in a hundred years makes their appearance here no good omen; this may be a test from the Celestial Court, or perhaps, a judgment.\\n\\nThe breath leaking from behind the guard's gilded mask sets the Dipper banner before the central tent fluttering ceaselessly, and the air congeals with cold. The instant the dragon-scale gold studs on his boot soles grind across the tent's threshold, you hear the sound of twenty-eight staff officers dropping to their knees behind you, the jade beads on their swords trembling with their masters' shivers—much like the twitching throats of the princes and lords once stripped of their tallies of command.	false
cdir_events_dilemma_choice_details_localised_choice_label_wwd_incident03FIRST	Treat Them with Courtesy	false
cdir_events_dilemma_choice_details_localised_choice_title_wwd_incident03FIRST	The Imperial Guard delivers the Dragon Emperor's grace and favor unto you. The Astronomical Bureau's scribe records with trembling hands: this is the one hundred and eighth time Hao Tian has traced out the meaning of 'loyalty' in the mortal world	false
cdir_events_dilemma_choice_details_localised_choice_label_wwd_incident03SECOND	Display Your Majesty	false
cdir_events_dilemma_choice_details_localised_choice_title_wwd_incident03SECOND	Behind the gilded face-mask, his eyes betray a fleeting flash of surprise, golden ripples stirring in the depths of the Imperial Guard's pupils. He raises a finger to tap lightly against his Hao Tian halberd, and tongues of fire bloom like lotus blossoms beneath the dragon-head hilt - the unique warning sign of the Dragon Emperor's Guard, beneath whose resonant hum thirty-six rebel kings once lost their heads. A scroll of gilded dragon-scale decree unfurls from the guard's hand - the scales themselves seem to pulse slowly, ancient seal-script burning within the tent: 'By the witness of mountains and rivers, the Imperial banner is bestowed upon thee'	false
dilemmas_localised_title_wwd_incident04	The Great Tides of the World	false
dilemmas_localised_description_wwd_incident04	Wisps of smoke curl from the bronze censer, and the ministers' arguments stir the light and shadow across the Celestial Dynasty's map like muddied water. The Minister of War slams his gilded, silver-inlaid ceremonial sword against the edge of the sand table, startling the jade pieces marking the capital region into a tremble. "Since the great campaign of Wei Jing, my lord's achievements—opening the canals, pacifying the vassal garrisons, breaking the invading enemy—have long eclipsed those who merely play the ape wearing a cap upon the throne of the Celestial Palace!" His fingertips sweep across the mottled sword-marks on the sand table, and the lacquered pieces of fifteen provinces topple at once. "This humble officer dares to speak: His Sagely Majesty has sat sealed away in the capital for a hundred years, and still the blade is held backwards by its hilt—court and country alike harbor their own hidden agendas. If we do not act with extraordinary measures now..."\\n\\nBefore he finishes, the Minister of the Court of Imperial Sacrifices, clad in a crane-feather cloak, suddenly hurls the jade tablet from his robes. The green jade from Hotan cracks against the table with a sharp report. "Does the Minister mean to teach our lord to overturn the realm and its altars?" His slender hand sweeps across the cloud patterns on the screen. "Each dragon-blooded prince upholds His Majesty's rites, ruling their own domain, each fulfilling their own duty; now you would have him command the realm to set the world aright, yet the world knows only that he seeks to swallow fifteen provinces whole. Even should golden armor gleam beneath the sun, how could the common people ever submit their hearts?"\\n\\nAn east wind rolls back the curtain, revealing the Dragon Emperor's statue enshrined behind it, and the Grand Remonstrance Officer abruptly draws his blade and rises, its cold gleam sweeping across the Nine Provinces upon the map. "When the Prince of Nan Yang once coveted the throne, even he knew 'virtue matters more than the tripod'!" The blade's edge traces across the realm, then returns to its sheath. "Since the age of chaos began, is there a single commoner under heaven who does not know my lord's name? Should you act now, success or failure rests not with you, but with the ten thousand people. You have campaigned for years, and the people have watched your every move. If you act with sincerity to fulfill their hopes, then even overturning the old order, the realm may yet submit in awe; but if you act with cruelty and wanton pride, storing up the people's resentment, then even should you die in glory today, the historical records will still record your transgressions."\\n\\nWhatever is decided today, a new era has already arrived. The great river bursts its banks, and floodwaters mixed with cinnabar and clay sweep over the past, churning the gilded memorials of the old nobility into mud.	false
cdir_events_dilemma_choice_details_localised_choice_label_wwd_incident04FIRST	Endorse the Idea of Unifying the Provinces	false
cdir_events_dilemma_choice_details_localised_choice_title_wwd_incident04FIRST	The division of rule among the dragon-kin has fractured Zhen Dan's strength. As a unified whole, Zhen Dan would be far more powerful than its scattered provinces. In the end, they will unite beneath my banner	false
cdir_events_dilemma_choice_details_localised_choice_label_wwd_incident04SECOND	Recognize the Structure of Provinces Each Fulfilling Their Duties	false
cdir_events_dilemma_choice_details_localised_choice_title_wwd_incident04SECOND	Each dragon-kin fulfills their own duty, adapting to local circumstances - meeting soldiers with generals, water with earthworks - dividing and conquering the enemy on every side. Were I to obstinately force the provinces into unification, would that not be moving further from the goal while claiming to seek it?	false
effect_bundles_localised_description_wwd_incident04_chose1	The division of rule among the Dragons has fractured Zhen Dan's strength. A unified Zhen Dan would be far mightier than its scattered provinces - they will eventually unite under my banner.	false
effect_bundles_localised_title_wwd_incident04_chose1	Command Over All Six Directions	false
effect_bundles_localised_description_wwd_incident04_chose2	Each dragon holds their own duty, adapting to circumstance, meeting soldiers with generals and floods with earthworks, dividing and dissolving the threats on every side. If I insisted on unifying all provinces by my will alone, would that not be heading south while aiming for the north?	false
effect_bundles_localised_title_wwd_incident04_chose2	Each to Their Own Duty	false
dilemmas_localised_title_wwd_incident05	A Blade Hidden in the Sleeve	false
dilemmas_localised_description_wwd_incident05	The campfire in the hour of the Tiger is torn apart by the north wind. As you lift the tent flap, your Personal Guard commander's goose-feather sword is pressed against a Hong Wu Overseer—it seems what pillowed your sleep was not moonlight, but the blade of an enemy within. These spies, meant to serve as the Dragon Emperor's ears and eyes, are not as impeccable as the Onyx Ravenfolk: cold, merciless, and never treacherous.\\n\\nThe chains around the kneeling man's neck tremble with the dull thud of combat boots against the ground, and the short blade wrested from him still gleams with cold light—had your Personal Guard not been so alert, this murderous weapon might already be lodged in your back.\\n\\n"Since the Battle of Wei Jing, this is already the seventh." The Personal Guard commander's blood-stained boot slams heavily onto the traitor's shoulder. "My lord, be aware—this vermin eats the emperor's salary yet does not hesitate to turn his blade upon his own countrymen. This humble servant begs that his head be hung at the camp gate, to deter others who might harbor the same ambitions."	false
cdir_events_dilemma_choice_details_localised_choice_label_wwd_incident05FIRST	Behead Him	false
cdir_events_dilemma_choice_details_localised_choice_title_wwd_incident05FIRST	Such petty schemers who abandon loyalty and righteousness deserve death at anyone's hands	false
cdir_events_dilemma_choice_details_localised_choice_label_wwd_incident05SECOND	Send to the Magistrate	false
cdir_events_dilemma_choice_details_localised_choice_title_wwd_incident05SECOND	Let the local officials handle these matters	false
effect_bundles_localised_description_wwd_incident05_chose1	Others will think twice before acting, remembering the fate of this traitor.	false
effect_bundles_localised_title_wwd_incident05_chose1	Heavily Guarded	false
effect_bundles_localised_description_wwd_incident05_chose2	With the forces behind him still unclear, such vermin should be dealt with by our own people. But now that he is no longer in our hands, the future has become harder to control.	false
effect_bundles_localised_title_wwd_incident05_chose2	Freedom of Movement	false
effect_bundles_localised_description_wwd_incident05_chose3	"The operation failed, but I managed to escape with my life. The next target won't be so fortunate. The next target..."	false
effect_bundles_localised_title_wwd_incident05_chose3	Counterespionage Scheme	false
cdir_events_dilemma_choice_details_localised_choice_label_wwd_incident05THIRD	Bribe the Hidden Agents	false
cdir_events_dilemma_choice_details_localised_choice_title_wwd_incident05THIRD	Those blinded by greed will serve anyone	false
effects_description_wwd_diplomacy_mod_wh3_main_cth_rebel_lords_of_nan_yang	Diplomatic Stance: %+n with the Rebel Lords of Nan Yang	false
effects_description_wwd_diplomacy_mod_wh3_main_cth_dissenter_lords_of_jinshen	Diplomatic Stance: %+n with the Dissenter Lords of Jin Shen	false
dilemmas_localised_title_wwd_incident06	Khan of Heaven	false
dilemmas_localised_description_wwd_incident06	During the third Northern Campaign against the Chaos Wastes, the dragon banner swept across corrupted grasslands, and thousands of tribesmen broke free of Chaos's chains, hanging the totems of their herds beside the dragon banner in the wars that followed.\\nNow, amid the yurts and felt tents of the southern steppe, the morning bells and evening drums of Zhen Dan echo, and some tribes have resolved to join Zhen Dan against Chaos, honoring Zhen Dan's ruler with the title of Heavenly Khan. Yet these herders, who have never once laid eyes upon the Dragon Emperor Sovereign, do not know who Zhen Dan's true ruler is. The tribal envoy who has come to present his tribute trembles ceaselessly before you—he believes you are their Heavenly Khan.	false
cdir_events_dilemma_choice_details_localised_choice_label_wwd_incident06FIRST	Accept the tribal title of honor	false
cdir_events_dilemma_choice_details_localised_choice_title_wwd_incident06FIRST	Even the Jade Dragon was once proclaimed the Dragon Emperor by westerners - the barbarians cannot fathom the depth and breadth of Zhen Dan, so a small misunderstanding is only to be expected	false
cdir_events_dilemma_choice_details_localised_choice_label_wwd_incident06SECOND	Offer the title of Heavenly Khagan to the Dragon Emperor	false
cdir_events_dilemma_choice_details_localised_choice_title_wwd_incident06SECOND	Zhen Dan's glory is the Dragon Emperor's glory, and the reverse holds equally true. This is not a matter over which we should contend for supremacy	false
effect_bundles_localised_description_wwd_incident06_chose2	Zhen Dan has never lacked for praise, but such words never fail to stir the heart.	false
effect_bundles_localised_title_wwd_incident06_chose2	Glory of the Celestial Empire	false
effect_bundles_localised_description_wwd_incident06_chose1	Your allies from the north will regard you as their true leader, but one can only imagine the expressions on the faces of the other nobles of Zhen Dan upon hearing your new title...	false
effect_bundles_localised_title_wwd_incident06_chose1	Loyalty of the Hu Tribesmen	false
ancillaries_onscreen_name_jinjun_jiaoguan	Dragon Emperor's Guard	true
ancillaries_colour_text_jinjun_jiaoguan	Marching alongside a member of the Dragon Emperor's Guard, you'll always learn a thing or two.	true
ancillaries_onscreen_name_haotian_weapon	Hao Tian Sword	true
ancillaries_colour_text_haotian_weapon	A blessed sword that has passed through Cathay for centuries, bearing the weight of home and nation, and regarded as a symbol of the Dragon Emperor's favor.	true
dilemmas_localised_title_wwd_incident07	A Stranger in a Strange Land	false
dilemmas_localised_description_wwd_incident07	Ink-dark clouds crush the light of heaven, and war horses across the camps neigh amid the muddy ferry crossing. Soldiers wrapped in armor wade through the pouring rain, iron plate clashing against the curtain of rain until your ears ache. A sudden cry of alarm abruptly seizes your attention—at the center of a whirlpool's woven net, a woman clad in drenched white silk clutches a piece of driftwood, her dazzling golden hair rising and falling in the water.	false
cdir_events_dilemma_choice_details_localised_choice_label_wwd_incident07FIRST	Spare no effort to save them	false
cdir_events_dilemma_choice_details_localised_choice_title_wwd_incident07FIRST	Let the Daoists combine their sorcery, and pick out the soldiers who swim best to go into the water. We cannot stand by and watch them die	false
cdir_events_dilemma_choice_details_localised_choice_label_wwd_incident07SECOND	It is beyond saving	false
cdir_events_dilemma_choice_details_localised_choice_title_wwd_incident07SECOND	Entering the water in such a torrential storm is nothing short of suicide. I will not let the men under my command take that risk	false
ancillaries_onscreen_name_wwd_prince_of_hef	Princess Safrey	true
ancillaries_colour_text_wwd_prince_of_hef	'Thank you, my lord. Had it not been for your rescue, I fear I would have perished in a foreign land alongside the rest of the delegation. I shall write to my kingdom, but before I return to Ulthuan, allow me to repay my debt of life to you.'	true
ancillaries_onscreen_name_wwd_shuoshuren	Storyteller	true
ancillaries_colour_text_wwd_shuoshuren	'To know what happens next, listen to my next telling...'	true
dilemmas_localised_title_wwd_incident99	The Storyteller	false
dilemmas_localised_description_wwd_incident99	The faded wine banners atop the blue-brick walls curled in the autumn wind. When the warhorses snorted white breath and halted before the government post house, the station master, trembling as he approached, offered up not a welcoming cup but a piece of news that had set the whole city abuzz\\n\\n『My lord, please believe me!』 The old station master's throat bobbed within his wrinkled neck. 『That storyteller at the teahouse in the West Market... he's not even human!』 His withered fingers waved wildly in the dusk. 『He wears a bronze mask all day long, and his tongue never stops, yet he never seems to draw breath; behind him always follow a hundred or so pale rats—they line up to listen to his tales, and bow whenever he raps his gavel-block!』 Onlookers murmured amongst themselves—some suspected he was one of those monstrosities from beneath the ruins of the Dimensional Stone desert, while others claimed he was a monkey-man from Tian Shan\\n\\nJust as you listen with great interest and are about to press further, the bronze bells at the eaves suddenly clang. Beyond the carved lattice window, a squad of Jade Warriors is escorting a black-robed figure down the long street. The man's bronze mask glows faintly green in the twilight, dozens of small rats scurrying about his feet like a living cloak, and each time his chains rattle, they let out chirps like the wailing of infants\\n\\n『The curse of the Dimensional Stone!』 『He must be a monkey-man spy!』 The whispers of the gathered crowd rustle in the autumn wind. The prison is but a hundred paces away, yet with a single word from you, this strange man's path could be turned toward an entirely different fate	false
cdir_events_dilemma_choice_details_localised_choice_label_wwd_incident99FIRST	Save this person	false
cdir_events_dilemma_choice_details_localised_choice_title_wwd_incident99FIRST	Though he wears a cloak and mask, you can still tell he is a man of considerable stature. Even held captive by the Jade Warriors, he remains utterly composed - surely no ordinary man. If he could be brought to serve me, the great enterprise might soon be complete!	false
cdir_events_dilemma_choice_details_localised_choice_label_wwd_incident99SECOND	Turn a blind eye	false
cdir_events_dilemma_choice_details_localised_choice_title_wwd_incident99SECOND	You hear the storyteller sing: 'A drifting duckweed, a wanderer with no roots to hold; met by chance upon the water, roaming the world's ends, ask me not why' \\n\\nThough this man is held captive by the Jade Warriors, he remains composed and at ease - surely he has some plan of his own. The road is long; we shall meet again in the world beyond	false
effect_bundles_localised_description_wwd_incident07_chose1	Your soldiers gave everything to contend against the forces of nature. Though they ultimately achieved their goal, the exhaustion of their bodies will linger with them for a while.	false
effect_bundles_localised_title_wwd_incident07_chose1	[[col:red]]Exhausted Soldiers[[/col]]	false
effect_bundles_localised_description_wwd_incident99_chose1	Strange tales of this remarkable storyteller grow ever more fearsome as they pass from mouth to mouth. The common people are both wary and curious - it seems that wherever you go these days, no small stir will follow.	false
effect_bundles_localised_title_wwd_incident99_chose1	Accompanied by a Peculiar Talent	false
dilemmas_localised_title_wwd_incident98	Ten Proposals for Military Reform	false
dilemmas_localised_description_wwd_incident98	The Ten Proposals for Military Reform was authored by [Sky-Defying Sovereign] Yi Qing, recording a series of frontier army reforms he devised. Yi Qing advocated for the large-scale formation of cavalry units at Chang Yuan, using armored heavy cavalry to break enemy lines in formation, thereby countering the Chaos tribes' hit-and-run tactics of light cavalry harassing infantry formations. The proposal is divided into nine chapters, covering everything from the selection of cavalrymen and armor regulations to banners and battle formations\\n\\nYi Qing's vision had already shown initial success in the Wasteland Campaign: the Northern Expedition Army mobilized three thousand armored cavalry from across the region, forming ranks like a copper wall, moving like thunderbolts—the clatter of horse armor shook the Khan's tent camp even ten li away. The northern light cavalry, accustomed to circling volleys of arrows, were for the first time ground into pulp by heavy cavalry mid-charge\\n\\nThe officials of the Ministry of War sneered in their memorials: 『Such a scheme of chasing the branch while abandoning the root—how can it be held up as a model?』 Some renowned generals dismissed Yi Qing's strategy outright: the armies of Zhen Dan had long grown accustomed to warfare centered on heavy infantry, and the northern troops relied more on Chang Yuan's formidable passes, favoring defense over offense. To now speak of relying heavily on cavalry—was this not asking the Three Armies to tear everything down and start anew? Worse still, some accused Yi Qing of adopting barbarian dress and mounted archery, forgetting his roots and currying favor with the Di tribes, seeking to lay blame upon him	false
cdir_events_dilemma_choice_details_localised_choice_label_wwd_incident98FIRST	Support Yi Qing	false
cdir_events_dilemma_choice_details_localised_choice_title_wwd_incident98FIRST	The nature of warfare is ever-changing. We must learn swiftly from frontline experience to remain undefeated in a hundred battles. Though it cannot yet be applied across all of Zhen Dan, it may be tested within a single army, and perhaps prove its worth	false
cdir_events_dilemma_choice_details_localised_choice_label_wwd_incident98SECOND	Maintain the status quo	false
cdir_events_dilemma_choice_details_localised_choice_title_wwd_incident98SECOND	'Our Zhen Dan's divine soldiers are unrivaled beneath the heavens, and all within the Four Seas submit before us. How dare this green upstart, appearing from who-knows-where, presume to teach me how to command an army?'	false
effect_bundles_localised_description_wwd_incident98_chose1	Your army needs time to complete its reforms, and certain vested interests will not sit idly by while you rewrite their rules.	false
effect_bundles_localised_title_wwd_incident98_chose1	[[col:red]]Resistance to Reform[[/col]]	false
dilemmas_localised_title_wwd_incident97	Every Man's Duty	false
dilemmas_localised_description_wwd_incident97	As dusk hangs low but has not yet fallen, your army wades through the last shallow stream. Hooves churn the gentle glow reflected in the water, startling a flock of cranes among the reeds. Watching those streaks of deep crimson scatter in panic, you suddenly recall the roster of the fallen you reviewed in your tent last autumn—those names struck through with vermilion ink.\\n"Reporting, General—there are followers at the rear of the column."\\nYour adjutant's voice startles the dew from the tip of your riding crop. Following the ranks with your eyes, you see a dozen or so youths emerging from the wheat fields, gripping crude spears with uneasy hands, their coarse hemp jackets dusted with grain. The one in front looks about sixteen or seventeen, like a fresh shoot just pulled from the earth.\\n"This subordinate has already sent men to dissuade them three times." The adjutant's voice carries a hint of rust. "They say... they say they wish to follow my lord, to have their names remembered in history."\\nYour hand clenches the reins in a sudden spasm—these hands have broken the curved sabers of a thousand enemy chieftains, yet cannot bear the spark flying from this boy's eyes. The wind carries the sweet scent of ripening wheat, mingled with the faint smell of blood drifting through the ranks—those veterans who remain forever beneath the walls of Chang Yuan looked just as green before they marched to war.\\n"Let them follow the supply train." Your gesture as you wave them off is like snapping a dry branch. "When we reach the next relay station... distribute the fallen soldiers' old armor to them."\\nThe setting sun sinks toward the distant hills, quenching the fields in molten gold.\\nYou suddenly see the true nature of those "spears"—nothing more than sharpened bamboo poles, fresh sap still oozing from their cut ends.	false
cdir_events_dilemma_choice_details_localised_choice_label_wwd_incident97FIRST	Take them in as retainers	false
cdir_events_dilemma_choice_details_localised_choice_title_wwd_incident97FIRST	When the realm rises or falls, every commoner bears responsibility. We must not betray these young men's sincere devotion. If fortune favors them, they may yet have their names written into history	false
cdir_events_dilemma_choice_details_localised_choice_label_wwd_incident97SECOND	Drive them away with harsh words	false
cdir_events_dilemma_choice_details_localised_choice_title_wwd_incident97SECOND	'Utterly without discipline! A pack of green boys who don't know their place, wanting to tag along with my army? Send them packing'	false
effect_bundles_localised_description_wwd_incident97_chose1	The young men sent home will surely tell everyone, indignant, that you have failed and disgraced their wish to serve the nation. But you cannot watch them march to their deaths - after all, the people carry the future of Zhen Dan.	false
effect_bundles_localised_title_wwd_incident97_chose1	"Image Collapse"	false
effect_bundles_localised_description_wwd_incident97_chose2	Your renown spreads throughout Zhen Dan. Now that you have set this precedent for these young men, people from other regions will likewise flock to join your army. You know the fate that awaits most of them, but you also know that in this hour of national crisis, every patriot's sacrifice brings final victory that much closer.	false
effect_bundles_localised_title_wwd_incident97_chose2	Coming in Droves	false
dilemmas_localised_title_wwd_incident96	An Improper Promotion	false
dilemmas_localised_description_wwd_incident96	You stand upon the jade steps with hands clasped behind your back, surveying the group of newly appointed household commandants. Blood not yet wiped away still traces its path across the armor of these fierce warriors, who stand with straight spines like unsheathed blades. Just as you incline your head to offer praise, an uproar suddenly erupts beyond the camp gate.\\n\\n"My lord, hear us!" The furious Jade Warriors push past the Golden Guard's obstruction and burst into the courtyard, their leader shaking a yellowed sheet of paper until it rattles. "How can such vermin be fit to hold the rank of commandant!" The ink upon the silk paper cuts like a blade, plainly bearing the private seal of the Bureau of Merit Evaluation's director. The young household commandant thus named staggers backward, his jade-inlaid wrist guard striking the blue brick with a jarring, sharp sound.\\n\\nYou fix your gaze upon him, and the youth's face has already turned ashen. Just moments ago at the training grounds, his quick and adaptive battle formation had earned your admiration. The Jade Warriors' knuckles whiten as if to tear through the silk paper, and the murmurs of onlookers have already swelled into a rising clamor. You must make a decision.	false
cdir_events_dilemma_choice_details_localised_choice_label_wwd_incident96FIRST	Insist on the promotion	false
cdir_events_dilemma_choice_details_localised_choice_title_wwd_incident96FIRST	I shall deal with his misconduct separately, but such talent should not be allowed to go to waste	false
cdir_events_dilemma_choice_details_localised_choice_label_wwd_incident96SECOND	Enforce the law impartially	false
cdir_events_dilemma_choice_details_localised_choice_title_wwd_incident96SECOND	We cannot allow such injustice to stand. Both this Overseer and anyone who accepted his bribes will be thoroughly investigated to the end	false
effect_bundles_localised_description_wwd_incident96_chose1	You should understand that turning a blind eye to such conduct will surely be noticed by others...	false
effect_bundles_localised_title_wwd_incident96_chose1	Breeding Corruption	false
effect_bundles_localised_description_wwd_incident96_chose2	The noble shall be rewarded, and the vile shall find no refuge.	false
effect_bundles_localised_title_wwd_incident96_chose2	Strict Military Discipline	false
campaign_payload_ui_details_description_damage_character	The character has a chance of being wounded	true
effect_bundles_localised_description_wwd_recruit_enemy	Your decision is bold, but not everyone shares your point of view.	false
effect_bundles_localised_title_wwd_recruit_enemy	An Uneasy Retinue	false
campaign_payload_ui_details_description_wwd_incident06_text	A Hu tribal army has gathered at Chang Yuan, ready to pledge their loyalty to you	false
names_name_2024924	[Right Worthy Prince] Wu Daruoti	true
cdir_events_dilemma_choice_details_localised_choice_label_wwd_ll_dilemma_changyuanyuanjunFIRST	Fulfill your duty	false
cdir_events_dilemma_choice_details_localised_choice_title_wwd_ll_dilemma_changyuanyuanjunFIRST	Chang Yuan shelters every citizen of Zhen Dan behind it. We too must fulfill our duty	false
cdir_events_dilemma_choice_details_localised_choice_label_wwd_ll_dilemma_changyuanyuanjunSECOND	Give generously	false
cdir_events_dilemma_choice_details_localised_choice_title_wwd_ll_dilemma_changyuanyuanjunSECOND	With your generous contribution, Chang Yuan's armaments will grow abundant, and more soldiers will be sent to reinforce it	false
dilemmas_localised_title_wwd_ll_dilemma_changyuanyuanjun	Above Chang Yuan	false
dilemmas_localised_description_wwd_ll_dilemma_changyuanyuanjun	Zhen Dan has weathered countless springs and autumns under the shelter of Chang Yuan. Since the Dragon Emperor's decree, the noble houses of the Nine Sons and Ten Surnames have each season dispatched their fief's annual tribute to the frontier pass—brocade wrapped in patterned weaves, bearing the weight of jade beads, ultimately transformed into blades in the hands of the frontier army, and beacon smoke atop the watchtowers.\\n\\nThe crossbows of Long Men Pass await the fine arrows of Kun Lan; the granaries of Ao Men Pass await the rice of Nong Chang. Before the sundial completes its turn, the convoys of the noble houses shall set out for Chang Yuan in succession, for the strokes of the court historian's brush are carved into the bricks of Chang Yuan, enduring longer than any ancestral tablet of nanmu wood in any shrine.	false
cdir_events_dilemma_choice_details_localised_choice_label_wwd_ll_dilemma_changyuanyuanjunTHIRD	Spare no effort to help	false
cdir_events_dilemma_choice_details_localised_choice_title_wwd_ll_dilemma_changyuanyuanjunTHIRD	With this vast support, the Celestial Dynasty's most elite forces can be deployed to the front lines	false
campaign_payload_ui_details_description_wwd_ll_changyuanyuanjun1	A conscripted peasant army will reinforce Chang Yuan.	false
campaign_payload_ui_details_description_wwd_ll_changyuanyuanjun2	A Jade Valor Legion will reinforce Chang Yuan.	false
campaign_payload_ui_details_description_wwd_ll_changyuanyuanjun3	A Dragon Guard Celestial Army will reinforce Chang Yuan.	false
cdir_events_dilemma_choice_details_localised_choice_label_wwd_ll_dilemma_changyuanyuanjunFOURTH	Line your own pockets	false
cdir_events_dilemma_choice_details_localised_choice_title_wwd_ll_dilemma_changyuanyuanjunFOURTH	Zhen Dan is vast and rich in resources, with so many powers already supporting Chang Yuan - surely my contribution alone won't matter much either way...	false
effect_bundles_localised_description_wwd_ll_dilemma_changyuanyuanjun	You chose to protect yourself in the face of the greater cause of hearth and home. In the short term, this may have been the best choice for you, but the rest of Zhen Dan will not see it that way.	false
effect_bundles_localised_title_wwd_ll_dilemma_changyuanyuanjun	[[col:red]]Deeply Controversial[[/col]]	false
dilemmas_localised_title_wwd_ll_dilemma_battle_of_weijin	Battle of Wei Jing	false
dilemmas_localised_description_wwd_ll_dilemma_battle_of_weijin	Ash and embers scatter, lighting up the night—the rebellion of the Prince of Nan Yang has torn open the curtain of chaos upon the Celestial Court. He was once among Zhen Dan's greatest generals, sweeping away rebellious warlords for the Celestial Court. Yet now his spearhead points at the capital itself. Former comrades have turned against one another, brothers-in-arms now clash blade to blade. Half the provinces of the northern frontier have already answered the Prince of Nan Yang's call, sworn to overthrow the Dragon Emperor's eternal dynasty.\\n\\nThe generals of the God-Strategy Bureau responded at once, dispatching armies to suppress the rebel legions. Three columns advanced deep into enemy territory, only to be broken one by one by the Prince of Nan Yang: General Tian Xian was surrounded at the tomb plains by [Duke of Xuan Huan], pierced through the heart by a thousand arrows; General Ming Jing was lured to a manor by [Marquis of Jing Ji] and had his five tendons severed at the banquet table; General Hu Bu, unmatched on the battlefield, had his eye pierced by a single spear thrust from [Marquis of Wu Qu]. The strategists of the God-Strategy Bureau were left at a loss—the Prince of Nan Yang seemed to see through all their plans. The very meritorious servant who once swept the northern frontier clean for the realm now sought to wipe out the Dragon Emperor's generals one by one.\\n\\nAt court, only the Dragon Emperor's Champion remained unmoved. He had already made his judgment—the Dragon Emperor's Guard would descend to earth once more, right at the outskirts of the Pearl. In a single stroke he would snuff out the Prince of Nan Yang's coalition, just as he had a century before. No one could threaten the capital while he stood watch.	false
cdir_events_dilemma_choice_details_localised_choice_label_wwd_ll_dilemma_battle_of_weijinFIRST	Perhaps the collapsing mansion can yet be shored up	false
cdir_events_dilemma_choice_details_localised_choice_title_wwd_ll_dilemma_battle_of_weijinFIRST	Yun Xiang is Zhen Dan's finest general. Now that he has decided to lead the Dragon Emperor's Guard out of the city to meet the enemy, the tide of battle may yet turn...	false
cdir_events_dilemma_choice_details_localised_choice_label_wwd_ll_dilemma_battle_of_weijinSECOND	Like the autumn wind sweeping away fallen leaves	false
cdir_events_dilemma_choice_details_localised_choice_title_wwd_ll_dilemma_battle_of_weijinSECOND	Han Cheng is honored as the Sage of War for good reason, and now with the aid of the northern lords, his military might swells further. Wei Jing may well be in peril...	false
campaign_payload_ui_details_description_wwd_ll_unknow_future_good	The road ahead is uncertain...	false
campaign_payload_ui_details_description_wwd_ll_unknow_future_bad	[[col:red]]The road ahead is uncertain...[[/col]]	false
incidents_localised_description_wwd_ll_dilemma_battle_of_weijin_1	My lord, news has arrived from Wei Jing: [Heaven's Favored] has won a great victory, slaying three of Han Cheng's most trusted allies in battle. The allied army scattered like startled birds, and the Prince of Nan Yang has fled back to Po Mei!\\n\\nAccording to the soldiers at the front, Yun Xiang arrayed his forces against the cliffs, burning the boats behind him, and personally led the palace guard against an allied force several times their number. Yun Xiang's own position held firm as a mountain, but the Dragon Guard on both flanks could not withstand the rebels' fierce onslaught and were driven back. Seeing this, Han Cheng immediately ordered his army to press forward, seeking to encircle the palace guard in one decisive push—if he could cut down Yun Xiang, the Celestial Court's army would collapse without further battle, and the allied forces could take the capital without bloodshed. Yet Yun Xiang proved no match for any mortal to overcome; though Han Cheng fought with ferocious valor, even flanked by two great generals, he could gain no advantage. Seeing that a quick victory eluded him, and with his flanking forces growing disorderly in their pursuit, he rushed to mount his horse and rally the pursuing army to reform ranks—only for massive dragon steeds to suddenly descend from the cliffs above, blotting out the sky. The seemingly routed Dragon Guard seized the moment to reform their ranks as well, and in an instant the tide of attack and defense reversed. Han Cheng's allied army collapsed into chaos and fled for a thousand li. Though this battle was won, the Celestial Court's defenders paid a heavy price—the Dragon Guard's feigned retreat had genuinely brought them to the brink of collapse under the assault of the garrison troops. Since the rebellion began, this marks the first time the loyalist army has defeated the Prince of Nan Yang on an open battlefield. Yet Han Cheng still commands the strength of six garrisons—this rebellion is likely far from its end	false
incidents_button_text_wwd_ll_dilemma_battle_of_weijin_1	The wheels roll ever onward...	false
incidents_localised_title_wwd_ll_dilemma_battle_of_weijin_1	Deciding the Realm	false
incidents_localised_description_wwd_ll_dilemma_battle_of_weijin_2	My lord, news has arrived from Wei Jing: [Heaven's Favored]'s desperate gamble has failed. Wei Jing's elite troops have been all but wiped out in this battle, and Han Cheng's army is now marching upon the capital...\\n\\nIt is said this battle was fought with extraordinary ferocity. Han Cheng's garrison troops and the Celestial Court's Dragon Guard fought to a bloody stalemate—though the Dragon Emperor's Palace Guard numbered only a few dozen, they drove the allied army back time and again, and Han Cheng even considered sounding the retreat to regroup and mount a fresh assault more than once. As the two armies clashed at this critical juncture, even the slightest variable could decide the outcome. As for the Pearl's Military Commissioner, [Duke of Zhu Xiang], he had withdrawn his forces back to Wei Jing after the fall of the Pearl. Though he preserved his life, the defeat at the front left him regarded with cold contempt at the God-Strategy Bureau, and even his fiefdom at the Pearl was in jeopardy. Perhaps it was then that treacherous thoughts first took root in his heart. Distrusted, [Duke of Zhu Xiang] was assigned command of an auxiliary force held in reserve at the rear. Seeing the battle now deadlocked, he resolved to act—turning his coat and leading his troops to strike the Celestial Court's army from behind. This sudden betrayal overwhelmed the Celestial Court's soldiers. Yun Xiang watched his routing soldiers and let his sword fall limp at his side—the tide of battle could no longer be turned. It is said that after the battle, Han Cheng was furious beyond measure, yet he still retained [Duke of Zhu Xiang] as his Military Commissioner of the Pearl—after all, without [Duke of Zhu Xiang], Han Cheng might never have won this battle against Heaven itself	false
incidents_button_text_wwd_ll_dilemma_battle_of_weijin_2	The wheels roll ever onward...	false
incidents_localised_title_wwd_ll_dilemma_battle_of_weijin_2	Deciding the Realm	false
dilemmas_localised_title_wwd_ll_dilemma_battle_of_yuanbo_and_yunxiang	Mountains and Rivers Broken	false
dilemmas_localised_description_wwd_ll_dilemma_battle_of_yuanbo_and_yunxiang	The drip of the carved dragon water-clock rang unnervingly clear in the dead silence, when the bronze wind-chimes hanging from the eaves suddenly let out a piercing clang. As the last shard of a broken jade pendant fell from Yuan Bo's fingers, the thunderclouds rolling outside the Wen Yuan Pavilion swallowed the last light of day.\\n\\n"Yun Xiang and his faction are, from this day, declared traitors to the state. All generals of the God-Strategy Bureau stationed abroad are to be recalled to the Jade Court at once. Any who defy this order shall be executed without mercy." Yuan Bo's tone was as steady as ever, but the sword he slammed down shattered the jade paperweight on the desk, startling the three-legged bronze candlestick into toppling over—molten red wax crept along the coiled-dragon carvings of the table like trickling blood. In the shadows cast by the dragon-patterned screen, the candle flames flickered in time with the strategists' anxious breathing, like a flock of birds restless before a storm.\\n\\nBeyond the ninefold heavenly gates, the black-iron gates of the God-Strategy Bureau slowly swung shut, the creak of the winding gears resonating with the muffled thunder deep within the clouds. The Grand Marshal's golden qilin banner snapped in the wind atop the walls, fine beads of moisture gathering on the breathing masks of the imperial guard—the frost of autumn rushed eight hundred li from the Celestial Lake, mingling with the iron-tang of blood pressed in the throats of loyal men now turned against each other.\\n"Beat the drums!" As the Adjutant-General cut the command banner, fast horses raced out along all four post roads of Jing Ji. Along the spiderweb of official roads, the clash of iron armor startled the last flock of white doves into flight. The unwitting birds swept past the arrayed Dragon Guard, their feathers still carrying the fresh scent of newly threshed rice.	false
cdir_events_dilemma_choice_details_localised_choice_label_wwd_ll_dilemma_battle_of_yuanbo_and_yunxiangFIRST	The wheels roll ever onward...	false
cdir_events_dilemma_choice_details_localised_choice_title_wwd_ll_dilemma_battle_of_yuanbo_and_yunxiangFIRST	The Celestial Dynasty cannot endure yet another civil war...	false
cdir_events_dilemma_choice_details_localised_choice_label_wwd_ll_dilemma_battle_of_yuanbo_and_yunxiang_1FIRST	Answer the call of the God-Strategy Bureau	false
cdir_events_dilemma_choice_details_localised_choice_title_wwd_ll_dilemma_battle_of_yuanbo_and_yunxiang_1FIRST	Yuan Bo is too cold-blooded; in his schemes, everyone is merely a pawn. We should strike him on the battlefield to force him into concessions	false
cdir_events_dilemma_choice_details_localised_choice_label_wwd_ll_dilemma_battle_of_yuanbo_and_yunxiang_1SECOND	Support the Jade Court	false
cdir_events_dilemma_choice_details_localised_choice_title_wwd_ll_dilemma_battle_of_yuanbo_and_yunxiang_1SECOND	Yuan Bo is a son of the Dragon Emperor, and the very man who holds Zhen Dan together. If forced to choose a side, we should stand with him	false
cdir_events_dilemma_choice_details_localised_choice_label_wwd_ll_dilemma_battle_of_yuanbo_and_yunxiang_1THIRD	Bring the conflict to an end	false
cdir_events_dilemma_choice_details_localised_choice_title_wwd_ll_dilemma_battle_of_yuanbo_and_yunxiang_1THIRD	While the Ravens and the Hong Wu Overseers spy upon each other, a shadow clad in blue robes moves freely through both ministers' domains. This war has grown too far out of hand for either of them to call a halt - but you, as the most revered figure in all Zhen Dan, need only bring the true culprit before them to extinguish this conflict before the flames spread further	false
dilemmas_localised_title_wwd_ll_dilemma_battle_of_yuanbo_and_yunxiang_1	Civil War	false
dilemmas_localised_description_wwd_ll_dilemma_battle_of_yuanbo_and_yunxiang_1	The glazed palace lanterns flickered in the drafty corridor, two jade tablets casting crossed shadows upon the desk. 'Yuan Bo's jade dragon banner was broken at the Heavenly Gate...' The aide's throat bobbed as he swallowed the rest of the sentence—the dispatch spoke of fallen soldiers whose faces were unrecognizable, unlike anyone their comrades had known before. The beacon smoke rising through the night from the direction of Wei Jing was twisted by the autumn rain into grey silk, settling upon the flagstones, staining the straw sandals of the fleeing refugees ink-black.\\n\\n'Also, an urgent dispatch has come from Jing Ji Road, eight hundred li a day—two of them.' Water beads seeped from the jade xiezhi statue on the desk, dripping down its single horn onto the bamboo slips: the dispatch box from the God-Strategy Bureau reeked of scorched weapons, while the edict from the Jade Court carried an unmistakable, brooking-no-argument scent of sandalwood. Nine cold crows outside the window were startled up by iron-clad horses, death held unsung in their beaks, like an ill omen hanging over the lifeblood of the Celestial Court. Their damp feathers gleamed an eerie blue in the moonlight, and the stench of decay shaken loose as they wheeled came from the rotting peace of the Heavenly Court. Civil war has already begun. We must make our choice before dawn.	false
campaign_payload_ui_details_description_wwd_ll_dilemma_battle_of_yuanbo_and_yunxiangFIRST	You will form an [[img:icon_military_alliance]][[/img]] alliance with the Celestial Court's loyal guard. Defeat Yuan Bo on the battlefield in exchange for his compromise.	false
campaign_payload_ui_details_description_wwd_ll_dilemma_battle_of_yuanbo_and_yunxiangSECOND	You will form an [[img:icon_military_alliance]][[/img]] alliance with the Jade Court. Yun Xiang has overstepped his bounds; it's time he was reminded of his true place.	false
campaign_payload_ui_details_description_wwd_ll_dilemma_battle_of_yuanbo_and_yunxiangTHIRD	Your spies are already waiting outside the camp. They will bring you all the evidence you need. Once you expose the truth, both sides of the civil war will see their true enemy.	false
effect_bundles_localised_description_wwd_ll_dilemma_battle_of_yuanbo_and_yunxiang_1	The people of Zhen Dan may never know it, but you have averted a disaster that would have eventually engulfed countless lives.	false
effect_bundles_localised_title_wwd_ll_dilemma_battle_of_yuanbo_and_yunxiang_1	The Mediator	false
effect_bundles_localised_description_wwd_chosenone	You have chosen his fate.	false
effect_bundles_localised_title_wwd_chosenone	Destiny's Chosen	false
dilemmas_localised_title_wwd_incident_yuenv	Uprising in He Dong	false
dilemmas_localised_description_wwd_incident_yuenv	The briny sea wind carried the scent of scorched earth, sweeping the wails of Zhen Dan's people toward the depths of the black ark. Then, banners of blue-green rose from the ruins, planted across all six commanderies of He Dong\\n\\nThe seven-hundred-li fleet of Ming Long's navy patrols amid crashing waves, its dragon-prowed rams capable of tearing open the surf, yet unable to stop the specters seeping through the reefs. Whenever the crescent moon sinks to the west, barbed chains climb the sea cliffs, and the pointed-eared invaders hurl torches into the granaries, flames devouring thatched roofs faster than the tide. Amid the clanking of shackles on captured townsfolk, the sect once known as 'Moonlight'—which had wandered among disaster victims offering healing—has now been forged into a blade that strikes terror into the hearts of the Dark Elves\\n\\nZhao Qi bathes in moonlight, and behind her, tens of thousands of righteous soldiers shine alongside the crescent moon. The Dark Elves shall see that even the smallest spark can set the plains ablaze	false
cdir_events_dilemma_choice_details_localised_choice_label_wwd_incident_yuenvFIRST	Act on the will of the people	false
dilemmas_localised_title_wwd_incident_panjun	Darkness and Discord	false
dilemmas_localised_description_wwd_incident_panjun	The situation in every province is grim—this may be the worst internal upheaval Zhen Dan has faced since the Unification War. We still cannot confirm the exact state of Nong Chang; the Curse of Jade Blood has completely severed communication between the northern and southern banks of the Jade River. Nine of the fifteen circuits within the passes have gone entirely silent, the Iron Throne of Bin Xi lies in rebel hands, and the East Sea's Dragon Fleet has not returned for weeks after sailing into a storm conducted by sorcerers of the Black Ark. Generals loyal to the Dragon Emperor still resist in their own regions—this is the best we can currently hope for\\n\\nChaos has arrived, my lord. Everything now rests upon your judgment	false
cdir_events_dilemma_choice_details_localised_choice_label_wwd_incident_panjunFIRST	The wheels roll ever onward...	false
campaign_payload_ui_details_description_wwd_incident_yuenv	A peasant uprising will erupt across the counties of He Dong.	false
campaign_payload_ui_details_description_wwd_incident_panjun	State of the Celestial Empire: A crumbling edifice.	false
effect_bundles_localised_description_wwd_chosenone_4	Your act of righteousness has won support from every corner of the land — your supply consumption will be reduced!	false
effect_bundles_localised_title_wwd_chosenone_4	Supply Line Support	false
dilemmas_localised_title_wwd_ll_dilemma_battle_of_hundunhuangyuan	Battle of the Northern Wastes	false
dilemmas_localised_description_wwd_ll_dilemma_battle_of_hundunhuangyuan	After the Third Northern Expedition, the Chaos tribes retreated far into the northern wastes, beyond the reach of the frontier army, which nearly abandoned the pursuit. The Khan then sent roving raiders south to harass the borders, leaving the northern granaries empty and the people exhausted. Thus the Governor of the Wei Bei Provinces, Miao Ying, dispatched her generals Yi Qing and [Flying General] Li Su, each leading elite troops, to advance deep into the northern wastes along two routes, seeking to utterly annihilate the main Chaos forces by storming their lair at Blood Wind Fortress and encircling Khan Zhargazag, settling the northern conflict once and for all. The thunder of hooves echoes across the wasteland as a battle that will shake the ages begins to unfold	false
cdir_events_dilemma_choice_details_localised_choice_label_wwd_ll_dilemma_battle_of_hundunhuangyuanFIRST	Swallowing ten thousand miles like a tiger	false
cdir_events_dilemma_choice_details_localised_choice_title_wwd_ll_dilemma_battle_of_hundunhuangyuanFIRST	Zhen Dan's cavalry have shattered the enemy time and again - the scattered raiders of the Chaos tribes stand no chance against them	false
cdir_events_dilemma_choice_details_localised_choice_label_wwd_ll_dilemma_battle_of_hundunhuangyuanSECOND	Win, yet flee northward in disarray	false
cdir_events_dilemma_choice_details_localised_choice_title_wwd_ll_dilemma_battle_of_hundunhuangyuanSECOND	Now that the great army has marched far into the northern wastes, scouting the enemy proves difficult, and I fear the Khan waits at ease for our exhaustion. Though Zhen Dan boasts elite soldiers and skilled generals, victory remains far from certain...	false
incidents_localised_description_wwd_ll_dilemma_battle_of_hundunhuangyuan_1	My lord, news has arrived from Chang Yuan: Yi Qing's forces encountered the Chan Yu's army directly in the desert and crushed it utterly, slaying tens of thousands of the enemy. They pursued them to Blood Wind Fortress, burned their grain stores, and seized their finest horses. The remnants of Kazak's forces fled north in disarray	false
incidents_button_text_wwd_ll_dilemma_battle_of_hundunhuangyuan_1	No royal court south of the desert...	false
incidents_localised_title_wwd_ll_dilemma_battle_of_hundunhuangyuan_1	Seal Victory at Wolf's Lair	false
incidents_localised_description_wwd_ll_dilemma_battle_of_hundunhuangyuan_2	My lord, news has arrived from Chang Yuan: Yi Qing's forces have clashed with the Chan Yu in the desert for days in a deadlocked struggle. The forces of Chaos arrive by night and by day, endless and unrelenting, yet Li Su's forces became lost in the northern desert and failed to join the battle, leaving Yi Qing to stand alone, unable to hold. He has retreated south of the Long Kui Road. The frontier's cavalry has been all but annihilated—I fear the Chan Yu will strike again before long...	false
incidents_button_text_wwd_ll_dilemma_battle_of_hundunhuangyuan_2	The brave return wrapped in their own shrouds...	false
incidents_localised_title_wwd_ll_dilemma_battle_of_hundunhuangyuan_2	Shattered Halberds, Sunken Blades	false
names_name_98742418	[Duke of Zhu Xiang] Xun Chun	true
names_name_98742419	[Flying General] Li Su	true
dilemmas_localised_title_wwd_ll_dilemma_deal_with_ogr	Ogre Diplomacy	false
dilemmas_localised_description_wwd_ll_dilemma_deal_with_ogr	Ever since the Ogre Wars passed, relations between Zhen Dan and these hulking brutes from the Mourn Mountains have remained ever fickle. Merchant caravans and frontier armies alike have recruited Ogres as mercenaries, relying on their brawn — yet tales of caravans and commoners devoured whole by Ogres are just as common. Among all the dragons, none has courted the Ogres more closely than the Eighth-Generation Lord of Shang Yang. Rumor holds that he shares no small friendship with the Tyrant Big Golden Tooth, and has long sought to set aside old grudges and forge a new alliance between the court and the Ogres. But in the recent campaign to suppress the rebel gentry, the sudden intervention of a Bloodthirster cost Zhao Ming dearly — and given how erratic and unpredictable the Eighth-Generation Lord's conduct can be, there's no telling what shocking move he might make next.	false
cdir_events_dilemma_choice_details_localised_choice_label_wwd_ll_dilemma_deal_with_ogrFIRST	Hopefully nothing goes wrong	false
cdir_events_dilemma_choice_details_localised_choice_title_wwd_ll_dilemma_deal_with_ogrFIRST	Zhen Dan has always prized harmony above all, and since the Ogres guard the only route westward, befriending them as allies would surely cause trade along that road to flourish	false
cdir_events_dilemma_choice_details_localised_choice_label_wwd_ll_dilemma_deal_with_ogrSECOND	It wouldn't be surprising if it came to blows	false
cdir_events_dilemma_choice_details_localised_choice_title_wwd_ll_dilemma_deal_with_ogrSECOND	The savages of the Mourning Mountains have long borne grudges against our Celestial Dynasty. Though that gold-toothed tyrant is on good terms with the Eighth-Generation Lord, he keeps no discipline over his men, and the man-eating brutes have been raiding more fiercely of late. Let the Eighth-Generation Lord clash with the tyrant, and teach these savages to fear the very wind that carries our name!	false
incidents_localised_description_wwd_ll_dilemma_deal_with_ogr_1	My lord, news has arrived from Shang Yang: the Eighth-Generation Lord and the Golden-Fanged Tyrant have sworn a blood pact, even seeking brotherhood and eternal friendship. Shang Yang will provide the Ogres with delicacies from all corners brought by trade routes, while the strongmen of the Long-Tusk Road will offer full protection to Zhen Dan's caravans. Whatever else may be said, the westward roads have certainly grown safer	false
incidents_button_text_wwd_ll_dilemma_deal_with_ogr_1	Zhen Dan has gained another friend	false
incidents_localised_title_wwd_ll_dilemma_deal_with_ogr_1	Alliance of the Silk Road	false
incidents_localised_description_wwd_ll_dilemma_deal_with_ogr_2	My lord, news has arrived from Shang Yang: the Golden-Fanged Tyrant's subordinates made insolent remarks at a banquet in Shang Yang, and a quarrel broke out with the Jade Valor Overseer—which ended with the Ogre tearing him clean in half on the spot, splattering blood across the embassy's banquet hall. Both parties now stand on the brink of open conflict. Though the Eighth-Generation Lord managed to see Big Golden Fang and his retinue safely out of the city, he could not calm the outrage of the court officials. Big Golden Fang's lieutenant slaughtered Zhen Dan soldiers in Shang Yang—this is a naked insult to Zhen Dan, and conflict now seems all but inevitable...	false
incidents_button_text_wwd_ll_dilemma_deal_with_ogr_2	We should have known that tyrant's men would cause trouble...	false
campaign_payload_ui_details_description_wwd_ll_dilemma_deal_with_ogr_2	Both sides have already fallen into conflict.	false
incidents_localised_title_wwd_ll_dilemma_deal_with_ogr_2	Feast of Blood	false
effect_bundles_localised_description_wwd_ll_dilemma_deal_with_ogr_1	With the aid of the Long-Tusked Strongmen, the efficiency of the trade routes has greatly improved.	false
effect_bundles_localised_title_wwd_ll_dilemma_deal_with_ogr_1	Pact of the Silk Road	false
cdir_events_dilemma_choice_details_localised_choice_label_wwd_ll_dilemma_battle_of_yuanbo_and_yunxiang_2FIRST	Stand united against the common foe	false
cdir_events_dilemma_choice_details_localised_choice_title_wwd_ll_dilemma_battle_of_yuanbo_and_yunxiang_2FIRST	It is time to turn our blades toward Zhen Dan's true enemy!	false
dilemmas_localised_title_wwd_ll_dilemma_battle_of_yuanbo_and_yunxiang_2	Behind the Great Curtain	false
dilemmas_localised_description_wwd_ll_dilemma_battle_of_yuanbo_and_yunxiang_2	The deceiver's plot has been exposed! The sparks of civil war have been snuffed out—Yuan Bo and Yun Xiang have reconciled, and the Changeling has fled Wei Jing in disgrace. Now is the time to turn our blades toward Zhen Dan's true enemy!	false
campaign_payload_ui_details_description_wwd_ll_dilemma_battle_of_yuanbo_and_yunxiang_2	Yuan Bo and Yun Xiang will form an [[img:icon_military_alliance]][[/img]] alliance with you, and together you will declare war on the Changeling.	false
dilemmas_localised_title_wwd_ll_dilemma_battle_of_longmenguan	Battle of Long Men Pass	false
dilemmas_localised_description_wwd_ll_dilemma_battle_of_longmenguan	Chang Yuan burns—no one has ever seen a Chaos Dwarf army gathered on such a scale. Brick and tile scatter like withered branches under the thunderous roar of terror cannons, soldiers' bones reduced to ash before they even hit the ground. The shrieking of daemon engines drowns out the drumbeat of the watchtowers, and the defenders of Long Men Pass have launched dozens of assaults just to tear down the war banner that Zhar's warband planted in the breach of the beacon tower\\n\\nFrontier army messengers have ridden the post roads for nights on end, racing to bring word to the provincial offices before Chang Yuan falls. No sooner had the exhausted messenger been laid to rest than more news arrived from the other courts—armies from every province are already racing to Chang Yuan. The frontier cavalry has suffered heavy losses, but they have succeeded in tearing open a breach in the enemy's assault. The frontline troops now await the arrival of more reinforcements, preparing to launch an assault equally deadly to both sides, in order to destroy the Chaos Dwarfs' siege engines	false
cdir_events_dilemma_choice_details_localised_choice_label_wwd_ll_dilemma_battle_of_longmenguanFIRST	Agree to join the battle	false
cdir_events_dilemma_choice_details_localised_choice_title_wwd_ll_dilemma_battle_of_longmenguanFIRST	A legion stands ready and awaiting your order - the moment you command it, they will march at once to Chang Yuan to join the assault	false
cdir_events_dilemma_choice_details_localised_choice_label_wwd_ll_dilemma_battle_of_longmenguanSECOND	Refuse the request	false
cdir_events_dilemma_choice_details_localised_choice_title_wwd_ll_dilemma_battle_of_longmenguanSECOND	We are already stretched thin on the battlefield - asking us to spare more forces to reinforce them is truly asking too much	false
campaign_payload_ui_details_description_wwd_ll_dilemma_battle_of_longmenguan	[[col:red]][Blackheart] Zha Tan has launched an unprovoked attack on Cathay[[/col]]\\n\\nA new army will be dispatched to Chang Yuan to join other Cathayan factions against the Chaos Dwarf forces. If victorious, you will be granted command of this army as a reward.	false
effect_bundles_localised_description_wwd_Guardian_of_cth	『With my body as the wall, I shield home and nation.』	false
effect_bundles_localised_title_wwd_Guardian_of_cth	Giving One's All for Home and Nation	false
dilemmas_localised_title_wwd_ll_dilemma_battle_of_yujiang	Battle of the Jade River Delta	false
dilemmas_localised_description_wwd_ll_dilemma_battle_of_yujiang	Banners billowed across the nine ridges of the Jade River, the torches of the righteous army joining together like a river of stars in the dusk—the Dark Elf host collapsed at the first touch, the clatter of falling spiked helms denser than the autumn rain. News of the recapture of twenty-two cities south of the Red River still raced along the post roads even as the righteous army's vanguard set foot upon the long-lost homeland of the northern shore.\\n\\nAcross the delta plains, cold-blooded lizards hissed in the mist. [Fallen Heart] caressed the still-wet bloodstains upon the altar. As the righteous army descended from the mountains onto the battlefield of his choosing, the groan of turning winches would grind the moonlight to dust.	false
cdir_events_dilemma_choice_details_localised_choice_label_wwd_ll_dilemma_battle_of_yujiangFIRST	Set sail into the vast ocean	false
cdir_events_dilemma_choice_details_localised_choice_title_wwd_ll_dilemma_battle_of_yujiangFIRST	The Fallen Heart treated the righteous army as fish to be slaughtered upon the open sea, but he should learn this lesson well: never think you can crush the people upon the soil of Zhen Dan	false
cdir_events_dilemma_choice_details_localised_choice_label_wwd_ll_dilemma_battle_of_yujiangSECOND	This will be a disaster	false
cdir_events_dilemma_choice_details_localised_choice_title_wwd_ll_dilemma_battle_of_yujiangSECOND	These peasants are not yet ready to face the Fallen Heart directly - this will be a massacre...	false
campaign_payload_ui_details_description_wwd_ll_dilemma_battle_of_yujiang	[[col:red]]The righteous army faces the Fallen Hearts in open battle on the delta plains[[/col]]\\n\\nYou will take part in the battle from the perspective of a peasant army. If victorious, you will be granted command of this army as a reward.	false
dilemmas_localised_title_wwd_ll_dilemma_battle_of_muyuan	Battle of the Terracotta Warriors' Tomb	false
dilemmas_localised_description_wwd_ll_dilemma_battle_of_muyuan	The rebels are far from unified—generals holding great armies harbor their own hidden ambitions, and the warlords of every garrison town clamor to carve up the spoils. The defeat at the Battle of Wei Jing has already brought these tensions into the open; without a decisive victory, the Prince of Nan Yang's crumbling authority could be divided among his so-called 'allies' at any moment. The Fallen Hearts craftsmen, renowned for their skill in building sky junks, forged a world-renowned aerial fleet for Zhen Dan, and with this great city's betrayal, half that fleet has changed hands. Han Cheng has resolved to stake this trump card in one final, decisive battle—Miao Ying's every move is already within his grasp. The Dragon Maiden and her massive legion from Nan Gao have been lured, by careful design, into a battle at the Terracotta Warrior burial grounds. The army of the Raging Gale excels at city defense, but the Yan Bin Plain will be the sky junks' home ground. If he can destroy the Clan Princess's army there, the nobles of the Wei Bei Provinces will collapse of their own accord—he needs only this one victory to achieve the vengeance he has long dreamed of	false
cdir_events_dilemma_choice_details_localised_choice_label_wwd_ll_dilemma_battle_of_muyuanFIRST	Needle against wheat awn	false
cdir_events_dilemma_choice_details_localised_choice_title_wwd_ll_dilemma_battle_of_muyuanFIRST	A duel between fleets of sky junks	false
cdir_events_dilemma_choice_details_localised_choice_label_wwd_ll_dilemma_battle_of_muyuanSECOND	Blazing fire scorches the heavens	false
cdir_events_dilemma_choice_details_localised_choice_title_wwd_ll_dilemma_battle_of_muyuanSECOND	Masts and oars scattered to ash and smoke...	false
campaign_payload_ui_details_description_wwd_ll_dilemma_battle_of_muyuan	[[col:red]]The Soaring Dragon and the fleet of the Prince of Nan Yang will clash in a decisive battle at the terracotta mausoleum[[/col]]\\n\\nYou will take part in the battle from the perspective of a Coiling Dragon Steed cavalry unit. If victorious, you will be granted command of this unit as a reward.	false
effect_bundles_localised_description_wwd_buff_for_peasant	『Our strength is not shown in blade and spear, but in our righteousness.』	false
effect_bundles_localised_title_wwd_buff_for_peasant	Mandate of the People	false
effect_bundles_localised_description_wwd_buff_for_longma	『Amid laughter and talk, the masts and oars are turned to ash and smoke.』	false
effect_bundles_localised_title_wwd_buff_for_longma	Dragon Steed Strikes the Vast Sky	false
incidents_localised_description_wwd_ll_dilemma_battle_of_longmenguan_2	                                              You bear witness to a battle that will be sung of for a thousand years\\n\\n[[col:yellow]]'With our very bodies as the wall, we guard hearth and home'[[/col]]	false
incidents_button_text_wwd_ll_dilemma_battle_of_longmenguan_2	The wheels roll ever onward...	false
incidents_localised_title_wwd_ll_dilemma_battle_of_longmenguan_2	The Battle of Long Men Concludes	false
incidents_localised_description_wwd_ll_dilemma_battle_of_yujiang_2	                                             You bear witness to a battle that will be sung of for a thousand years\\n\\n[[col:yellow]]'Our strength lies not in blade and spear, but in our righteousness'[[/col]]	false
incidents_button_text_wwd_ll_dilemma_battle_of_yujiang_2	The wheels roll ever onward...	false
incidents_localised_title_wwd_ll_dilemma_battle_of_yujiang_2	The Battle of the Jade River Delta Concludes	false
incidents_localised_description_wwd_ll_dilemma_battle_of_muyuan_2	                                             You bear witness to a battle that will be sung of for a thousand years\\n\\n[[col:yellow]]'Amid laughter and idle talk, their masts and oars turned to ash and smoke'[[/col]]	false
incidents_button_text_wwd_ll_dilemma_battle_of_muyuan_2	The wheels roll ever onward...	false
incidents_localised_title_wwd_ll_dilemma_battle_of_muyuan_2	The Battle of the Terracotta Army Tomb Concludes	false
campaign_payload_ui_details_description_wwd_ll_dilemma_battle_of_hundunhuangyuan	[[col:red]]The northern expedition forces will clash outside Blood Wind Fortress[[/col]]\\n\\nYou will take part in the battle from the perspective of [Flying General] Li Su. If victorious, you will be granted command of this army as a reward.	false
effect_bundles_localised_description_wwd_buff_for_cavalry	『Golden spears and iron steeds, our spirit swallows ten thousand li like a tiger.』	false
effect_bundles_localised_title_wwd_buff_for_cavalry	Valor to Swallow Ten Thousand Miles	false
incidents_localised_description_wwd_ll_dilemma_battle_of_hundunhuangyuan_3	                                             You bear witness to a battle that will be sung of for a thousand years\\n\\n[[col:yellow]]'Golden blades and iron steeds, our fury swallows ten thousand miles like a tiger'[[/col]]	false
incidents_button_text_wwd_ll_dilemma_battle_of_hundunhuangyuan_3	The wheels roll ever onward...	false
incidents_localised_title_wwd_ll_dilemma_battle_of_hundunhuangyuan_3	The Battle of the Chaos Wastes Concludes	false
cdir_events_dilemma_choice_details_localised_choice_label_wwd_ll_dilemma_battle_of_hundunhuangyuanTHIRD	Golden spears and iron steeds	false
names_name_98742423	[Beast-Cherished] Kun Du Lun Khan	true
dilemmas_localised_title_wwd_ll_dilemma_confederate_with_changyuan	A Storm on the Horizon	false
dilemmas_localised_description_wwd_ll_dilemma_confederate_with_changyuan	The thunder of hooves draws near, the shriek of a hawk like sobbing and weeping. Beyond the frontier, war horns sound day and night; the campfires beneath the Khan's banners mirror the stars above. The night watchmen along the battlements of Chang Yuan play the songs of home upon their wooden flutes. Within the sandalwood case brought by the frontier army's messenger lies half a tally—should it match the other half held by the Commandant of Long Men Pass, over a hundred thousand frontier troops across the three passes shall be yours to command. Yet beneath the jade paperweight lies another letter, sent through the night by the crowned and be-tasseled nobility—the provinces wish that you remain still, offering only material support to the war in Chang Yuan.\\n\\nHow shall you decide now? Raise the tally and personally garrison the mighty pass, letting the helms of the heavenly army blaze bright against the peaks of He Lan Shan? Your achievements already strike fear into the court and the wilds alike, and the letters sent by the nobles only prove that none of them will stand idly by while your influence continues to grow. Yet should you choose to divert the grain and arms of the twelve provinces, though it may preserve balance at court for now, it could reduce the frontier army to nothing more than an abrupt footnote in the historian's brush.\\n\\nThe water-clock ticks away, and suddenly the guards outside your command tent raise their torches—a double-tailed comet streaks across the northwestern sky. You feel the warmth of your palm drawing ever closer to the cold hilt of your sword, and hear your own heartbeat slowly fall into rhythm with the distant war drums. The fate of the Celestial Court hangs upon a single thought of yours, and history, at moments such as this, always melts the chessboard into a quenched blade.	false
cdir_events_dilemma_choice_details_localised_choice_label_wwd_ll_dilemma_confederate_with_changyuanFIRST	Take over the frontier army	false
cdir_events_dilemma_choice_details_localised_choice_title_wwd_ll_dilemma_confederate_with_changyuanFIRST	Bitter winter has arrived - I need Zhen Dan's strength united beneath my banner	false
cdir_events_dilemma_choice_details_localised_choice_label_wwd_ll_dilemma_confederate_with_changyuanSECOND	Support the frontier army	false
cdir_events_dilemma_choice_details_localised_choice_title_wwd_ll_dilemma_confederate_with_changyuanSECOND	When the nation faces hardship, we shall lead by example - the frontier army will have our support	false
campaign_payload_ui_details_description_wwd_ll_dilemma_confederate_with_changyuan1	You will [[img:icon_confederation]][[/img]] confederate the target faction.	false
campaign_payload_ui_details_description_wwd_ll_dilemma_confederate_with_changyuan2	The target faction, if not a vassal, will form an [[img:icon_military_alliance]][[/img]] alliance with you.	false
names_name_98742422	[Scourge of the Gods] Menggoli Khan	true
campaign_payload_ui_details_description_wwd_ll_dilemma_confederate_with_changyuan3	The Dragon Guard Celestial Army is already standing at the ready in Chang Yuan.	false
campaign_payload_ui_details_description_wwd_ll_dilemma_confederate_with_changyuan4	Lords from all quarters will send reinforcements to Chang Yuan and form an [[img:icon_military_alliance]][[/img]] military alliance with you, but the Frontier Army will also sever all vassalage ties with you and seek political independence.	false
dilemmas_localised_title_wwd_ll_dilemma_confederate_with_changyuan_warning	The Mountain Wind Heralds the Storm	false
dilemmas_localised_description_wwd_ll_dilemma_confederate_with_changyuan_warning	My lord, ever since the Chaos Dwarfs' siege of Chang Yuan ended, the frontier army has taken in thousands of panicked, fleeing herders. The steppe grows restless, and the royal court now thirsts for a campaign of unprecedented scale—[Scourge of the Gods] Menggoli Khan has united the tribes through bloody struggle. The White-Topped Tent has held three days and three nights of sacrifice in his honor, the ordos of twenty-six tribes gathering outside his tent. The moment he steps forth from it, the horns of the heavenly road shall ring out with his every step.\\n\\nThe Chaos Dwarfs' previous offensive has already gravely weakened the frontier army. Though the provinces reached an agreement of unity at the Wei Jing conference, resolving to assist the God-Strategy Bureau in drawing troops from fifteen interior provinces to reinforce the frontier, the hundred officials of the Celestial Court remain uneasy—none dare declare with certainty that Chang Yuan can withstand another fierce assault in such haste. The nobles of the various provinces have yet to state their positions, but regardless, the time to prepare for war is already upon us.	false
cdir_events_dilemma_choice_details_localised_choice_label_wwd_ll_dilemma_confederate_with_changyuan_warningFIRST	The curtain is about to rise...	false
cdir_events_dilemma_choice_details_localised_choice_title_wwd_ll_dilemma_confederate_with_changyuan_warningFIRST	[[col:red]]A storm from the north is about to descend upon us - we must prepare[[/col]]	false
campaign_payload_ui_details_description_wwd_ll_dilemma_confederate_with_changyuan_warning	The Sentries of the Beacon Roads have already left Long Men. Let us hope they can bring back more information before the iron hooves arrive.	false
names_name_98742301	[Duke of Xuan Huan] Hao Yuan	true
names_name_98742302	[Right Gu Li Prince] Lu Jia	false
names_name_98742303	[Lord of the Red Water River] Chen Zu Long	false
names_name_98742304	[Marquis of Jing Ji] Shi Qiu	false
names_name_98742305	[Marquis of Wu Qu] Wen Qie	false
names_name_98742306	"Bamboo Dragon Li Dao" - the State Thief	false
names_name_98742307	Kriese Brokenjaw	false
names_name_98742308	[Lord of the Shan Yue] Zu Lang	false
names_name_98742309	Aldo the Murderer	false
names_name_98742311	[Helmsman of the Bone River] Headless Yuan Fei	false
names_name_98742312	[Right Gu Li Prince] Lu Wen	false
names_name_98742313	[Vanguard of the Forest] King Lan Qian	false
names_name_98742314	[Lord of the Lesser Heavenly Palace] Great Buddha Honghi	false
names_name_98742315	[Mountain Rakshasa] King Mo Kun	false
names_name_98742316	[Great King of Jade Wind] Lord Jade Rat	false
names_name_98742317	[Tiger that Shakes the Desert] Feng Yao	false
names_name_98742318	[Duke of Zhu Xiang] Xun Chun	false
names_name_98742421	[Duke of Wei Guo] Yin Yu	true
names_name_98742420	[Duke of Hong Xiang] Zhang Sun Ji	true
names_name_98742425	[General of the Left Xiao Wei Guard] Hou Zhi Jie	true
names_name_1021105005	[Supervisor of the Court of Imperial Sacrifices] Wen Cheng	true
names_name_1021105006	[Bei Gong Astronomer Officer] Tong An	true
effect_bundles_localised_description_wwd_buff_for_infantry	『The sons and daughters of Ling Nan shed blood, but never tears.』	false
effect_bundles_localised_title_wwd_buff_for_infantry	Lighting Up the Night	false
cdir_events_dilemma_choice_details_localised_choice_label_wwd_ll_dilemma_tiantinyuanzhuFIRST	Policy of Peace	false
cdir_events_dilemma_choice_details_localised_choice_title_wwd_ll_dilemma_tiantinyuanzhuFIRST	Standing alone in self-preservation is a truly absurd strategy. We should send envoys to expand trade along the Tusked Road	false
cdir_events_dilemma_choice_details_localised_choice_label_wwd_ll_dilemma_tiantinyuanzhuSECOND	Policy of Conquest	false
cdir_events_dilemma_choice_details_localised_choice_title_wwd_ll_dilemma_tiantinyuanzhuSECOND	With powerful enemies surrounding us on every side, the Celestial artisans should be ordered to work with all haste to prepare for war, the ring of hammered steel echoing across the entire realm. Let the Astronomical Bureau's scribes also divine the heavens for a path to victory	false
dilemmas_localised_title_wwd_ll_dilemma_tiantinyuanzhu	Capital Overseers	false
dilemmas_localised_description_wwd_ll_dilemma_tiantinyuanzhu	Wei Jing, the pearl atop the Celestial Court's crown, seat of the Five Elements Compass, and the Dragon Emperor's palace in the mortal realm. Before the halls of the Six Ministries, vermilion robes and caps gather like clouds; every crisp click of ivory tablets in the Three Departments' towers sends tremors through the lifeblood of the fifteen circuits sheltered within the passes. Beyond the Heavenly Gate, dust never settles along the seventy-two post roads for a full year; the capital's envoys travel ceaselessly between the courts, just as the Celestial Court's grip on its territories never slackens.\\n\\nWhen the golden banner embroidered with the vast dragon's sigil pierces the morning mist, a company of Dragon Guards escorts the capital's envoy into your court. The games played beneath the Celestial Court's steps always conceal hidden currents; the envoy is a fulcrum lowered from the ninefold heavens — much like a thread dangling from the clouds. Place your pieces correctly amid the crossings, and you may yet move the Celestial Court's power, heavier than ten thousand jun.\\n\\n[[col:yellow]]While you are allied with the Loyal Guard of the Jade Court, envoys of the Celestial Court will periodically visit your faction. You may spend diplomatic relations to gain the Celestial Court's aid.[[/col]]	false
cdir_events_dilemma_choice_details_localised_choice_label_wwd_ll_dilemma_tiantinyuanzhuTHIRD	Policy of Prosperity	false
cdir_events_dilemma_choice_details_localised_choice_title_wwd_ll_dilemma_tiantinyuanzhuTHIRD	A thousand grand ambitions all rest upon a single foundation. Sincere words may stir men's hearts, but only wealth can move mountains and seas	false
cdir_events_dilemma_choice_details_localised_choice_label_wwd_ll_dilemma_tiantinyuanzhuFOURTH	Pay the Taxes	false
cdir_events_dilemma_choice_details_localised_choice_title_wwd_ll_dilemma_tiantinyuanzhuFOURTH	Offer a gift to the Celestial Court, in exchange for greater aid from them in the future	false
effect_bundles_localised_description_wwd_buff_for_tianting	Offer a gift to the Celestial Court, in exchange for greater aid in the future.	false
effect_bundles_localised_title_wwd_buff_for_tianting	Taxes Remitted Upward	false
dilemmas_localised_title_wwd_ll_dilemma_confederate_with_tiantin	Envoy from the Capital	false
dilemmas_localised_description_wwd_ll_dilemma_confederate_with_tiantin	Dawn breaks suddenly, bells toll, cranes take flight—golden ceremonial banners pierce the morning mist like countless unsheathed blades. Leaning against a dragon-carved pillar, you count the frost-covered steps crushed beneath vermilion official boots—seven canopies, thirteen imperial envoys. The rumbling thunder unsettles you; the Dragon Emperor's Guard stands among the ranks as well. That sudden visit from the imperial guard not long ago still leaves your officers on edge—before that, they had not left the capital in over a hundred years. The times have truly changed.\\n\\n"A hall perfumed with aloeswood is, after all, warmer than a prison cell of imperial decree." The Censor-in-Chief's plain silk sleeve, hanging over the charcoal brazier, curls in the heat, the golden crane-script embroidery gnawed by blue smoke into charred, broken wings. His long sleeves, embroidered with golden clouds, brush past the paperweight on the desk, knuckles tapping softly against the sandalwood: "The Dragon Guard intercepted five prison carts at the Heavenly Gate last night, all full of tongues speaking nonsense."\\n"I've come bearing gifts this time." Qing Shao suddenly opens a rosewood case—the ceremonial jade tablet gleams coldly against the silk lining, an imperial artifact that should rightfully be enshrined at the Heavenly Court. You nearly draw your sword and rise, but Qing Shao's mouth still curls with a smile. "No need to be so tense. This is the capital's wish. You've won, my lord—rare indeed to find a voice of discontent against you throughout the court and beyond." Qing Shao drapes a crane-feather cloak over his shoulders, gently lifting the jade tablet to stroke it, the shadow swaying three inches from your throat. "A small piece of jade, yet it holds the scheming of the entire court within it—do you understand its weight?" "It should not have been I who came. The imperial guard wished to intervene further in this meeting, but few opportunities remained to see you."\\n\\nThe envoy rises, knocking over the wine cup upon the table, the delicacies spilling and winding like a trail of blood: "Governing the Heavenly Court is no easy task, my lord—you'll have much to keep you busy."	false
cdir_events_dilemma_choice_details_localised_choice_label_wwd_ll_dilemma_confederate_with_tiantinFIRST	Go to the Capital	false
cdir_events_dilemma_choice_details_localised_choice_title_wwd_ll_dilemma_confederate_with_tiantinFIRST	Bitter winter has arrived - I need Zhen Dan's strength united beneath my banner	false
cdir_events_dilemma_choice_details_localised_choice_label_wwd_ll_dilemma_confederate_with_tiantinSECOND	Assume the Regency	false
cdir_events_dilemma_choice_details_localised_choice_title_wwd_ll_dilemma_confederate_with_tiantinSECOND	The Celestial Court's system is far too vast - taking it over rashly could bring about unforeseen chaos. Perhaps it would be more efficient to let it continue operating under its current structure	false
effect_bundles_localised_description_wwd_tiantinhebang	You may know a person's face, but never their heart—not everyone stands with us, so never let your guard down.	false
effect_bundles_localised_title_wwd_tiantinhebang	Undercurrents Surge	false
effect_bundles_localised_description_wwd_tiantinhebang2	The vast bureaucratic system of Wei Jing is now under your control. Population, roads, grain—the reports of every province flow into your hands, and with a single command you may mobilize the entire nation.	false
effect_bundles_localised_title_wwd_tiantinhebang2	Stirring the Nine Provinces	false
incidents_localised_title_deer_tiantin_captured1_event	Transfer of Provincial Authority	false
incidents_localised_description_deer_tiantin_captured1_event	My lord, the Celestial Court's army has taken a city beyond the Jing Ji Road and granted the region to the lord who should rightfully govern it	false
dilemmas_localised_title_wwd_introduction	[[col:yellow]]Walking with Dragons[[/col]]	false
dilemmas_localised_description_wwd_introduction	The state of affairs in the Celestial Empire of Zhen Dan is one of great turmoil, an age known as one of Darkness and Disharmony. The Dragon Emperor and the Moon Empress have been missing for over a century. Peasant emperors rise up in rebellion, bandits in remote provinces run rampant, believing themselves beyond the emperor's reach, and the sons of the Vast Dragon lurk like tigers and bears, each ruling their own domain. As the lords quarrel endlessly over this power vacuum, Zhen Dan's enemies seize the opportunity to swarm in. In the south, the Monkey King has seized the lands of the Celestial Court—had the Dragon Emperor still reigned, he would never have dared such presumption; across all of Zhen Dan, the Tzeentch cult rises quietly, sparking conflicts throughout the realm and tearing apart the already-strained relations among the Dragon-kin; north of Chang Yuan, the hunting packs of Destruction roam the wastes, and the followers of the Dark Gods are already knocking upon the gates of the Celestial Empire...\\n\\n[[img:icon_great_bastion]][[col:yellow]]Loyal Guard of the Jade Court[[/col]] and [[col:green]]Frontier Guard of the Empire[[/col]] cannot form a confederation through diplomacy. These two factions respectively represent [[col:yellow]]the Celestial Court[[/col]] and [[col:green]]Chang Yuan[[/col]], and as representative powers of Zhen Dan, they will provide the player with numerous events throughout the game. As the story unfolds, you will have the opportunity to achieve confederation through these events\\n\\n[[img:icon_great_bastion]]As time passes, some [[/img]][[col:magic]]major events[[/col]] will occur on the map, concerning the fates of other Zhen Dan factions. You may choose to participate in some of these campaigns to help shape the course of events\\n\\n[[img:icon_great_bastion]]Zhen Dan is treated as a single entity—when a [[/img]][[col:white]]key region[[/col]] falls or is reclaimed, the whole of Zhen Dan will be affected\\n\\n[[img:icon_great_bastion]]Earn [[/img]][[col:red]]Military Merit[[/col]] through battle, and use it to grant your troops honors and additional attribute bonuses\\n\\n[[img:icon_great_bastion]]At the start of the game, confederation options for Zhen Dan factions will be unavailable. Increase your [[/img]][[col:green]]Influence[[/col]] through decisions made throughout the story to unlock the corresponding faction's confederation option\\n\\n[[img:icon_great_bastion]]Countless usurpers occupying lands not their own have shattered today's Zhen Dan into fragments. [[/img]][[col:yellow]]The Situation of the Celestial Empire[[/col]] will shift as Zhen Dan factions reclaim their lost homeland, granting the player different faction-wide effects. You may track this mechanic in the status bar at the top of the screen\\n\\n[[img:icon_great_bastion]][[/img]][[col:red]]The Battle of the End Times[[/col]] will begin on turn [[col:white]]58[[/col]]. Grow your power as much as you can before then, and prepare for the final decisive battle!	false
cdir_events_dilemma_choice_details_localised_choice_label_wwd_introductionFIRST	The wheels roll ever onward...	false
effect_bundles_localised_description_wwd_longrengzaici	                                              [[col:yellow]]"I have faced the end times, and I have never wavered."[[/col]]	false
effect_bundles_localised_title_wwd_longrengzaici	[[col:yellow]]The Dragon Remains Here[[/col]]	false
dilemmas_localised_title_wwd_ll_fina_battle	[[col:red]]The Time of the End Times[[/col]]	false
dilemmas_localised_description_wwd_ll_fina_battle	You have triggered Zhen Dan's End Times artifact battle chain and completed one of its battles. Archaon's armies are advancing toward Wei Jing, and Zhen Dan is sliding toward the abyss of ruin. Do you wish for the situation on the campaign map to follow the artifact battle's narrative — plunging Zhen Dan into a true apocalypse?\\n\\n[[col:red]]Note: Choosing "Fight!" or the "New End Times Campaign" will subject you to a true trial. As the End Times unfold, vast Chaos armies will pour into Zhen Dan, and some northern cities will be forcibly destroyed or occupied — but this may offer you a more immersive experience.[[/col]]	false
cdir_events_dilemma_choice_details_localised_choice_label_wwd_ll_fina_battleFIRST	Fight!	false
cdir_events_dilemma_choice_details_localised_choice_title_wwd_ll_fina_battleFIRST	Let Archaon and his minions come!\\n\\n [[col:red]]Do not attempt to reclaim lost territory in the north before completing the End Times War trilogy, as it will fall again during the subsequent storyline[[/col]]	false
cdir_events_dilemma_choice_details_localised_choice_label_wwd_ll_fina_battleSECOND	Don't even think about moving!	false
cdir_events_dilemma_choice_details_localised_choice_title_wwd_ll_fina_battleSECOND	What about my beautiful tier-5 city? Don't you dare touch my tier-5 city!\\n\\n [[col:green]]This option will disable Archaon's faction from actually invading Zhen Dan on the campaign map[[/col]]	false
effect_bundles_localised_description_wwd_chosenone_archaon	Do you hear it? Ruin is knocking at the door.	false
effect_bundles_localised_title_wwd_chosenone_archaon	Chosen for All Eternity	false
effect_bundles_localised_description_wwd_fazhan	The shadow of doomsday is wiped away, and the sun rises once more from the east.	false
effect_bundles_localised_title_wwd_fazhan	Battle of the End Times Won!	false
incidents_localised_title_deer_changyuan_captured1_event	Chang Yuan Reclaimed	false
incidents_localised_description_deer_changyuan_captured1_event	My lord, an army from another province has recovered the fallen [[sl:campaign_great_bastion]]Chang Yuan[[/sl]] pass. The frontier army has once again taken up position within to prepare its defenses	false
effect_bundles_localised_description_wwd_ll_dilemma_changyuanhuibao	In gratitude for our long-standing support of Chang Yuan, the frontier army will lend us their aid in future affairs.	false
effect_bundles_localised_title_wwd_ll_dilemma_changyuanhuibao	Frontier Army Support	false
dilemmas_localised_title_wwd_ll_dilemma_changyuanhuibao	Support of the Frontier Army	false
dilemmas_localised_description_wwd_ll_dilemma_changyuanhuibao	My lord, envoys from Chang Yuan have arrived. We have always given our full support to our comrades at the frontier, though you may see it as mere duty—countless frontier soldiers have survived because of it. Though these warriors are clumsy with words, their vows of gratitude come straight from the heart. The Celestial Court's politics remain fraught with peril, but the frontier army shall always be your steadfast ally.	false
cdir_events_dilemma_choice_details_localised_choice_label_wwd_ll_dilemma_changyuanhuibaoFIRST	Repay kindness with kindness	false
cdir_events_dilemma_choice_details_localised_choice_title_wwd_ll_dilemma_changyuanhuibaoFIRST	In gratitude for our long-standing support of Chang Yuan, the frontier army will lend us their support in future affairs	false
dilemmas_localised_title_wwd_ll_dilemma_changyuan_change	Reclaim Chang Yuan	false
dilemmas_localised_description_wwd_ll_dilemma_changyuan_change	My lord, our forces have successfully seized one of the three passes of [[sl:campaign_great_bastion]]Chang Yuan[[/sl]]. The frontier soldiers are deeply grateful. Should we return command of the pass to them, or should we administer it ourselves?	false
cdir_events_dilemma_choice_details_localised_choice_label_wwd_ll_dilemma_changyuan_changeFIRST	Return the pass	false
cdir_events_dilemma_choice_details_localised_choice_title_wwd_ll_dilemma_changyuan_changeFIRST	The frontier army will continue to oversee the defense of Chang Yuan	false
cdir_events_dilemma_choice_details_localised_choice_label_wwd_ll_dilemma_changyuan_changeSECOND	Take it over myself	false
cdir_events_dilemma_choice_details_localised_choice_title_wwd_ll_dilemma_changyuan_changeSECOND	The frontier army has failed in its duty. If they cannot hold Chang Yuan, then I shall hold it myself	false
campaign_payload_ui_details_description_wwd_ll_dilemma_changyuan_change1	The pass will be returned to the Imperial garrison faction.	false
campaign_payload_ui_details_description_wwd_ll_dilemma_changyuan_change2	You will retain possession of the pass.	false
incidents_localised_description_wwd_ll_fina_battle_death_count01	                                           Archaon looks down upon this crumbling empire with disdain, his champions seething with fervor for the road to ruin\\n\\n [[col:red]]Chaos armies detected: 4[[/col]]\\n\\n [[col:red]]Confirmed fallen soldiers: 12607[[/col]]\\n\\n[[col:red]]Territories lost: 1[[/col]]\\n\\n\\n[[col:red]]'Do you hear it? Ruin is knocking at the door'[[/col]]	false
incidents_button_text_wwd_ll_fina_battle_death_count01	The Dawn of the End Times	false
incidents_localised_title_wwd_ll_fina_battle_death_count01	[[col:red]]The Time of the End[[/col]]	false
incidents_localised_description_wwd_ll_fina_battle_death_count02	                                            Chang Yuan has fallen beneath the boundless tide of Chaos, and the servants of the Dark Gods have poured into the heartland of Zhen Dan\\n\\n[[col:red]]Chaos armies detected: ???[[/col]]\\n\\n [[col:red]]Confirmed fallen soldiers: 113714[[/col]]\\n\\n[[col:red]]Territories lost: 5[[/col]]\\n\\n\\n[[col:red]]'Do you see it? Death dances upon Zhen Dan'[[/col]]	false
incidents_button_text_wwd_ll_fina_battle_death_count02	Total War	false
incidents_localised_title_wwd_ll_fina_battle_death_count02	[[col:red]]The Time of the End[[/col]]	false
incidents_localised_description_wwd_ll_fina_battle_death_count03	                                            A thousand years from now, they will still sing of our deeds—there is no road back, only forward!\\nLet our courage blaze like fire, let the enemy's fear become the trumpet of our victory! For the Dragon Emperor! For Zhen Dan!\\n\\n[[col:red]]Chaos armies detected: ???[[/col]]\\n\\n[[col:red]]Confirmed fallen soldiers: 340687[[/col]]\\n\\n[[col:red]]Territories lost: 18[[/col]]\\n\\n\\n[[/col]][[col:yellow]]'Do you hear it? The roar of Zhen Dan's people'[[/col]]	false
incidents_button_text_wwd_ll_fina_battle_death_count03	Sound the Horn of Counterattack!	false
incidents_localised_title_wwd_ll_fina_battle_death_count03	[[col:red]]The Time of the End[[/col]]	false
dilemmas_localised_title_wwd_ll_dilemma_deal_with_lzd	Survival of the Fittest	false
dilemmas_localised_description_wwd_ll_dilemma_deal_with_lzd	The cold-blooded saurian pounded the raider's body again and again, until it no longer struggled and went limp beneath its feet. Suddenly, a flash of white darted through the jungle — a creature it had never seen before, its fur soft as moonlight, several tails swaying behind it like the wind of a homeland it once knew. That strange white beast made it feel a lightness it had never known before. What was it, truly? The claws of Chaos surged forward like a tide, but Nakai's gaze remained fixed on that white silhouette, and then...	false
cdir_events_dilemma_choice_details_localised_choice_label_wwd_ll_dilemma_deal_with_lzdFIRST	It fights alongside the beast	false
cdir_events_dilemma_choice_details_localised_choice_label_wwd_ll_dilemma_deal_with_lzdSECOND	It grabs a stone hammer and charges the beast	false
incidents_localised_title_deer_changyuan_captured1_enemy_event	The Fall of Chang Yuan	false
incidents_localised_description_deer_changyuan_captured1_enemy_event	[[sl:campaign_great_bastion]]Chang Yuan[[/sl]], the magnificent defensive line stretching across the empire's northern border, once regarded as Zhen Dan's unshakable bulwark, has now fallen beneath the onslaught of a foreign race!	false
effect_bundles_localised_title_deer_changyuan_captured1_event	All Worldly Affairs Are but a Dream, Rise and Fall Ever Uncertain	false
effect_bundles_localised_description_deer_changyuan_captured1_event	Though the soldiers of Cathay fought to the death without retreat, even the most resolute will began to falter before the tide of enemies pouring in. The news spread through the empire like wildfire, shock and dread blanketing every corner: Chang Yuan has fallen — who knows where will suffer next?	false
effect_bundles_localised_description_wwd_lost_landmark_kunlan	The elite soldiers of every province in Zhen Dan rely upon weapons forged in Kun Lan, but now the furnaces of Kun Lan's workshops have gone cold, and divine weapons are nowhere to be found.\\n\\n[[col:white]]Removal condition: Any [[sl:campaign_cathay]]Cathayan[[/sl]] faction reclaims Kun Lan[[/col]]	false
effect_bundles_localised_title_wwd_lost_landmark_kunlan	[[col:red]]The Fall of Kun Lan[[/col]]	false
effect_bundles_localised_description_wwd_lost_landmark_nangao	The smog-shrouded city of Nan Gao supplies most of the weapons and war machines used by the armies of Zhen Dan, serving as the industrial heart of Cathay. For centuries its factory fires burned without pause, only to be destroyed in a single night of war.\\n\\n[[col:white]]Removal condition: Any [[sl:campaign_cathay]]Cathayan[[/sl]] faction reclaims Nan Gao[[/col]]	false
effect_bundles_localised_title_wwd_lost_landmark_nangao	[[col:red]]The Fall of Nan Gau[[/col]]	false
incidents_localised_description_wwd_lost_landmark	A [[url:script_link_campaign_settlements]][[tooltip:{{tt:tooltip_campaign_settlements}}]]settlement[[/tooltip]][[/url]] vital to the Nine Provinces has fallen under the assault of foreign races.\\n\\nThese regions hold specific industries or resources; losing them will deal a severe blow to [[sl:campaign_cathay]]Zhen Dan[[/sl]] in certain areas. We must reclaim it as soon as possible!\\n\\n[[col:white]]You can view the current faction effects by clicking the faction icon in the top right corner[[/col]]	false
incidents_localised_title_wwd_lost_landmark	[[col:red]]Key Region Lost[[/col]]	false
campaign_payload_ui_details_description_wwd_lost_landmark	[[col:red]]A negative effect has been added to all Cathayan factions[[/col]]	false
effect_bundles_localised_title_wwd_lost_landmark_nongchang	[[col:red]]The Fall of Nong Chang[[/col]]	false
effect_bundles_localised_description_wwd_lost_landmark_nongchang	The Nong Chang Basin holds the richest rice paddies in all of Zhen Dan, and the grain this city produces once flowed endlessly to every corner of the Empire to sustain its vast population. Now a thousand miles of fertile land lie in ruin, the crops unharvested, and starving refugees rise up on every side.\\n\\n[[col:white]]Removal condition: Any [[sl:campaign_cathay]]Cathayan[[/sl]] faction reclaims Nong Chang[[/col]]	false
incidents_localised_title_wwd_take_landmark	Key Region Reclaimed	false
incidents_localised_description_wwd_take_landmark	An important [[url:script_link_campaign_settlements]][[tooltip:{{tt:tooltip_campaign_settlements}}]]settlement[[/tooltip]][[/url]] once seized by foreign races has been reclaimed by Zhen Dan!	false
campaign_payload_ui_details_description_wwd_take_landmark	[[col:green]]The negative effect has been removed[[/col]]	false
effect_bundles_localised_description_wwd_lost_landmark_changyuan	Without Chang Yuan's shelter, the magical winds beyond the frontier come rushing in. Do you hear it? The whispers of demons among them.\\n\\n[[col:white]]Removal condition: Any [[sl:campaign_cathay]]Cathayan[[/sl]] faction reclaims the Chang Yuan Three Passes[[/col]]	false
effect_bundles_localised_title_wwd_lost_landmark_changyuan	[[col:red]]The Fall of Chang Yuan—Kui Men Pass[[/col]]	false
effect_bundles_localised_description_wwd_lost_landmark_changyuan2	Without Chang Yuan's shelter, the magical winds beyond the frontier come rushing in. Do you hear it? The whispers of demons among them.\\n\\n[[col:white]]Removal condition: Any [[sl:campaign_cathay]]Cathayan[[/sl]] faction reclaims the Chang Yuan Three Passes[[/col]]	false
effect_bundles_localised_title_wwd_lost_landmark_changyuan2	[[col:red]]The Fall of Chang Yuan—Long Men Pass[[/col]]	false
effect_bundles_localised_description_wwd_lost_landmark_changyuan3	Without Chang Yuan's shelter, the magical winds beyond the frontier come rushing in. Do you hear it? The whispers of demons among them.\\n\\n[[col:white]]Removal condition: Any [[sl:campaign_cathay]]Cathayan[[/sl]] faction reclaims the Chang Yuan Three Passes[[/col]]	false
effect_bundles_localised_title_wwd_lost_landmark_changyuan3	[[col:red]]The Fall of Chang Yuan—Ao Men Pass[[/col]]	false
campaign_payload_ui_details_description_wwd_ll_dilemma_confederate	Unlocks the [[img:icon_confederation]][[/img]] confederation option with the target faction in diplomacy.	false
dilemmas_localised_title_wwd_ll_dilemma_alliance_of_order	Gathering Storm · I	false
dilemmas_localised_description_wwd_ll_dilemma_alliance_of_order	My lord, an envoy claiming to come from the Western Empire under orders of Emperor Karl Franz seeks an audience outside your estate, having traveled east to seek allies. He claims a world-shattering storm is approaching, and that their leader wishes to unite the strength of all nations against the Dark Gods\\n\\nThe Empire hopes that representatives from all sides can gather in Altdorf to hold a council that may change the fate of the world. The envoy awaits your consent—should you, or at least your fully empowered representative, journey west, the entire Order alliance stands to benefit greatly	false
cdir_events_dilemma_choice_details_localised_choice_label_wwd_ll_dilemma_alliance_of_orderFIRST	Send an envoy	false
cdir_events_dilemma_choice_details_localised_choice_title_wwd_ll_dilemma_alliance_of_orderFIRST	Prepare a diplomatic delegation to accompany the envoy to the west. It seems the situation in the Old World is worsening too - no one can afford to stand aside any longer	false
cdir_events_dilemma_choice_details_localised_choice_label_wwd_ll_dilemma_alliance_of_orderSECOND	Refuse the emissary	false
cdir_events_dilemma_choice_details_localised_choice_title_wwd_ll_dilemma_alliance_of_orderSECOND	Utter nonsense! Our Celestial Dynasty commands strong soldiers and swift steeds, looking down upon all corners of the world - their apocalypse is but an ant shaking a great tree, compared to us	false
campaign_payload_ui_details_description_wwd_ll_dilemma_alliance_of_order	Cathay's diplomatic delegation will arrive in Altdorf in a few turns.	false
dilemmas_localised_title_wwd_ll_dilemma_alliance_of_order2	Gathering Storm · II	false
dilemmas_localised_description_wwd_ll_dilemma_alliance_of_order2	『Storm clouds gather\\nEvil encroaches upon our borders\\nAmong them are mortals\\nand those beyond mortal reckoning\\nHow much longer can we withstand this onslaught?\\nWe must seek allies!\\nEither we die alone, or we unite to survive!\\nWe must not let our thirst for power blind us!\\nIn this moment...\\nYour choice will decide the fate of the world\\nAnd the fate of all creatures who dwell within it\\nMake\\nthe wise\\nchoice!』	false
cdir_events_dilemma_choice_details_localised_choice_label_wwd_ll_dilemma_alliance_of_order2FIRST	Alliance of Order	false
campaign_payload_ui_details_description_wwd_ll_dilemma_alliance_of_order2	Karl Franz has successfully brokered reconciliation between the various Order factions. Together we will face the coming Chaos invasion.	false
effect_bundles_localised_title_wwd_ll_dilemma_alliance_of_order	[[col:yellow]]Alliance of Order[[/col]]	false
effect_bundles_localised_description_wwd_ll_dilemma_alliance_of_order	Either die alone, or unite and survive!	false
dilemmas_localised_title_wwd_ll_fina_norsca	Uneasy Seas · I	false
dilemmas_localised_description_wwd_ll_fina_norsca	My lord, the Bureau of Maritime Inspection reports that they have received no regular contact from the Northern Coastal Defense Fleet of the Azure Sea for two weeks, and the Dragon Fleet's port at Fu Zhou has recorded no returning ships either.\\nSome wreckage has washed back ashore on the tide, like an omen of death carried on the cold winds off the Norscan ice fields. A shadow is rising from the sea...	false
cdir_events_dilemma_choice_details_localised_choice_label_wwd_ll_fina_norscaFIRST	All is quiet beyond the sea	false
dilemmas_localised_title_wwd_ll_fina_norsca2	Uneasy Seas · II	false
dilemmas_localised_description_wwd_ll_fina_norsca2	My lord, the Bureau of Maritime Inspection reports that a thousand miles of Norscan longships have launched an assault on Zhen Dan from the north of the Azure Sea. The Dragon Fleet has been fully redeployed to the northern strait, where the two sides are now locked in fierce battle—	false
cdir_events_dilemma_choice_details_localised_choice_label_wwd_ll_fina_norsca2FIRST	The Norscans broke through the defenses	false
cdir_events_dilemma_choice_details_localised_choice_label_wwd_ll_fina_norsca2SECOND	The Dragon Fleet repelled the invasion	false
dilemmas_localised_title_wwd_ll_fina_norsca3	Uneasy Seas · III	false
dilemmas_localised_description_wwd_ll_fina_norsca3	The Dragon Fleet, Zhen Dan's pride, has drifted back to shore on the tide, and the people watch in terror at the shattered wreckage of the warships\\n\\nA storm sweeps across the sea, and the shadows of longships fall over the land\\n\\nThey have come	false
cdir_events_dilemma_choice_details_localised_choice_label_wwd_ll_fina_norsca3FIRST	Roaring Waves Against the Shore	false
campaign_payload_ui_details_description_wwd_ll_fina_norsca3	[[col:red]]The full-scale invasion has begun[[/col]]	false
incidents_localised_description_wwd_ll_fina_victory_region1	                                               My lord, our forces have reclaimed [[url:script_link_campaign_settlements]][[tooltip:{{tt:tooltip_campaign_settlements}}]]Fallen Hearts[[/tooltip]][[/url]], the largest stronghold of the Chaos horde beyond the pass has been uprooted!\\n\\n[[col:yellow]]"Wait until we've reclaimed our old rivers and mountains, then we shall pay homage before the Heavenly Gate."[[/col]]	false
incidents_button_text_wwd_ll_fina_victory_region1	Reclaim the Homeland	false
incidents_localised_title_wwd_ll_fina_victory_region1	Lost Ground Reclaimed	false
effect_bundles_localised_description_wwd_ll_fina_victory_region	March north! March north!	false
effect_bundles_localised_title_wwd_ll_fina_victory_region	Reclaim the Fallen Hearts	false
incidents_localised_description_wwd_ll_fina_victory_gate1	                                              My lord, Zhen Dan's banners once again fly high over [[url:script_link_campaign_settlements]][[tooltip:{{tt:tooltip_campaign_settlements}}]]Kui Men Pass[[/tooltip]][[/url]]\\n\\nChaos has been driven from the frontier—we have reclaimed a stretch of Chang Yuan!\\n\\n[[col:yellow]]'With the blade at my waist, I shall cut down Lou Lan itself'[[/col]]	false
incidents_button_text_wwd_ll_fina_victory_gate1	Reclaim the Homeland	false
incidents_localised_title_wwd_ll_fina_victory_gate1	Lost Ground Reclaimed	false
incidents_localised_description_wwd_ll_fina_victory_gate2	                                             We once fought and bled here, when the tide of Chaos shattered [[url:script_link_campaign_settlements]][[tooltip:{{tt:tooltip_campaign_settlements}}]]Long Men Pass[[/tooltip]][[/url]]\\n\\nA thousand miles of homeland turned to wasteland, a hundred thousand frontier soldiers wrapped in horsehide shrouds—now, at last, they have come home\\n\\n[[col:yellow]]'Drive the war chariots, and break through the gap in He Lan Mountain'[[/col]]	false
incidents_button_text_wwd_ll_fina_victory_gate2	Reclaim the Homeland	false
incidents_localised_title_wwd_ll_fina_victory_gate2	Lost Ground Reclaimed	false
incidents_localised_description_wwd_ll_fina_victory_gate3	                                             Thunderous drums echo across [[url:script_link_campaign_settlements]][[tooltip:{{tt:tooltip_campaign_settlements}}]]Ao Men Pass[[/tooltip]][[/url]]\\n\\nThe people cheer in wave after wave, the shadow of ruin has been swept away at last, and the sun is rising once more\\n\\n[[col:yellow]]'The Han banners fill Yin Shan, and not one foreign rider shall return'[[/col]]	false
incidents_button_text_wwd_ll_fina_victory_gate3	Reclaim the Homeland	false
incidents_localised_title_wwd_ll_fina_victory_gate3	Lost Ground Reclaimed	false
incidents_localised_title_wwd_incident_nochoose_00	The Bi Xue Daoist	false
incidents_localised_description_wwd_incident_nochoose_00	Along the rugged old road, your army passed through mountain forests, intending to rest briefly at a village marked on the map, only to find that this small settlement was already strewn with corpses. As the Curse of Jade Blood spreads, more and more mountain villages far from fortified cities are being slaughtered\\n\\nA Bi Xue Daoist who happened to be passing through had just finished performing rites for the villagers. He handed you exorcism talismans before setting off to hunt down the culprit behind this tragedy. Rust-worn copper coins covered his eyes, and his solitary figure carried the full weight of the sorrow this disaster had brought upon the common folk	false
incidents_localised_title_wwd_incident_nochoose_01	A Nation of Martial Arts	false
incidents_localised_description_wwd_incident_nochoose_01	A martial arts tournament is being held in the city you pass through. Warriors gather from all directions to test their skills and settle scores, each with their own motives. Zhen Dan's martial traditions have endured for thousands of years—even common folk outside the ranks of soldiers can perform a flourish or two, and the arena itself is crowded with masters of renown. Witnessing such a grand spectacle, your soldiers can barely contain themselves—perhaps it is time to let them train their skills outside the battlefield as well	false
effect_bundles_localised_description_wwd_incident_nochoose_00	The talismans written by the Blood Daoist ward off evil and dispel calamity. The Daoists can banish evil spirits with ease, yet always fall a hair's breadth short of saving everyone.	false
effect_bundles_localised_title_wwd_incident_nochoose_00	The Daoist's Talisman Paper	false
effect_bundles_localised_description_wwd_incident_nochoose_01	There is always something stirring about watching masters cross blades.	false
effect_bundles_localised_title_wwd_incident_nochoose_01	Eager to Prove Themselves	false
incidents_localised_title_wwd_incident_nochoose_02	Admonition from the Court of Imperial Sacrifices	false
incidents_localised_description_wwd_incident_nochoose_02	The Court of Imperial Sacrifices serves as the bridge between the mortal world and the Celestial Court, where countless Court Attendants heed the Moon Empress's teachings before conveying the will of the heavens down to the earth below. A handmaiden from the Court of Imperial Sacrifices has come to your camp, and from her you can sense the reach of the Moon Empress's compassion: blessings descend from Gui Yin, and fortune in war shall flourish	false
effect_bundles_localised_description_wwd_incident_nochoose_02	The Moon Empress shelters your army - wherever her moonlight falls, there you shall find safe haven.	false
effect_bundles_localised_title_wwd_incident_nochoose_02	Gui Yin's Blessing	false
incidents_localised_title_wwd_incident_nochoose_03	The Ni Peng Delegation	false
incidents_localised_description_wwd_incident_nochoose_03	Ni Peng lies beyond the azure sea, its powerful navy's blockade rendering this mysterious island nation nearly cut off from the outside world. Most people of Zhen Dan know only that the pirates who repeatedly harass Zhen Dan's coasts mostly hail from Ni Peng, and little else. Yet in truth, alchemists had already visited this land as far back as the era of the Dragon Emperor, spreading Zhen Dan's culture there. Under the Dragon Emperor's protection, Zhen Dan displayed transcendent prosperity and strength, and so among the common folk of Ni Peng there have long been scholars, merchants, and even monks who harbor great fantasies of Zhen Dan. Yet at the official level, the Sun Shrine has always maintained an arrogant stance toward the Celestial Empire, and official meetings between the two have often been fraught with friction. It was only a little over a decade ago, when a new general unified the entire island, that Ni Peng began formally dispatching envoys to Zhen Dan. These visitors, known as 'Envoys to Zhen,' typically hold no political role, instead representing the common people in matters of trade and learning\\n\\nSuch is the delegation from Ni Peng standing before you now, having just concluded their official audience. The chief envoy, Fujiwara, has accepted the jade pendant you bestowed upon him. This nobleman, capable of composing poetry on the spot, wears Zhen Dan brocade robes—were it not for his peculiar accent, you could scarcely tell him apart from a native of Zhen Dan. Amid the clinking of cups, he speaks of troubled times in his homeland: as the old general falls gravely ill, the elders who hold power in the shogunate have already begun to halt the dispatch of Envoys to Zhen; within the Sun Shrine, daimyo of opposing views stand nearly at swords' point. The state of affairs in Ni Peng fills Fujiwara with dread, yet he remains steadfast in his belief that, however faint the voice, there will always be someone crying out for peace	false
effect_bundles_localised_description_wwd_incident_nochoose_03	"The radiant Sky Junks of Zhen Dan are truly intoxicating. I hope you'll get the chance to visit my homeland someday - once you see the dragon-ships, you'll be just as enthralled as I am now!"	false
effect_bundles_localised_title_wwd_incident_nochoose_03	Envoy Exchange	false
incidents_localised_title_wwd_incident_nochoose_04	A Lost Soul Astray	false
incidents_localised_description_wwd_incident_nochoose_04	As the Curse of Jade Blood spreads across Zhen Dan, the cycle of rebirth for the dead has slipped beyond the Celestial Masters' watchful eyes. Souls that should have returned to the Dragon River instead scatter and vanish, their hollow remains wailing among the trembling living. The Celestial Masters have heard weeping rising from the depths of the Dragon River: Zhu Long grieves over the corruption of life and death, and in doing so has lost the power to intervene in mortal affairs. The Celestial Masters' Bureau can no longer stand idle while Jade Blood brings ever more chaos to Zhen Dan—they must act now	false
effect_bundles_localised_description_wwd_incident_nochoose_04	The Celestial Master's estate can no longer stand by while the Jade Blood brings further chaos to Zhen Dan. They are about to act.	false
effect_bundles_localised_title_wwd_incident_nochoose_04	The Celestial Master's Rites	false
incidents_localised_title_wwd_incident_nochoose_05	Demon-Taming Dragon Monks	false
incidents_localised_description_wwd_incident_nochoose_05	The Dragon Monks guard the sacred Bright Moon Forest, tasked not only with keeping unauthorized mortals from wandering in, but also with warding off the malice that dwells within. The Bright Moon Forest is the sacred hunting ground of Zhen Dan's dragons, home to countless rare and marvelous creatures roaming its depths. The abundant winds of magical energy sustain countless magical beasts, but also give rise to countless spirits—these embodiments of the mountain forest's qi are known to the people of Zhen Dan as Chi and Mei\\n\\nEach year the dragons conduct four sacred hunts: the Spring Sou, Summer Miao, Autumn Xian, and Winter Shou. During the Autumn Xian, the Dragon Monks assist the hunting dragons in purging the forest of malevolent spirits, to prevent other creatures from falling prey to their corruption—hence why the common folk also call the Autumn Xian the 'Demon-Taming Hunt'	false
effect_bundles_localised_description_wwd_incident_nochoose_05	Those evil spirits that harm the living shall be destroyed in the autumn hunt, that all things may finally find the chance to thrive.	false
effect_bundles_localised_title_wwd_incident_nochoose_05	Demon-Taming, Fiend-Rooting	false
dilemmas_localised_title_wwd_ll_fina_skv	Unsettling Movements	false
dilemmas_localised_description_wwd_ll_fina_skv	My lord, travelers from the west bring unsettling news: the armies of the Dwarfs, Greenskins, and Skaven have fought a long and bloody war of attrition over the Eight Peaks. After a series of battles, the Skaven warlord Queek emerged as the final victor, and the skulls of Dwarfs and Greenskins alike now litter the mountainside.\\n\\nThese Old World vermin should have remained fixated on their war with the Dwarfs, but under the command of the decrepit Lord Nurdwell, [Headtaker] has led the armies of Clan Mors marching east. Many trade routes along their path have already been severed, and numerous caravans traveling through the Skull Plains have lost contact.	false
cdir_events_dilemma_choice_details_localised_choice_label_wwd_ll_fina_skvFIRST	Where are they headed?	false
dilemmas_localised_title_wwd_ll_fina_skv2	Flesh Mill	false
dilemmas_localised_description_wwd_ll_fina_skv2	My lord, word has come from the Wei Xi Provinces that the southwestern frontier of the Celestial Empire has been struck by Skaven armies. Of the thirty-six thousand new army officers and soldiers dispatched by Bin Long to hold the pass at Nao Bu La Mountains, all but one—sent to carry word back—have perished for their country. The Five Garrisons of Western Qiang have exhausted their manpower, suffering heavy casualties, with entire formations sacrificed on the front line. Bin Long personally led the Bai Er and forces from Shang Yang into battle, and only barely managed to hold the line at the Jin Shen Wasteland.\\n\\nThe Eighth-Generation Lord has already sent pleas for aid to the Gold College and allies along the Fang Path, but neither has responded.	false
cdir_events_dilemma_choice_details_localised_choice_label_wwd_ll_fina_skv2FIRST	Not an inch of ground given!	false
incidents_localised_description_wwd_zhongyan_jieduan1_flag	This world is marching toward its ruin. All Three Passes of Chang Yuan are under simultaneous assault; the Everchosen has amassed an army beyond mortal imagining. An endless horde seethes beyond the walls of Chang Yuan, and ruin now hammers upon the gates of Zhen Dan.\\n\\n[[col:red]]The Chaos horde has begun its assault on Chang Yuan, with ever more enemies converging on the Three Passes![[/col]]\\n\\n[[col:white]]Complete the next stage of the artifact quest to end the assault[[/col]]	false
incidents_localised_title_wwd_zhongyan_jieduan1_flag	[[col:red]]The Time of the End[[/col]]	false
dilemmas_localised_title_wwd_ll_fina_nur	Tower of Ashsha · I	false
dilemmas_localised_description_wwd_ll_fina_nur	The peaks tremble, the earth quakes. The mountains have held back the grim tidings from the Path of Bones, but the stench of plague has now crossed the summits.\\n\\nOgres from the northern tribes flee south, half-dead, and some, desperate beyond reason, have come seeking refuge in the Celestial Empire of Zhen Dan. They bring unsettling news: the Lord of Maggots has come.	false
cdir_events_dilemma_choice_details_localised_choice_label_wwd_ll_fina_nurFIRST	The Great Khan walks among the mountains...	false
dilemmas_localised_title_wwd_ll_fina_nur2	Tower of Ashsha · II	false
dilemmas_localised_description_wwd_ll_fina_nur2	The Mourning Mountains cry out in anguish, as war finally comes to the Celestial Empire. The Lord of Maggots walks the Prophesied Path, and the tyrant of the Red Fist tribe has become his new vessel. But the Great Khan's sprawling warband is unwieldy, and the clan's shamans covet the power sealed within the Tower of Ashaash. The Beastmen warherds have answered his call and struck at the Empire. The defenders of the Path of Bones will answer in turn, cleansing the borders of Zhen Dan with blood.	false
cdir_events_dilemma_choice_details_localised_choice_label_wwd_ll_fina_nur2FIRST	On the seventh day, He listened closely to the joyous song of plague...	false
dilemmas_localised_title_dilemma_wwd_guojin	[Titan Hero] Tang Jing Yin	false
dilemmas_localised_description_dilemma_wwd_guojin	The battle has ended, and this time, the [Giant Hero] was not alone. With the retreat of the Dark Elves, vast tracts of lost land have been reclaimed, and people displaced by the flames of war have returned to their homes. Grateful to you and Tang Jing Yin for your struggle, hot-blooded youths now wish to follow in your footsteps, to walk the path of chivalry and do their part for Zhen Dan	false
cdir_events_dilemma_choice_details_localised_choice_label_dilemma_wwd_guojinFIRST	Reclaim Lost Territory	false
cdir_events_dilemma_choice_details_localised_choice_label_dilemma_wwd_guojinSECOND	Act with Chivalry and Justice	false
effect_bundles_localised_description_dilemma_wwd_guojin1	The displaced commonfolk return to their homes; everything begins anew.	false
effect_bundles_localised_title_dilemma_wwd_guojin1	Reclaim Lost Lands	false
effect_bundles_localised_description_dilemma_wwd_guojin2	Some have joined your army, while others follow in the footsteps of the Giant Hero's youth, wandering the land in pursuit of justice.	false
effect_bundles_localised_title_dilemma_wwd_guojin2	Uphold Justice	false
dilemmas_localised_title_dilemma_wwd_zhouyu	[Brocade Jade Lord] Ying Jin	false
dilemmas_localised_description_dilemma_wwd_zhouyu	The [Lord of Brocade Jade] stands atop his sky junk — the Fallen Hearts have once more returned to the embrace of the Celestial Empire. This city bears many scars, but all shall now return to its proper course. Across the vast lands of Zhen Dan, sky junk fleets dot the sky like scattered stars, yet among these many fleets, few leaders can compare to the [Lord of Brocade Jade]; meanwhile, the various factions of the Fallen Hearts remain restless, and the [Lord of Brocade Jade] may well be the most fitting man to bring them into line\\n\\nMy lord, how shall we proceed given this situation? The addition of Ying Jin will undoubtedly bring us great strength, and his wisdom and talent will help us better meet the challenges posed by the Fallen Hearts	false
cdir_events_dilemma_choice_details_localised_choice_label_dilemma_wwd_zhouyuFIRST	The Sky Junk Rises with the Wind	false
cdir_events_dilemma_choice_details_localised_choice_label_dilemma_wwd_zhouyuSECOND	The Workshop Furnaces Are Relit	false
effect_bundles_localised_description_dilemma_wwd_zhouyu1	"The commander has boarded the flagship!"	false
effect_bundles_localised_title_dilemma_wwd_zhouyu1	Sky Junks Rise Against the Wind	false
effect_bundles_localised_description_dilemma_wwd_zhouyu2	The workshops of the Fallen Hearts stir again, and a new fleet is being born.	false
effect_bundles_localised_title_dilemma_wwd_zhouyu2	The Artisans' Workshop Fires Rekindled	false
dilemmas_localised_title_dilemma_wwd_yiqu	[Wandering Fragrance] Yi Yao Hua	false
dilemmas_localised_description_dilemma_wwd_yiqu	The [Wandering Fragrance] has returned to her residence, having just finished tending the wounds of the soldiers at the front. As long as the war rages on at Chang Yuan, she takes no rest. Thanks to your aid, the frontier army has been given a chance to breathe, and though the [Wandering Fragrance] still worries for the fighting at the front, she believes that following you can save many more lives. As the Minister of the Court of Imperial Sacrifices linking the Celestial Court to the Jade Court, Yi Yao Hua possesses talents unmatched by her peers, and the influence of her ritual dance seems nothing short of a miracle to mortal eyes. Now that this legendary minister has become your ally, where shall she be sent?	false
cdir_events_dilemma_choice_details_localised_choice_label_dilemma_wwd_yiquFIRST	Contact the Heavenly Court	false
cdir_events_dilemma_choice_details_localised_choice_label_dilemma_wwd_yiquSECOND	Join the Great Army	false
effect_bundles_localised_description_dilemma_wwd_yiqu1	Let [Wandering Fragrance] continue to relay the messages carried from the Court of Imperial Sacrifices.	false
effect_bundles_localised_title_dilemma_wwd_yiqu1	Admonitions of the Court of Imperial Sacrifices	false
effect_bundles_localised_description_dilemma_wwd_yiqu2	Yi Yao Hua is renowned far and wide across Cathay — her joining greatly bolsters the morale of your soldiers.	false
effect_bundles_localised_title_dilemma_wwd_yiqu2	An Inspired Army	false
dilemmas_localised_title_dilemma_wwd_yawei	[Raven Guard] Ku Xi	false
dilemmas_localised_description_dilemma_wwd_yawei	The rustle of feathers sounds in your ear — Ku Xi's manner of entrance sends a chill down your spine, a habit formed over his long career of killing. The master assassin nods, offering praise for your accomplishments. As the founder of the Raven-Feather Legion, Ku Xi's skill has no equal in all of Zhen Dan, a true grandmaster of assassins; countless notable figures have perished at his hand. And now, the [Raven Guard] waits for you to give him a name	false
cdir_events_dilemma_choice_details_localised_choice_label_dilemma_wwd_yaweiFIRST	No Crack Too Small to Slip Through	false
cdir_events_dilemma_choice_details_localised_choice_label_dilemma_wwd_yaweiSECOND	No Shadow to Hide	false
effect_bundles_localised_description_dilemma_wwd_yawei1	In all the known world, there is no place Ku Xi cannot infiltrate.	false
effect_bundles_localised_title_dilemma_wwd_yawei1	No Crack Too Small to Slip Through	false
effect_bundles_localised_description_dilemma_wwd_yawei2	To try underhanded schemes before Ku Xi is like showing off an axe before a master carpenter — no conspiracy can hide from his eyes.	false
effect_bundles_localised_title_dilemma_wwd_yawei2	No Shadow to Hide	false
dilemmas_localised_title_dilemma_wwd_meihouwang	[Handsome Monkey King]	false
dilemmas_localised_description_dilemma_wwd_meihouwang	The Monkey King recounts his tale with vivid flourish — one must admit, this monkey is a fine storyteller, though his legend is likely more than mere story. Many hard battles still await you, and now that you have vouched for the Monkey King before Zhen Dan, he and his simian kin may move freely throughout the Celestial Empire. Though getting other nobles to accept working alongside this "mischievous monkey" may prove no easy task, gaining the Monkey King as a powerful ally makes it all worthwhile	false
cdir_events_dilemma_choice_details_localised_choice_label_dilemma_wwd_meihouwangFIRST	The Monkey King Emerges	false
effect_bundles_localised_description_wwd_ll_fina_victory_gate1	I wish to take up the sword at my waist, and cut down Lou Lan with it.	false
effect_bundles_localised_title_wwd_ll_fina_victory_gate1	Reclaim Kui Men Pass	false
effect_bundles_localised_description_wwd_ll_fina_victory_gate2	Drive the great chariots forth, and break through the gap in He Lan Mountain.	false
effect_bundles_localised_title_wwd_ll_fina_victory_gate2	Reclaim Long Men Pass	false
effect_bundles_localised_description_wwd_ll_fina_victory_gate3	Han banners fill the Yin Mountains; not a single Hu rider shall return.	false
effect_bundles_localised_title_wwd_ll_fina_victory_gate3	Reclaim Ao Men Pass	false
effects_description_wwd_main_effect_army_ability_ancestral_warriors	Army Ability: [Rite of the Ancestral Spirit]	false
resources_description_wwd_weijin	Wei Jing is the capital of the Celestial Dynasty and the residence of the Dragon Emperor. This magnificent city is filled with wonders — jade towers and gilded halls stand row upon row, and the Five Elements Compass floats above its domes.	false
resources_onscreen_text_wwd_weijin	Capital of the Celestial Dynasty	false
effect_bundles_localised_description_wwd_weijin	Wei Jing is the capital of the Celestial Empire and the residence of the Dragon Emperor, a magnificent city filled with wonders standing shoulder to shoulder.\\n\\n[[img:icon_yang]][[col:white]]Unlock condition: Build the Celestial Court[[/col]]	false
effect_bundles_localised_title_wwd_weijin	Capital of the Celestial Empire	false
effect_bundles_localised_description_wwd_kunlan	The elite soldiers of every province in Zhen Dan rely upon the weapons forged by Kun Lan.\\n\\n[[img:icon_yang]][[col:white]]Unlock condition: Build a provincial capital[[/col]]	false
effect_bundles_localised_title_wwd_kunlan	Kun Lan	false
effect_bundles_localised_description_wwd_nangao	The smog-shrouded city of Nan Gao supplies most of the weapons and war machines used by the armies of Zhen Dan, serving as the industrial heart of Cathay.\\n\\n[[img:icon_yang]][[col:white]]Unlock condition: Build a provincial capital[[/col]]	false
effect_bundles_localised_title_wwd_nangao	Nan Gau	false
effect_bundles_localised_title_wwd_nongchang	Nong Chang	false
effect_bundles_localised_description_wwd_nongchang	The Nong Chang Basin holds the richest rice paddies in all of Zhen Dan, and the grain this city produces flows endlessly to every corner of the Empire to sustain its vast population.\\n\\n[[img:icon_yang]][[col:white]]Unlock condition: Build a provincial capital[[/col]]	false
resources_description_wwd_import_city	These regions hold industries or resources vital to Zhen Dan. When you complete construction of the local province capital, the region will gain special bonuses, and when the settlement falls, all of Zhen Dan will feel the impact.	false
resources_onscreen_text_wwd_import_city	Bastion of the Celestial Dynasty	false
dilemmas_localised_title_wwd_ll_dilemma_deal_with_gelt	Gold College	false
dilemmas_localised_description_wwd_ll_dilemma_deal_with_gelt	To those travelers who journeyed thousands of miles east from the Old World, Zhao Ming was the most enlightened ruler they could have imagined: this mysterious sovereign of an ancient eastern realm showed remarkable openness toward the knowledge and culture they brought with them. Gelt's series of diplomatic meetings with the Eighth-Generation Lord proved quite fruitful — Bin Long took great interest in magic so different from Zhen Dan's own arts, and eventually granted permission for a branch of the Gold College to be established within Zhen Dan. In exchange, many alchemists of the Bin Tie Court were allowed to enter the College to study the knowledge of the Old World in depth, while the College in turn kept supplying Zhao Ming with a steady stream of novel curiosities from the West.\\n\\nThough both sides profited greatly from this friendship, as the Gold College's scale continued to expand, murmurs of discontent began rising among the nobles of Zhen Dan's various provinces — Gelt was nominally responsible only for managing the Gold College established at Jing Feng Temple, but he was also regarded as the Empire's plenipotentiary representative. As the College grew and flourished at Jing Feng Temple, the Empire's men seemed increasingly to be usurping the role of host. Though Zhao Ming believed he had kept matters well in hand, the other lords of Zhen Dan could not simply overlook any potential risk. Gelt and Zhao Ming must give them an answer.	false
cdir_events_dilemma_choice_details_localised_choice_label_wwd_ll_dilemma_deal_with_geltFIRST	Ensure Sovereignty	false
cdir_events_dilemma_choice_details_localised_choice_title_wwd_ll_dilemma_deal_with_geltFIRST	Zhen Dan naturally holds full authority over the Jing Feng Temple - the Gold College merely resides here as guests, and they respect Zhen Dan's territorial integrity, offering an official guarantee to that effect	false
cdir_events_dilemma_choice_details_localised_choice_label_wwd_ll_dilemma_deal_with_geltSECOND	Send the Guests Home	false
cdir_events_dilemma_choice_details_localised_choice_title_wwd_ll_dilemma_deal_with_geltSECOND	The Imperials overstep their bounds. They have no right to covet interference in Zhen Dan's territory	false
campaign_payload_ui_details_description_wwd_ll_dilemma_deal_with_gelt1	Gelt and Zhao Ming form an [[img:icon_military_alliance]][[/img]] military alliance.	false
campaign_payload_ui_details_description_wwd_ll_dilemma_deal_with_gelt2	Gelt will return to Solland.	false
effect_bundles_localised_title_wwd_ll_dilemma_deal_with_gelt	Oath of the Gold College	false
effect_bundles_localised_description_wwd_ll_dilemma_deal_with_gelt	Gelt has no intention of encroaching upon an allied nation's land. He has made every promise within his power to ensure the friendship between the Empire and Zhen Dan endures.\\n\\n[[col:white]]Should you go to war with Gelt, the pact between him and Zhen Dan will also become void.[[/col]]	false
dilemmas_localised_title_wwd_ll_dilemma_deal_with_gelt3	Years Since Passed	false
dilemmas_localised_description_wwd_ll_dilemma_deal_with_gelt3	'Friends of Zhen Dan, I have been received here with the warmest hospitality. Thank you for your trust — we have bled and wept together, and this is a friendship I shall never forget in all my life. The end of the world is upon us, and I should not have abandoned you in Zhen Dan's hour of crisis. But my own homeland faces annihilation as well, and I hope you can understand — I must go first to save my homeland.\\n\\nThe Golden Wall that the College's wizards and I raised together in the north of the Empire is already crumbling. The good news is that the undead of Sylvania are also locked in battle with Chaos, though whether they be friend or foe remains unknown — but since they lie along my path, I intend to try my luck there, and perhaps find further opportunities to save the Empire. In any case, I am leaving Zhen Dan now. By the time you read this, my armies will already be on the march. There will be another day — perhaps we shall meet again after the apocalypse, and I will bring you some trophies from the western battlefields. Until we meet again, Bin Long — good luck to you!\\n\\n— Your friend, Gelt'	false
cdir_events_dilemma_choice_details_localised_choice_label_wwd_ll_dilemma_deal_with_gelt3FIRST	You go to Xiao Xiang, I go to Qin	false
campaign_payload_ui_details_description_wwd_ll_dilemma_deal_with_gelt3	Gelt has returned to the Empire, and cities within Cathay's territory will be handed back.	false
names_name_1021105007	[Imperial Ambassador] Helmut Gentleir	true
names_name_1021105008	[Envoy of the Mountain Kingdom] Baldrik Longbeard	false
names_name_1021105009	[Envoy of the Royal Court] Vasarissa Fedorova	false
names_name_1021105010	[Envoy of Bretonnia] Rangoni Nathan	false
names_name_1021105011	[Envoy of Ulthuan] Silentor	false
names_name_1021105012	Miao An	false
names_name_1021105004	[Commissioner of the Eastern Lands] Nan Gong Zi	true
effect_bundles_localised_title_wwd_turtle_gate	Tortoise's Breath	false
effect_bundles_localised_title_wwd_dragon_gate	Dragon Rampant	false
effect_bundles_localised_title_wwd_snake_gate	Serpent's Coil	false
effects_description_wwd_army_ability_qishe	Army Ability: [Volley Fire]	false
unit_abilities_tooltip_text_wwd_army_ability_qishe	Bowstrings drawn taut, in perfect unison.	false
unit_abilities_onscreen_name_wwd_army_ability_qishe	Volley Fire	false
effect_bundles_localised_description_wwd_turtle_gate	The Three Passes wind through crags and peaks impossible to scale. Let valiant generals stand atop the pass gates—one man guarding the pass, ten thousand cannot break through.\\n\\n[[img:icon_yang]][[col:white]]Unlock condition: Complete the Chang Yuan Fortress[[/col]]	false
effect_bundles_localised_description_wwd_dragon_gate	Three passes wind through crag and peak, sheer cliffs beyond climbing; let a valiant general stand upon the ramparts, and one man holding the gate shall turn back ten thousand.\\n\\n[[img:icon_yang]][[col:white]]Unlock condition: Build the Chang Yuan Fortress[[/col]]	false
effect_bundles_localised_description_wwd_snake_gate	The Three Passes wind through crags and peaks impossible to scale. Let valiant generals stand atop the pass gates—one man guarding the pass, ten thousand cannot break through.\\n\\n[[img:icon_yang]][[col:white]]Unlock condition: Complete the Chang Yuan Fortress[[/col]]	false
land_units_onscreen_name_wwd_cstg	Grey Rat Agents	false
unit_description_short_texts_text_wwd_cstg	A notorious Skaven warband, said to have clashed with every race in the Old World.	false
effects_description_wwd_cstg	Bound Skill: [Grey Rat Agents]	true
unit_abilities_tooltip_text_wwd_cstg	A notorious Skaven warband, said to have clashed with every race in the Old World.	false
unit_abilities_onscreen_name_wwd_cstg	Grey Rat Agents	false
dilemmas_localised_title_deer_tiantin_captured1_event_my	Seizing the City	false
dilemmas_localised_description_deer_tiantin_captured1_event_my	My lord, the Celestial Court's army has captured a [[url:script_link_campaign_settlements]][[tooltip:{{tt:tooltip_campaign_settlements}}]]settlement[[/tooltip]][[/url]] beyond Jing Ji Road. This region should rightfully fall under your jurisdiction, but fell into others' hands amid the recent chaos of war. The Celestial Court is willing to hand it back over to you — but in return, you must declare your loyalty to the Celestial Court	false
cdir_events_dilemma_choice_details_localised_choice_label_deer_tiantin_captured1_event_myFIRST	Take Over the City	false
cdir_events_dilemma_choice_details_localised_choice_title_deer_tiantin_captured1_event_myFIRST	Send a message to the officials of the Celestial Court, thanking them for retaking the city on our behalf	false
cdir_events_dilemma_choice_details_localised_choice_label_deer_tiantin_captured1_event_mySECOND	Abandon the City	false
cdir_events_dilemma_choice_details_localised_choice_title_deer_tiantin_captured1_event_mySECOND	It's not that I won't reclaim my own territory - I simply have no need to right now	false
campaign_payload_ui_details_description_deer_tiantin_captured1_event_taken	The settlement will be handed over to you	false
campaign_payload_ui_details_description_deer_tiantin_captured1_event_give	The settlement will be taken over by the Heavenly Court	false
dilemmas_localised_title_deer_tiantin_captured1_event_hd	Seizing the City	false
dilemmas_localised_description_deer_tiantin_captured1_event_hd	My lord, the Celestial Court's army has captured a [[url:script_link_campaign_settlements]][[tooltip:{{tt:tooltip_campaign_settlements}}]]settlement[[/tooltip]][[/url]] beyond Jing Ji Road. This region should rightfully fall under your jurisdiction, but fell into others' hands amid the recent chaos of war. The Celestial Court is willing to hand it back over to you — but in return, you must declare your loyalty to the Celestial Court	false
cdir_events_dilemma_choice_details_localised_choice_label_deer_tiantin_captured1_event_hdFIRST	Take Over the City	false
cdir_events_dilemma_choice_details_localised_choice_title_deer_tiantin_captured1_event_hdFIRST	Send a message to the officials of the Celestial Court, thanking them for retaking the city on our behalf	false
cdir_events_dilemma_choice_details_localised_choice_label_deer_tiantin_captured1_event_hdSECOND	Abandon the City	false
cdir_events_dilemma_choice_details_localised_choice_title_deer_tiantin_captured1_event_hdSECOND	It's not that I won't reclaim my own territory - I simply have no need to right now	false
dilemmas_localised_title_deer_tiantin_captured1_event_yt	Seizing the City	false
dilemmas_localised_description_deer_tiantin_captured1_event_yt	My lord, the Celestial Court's army has captured a [[url:script_link_campaign_settlements]][[tooltip:{{tt:tooltip_campaign_settlements}}]]settlement[[/tooltip]][[/url]] beyond Jing Ji Road. This region should rightfully fall under your jurisdiction, but fell into others' hands amid the recent chaos of war. The Celestial Court is willing to hand it back over to you — but in return, you must declare your loyalty to the Celestial Court	false
cdir_events_dilemma_choice_details_localised_choice_label_deer_tiantin_captured1_event_ytFIRST	Take Over the City	false
cdir_events_dilemma_choice_details_localised_choice_title_deer_tiantin_captured1_event_ytFIRST	Send a message to the officials of the Celestial Court, thanking them for retaking the city on our behalf	false
cdir_events_dilemma_choice_details_localised_choice_label_deer_tiantin_captured1_event_ytSECOND	Abandon the City	false
cdir_events_dilemma_choice_details_localised_choice_title_deer_tiantin_captured1_event_ytSECOND	It's not that I won't reclaim my own territory - I simply have no need to right now	false
advice_levels_onscreen_text_202411121401	\\nMy lord, our soldiers have been sleeping on their spears awaiting dawn — a battle will begin after this turn ends, and we must prepare accordingly\\n\\n[[img:icon_yang]][[col:white]]Note: You can drag the reinforcement icon to change the entry position of your army, which may completely turn the tide of battle[[/col]]\\n\\n[[img:icon_yin]][[col:green]]Tired of replaying these difficult battles? Temporarily lowering the battle difficulty to its lowest level in the settings will let you win easily via auto-resolve[[/col]]	true
advice_levels_onscreen_text_202411121402	\\nThe mortal world is in turmoil, and another Guardian Beast has revealed itself. They still honor their ancient pact with the Dragon Emperor — perhaps we may seek their aid\\n\\n[[img:wwd_seal]][[/img]][[col:white]]A new Guardian Beast mission has been issued[[/col]]	true
names_name_98742427	[General of the Right Xiao Wei Guard] Li Zhi Xuan	true
names_name_98742429	[Ao Men Commander] An Tu Tong	true
names_name_98742430	[Southern Army Commander] Zhao Yi Xuan	true
effects_description_wwd_diplomacy_mod_bianjun	Diplomatic Stance: %+n with Imperial Frontier Guards	false
dilemmas_localised_title_wwd_incident_vilitch	The Grand Play of Ten Thousand Changes	false
dilemmas_localised_description_wwd_incident_vilitch	An unbelievable turn of events has struck the Fallen Hearts—seeing their agent's cause all but lost, the Tzeentch cultists lurking within the city have outright ignited a rebellion. Mad ramblings echo through the academies, eerie sermons pour from the Prince of Nan Yang's mansion, and daemons cackle within the flesh of the sacrificed. The nightmares of the past have returned\\n\\nThe puppet beneath the strings already teeters on the brink of collapse—it is time for the horns to emerge	false
cdir_events_dilemma_choice_details_localised_choice_label_wwd_incident_vilitchFIRST	One wave has yet to settle...	false
campaign_payload_ui_details_description_wwd_incident_vilitch	[[col:red]]The army of the Tyrant's Puppet has usurped the Changeling[[/col]]	false
dilemmas_localised_title_wwd_incident_hongwudu	A Lone Loyalist in the Northwest	false
dilemmas_localised_description_wwd_incident_hongwudu	Sand and dust drift across the battlements of Shang Yang City; the stone lions before the Hong Wu Overseers' offices still glare with fury. The usurper's hounds have failed to sniff out every hidden loyalist—some disguise themselves as merchants, measuring the days at the canal docks; others don monk's robes, ringing the morning bell at Han Shan Temple. Day after day they polish their bloodstained swords, until their palms are worn raw and their eyes burn with fury\\n\\nWhen the wrath of Bin Long's forces burned through Sheng Jiang, the usurper finally awoke from his stupor, hastily summoning his hounds to march south—yet he never heard the army ballad rising within Shang Yang City. The smoldering embers of long suppression burst into a blazing conflagration the night the arsenal exploded; soldiers and civilians alike, their grievances long pent up, rose in rebellion, answering Bin Long's assault. The Hong Wu Overseers charge at the forefront—they will vindicate their loyalty and righteousness	false
cdir_events_dilemma_choice_details_localised_choice_label_wwd_incident_hongwuduFIRST	Turn the tables	false
campaign_payload_ui_details_description_wwd_incident_hongwudu	[[col:green]]The Hong Wu Overseers, still loyal to Bin Long, have risen up in Shang Yang[[/col]]	false
dilemmas_localised_title_wwd_incident_ogr_fight	Inviting the Wolf Inside	false
dilemmas_localised_description_wwd_incident_ogr_fight	Urgent news arrives from the frontier—starving Ogres swarm in from the borders of the Valley of Titans, pillaging isolated villages bare. Merchants traveling west are torn apart in the scramble, tons of meat and treasure hauled toward the blood-soaked throne at Yu Feng. A filthy bargain has been struck: this bloodthirsty tribe will join the contest for the Bin Tie Throne. So long as they help the usurper crush Bin Long's army, the Ogres will be free to plunder Shang Yang for three days without restraint—both meat and treasure shall serve as the spoils of their slaughter	false
cdir_events_dilemma_choice_details_localised_choice_label_wwd_incident_ogr_fightFIRST	The situation grows ever more chaotic	false
campaign_payload_ui_details_description_wwd_incident_ogr_fight	[[col:red]]The Bloodgorge tribe has formed an alliance with the treacherous gentry rebels[[/col]]	false
dilemmas_localised_title_wwd_ll_zhongyan_herald	[[col:yellow]]Act Four · End Times[[/col]]	false
dilemmas_localised_description_wwd_ll_zhongyan_herald	On the western frontier, the iron soldiers of Wei Xi fight to the death, holding back plague and vermin at the border; in the dense jungles of Ling Nan, mountains of alien corpses pile high, and the blood of the Beacon-Keepers is drawn into eerie totems; Chang Yuan has become a true meat grinder, where death has grown numb to the senses, and tens of thousands of soldiers are sent to the front lines each day to replace their fallen predecessors; along the eastern coastline, tens of thousands of Norscans pour in file after file, and behind their longships, an even greater shadow draws near\\n\\nBe prepared, for the end times are coming	false
cdir_events_dilemma_choice_details_localised_choice_label_wwd_ll_zhongyan_heraldFIRST	Begin Chapter	false
dilemmas_localised_title_wwd_ll_fina_jade_blood	Curse of Jade Blood · I	false
dilemmas_localised_description_wwd_ll_fina_jade_blood	The ancient road stretches on, rugged and imposing. Your army, passing through the mountain forest, intended to rest briefly at a village marked on the map, only to find the small settlement already littered with corpses. As the Curse of Jade Blood spreads, more and more mountain villages far from the fortress cities have suffered massacre.\\n\\nA Daoist of the Bi Xue Temple, also passing through, had just finished performing rites for the villagers. He handed you talismans of exorcism before setting off to hunt down the true culprit behind this tragedy. Rust-stained coins covered his eyes, and his solitary retreating figure carried the sorrow this calamity had inflicted upon the common people.	false
cdir_events_dilemma_choice_details_localised_choice_label_wwd_ll_fina_jade_bloodFIRST	Seal the Gates	false
dilemmas_localised_title_wwd_ll_fina_jade_blood2	Curse of Jade Blood · II	false
dilemmas_localised_description_wwd_ll_fina_jade_blood2	The most fertile land of the Celestial Empire now lies in deathly silence. The cycle of the dead has slipped free from the Celestial Masters' watch—souls that should have returned to the Long Jiang have instead been scattered to oblivion, and hollow corpses wail among the trembling living. The Celestial Masters have heard weeping rising from the depths of the Long Jiang: the Soul Dragon grieves over the collapse of life and death, corpses rotted for a hundred years find no peace, and demonic evils plague the mortal world.\\n\\nThe curse is spreading, and no living being can escape its grasp.	false
cdir_events_dilemma_choice_details_localised_choice_label_wwd_ll_fina_jade_blood2FIRST	The cycle of life and death has been broken	false
dilemmas_localised_title_wwd_ll_fina_battle_event01	Fifteen Golden Tablets	false
dilemmas_localised_description_wwd_ll_fina_battle_event01	My lord, the officials of the capital have heard that the Northern Barbarians approach, and would carve up the realm to appease them! Yi Shao, Vice Censor-in-Chief of the Celestial Court, who normally acts on Yu Long's behalf in governance, presuming upon his high station and his web of factional allies, has led officials and yamen troops in an unauthorized incursion into the Court of Imperial Sacrifices, seized the Moon Seal's golden tablet, forged an edict disarming the military governors of the fifteen provinces within the passes, and rashly proposes to move the capital southeast, ceding the lands north of the river to the Apocalypse Warband — hoping to buy a corner of survival and escape the slaughter.	false
cdir_events_dilemma_choice_details_localised_choice_label_wwd_ll_fina_battle_event01FIRST	No mercy for the executed!	false
cdir_events_dilemma_choice_details_localised_choice_title_wwd_ll_fina_battle_event01FIRST	Every inch of these magnificent mountains and rivers is worth fighting for; our valiant soldiers have bled upon the Dragon Court's very steps - how could we allow jackals and wolves to steal away our very heaven and earth! Let these vile curs know: your heads upon your necks were long overdue to be forged into bricks for the nation-guarding Chang Yuan; the letters of surrender in your sleeves ought to become ash beneath the Hao Tian bell!	false
cdir_events_dilemma_choice_details_localised_choice_label_wwd_ll_fina_battle_event01SECOND	There is nothing to be done...	false
cdir_events_dilemma_choice_details_localised_choice_title_wwd_ll_fina_battle_event01SECOND	Qing Shao already commands the hundred officials of the Celestial Court. Though we harbor ambitions to serve our nation, what can we do when petty schemers obstruct us at every turn - I fear only that the nation shall cease to be a nation, and its mountains and rivers lie in ruin!	false
campaign_payload_ui_details_description_wwd_ll_fina_battle_event01	[[col:green]]When Cathay's state exceeds[[/col]] [[col:white]]Prosperous and Thriving[[/col]] [[col:green]], the counterattack will succeed[[/col]]\\n[[col:red]]When Cathay's state falls below[[/col]] [[col:white]]Prosperous and Thriving[[/col]] [[col:red]], the counterattack will come at great cost[[/col]]	false
campaign_payload_ui_details_description_wwd_ll_fina_battle_event011	[[col:red]]A thousand miles of fertile land north of the Jade River have become bargaining chips for treacherous ministers seeking to sell out the nation for their own survival[[/col]]\\n[[col:red]]Cathay's armies will all be forcibly redeployed[[/col]]	false
dilemmas_localised_title_wwd_dip_event_emp	The Empire Seeks Aid	false
dilemmas_localised_description_wwd_dip_event_emp	When the observatory detected the shifting of the Old World's stellar alignments, a letter case engraved with the Altdorf eagle crest arrived at Wei Jing, soaked in gunpowder smoke. The moment the letter was unfolded, ashes mingled with black powder and the scent of blood conjured an image of doom within the imperial study — the fingerprint of dried blood upon the page belonged to the young Emperor himself. Nuln's workshops are already running at full capacity, but for every repeater handgun forged, three soldiers have already become kindling on the defensive line. The Empire has also appealed to the Dwarfs, but Grungni's children are themselves stretched thin by war in the mountains — now the Empire has none left to rely on but us\\n\\nHowever, the quantity of firearms requested is immense; to supply such a colossal amount of equipment risks affecting our own forces, and given the current state of war, the Empire has little it can offer in return	false
cdir_events_dilemma_choice_details_localised_choice_label_wwd_dip_event_empFIRST	Lend Full Support	false
cdir_events_dilemma_choice_details_localised_choice_title_wwd_dip_event_empFIRST	The whole world teeters on the brink of ruin, and all know the truth that when the lips are gone, the teeth grow cold. Now is no time for shortsightedness - tell our allies that the Celestial Empire's aid will arrive as promised	false
cdir_events_dilemma_choice_details_localised_choice_label_wwd_dip_event_empSECOND	Unable to Help	false
cdir_events_dilemma_choice_details_localised_choice_title_wwd_dip_event_empSECOND	The Celestial Empire itself faces utter destruction; we have the will to help, but not the strength	false
effect_bundles_localised_description_wwd_dip_event_emp	A great quantity of firearms has been shipped to the Empire, in hopes our ally can weather this crisis.	false
effect_bundles_localised_title_wwd_dip_event_emp	[[col:red]]Aid the Empire[[/col]]	false
dilemmas_localised_title_wwd_dip_event_emp2	Aid from the Empire	false
dilemmas_localised_description_wwd_dip_event_emp2	Though the Old World's own front lines teeter on the brink, the Empire will not stand idle while Zhen Dan faces its hour of peril. The twin-tailed comet banner of Sigmar has pierced the shadows of the East — brothers in humanity from the Old World have arrived at Wei Jing. When tomorrow's sun rises, the servants of Chaos shall hear two ancient tongues cry out the same battle roar — the hymn of the Hellstorm Rocket Battery, and the resounding thunder of the Bronze Cannon!	false
cdir_events_dilemma_choice_details_localised_choice_label_wwd_dip_event_emp2FIRST	The Empire Repays Its Debts	false
dilemmas_localised_title_wwd_dip_event_dwf	The Mountain Kingdom Seeks Aid	false
dilemmas_localised_description_wwd_dip_event_dwf	When the forty-ninth ancestor rune atop the peak went dark, the very veins of the earth beneath all of Karaz-a-Karak began to wail. Hammerers sang Grungni's dirges within collapsing tunnels, thunderer gunners tore smoking gashes of flesh through the tide of rats, and every inch of granite along the World's Edge Mountains was soaked in the acrid mingling of Dwarf ale and black blood. Yet the stinking tide surging from the depths knows no end — the Book of Grudges records, page after page, fortress after Dwarf fortress uprooted, kingdom after kingdom erased entirely\\n\\nThe High King has never deigned to beg others for aid, but with the kingdom now teetering on collapse, this weary leader has set aside his pride — he needs every ounce of strength that might save his race: the High King hopes that Zhen Dan will send troops to help them resist the invasion	false
cdir_events_dilemma_choice_details_localised_choice_label_wwd_dip_event_dwfFIRST	Lend Full Support	false
cdir_events_dilemma_choice_details_localised_choice_title_wwd_dip_event_dwfFIRST	The whole world teeters on the brink of ruin, and all know the truth that when the lips are gone, the teeth grow cold. Now is no time for shortsightedness - tell our allies that the Celestial Empire's aid will arrive as promised	false
cdir_events_dilemma_choice_details_localised_choice_label_wwd_dip_event_dwfSECOND	Unable to Help	false
cdir_events_dilemma_choice_details_localised_choice_title_wwd_dip_event_dwfSECOND	The Celestial Empire itself faces utter destruction; we have the will to help, but not the strength	false
effect_bundles_localised_description_wwd_dip_event_dwf	The Celestial Empire's expeditionary force has been sent to the Dwarfen Kingdoms — we stand with the mountains.	false
effect_bundles_localised_title_wwd_dip_event_dwf	[[col:red]]Aid the Mountain Kingdom[[/col]]	false
dilemmas_localised_title_wwd_dip_event_dwf2	Aid from the Mountain Kingdom	false
dilemmas_localised_description_wwd_dip_event_dwf2	When the banners of the Mountain Kingdoms appeared on the horizon, an enraged shriek rang out from Tzeentch's crystal palace, and some thread upon the Loom of Fate suddenly burst forth with unexpected sparks of gold and iron. The Jade Warriors saw not reinforcements surging over the horizon, but a moving mountain range of steel — clans of every kingdom gathered as one — "By the never-dying forge-fire of Karaz-a-Karak we swear: those allies who share in drinking the blood of our common foe, the mountains shall remember their names forever"	false
cdir_events_dilemma_choice_details_localised_choice_label_wwd_dip_event_dwf2FIRST	The Mountain Kingdom Never Forgets	false
campaign_payload_ui_details_description_wwd_dip_event	[[col:green]]This faction will receive aid from Cathay, improving its chances of surviving the End Times[[/col]]	false
campaign_payload_ui_details_description_wwd_dip_event2	[[col:green]]Order Alliance, assemble![[/col]]\\n\\n[[col:white]]You can command allied armies via the Loan Army feature[[/col]]	false
campaign_payload_ui_details_description_wwd_dip_event3	[[col:green]]The Empire has joined the war[[/col]]	false
campaign_payload_ui_details_description_wwd_dip_event4	[[col:green]]The Mountain Kingdom has joined the war[[/col]]	false
dilemmas_localised_title_wwd_ll_fina_battle_event02	Every Inch of Land, a Measure of Blood	false
dilemmas_localised_description_wwd_ll_fina_battle_event02	We who bear the weight of the altars of state and the trust of the common people — if we retreat even half a step now, the Wind Lord will tear his banner and Hou Xi shall crash into the mountain! In this hour of national crisis, we can only repay our country with our very lives. Though Xingtian's head be severed, though the Soul Dragon dissolve into rivers, still shall the sun and moon turn in their courses, and the rivers and mountains remain unharmed!\\n\\nLet my decree be spread: the fifteen provinces within the passes shall raise troops this very day and rally at the Three Passes. Whoever speaks of ceding land shall have his head hung at the God-Strategy Gate; whoever passes an order of retreat may taste the Dragon-Fang Guillotine! Since the Apocalypse Warband dares covet our rivers and mountains, we shall see to it that their bones become phosphorescent fire upon the Great Wall, and their tainted blood stain the vermilion steps of our altars of state!	false
cdir_events_dilemma_choice_details_localised_choice_label_wwd_ll_fina_battle_event02FIRST	Not an inch of ground given!	false
effect_bundles_localised_description_wwd_ll_fina_battle_event02	We bear the weight of the nation, and carry the trust of all its people. To retreat even half a step now would let the Wind Lord tear our banners, and the Empress Hou Xi crash into the mountains; in this hour of national crisis, we can only repay our country with our very lives. Though Xingtian be beheaded and the Soul Dragon become a river, still shall the sun and moon turn in their courses, and the rivers and mountains remain untroubled!\\n\\nLet my decree be spread: the fifteen provinces within the pass shall muster their troops this very day, and converge upon the Three Passes. Whoever speaks of ceding land shall have his head hung upon the God-Strategy Gate; whoever issues orders to retreat may try tasting the dragon-fang blade! Since the Apocalypse Warband dares to covet our rivers and mountains, we shall see to it that their bones become the ghost-fires of the Great Wall, and their filthy blood stain the steps of our nation's altar!	false
effect_bundles_localised_title_wwd_ll_fina_battle_event02	Not an Inch of Ground Given!	false
campaign_payload_ui_details_description_wwd_ll_fina_battle_event022	[[col:green]]Qing Shao and his cohorts have been brought to justice, and the provincial armies will muster in the north as planned[[/col]]	false
dilemmas_localised_title_wwd_dip_event_hef	Ulthuan Seeks Aid	false
dilemmas_localised_description_wwd_dip_event_hef	My lord, Tyrion has sent a diplomatic dispatch — the Great Vortex faces utter catastrophe, and as the Winds of Magic swell ever fuller, rifts of Chaos multiply wildly around it. The sacred groves of Chrace have become a crimson inferno, the white towers of Cothique have crumbled beneath demonic breath, and the shattered Phoenix banner flutters futilely over scorched earth. The Black Arks of Naggarond have already gathered in the Sea of Mists, and Malekith's vengeance nears its final act. In this hour of crisis, Finubar is nowhere to be found, the Phoenix Court stands an empty nest, and the Council of the Ten Kingdoms bickers on endlessly, day and night. Meanwhile, the Dark Elves too stir with growing menace\\n\\nThe horn of the Phoenix Court has fallen silent, yet the tide of Chaos will not wait for the elves to reclaim their pride. Burning runes have scorched their mark into silk, and Tyrion's own handwritten letter has been delivered — he will raise the banner in this hour of crisis, but the court teeters on the brink of collapse. If the ten crowns are to be joined together once more, this sword-bearing Regent can only place his hopes in you	false
cdir_events_dilemma_choice_details_localised_choice_label_wwd_dip_event_hefFIRST	Lend Full Support	false
cdir_events_dilemma_choice_details_localised_choice_title_wwd_dip_event_hefFIRST	The whole world teeters on the brink of ruin, and all know the truth that when the lips are gone, the teeth grow cold. Now is no time for shortsightedness - tell our allies that the Celestial Empire's aid will arrive as promised	false
cdir_events_dilemma_choice_details_localised_choice_label_wwd_dip_event_hefSECOND	Unable to Help	false
cdir_events_dilemma_choice_details_localised_choice_title_wwd_dip_event_hefSECOND	The Celestial Dynasty itself faces utter catastrophe. Our hearts long to aid you, yet we lack the strength to spare	false
effect_bundles_localised_description_wwd_dip_event_hef	Cathay shall provide the Guardian of Ulthuan with the support he requires — we will never stand idly by as a trusted ally falls.	false
effect_bundles_localised_title_wwd_dip_event_hef	[[col:red]]Aid Ulthuan[[/col]]	false
dilemmas_localised_title_wwd_dip_event_hef2	Aid from Ulthuan	false
dilemmas_localised_description_wwd_dip_event_hef2	"Light shall triumph over darkness, and nobility shall bring the wretched to their knees. Proud warriors, we fight side by side!"	false
cdir_events_dilemma_choice_details_localised_choice_label_wwd_dip_event_hef2FIRST	Glory Everlasting!	false
effect_bundles_localised_description_wwd_dip_event_emp2	Though the front lines of the Old World teeter on the brink as well, the Empire will not stand by while Cathay faces its hour of peril. An elite Imperial force, under orders from Emperor Karl, marches east — and now, our brethren from the Old World have arrived at Wei Jing, fighting shoulder to shoulder with us!	false
effect_bundles_localised_title_wwd_dip_event_emp2	The Empire Stands With You	false
effect_bundles_localised_description_wwd_dip_event_dwf2	The Dwarfs remember not only grudges — the debt of kindness from the East has come due. When the Dwarfen Kingdoms teetered on the edge of collapse, the Celestial Empire's reinforcements stood firm; now it is the Dwarfs' turn to save their ally!	false
effect_bundles_localised_title_wwd_dip_event_dwf2	The Dwarfs Stand With You	false
effect_bundles_localised_description_wwd_dip_event_hef2	『Light shall surely triumph over darkness, and nobility shall bring the base to their knees. Proud warriors, we fight side by side!』	false
effect_bundles_localised_title_wwd_dip_event_hef2	The Elves Stand With You	false
dilemmas_localised_title_wwd_dip_event_brt	Bretonnia Seeks Aid	false
dilemmas_localised_description_wwd_dip_event_brt	My lord, the Knight-realm has sent word — as the rebellion stirred by Marlobourde grows ever fiercer, Kairos sneers as he tears open a portal, shredding the very sky into fragments, and burning Furies rain down like torrents upon the plains of Quenelles. Tzeentch daemons have poured into Bretonnia, and all twelve of the kingdom's Grail Chapels tremble as one; the stained-glass windows depicting knightly epics have begun to flow backward, as if Chaos means to erase every trace of Bretonnia's glory that ever was\\n\\nThe kingdom's armies have been torn to crimson ribbons by sorcery, dukes' castles reduced to smoldering ruin by fire, statues of the Lady weep, saints' bones sit abandoned amid the wreckage, civil war spreads across the duchies, and Bretonnia already runs red with blood. King Louen has sworn before the blood-stained Grail to save the kingdom — he will rally every surviving knight for one final, desperate battle. The war that will decide fate looms close at hand, and the intervention of any outside force could tip the scales	false
cdir_events_dilemma_choice_details_localised_choice_label_wwd_dip_event_brtFIRST	Lend Full Support	false
cdir_events_dilemma_choice_details_localised_choice_title_wwd_dip_event_brtFIRST	The whole world teeters on the brink of ruin, and all know the truth that when the lips are gone, the teeth grow cold. Now is no time for shortsightedness - tell our allies that the Celestial Empire's aid will arrive as promised	false
cdir_events_dilemma_choice_details_localised_choice_label_wwd_dip_event_brtSECOND	Unable to Help	false
cdir_events_dilemma_choice_details_localised_choice_title_wwd_dip_event_brtSECOND	The Celestial Empire itself faces utter destruction; we have the will to help, but not the strength	false
effect_bundles_localised_description_wwd_dip_event_brt	A fine warhorse shall carry the knight through the darkness.	false
effect_bundles_localised_title_wwd_dip_event_brt	[[col:red]]Aid Bretonnia[[/col]]	false
dilemmas_localised_title_wwd_dip_event_brt2	Aid from Bretonnia	false
dilemmas_localised_description_wwd_dip_event_brt2	The troubadours sing of an unfinished epic:\\n"When iris and rose wither in the fiery rain of Chaos,\\nThe radiance of the twelve sacred relics shall weave a cocoon of rebirth;\\nThe Lady's tears shall at last become the blade of dawn,\\nFor every soul who holds fast to virtue—\\nPierce this endless night!"	false
cdir_events_dilemma_choice_details_localised_choice_label_wwd_dip_event_brt2FIRST	We Fight Side by Side	false
effect_bundles_localised_description_wwd_dip_event_brt2	『Cathay has sent life-saving steeds to our knights; Bretonnia shall send Cathay an entire army in return. In the face of doomsday, we will never abandon one another — this is the chivalry of kings, my friend.』	false
effect_bundles_localised_title_wwd_dip_event_brt2	Bretonnia Stands With You	false
campaign_payload_ui_details_description_wwd_dip_event5	[[col:green]]Bretonnia has joined the war[[/col]]\\n\\n[[col:white]]You can command allied armies via the Loan Army feature[[/col]]	false
dilemmas_localised_title_wwd_dip_event_ksl	Kislev Seeks Aid	false
dilemmas_localised_description_wwd_dip_event_ksl	Kislev's messenger hawks cross the veil of eternal winter, and death has caught the scent of the frost throne's crumbling fissures. Chaos's brand spreads southward along the icy ridge, and Praag now teeters on the edge of ruin—the northern wastes tremble with the war hymn of 'the Conqueror' Wulfrik Skalagrim, as the tyrannical legions, dragging with them the flesh-grinding wheels of eternal winter's frozen earth, advance upon the cursed city. What seeps from the cracks in Praag's walls is not merely ice crystals, but the first drop of rust-red blood of the prophesied end times. To the west, Throgg schemes for his age of beasts, gnawing the cornerstones of civilization to dust—Praag shall become his palace of ice.\\n\\nKislev's defenses teeter on collapse, and Empress Katarin's ice-crystal scepter has already begun to crack. The Ice Guard legions beneath her banner are turned into burning ice sculptures amid the flames of war on every border, while the Elector Counts still measure the cost of deploying troops with velvet gloves, letting the frost of mutual mockery echo beneath the Empire Council's dome—little knowing that when the tide of Chaos washes over Kislev's broken ruins, their carefully groomed beards will freeze solid in the moment blade meets throat.	false
cdir_events_dilemma_choice_details_localised_choice_label_wwd_dip_event_kslFIRST	Lend Full Support	false
cdir_events_dilemma_choice_details_localised_choice_title_wwd_dip_event_kslFIRST	The whole world teeters on the brink of ruin, and all understand the principle that when the lips are gone, the teeth grow cold. Now is no time for shortsightedness - tell our allies that the Celestial Dynasty's aid will arrive as promised	false
cdir_events_dilemma_choice_details_localised_choice_label_wwd_dip_event_kslSECOND	Unable to Help	false
cdir_events_dilemma_choice_details_localised_choice_title_wwd_dip_event_kslSECOND	The Celestial Dynasty itself faces utter catastrophe. Our hearts long to aid you, yet we lack the strength to spare	false
effect_bundles_localised_description_wwd_dip_event_ksl	Kislev is the bulwark of the Old World — if Chaos destroys it here, the entire world will follow.	false
effect_bundles_localised_title_wwd_dip_event_ksl	[[col:red]]Aid Kislev[[/col]]	false
dilemmas_localised_title_wwd_dip_event_ksl2	Aid from Kislev	false
dilemmas_localised_description_wwd_dip_event_ksl2	Through the long night, Zhen Dan lit the first flame for the people of Kislev. Now, as day and night turn in their endless cycle, Chaos's miasma gnaws at the dragon's spine, and the northern aurora shall become the blade that pierces the darkness—striking a thunderous note to reverse the fated spindle for Zhen Dan.	false
cdir_events_dilemma_choice_details_localised_choice_label_wwd_dip_event_ksl2FIRST	Lighting Up the Night	false
effect_bundles_localised_description_wwd_dip_event_ksl2	Through the long night, Cathay lit the first flame for the people of Kislev. Now, as day and night turn once more and darkness engulfs Cathay, Kislev shall not hesitate to light the path forward for us in turn.	false
effect_bundles_localised_title_wwd_dip_event_ksl2	Kislev Stands With You	false
campaign_payload_ui_details_description_wwd_dip_event6	[[col:green]]Kislev has joined the war[[/col]]	false
effect_bundles_localised_title_wwd_ll_zhongyan_herald	[[col:white]]The [Battle of the End Times] artifact quest will be delivered once the countdown ends[[/col]]	false
effect_bundles_localised_description_wwd_ll_zhongyan_herald	When given the chance to choose, do not let yourself live to regret it.	false
dilemmas_localised_title_wwd_final_defender	Strategic Planning · II	false
dilemmas_localised_description_wwd_final_defender	Nobles from every province have gathered in the capital, and generals who have campaigned across the four seas arrive one after another. The God-Strategy Bureau has not been so crowded in centuries. These brilliant military minds hold differing strategies against Chaos, and you have given them ample room to voice their views, but the game board has only two players—now the strength of all Zhen Dan rests in your hands. By the Dragon God above, Zhen Dan's fate too will shift toward different paths as you set down your pieces.\\n\\nThe weight of such a vast empire leaves you breathless, but until the Dragon Emperor turns his gaze back to us, only you can bear this burden. When you enter the God-Strategy Bureau, the arguing falls silent in an instant, and the generals and pacification commissioners of every bureau kneel before you, while the powerful ministers and imperial relatives who share power equally with you nod in acknowledgment. The matter under debate has already been presented to you—your answer will be Zhen Dan's choice. Though Chang Yuan stands unbreakable, we must still prepare for the worst. If the Three Passes truly fall, the north may have no defensible ground left. When that time comes, how should our armies be deployed?	false
cdir_events_dilemma_choice_details_localised_choice_label_wwd_final_defenderFIRST	Defend the Capital to the Death	false
cdir_events_dilemma_choice_details_localised_choice_title_wwd_final_defenderFIRST	Though the Yan Bin Plain offers no natural chasm to defend, the Imperial Capital rises upon towering heights ten thousand ren tall, the Three Radiances hang above its watchtowers, and its mountain flanks conceal granaries beyond count along the nine roads. This is a place of locks and keys - advancing, it strikes like a falcon upon its prey; retreating, it hunkers down like a black tortoise bearing its shell. Should we gather our bear-and-tiger legions beneath the Purple Tenuity Terrace, and resettle a million households across the plains of River and Huai, then even should the enemy chieftain drive his army three thousand li deep, he shall in the end be trapped by our chain of beacon-fires and our fortified, cleared fields. Once his troops grow weary and worn, our royal army may sweep clean his very lair wherever the Dragon banner points	false
cdir_events_dilemma_choice_details_localised_choice_label_wwd_final_defenderSECOND	Shield the Frontier to Contain the Invaders	false
cdir_events_dilemma_choice_details_localised_choice_title_wwd_final_defenderSECOND	Better to carve the Yan Bin Plain into a moat, garrison our valiant warriors at the Dragon-Coiled Capital, and array our armored ranks across the star-strewn frontier passes. Let the Pearl gleam to its left, and Nong Chang bar the way to its right; let the beacon-fires of Nan Li seal shut the throat of the land, and the banners of Nan Gao blot out the very sky. In forms of concealment, yin and yang stand opposed to one another; forging our blades against the mountainside, we set our traps upon the precipice's edge. Though the enemy possesses the strength to cross oceans, they shall never breach this line drawn in blood. Thus shall our golden bastion stand forever secure, and our mountains and rivers remain unharmed	false
incidents_localised_description_wwd_ll_fina_battle_death_count031	                                            A thousand years from now, they will still sing of our deeds—there is no road back, only forward!\\nLet our courage blaze like fire, let the enemy's fear become the trumpet of our victory! For the Dragon Emperor! For Zhen Dan!\\n\\n[[col:red]]Chaos armies detected: ???[[/col]]\\n\\n[[col:red]]Confirmed fallen soldiers: 460687[[/col]]\\n\\n[[col:red]]Territories lost: 14[[/col]]\\n\\n\\n[[/col]][[col:yellow]]'Do you hear it? The roar of Zhen Dan's people'[[/col]]	false
incidents_button_text_wwd_ll_fina_battle_death_count031	Sound the Horn of Counterattack!	false
incidents_localised_title_wwd_ll_fina_battle_death_count031	[[col:red]]The Time of the End[[/col]]	false
effect_bundles_localised_description_wwd_final_defender	The soldiers of Cathay have heeded your command, holding the Arc Line without yielding a single step. Both Cathayans and the Chaos horde have bled dry upon this front, but the greater part of Cathay's territory has been preserved.	false
effect_bundles_localised_title_wwd_final_defender	[[col:red]]Every Inch of Our Land, Bought with Blood[[/col]]	false
dilemmas_localised_title_wwd_final_defender2	Strategic Planning · I	false
dilemmas_localised_description_wwd_final_defender2	Ye Jiang Zhou is, in the eyes of the frontier army, a typical southerner—these scholars who grew up beside the canals have enjoyed all the wealth that trade brought them, grown accustomed to the good life of boating and moon-watching, able to argue philosophy with eloquence, yet possessing no real skill—though in truth, this too was merely the imaginings of others. The Celestial Dynasty's territory is simply too vast; most people of Zhen Dan spend their entire lives circling within the small plot of land where they were born, only able to savor a taste of the wider world through the tales told by storytellers. Since the conscription began at Wai Li Village, Ye Jiang Zhou traveled in a mere half-month to Fu Hong, a place he could only dream of in his previous nineteen years. Like his fellow villagers, Ye Jiang Zhou had assumed he would pick tea leaves his whole life. Fu Hong's martial tradition is renowned throughout the Nine Provinces, but in the old days, the Militia Legions and Beacon-Keepers never let common folk go to war. Some days ago, a Beacon-Keeper unit passed through Wai Li to drink tea before heading south beyond the dense forest, and Ye Jiang Zhou, curious how these masked warriors ate, secretly brought his little sister along to find out—only to discover that once they removed their helmets, they looked no different from ordinary people. Still, this did nothing to diminish Ye Jiang Zhou's admiration for these soldiers; he knew these silent warriors had always guarded the Celestial Dynasty on battlefields he had never witnessed. Times have grown far harder than before, but the Celestial Court's decree brooks no refusal from the pacification commissioners, and Peasant Levies from hundreds of villages along the Grand Canal were all summoned to the provincial capital, then sent north as one. Everything happened too suddenly, leaving this naive young man dizzy with confusion. On the road north, Ye Jiang Zhou still thought of Fu Hong—he only regretted not agreeing to let his little sister come with him to the provincial capital. He had finally tasted the plum blossom cakes his sister always talked about, their fragrance making even him crave more; at the very least, he should ask someone to bring a bag home for her. It was not until reaching The Pearl that Ye Jiang Zhou's thoughts were pulled back to reality by sheer astonishment. Though every province had already begun conscription, this magnificent city remained bustling with activity. The Pearl is Zhen Dan's second-largest metropolis, but most people of Zhen Dan have no concept of the gap between rumor and reality until they actually visit. Jiang Zhou was so stunned his mouth hung open, and the roar of the crowd nearly deafened him. He had heard the village storyteller speak of The Pearl and thought it all mythical exaggeration, but now, truly seeing those towers piercing the clouds, he suddenly recalled the village storyteller's saying, 'the higher one climbs, the colder it grows'—he knew the phrase's original meaning, yet still could not suppress a shiver. Even from The Pearl, one could glimpse the Celestial Court at Wei Jing to the northeast—did those dragons dwelling among the clouds, in that cold and lofty sky, also shiver from the chill?\\nIt was also at The Pearl that the Peasant Levies' journey came to a stop. The night before, Ye Jiang Zhou had heard from his fellow villagers that they might soon follow the pacification commissioner into the capital, and he had lain awake all night in excitement. But dawn came, and he never even saw the accompanying Militia Legions—instead, orders came directly reassigning them to Chang Yuan. Only then did he learn from the frontier army officer leading them that the capital was already packed with high officials and nobles, and the generals and dignitaries of all fifteen provinces within the passes had already gathered there by imperial decree, awaiting the command of that noble who issued the order—like so many pieces on a game board. And they, mere Peasant Levies, clearly had no place there. Though told they would fight at Chang Yuan, reality left Ye Jiang Zhou in a half-dreaming daze—the endless walls stretching beyond sight already left him disoriented, and the frontier soldiers seemed unwilling to let these tea farmers, untrained in arms, actually enter battle. Ye Jiang Zhou drilled daily beneath the walls of Chang Yuan's inner city, and the villages along the wall bustled with life, just like his hometown—only missing his noisy little sister. Though the villagers looked after her, he could not help but worry; he had never been apart from her for so long. Fu Hong's pacification commissioner had only shouted a few words to them, but Jiang Zhou trusted that portly middle-aged man—had he asked at the time, perhaps he might have let his sister come north to see the world too.\\nThree weeks have passed since he was first reassigned to Chang Yuan, and the days beneath the wall remain unchanged from when he arrived, except that messengers rushing in and out of the city walls grow ever more frequent. Ye Jiang Zhou heard that foreign devils from across the sea now ravage the east, and the harm wrought by these things—neither man nor ghost—is more terrifying than the calamity brought by the Dark Elves a decade past. Countless villages have been burned to ash, tens of thousands of Zhen Dan soldiers have died at Xuan Yuan, and the fleeing refugees have left The Pearl gasping under the crowd's weight. He thinks he now understands why Fu Hong's pacification commissioner went to such lengths to conscript humble folk like himself—perhaps it was right, after all, not to bring his little sister. Jiang Zhou had always dreamed of being a wandering knight; he grew up on stories of the [Giant Hero], and hoped one day to live as freely and righteously as in those tales, protecting home and country. But hearing news of fellow villagers dying at Xuan Yuan, he felt a flicker of relief—his little sister still waited for him at home, and Chang Yuan was a safe place. This magnificent line of defense stretching across the Celestial Dynasty's north remains, in the hearts of all Zhen Dan's people, an unshakable symbol. Once the eastern war ends, perhaps he can return home—perhaps even use his merit from guarding the frontier to take his sister on a proper journey to see the world.\\n\\nThe majestic Palace Guard stands outside your tent, and Zhen Dan awaits your command. You have already rescinded the decree calling for reinforcements from the provinces of He Dong to the Three Passes, and even redirected additional reinforcements from the assembled armies, but the destruction wrought by the Norscans has still exceeded your advisors' earlier estimates. Should Chaos's armies truly follow close behind, even greater sacrifice will be unavoidable. Chang Yuan still stands in the north, and so long as the Three Passes remain unfallen, all remains within your control—but the forces of destruction brook no testing, and Zhen Dan's fate allows for no trial and error. If the Chang Yuan line of defense truly proves unable to hold, where then shall we turn?	false
cdir_events_dilemma_choice_details_localised_choice_label_wwd_final_defender2FIRST	Never Retreat	false
cdir_events_dilemma_choice_details_localised_choice_title_wwd_final_defender2FIRST	Chang Yuan is the only barrier between Zhen Dan and Chaos, and the very spiritual pillar of the Zhen Dan people. Even should we bleed our very last drop, we cannot abandon the Chang Yuan defense line	false
cdir_events_dilemma_choice_details_localised_choice_label_wwd_final_defender2SECOND	Preserve Our Strength	false
cdir_events_dilemma_choice_details_localised_choice_title_wwd_final_defender2SECOND	To hold the land while losing the people is to lose both; to save the people while losing the land is to preserve both. Chang Yuan should serve as our springboard to opportunity, not our grave	false
incidents_localised_description_wwd_ll_fina_battle_death_count021	                                            Chang Yuan has fallen beneath the boundless tide of Chaos, and the servants of the Dark Gods have poured into the heartland of Zhen Dan\\n\\n[[col:red]]Chaos armies detected: ???[[/col]]\\n\\n [[col:red]]Confirmed fallen soldiers: 263714[[/col]]\\n\\n[[col:red]]Territories lost: 5[[/col]]\\n\\n\\n[[col:red]]'Do you see it? Death dances upon Zhen Dan'[[/col]]	false
incidents_button_text_wwd_ll_fina_battle_death_count021	Total War	false
incidents_localised_title_wwd_ll_fina_battle_death_count021	[[col:red]]The Time of the End[[/col]]	false
effect_bundles_localised_description_wwd_final_defender2	The soldiers of Cathay, united in common cause, fought to the death against the enemy at Chang Yuan. Tens of thousands of Chaos troops were destroyed amid the ruined walls, and countless warbands were wiped from memory. Yet apart from the cavalry legions that had already withdrawn south after defeat beyond the pass, and the wounded held in the rear, over a hundred thousand soldiers of the Frontier Army have fallen entirely.	false
effect_bundles_localised_title_wwd_final_defender2	[[col:red]]We Shall Never Retreat[[/col]]	false
effects_description_wwd_fatigued_3	Enemies will fall into a fatigued state more easily for the next three turns	false
dilemmas_localised_title_wwd_ship_city	Sky Junk Treasure Ship · I	false
dilemmas_localised_description_wwd_ship_city	My lord, the Fallen Heart Artisans' Guild has sent forth a request: even before the rebellion broke out, the workings of the Five Elements Compass inspired these ingenious craftsmen, who devised an entirely new floating weapon unlike anything South Gao or the Fallen Hearts had ever made before - the Treasure Ship. This colossal floating vessel would be driven by both fuel and the Winds of Magic. Their theories were proven through countless trials, and the designs were already complete. The God-Strategy Bureau had once intended to support the completion of the Treasure Ship, but the ensuing rebellion drove most of them from their homes, and the Treasure Ship project died stillborn\\n\\nNow that you have retaken Fallen Heart, the craftsmen have been able to return to their workshops, but the God-Strategy Bureau has lost its last shred of trust in a city that has endured such rebellion. The craftsmen believe their invention can save countless Cathayan lives - should the Treasure Ship project succeed, Cathay will surely carve a new milestone in the skies. But in the end, this project demands enormous resources, and the Fallen Heart workshops, only just past the rebellion, remain in chaos. We cannot be certain how long it will take before we see any return	false
cdir_events_dilemma_choice_details_localised_choice_label_wwd_ship_cityFIRST	Provide Financial Support	false
cdir_events_dilemma_choice_details_localised_choice_title_wwd_ship_cityFIRST	The Fallen Hearts' artisans have already brought countless inventions to Zhen Dan — why not trust them to deliver yet another breakthrough?	false
cdir_events_dilemma_choice_details_localised_choice_label_wwd_ship_citySECOND	Let It Be	false
cdir_events_dilemma_choice_details_localised_choice_title_wwd_ship_citySECOND	A pack of dreamers — better I consider how to gather tomorrow's military rations...	false
dilemmas_localised_title_wwd_ship_city2	Sky Junk Treasure Ship · II	false
dilemmas_localised_description_wwd_ship_city2	My lord, the Fallen Heart Artisans' Guild has sent a report claiming that with your support, the project has proceeded smoothly, but the Treasure Ship project has consumed far more resources than they ever imagined. The aid you provided earlier is no longer sufficient to sustain their continued work. When our officials demanded to inspect their progress, they were refused on grounds of technical secrecy. Some advisors believe this is nothing but an elaborate scam - that they might even be remnants of Tzeentch's followers	false
cdir_events_dilemma_choice_details_localised_choice_label_wwd_ship_city2FIRST	Provide Financial Support	false
cdir_events_dilemma_choice_details_localised_choice_title_wwd_ship_city2FIRST	Give scientific innovation some time, I have plenty of patience	false
cdir_events_dilemma_choice_details_localised_choice_label_wwd_ship_city2SECOND	Let It Be	false
cdir_events_dilemma_choice_details_localised_choice_title_wwd_ship_city2SECOND	Many schemes are just like this one — I won't wait around while they continue to drain my precious resources, the armies at the front need these things far more than they do	false
dilemmas_localised_title_wwd_ship_city3	Sky Junk Treasure Ship · III	false
dilemmas_localised_description_wwd_ship_city3	My lord, the Treasure Ship project has succeeded. It is hard to believe - a colossal vessel rivaling the dragon ships has risen into the sky, something that seemed all but impossible by our former standards\\n\\nThe inventors have named this epoch-making creation 'Long Peng.' All shall remember this name	false
cdir_events_dilemma_choice_details_localised_choice_label_wwd_ship_city3FIRST	The Sweet Scent of Science...	false
cdir_events_dilemma_choice_details_localised_choice_title_wwd_ship_city3FIRST	The dragon takes flight into the sky	false
campaign_payload_ui_details_description_wwd_ship_city	[Long Peng] has been added to your elite recruitment pool	false
effect_bundles_localised_title_wwd_ship_city	Resources Committed	false
effect_bundles_localised_description_wwd_ship_city	This heavy burden will demand vast manpower and resources of you.	false
dilemmas_localised_title_wwd_ll_fina_kho	Slaughter of a Thousand Gods	false
dilemmas_localised_description_wwd_ll_fina_kho	The Kingdom of a Thousand Gods has fallen in bloody slaughter—Ind's immortal thousand gods were struck down one by one. Karanak tore apart their venerated bodies, while Skarbrand, the Gift of Khorne's Destroyer, severed skull after divine skull. Ughana slew more than three hundred daemons before his death, loosing every last arrow upon the loathsome Bloodletter hounds, yet still could not escape being beheaded. The pile of skulls rose so high that even the reptilian predators dwelling in the southern rainforests could not rival it. The Kingdom of a Thousand Gods has been conquered, and Khorne's hand of slaughter now turns toward a new battlefield.	false
cdir_events_dilemma_choice_details_localised_choice_label_wwd_ll_fina_khoFIRST	Abhar crossed over the Tian Shan	false
cdir_events_dilemma_choice_details_localised_choice_label_wwd_ll_fina_khoSECOND	Abhar was summoned to Middenheim	false
dilemmas_localised_title_wwd_ll_fina_kho2	Foundation of the Skull Pyramid	false
dilemmas_localised_description_wwd_ll_fina_kho2	Abhorash wrenched his battleaxe free from the mangled body of a Tiger Warrior—these demi-humans, who revered martial skill, were born warriors, their blood thick with a primal savagery that never ceased to stir his own hunger for battle. But Tiger Warriors have grown all but extinct—the mightiest of the Tiger-Men had long since become just another unremarkable skull in Ind's towering skull-mound, and Zhen Dan has even fewer of them than Ind did, its settlements now bereft of survivors. Abhorash raged at this dwindling of worthy foes, hungry for a stronger enemy—weak humans could not compare to Tiger Warriors—but dragons, yes, the dragons of Zhen Dan! He had heard the name Zhu Long spoken even in Ind, ruler of an immortal race in the martial-revering southern frontier. Here, at last, was a kindred spirit, a duel worth anticipating. Slaying dragon-kin would prove far more entertaining than hunting a thousand gods! Blood for the Blood God, skulls for the Skull Throne—let the war begin!	false
cdir_events_dilemma_choice_details_localised_choice_label_wwd_ll_fina_kho2FIRST	On the eighth day, wherever He walked, blood turned to trickling streams...	false
dilemmas_localised_description_wwd_ll_dilemma_battle_of_lingnan	The beacon fires in the dense forest flicker precariously in the wind and rain, and the Beacon-Keepers now seek aid from all provinces. The power of Chaos has spread across the mountains, and the vanguard of Slaanesh brings an endless night of debauchery. Seven of the Twenty-Eight Generals' Stars have already fallen in the forests east of the canal, and the remaining beacon towers can barely hold on alone. The Door God of the vassal state has already stirred the wrath of Zhu Long—if Slaanesh's eternal night will not cease, then let raging fire illuminate the forest instead	false
cdir_events_dilemma_choice_details_localised_choice_label_wwd_ll_dilemma_battle_of_lingnanSECOND	The candle burns to ash	false
incidents_button_text_wwd_ll_dilemma_battle_of_lingnan_2	The wheels roll ever onward...	false
incidents_localised_title_wwd_ll_dilemma_battle_of_lingnan_2	The Battle of the Beacon Towers Concludes	false
names_name_1021105016	[Minister of War of the Jade Court] Fa Mi	false
character_trait_levels_colour_text_wwd_trait_haotian_weapon	This blade was once notched by the clumsy blows of a farmer, once driven into the body of a demon by an unnamed soldier. Countless people of Zhen Dan have gripped this sword in battle — not legends, not heroes, but simply among the countless multitudes who fought for their homeland\\n\\nThe blade's edge reflects the sunlight, stinging the eyes, yet impossible to look away from — you see your countrymen fighting for Zhen Dan, you see the Dragon God walking alongside His people	false
character_trait_levels_onscreen_name_wwd_trait_shuoshuren	Grey Rat Agent	false
names_name_98742433	[[col:yellow]]Dragon Emperor's Palace Guard[[/col]]	true
dilemmas_localised_title_wwd_ll_eshin	Descent from the Shadows · I	false
cdir_events_dilemma_choice_details_localised_choice_label_wwd_ll_eshinSECOND	The Oriole Waits Behind	false
dilemmas_localised_title_wwd_ll_eshin12	Descent from the Shadows · II	false
dilemmas_localised_title_wwd_ll_eshin13	Descent from the Shadows · II	false
campaign_payload_ui_details_description_wwd_ll_eshin12	[[col:red]]The Eshin clan's assault has begun; Zhao Ming was wounded in the attack[[/col]]	false
dilemmas_localised_title_wwd_ll_yuanbo_story	Green Jade Compass · I	false
cdir_events_dilemma_choice_details_localised_choice_label_wwd_ll_yuanbo_storyFIRST	Send word to Yuan Bo requesting reinforcements	false
cdir_events_dilemma_choice_details_localised_choice_label_wwd_ll_yuanbo_storySECOND	Attempt to strengthen one's own influence	false
cdir_events_dilemma_choice_details_localised_choice_title_wwd_ll_yuanbo_storySECOND	Yuan Bo already bears a mission — there is no need to trouble him with a return voyage. The affairs of the realm shall find others willing to shoulder their weight	false
dilemmas_localised_title_wwd_ll_yuanbo_story2	Green Jade Compass · II	false
dilemmas_localised_description_wwd_ll_yuanbo_story2	The earth trembles, and Roselia's ley lines open their slit-pupiled eyes — golden threads pierce the miasma of the rainforest, running through the star-track locks of the last serpentine-stone observatory. The power of the Winds of Magic surges forth from the bronze hexagram teeth, and trails of magic thread through the sky like veins, converging at last upon the dome of the Celestial Court. The heartbeat of the Roselia continent contracts in Yuan Bo's grasp into the resounding thunder of the Five Elements Compass. Yu Long has succeeded.	false
effect_bundles_localised_title_wwd_ll_yuanbo_story2	A Compass Brimming with the Five Elements	false
dilemmas_localised_description_wwd_final_provisional_capital	My lord, your advisors are anxious. To avoid our ranks falling into disarray after a possible defeat, the pacification commissioners have submitted several place names, hoping you will consider establishing a provisional wartime capital. Given that any setback on the northern front could plunge Zhen Dan into a state without unified leadership, such advance preparation is reasonable—but most frontline generals consider it nothing short of defeatism to even entertain such thoughts now. The oppressive atmosphere before the great battle has left the court officials on edge, and at such a time, any disagreement could lead to grave error. My lord, they need to hear your decision.	false
cdir_events_dilemma_choice_details_localised_choice_label_wwd_final_provisional_capitalFOURTH	Reinforce the Capital's Defenses	false
effect_bundles_localised_description_wwd_final_provisional_capital	You have decided to designate this place as the wartime auxiliary capital, to prevent the situation from worsening further should misfortune strike.	false
campaign_payload_ui_details_description_wwd_final_provisional_capital	The selected region will be designated as a wartime secondary capital and receive buffs	false
campaign_payload_ui_details_description_wwd_final_provisional_capital2	The defenses of Wei Jing will be further strengthened	false
effect_bundles_localised_description_wwd_final_provisional_capital2	The armaments of Wei Jing have been reinforced again and again; it is now the mightiest fortress in the mortal realm.	false
dilemmas_localised_description_wwd_final_provincial_reinforcements	My lord, the troops from the provinces of Ling Nan have arrived at The Pearl. Monks and Tiger Warriors march among their ranks—whether from north or south, they will all fight to protect home and country.\\n\\n[[img:icon_allegiance]][[/img]][[col:white]]Your decree has reached the provinces, and all regions with strength to spare will provide aid for the coming war[[/col]]	false
dilemmas_localised_description_wwd_final_provincial_reinforcements3	My lord, the troops from the provinces of Wei Xi have arrived at The Pearl. Adventurers and mercenaries from the Old World have joined this force as well—these warriors from distant lands bring their own stories, fighting for the survival of the world.\\n\\n[[img:icon_allegiance]][[/img]][[col:white]]Your decree has reached the provinces, and all regions with strength to spare will provide aid for the coming war[[/col]]	false
dilemmas_localised_description_wwd_final_provincial_reinforcements4	My lord, the troops from the Central Provinces have arrived at The Pearl. Beyond the Jade Court's elite, many Daoists have also answered the call. Also shipped north to the front alongside them are great quantities of fine steel weapons forged in Kun Lan—Chaos's lackeys will soon learn the might of Zhen Dan's blades.\\n\\n[[img:icon_allegiance]][[/img]][[col:white]]Your decree has reached the provinces, and all regions with strength to spare will provide aid for the coming war[[/col]]	false
cdir_events_dilemma_choice_details_localised_choice_label_wwd_final_provincial_reinforcements4FIRST	Astronomical Bureau's Decree	false
cdir_events_dilemma_choice_details_localised_choice_label_wwd_final_provincial_reinforcements4SECOND	Golden Jade Edict	false
campaign_payload_ui_details_description_wwd_ll_dilemma_changyuan_change3	In return, the Frontier Army will place some of its troops under your command.	false
dilemmas_localised_description_wwd_ll_dilemma_changyuan_change2	My lord, our forces have successfully seized one of the three passes of [[sl:campaign_great_bastion]]Chang Yuan[[/sl]]. The frontier soldiers are deeply grateful. Should we return command of the pass to them, or should we administer it ourselves?	false
cdir_events_dilemma_choice_details_localised_choice_label_wwd_ll_dilemma_changyuan_change2FIRST	Return the pass	false
dilemmas_localised_title_wwd_ll_dilemma_changyuan_change3	Reclaim Chang Yuan	false
cdir_events_dilemma_choice_details_localised_choice_title_wwd_ll_dilemma_changyuan_change3FIRST	The frontier army will continue to oversee the defense of Chang Yuan	false
effect_bundles_localised_description_wwd_final_provincial_reinforcements1_1	In the dense forests of Ling Nan, if you do not become the hunter, you shall become the prey.	false
effect_bundles_localised_title_wwd_final_provincial_reinforcements3_2	Bin Xi Ironclad	false
effect_bundles_localised_title_wwd_final_provincial_reinforcements4_2	Golden Jade Edict	false
effect_bundles_localised_description_wwd_final_provincial_reinforcements4_2	The Celestial Court has decreed it, and none shall dare disobey.	false
dilemmas_localised_title_wwd_ll_miaoying_story	The Dragon Guards the Northern Frontier	false
cdir_events_dilemma_choice_details_localised_choice_label_wwd_ll_miaoying_storySECOND	Advance Step by Step	false
dilemmas_localised_title_wwd_ll_miaoying_story2	The Barbarian Uprising of Ren Xu	false
dilemmas_localised_description_wwd_ll_miaoying_story2	Yi Han and Zhen Dan are separated only by a narrow strip of water, and within the Celestial Empire's tributary hierarchy, Yi Han stands foremost. Most believe that the relationship between Yi Han and Zhen Dan is not merely a political arrangement, but signifies Yi Han's acceptance into the cultural sphere of the Great Dragons.\\n\\nBecause Miao Ying has worked tirelessly to manage the southern steppe, the threat from the Kurgan has largely dissipated along the border grasslands. The more enduring danger now comes from the red-earth wastelands: Chi Lei was once a critical fortress node in Zhen Dan's northern defense line, connecting eastward to Yi Han's four commanderies and six garrisons. The two armies had built a stable defensive network along the Chi Lei–He Mu Ku line, weakening and dividing the northern khanates. But after the [Cursed Soul] seized Chi Lei, the joint northern defense line was forcibly severed. After several defeats, Zhen Dan was forced to withdraw its defenses to Long Kui Road on the southern steppe, while Yi Han, struggling alone against Chaos, has been steadily driven back by the assaults of the wasteland khanates — all four northern garrisons have fallen, including the vital port city of Fang Rong, meaning Chaos forces could now bypass Chang Yuan entirely and invade Zhen Dan through the Bi Hai Strait.\\n\\nThe Yi Han royal house has already sent envoys to Wei Jing seeking aid, and Chaos forces continue to pour endlessly into Fang Rong. The tyrant-puppet beyond Chang Yuan also inspires deep unease, and the armies of the [Cursed Soul] lie dormant in the shadows — no one can be certain when their next assault will come.	false
cdir_events_dilemma_choice_details_localised_choice_label_wwd_ll_miaoying_story2FIRST	The God-Strategy Bureau Marches Out	false
cdir_events_dilemma_choice_details_localised_choice_label_wwd_ll_miaoying_story2SECOND	The Wei Bei Provinces Advance East	false
dilemmas_localised_title_wwd_ll_miaoying_story2_1	The Barbarian Uprising of Ren Xu	false
dilemmas_localised_description_wwd_ll_miaoying_story2_1	Zhen Dan's navy encountered the Chaos fleet in the Bi Hai Strait, along with the Yi Han defenders surrounded on all sides. After a bloody battle, the allied forces managed to repel the enemy — tens of thousands of Chaos minions were sent to a watery grave beneath the dragon ships and turtle ships. But a rendezvous at Fang Rong has proven impractical — countless Chaos warriors roar at the fleet from the harbor, and the city itself has been reduced to ruins. As Chaos forces continue to pour into the battlefield from the north, Yi Han's land offensive has collapsed into a rout, and what remains of the Zhen Dan and Yi Han fleets has begun sailing south in search of a new landing site.\\n\\nChaos's military strength far exceeds what we imagined. The God-Strategy Bureau had considered diverting more forces to support Yi Han, but unsettling news has also arrived from beyond Chang Yuan — we must remain vigilant.	false
dilemmas_localised_title_wwd_ll_miaoying_story2_2	The Barbarian Uprising of Ren Xu	false
dilemmas_localised_description_wwd_ll_miaoying_story2_2	Our suspicions were largely correct — the bulk of the northern Chaos forces, including the tyrant-puppet, have poured into Yi Han, leaving Chi Lei almost an undefended, empty nest. But we underestimated Chaos's strength — it is far greater than we imagined. While besieging Chi Lei, the armies of the Wei Bei Provinces sent large numbers of scouts eastward, and they sighted nearly a thousand warships sailing east across the sea. Worse still, at least four Chaos legions' worth of troops have yet to leave port. If Miao Ying's forces fail to seize Chi Lei in time, Zhen Dan may lose both Yi Han and the north at once.	false
campaign_payload_ui_details_description_wwd_ll_miaoying_story2_2	The armies of the Wei Bei provinces will march to reinforce Yi Han.	false
effect_bundles_localised_description_wwd_west_buff	Through a series of schemes and campaigns, the Wei Xi Provinces have been brought entirely under our control.	false
effect_bundles_localised_title_wwd_west_buff	[[col:white]]Unification of the Wei Xi Provinces[[/col]]	false
cdir_events_dilemma_choice_details_localised_choice_label_wwd_center_buffFIRST	Command Over the Central Provinces	false
effect_bundles_localised_description_wwd_center_buff	Through a series of schemes and campaigns, the Central Provinces have all fallen under our army's control.	false
effect_bundles_localised_title_wwd_center_buff	[[col:white]]Unify the Central Provinces[[/col]]	false
effect_bundles_localised_description_wwd_south_buff	Through a series of schemes and campaigns, the prefectures of Ling Nan have been brought entirely under our control.	false
effect_bundles_localised_description_wwd_east_buff	Through a series of schemes and campaigns, the lords of He Dong have all fallen under our army's control.	false
dilemmas_localised_title_wwd_south_buff	Unify the Prefectures of Ling Nan	false
dilemmas_localised_description_wwd_south_buff	Through a series of schemes and conquests, the prefectures of Ling Nan have been brought fully under our control\\n\\nThis region includes the following [[url:script_link_campaign_provinces]]provinces[[/url]]:\\n[[url:script_link_campaign_provinces]]Sundered Lands of Tian Li[[/url]]\\n[[url:script_link_campaign_provinces]]Grand Canal[[/url]]\\n[[url:script_link_campaign_provinces]]Serpent River Delta\\n\\n[[col:white]]A special bonus will be applied to your faction, but this bonus will be lost if you lose full control of the region, until you retake it[[/col]]	false
cdir_events_dilemma_choice_details_localised_choice_label_wwd_south_buffFIRST	Authority Over Ling Nan	false
dilemmas_localised_title_wwd_act_one	[[col:yellow]]Act One · Decline[[/col]]	false
dilemmas_localised_title_wwd_act_two	[[col:yellow]]Act Two · Strife[[/col]]	false
dilemmas_localised_description_wwd_act_two	Dragons coil and contend, heroes vie for supremacy, nobles and royal kin grow estranged from one another, and high above, the Dragon God remains silent\\n\\nStrife spreads, carving scars that shall endure for ages\\n\\n[[img:icon_corruption_chs]][[/img]][[col:red]]The forces of Destruction have grown stronger[[/col]]\\n[[img:event_mission_neutral]][[/img]][[col:red]]A stage mission has been delivered — do all you can to complete it and avoid falling into crisis in the next act[[/col]]	false
effect_bundles_localised_description_wwd_act_one_debuff	The stars of fate are yet unclear, and the age of chaos remains unresolved. Who mourns as the great edifice teeters on the brink of collapse?	false
effect_bundles_localised_title_wwd_act_two_debuff	[[col:red]]Crisis · Ruin[[/col]]	false
effect_bundles_localised_title_wwd_ll_dilemma_confederate_with_changyuan	[[col:red]]Uncontainable[[/col]]	false
effect_bundles_localised_title_wwd_act_two_n	Beacon Fires Never Cease	false
effect_bundles_localised_description_wwd_act_two_w	[[col:white]]Focus on the Silk Road Trade[[/col]]\\n\\n[[img:wwd_west_buff]][[/img]][[col:link]]Wei Xi[[/col]]\\nThe camel caravans tread through drifting sand — every grain of gold along the road of long tusks forges the destiny of Cathay.	false
effect_bundles_localised_title_wwd_act_two_w	The Silk Road Runs Open	false
effect_bundles_localised_description_wwd_act_two_e	[[col:white]]Focus on the Maritime Trade[[/col]]\\n\\n[[img:wwd_east_buff]][[/img]][[col:rare]]He Dong[[/col]]\\nTowered warships form their ranks — wherever the vast ocean's waves reach, the dragon banner of Cathay follows.	false
effect_bundles_localised_title_wwd_act_two_s	Holding Candles, Upholding Righteousness	false
dilemmas_localised_title_wwd_act_two_buff	[[col:yellow]]Milestone · Act Two[[/col]]	false
dilemmas_localised_description_wwd_act_two_buff	Having successfully completed the stage missions of the previous act, Zhen Dan has glimpsed opportunity amid crisis. You may choose one of the following effects as your reward\\n\\n[[img:icon_contract_points]][[/img]][[col:green]]By completing crisis missions, you will gain the chance to select special rewards at the conclusion of Acts Two, Three, and Four — these bonuses may reshape your playstyle and accompany you throughout your entire campaign[[/col]]	false
cdir_events_dilemma_choice_details_localised_choice_label_wwd_act_two_buffFIRST	Beacon Fires Never Cease	false
cdir_events_dilemma_choice_details_localised_choice_label_wwd_act_two_buffSECOND	The Silk Road Flows Freely	false
cdir_events_dilemma_choice_details_localised_choice_label_wwd_act_two_buffTHIRD	Trade Tallies Across the Four Seas	false
cdir_events_dilemma_choice_details_localised_choice_label_wwd_act_two_buffFIFTH	Bountiful Harvest Fills the Fields	false
cdir_events_dilemma_choice_details_localised_choice_label_wwd_act_two_buffSIXTH	Decline the Choice	false
effect_bundles_localised_description_wwd_act_three_n	[[col:white]]Entrust the Northern Army[[/col]]\\n\\n[[img:wwd_north_buff]][[/img]][[col:white]]Wei Bei[[/col]]\\nThe hundred and fifty thousand troops of the Chang Yuan Frontier Army may well be the most elite force in the Celestial Empire, their blades tempered ceaselessly in war.	false
effect_bundles_localised_description_wwd_act_three_e	[[col:white]]Entrust the Eastern Army[[/col]]\\n\\n[[img:wwd_east_buff]][[/img]][[col:rare]]He Dong[[/col]]\\nThough the Celestial Empire's great arsenals are mostly gathered in the Wei Bei Provinces, these deadly firearms are most commonly found in He Dong — nearly a third of every maritime patrol carries a musket.	false
effect_bundles_localised_title_wwd_act_three_e	Naval Drills	false
dilemmas_localised_title_wwd_act_three_buff	[[col:yellow]]Milestone · Act Three[[/col]]	false
cdir_events_dilemma_choice_details_localised_choice_title_wwd_act_three_buffSIXTH	I don't want the buff, I just want more of a challenge!	false
effects_description_wwd_act_three_c	Skill: Jade Stone units gain [Sculpting Form, Carving Eyes]	false
unit_abilities_onscreen_name_wwd_act_three_s	Consolidated Irregulars	true
unit_abilities_tooltip_text_wwd_act_three_s	Owing to the special nature of the frontier commanderies, the armies of the south have an unusually high proportion of warrior monks and beastfolk such as Tiger-men and Ape-men. Getting such an army to work in true harmony must have cost Zhu Long no small effort.	true
cdir_events_dilemma_choice_details_localised_choice_label_wwd_act_fourth_buffSECOND	Bestowal of Moonlight	false
effect_bundles_localised_description_wwd_act_fourth_m	[[img:wwd_moon_buff]][[/img]][[col:ancillary_rare]]Moonlight[[/col]]\\nIn the name of the Moon Empress, defend her people.	false
dilemmas_localised_title_dilemma_wwd_mike	[Shadow Simurgh] Tong Long	false
cdir_events_dilemma_choice_details_localised_choice_label_dilemma_wwd_mikeFIRST	Pursue and Prosecute	false
dilemmas_localised_title_wwd_ll_miaoyin_story_snake_gate	[[col:white]]Wei Bei Provinces[[/col]] · The Dragon Guards the Northern Frontier	false
cdir_events_dilemma_choice_details_localised_choice_label_wwd_ll_miaoyin_story_snake_gateFIRST	The story of the [[col:white]]Wei Bei Provinces[[/col]] begins	false
dilemmas_localised_description_wwd_ll_miaoyin_story_bastion	Miao Ying ran her hand along the crumbling walls of [[sl:campaign_great_bastion]]Chang Yuan[[/sl]]. Since the civil war began, she had only been absent for a single watch, and already this formidable pass, forged through her own painstaking effort, lay in ruin—a feeling of powerlessness welled up within her. 'Father Emperor, why did you leave us here alone... this is too hard...'\\n\\nOnly once she reached beyond the pass did Miao Ying encounter Yi Qing—this young talent, already seated among the Four Marquises' Cabinet of the Jade Dragon at such a tender age, had lent no small help in the campaigns across the steppe. And yet she still disliked seeing Yuan Bo's pieces planted on her own board—the Jade Dragon already held two of the traveling courts, yet he never seemed to be satisfied. Yi Qing and his officers knelt immediately upon seeing the Raging Gale, which pleased Miao Ying—at least they were not like the great clans within the pass, who thought themselves too mighty in station to set aside their petty pride even before dragons.\\n\\n'Rise, generals. My thanks for holding Chang Yuan with such vigor while I attended to other matters.' The kneeling generals let out a breath of relief and slowly rose, though none dared to look directly upon Miao Ying's radiant face.\\n\\n'There aren't as many formalities here as at the Jade Court—if you have not failed your duties, there's no need for such bashfulness.'\\n\\n'We thank the Grand Marshal for...'\\n\\n'I've come to take command of Chang Yuan's military affairs. My thanks to you all for managing things until now—from here on, simply follow the orders of my forces.'\\n\\nThe poor mortals exchanged glances, as bewildered as a group of innocent children unexpectedly punished for some unwitting fault.\\n\\n'If the Grand Marshal will permit plain speech—though we serve the Jade Court, we too are frontier soldiers, striving with our lives for Chang Yuan's safety. We shall of course obey the dragons' decree. Yet with the wars in the north unceasing, for the Grand Marshal to remove trusted men and distance loyal servants now is no perfect strategy! This humble general dares speak harsh words, but the fate of home and nation compels me to.' Yi Qing's voice broke the frightened silence, and it left the others even more ashen-faced—even a member of the Four Marquises' Cabinet ought never speak to imperial kin so. Miao Ying could barely suppress a smile; she had not expected this mortal to possess such courage.\\n\\n'Rest assured, I have already given thought to what you've said.'	false
cdir_events_dilemma_choice_details_localised_choice_label_wwd_ll_miaoyin_story_bastionFIRST	Take Full Command of the Army	false
cdir_events_dilemma_choice_details_localised_choice_label_wwd_ll_miaoyin_story_bastionSECOND	Direct the War from Afar	false
campaign_payload_ui_details_description_wwd_ll_miaoyin_story_bastion	The target faction will become your [[img:icon_vassal]][[/img]] vassal.	false
incidents_localised_title_wwd_ll_miaoyin_story_bastion_attack	[[col:white]]Assault on the Wastes[[/col]]	false
dilemmas_localised_description_wwd_ll_miaoyin_story_bastion_revival_I	[[sl:campaign_great_bastion]]Chang Yuan[[/sl]], the magnificent defensive line spanning the empire's northern border, Zhen Dan's unshakable bulwark—and also your domain. War rages ceaselessly along the northern frontier, the spells cast by the Dragon Emperor are fading, and the once-impregnable walls slowly crumble under endless conflict. Can Chang Yuan, as it stands now, withstand a storm unlike any it has ever faced?\\n\\nThe Raging Gale will never allow a negative answer to become reality.\\n\\n[[col:green]]You now have the opportunity to directly upgrade all three passes to the next tier.[[/col]]	false
cdir_events_dilemma_choice_details_localised_choice_label_wwd_ll_miaoyin_story_bastion_revival_IFIRST	Repair Chang Yuan	false
dilemmas_localised_description_wwd_ll_miaoyin_story_bastion_revival_II	The [[sl:campaign_great_bastion]]Great Bastion[[/sl]], the magnificent defensive line stretching across the northern border of the Empire, the unshakable barrier of Zhen Dan — and also your domain. War rages endlessly along the northern frontier, and the enchantments laid by the Dragon Emperor are fading. The indestructible walls slowly crumble under ceaseless warfare — can the Great Bastion still withstand the unprecedented storm to come?\\nThe Raging Gale will never allow the answer to be no.\\n\\n[[col:green]]You now have the opportunity to upgrade all Three Passes directly to the next tier.[[/col]]	false
dilemmas_localised_description_wwd_ll_miaoyin_story_bastion_revival_III	The [[sl:campaign_great_bastion]]Great Bastion[[/sl]], the magnificent defensive line stretching across the northern border of the Empire, the unshakable barrier of Zhen Dan — and also your domain. War rages endlessly along the northern frontier, and the enchantments laid by the Dragon Emperor are fading. The indestructible walls slowly crumble under ceaseless warfare — can the Great Bastion still withstand the unprecedented storm to come?\\nThe Raging Gale will never allow the answer to be no.\\n\\n[[col:green]]You now have the opportunity to upgrade all Three Passes directly to the next tier.[[/col]]	false
cdir_events_dilemma_choice_details_localised_choice_label_wwd_ll_miaoyin_story_bastion_revival_IIIFIRST	Repair Chang Yuan	false
cdir_events_dilemma_choice_details_localised_choice_label_wwd_ll_miaoyin_story_bastion_revival_IIISECOND	Set It Aside for Now	false
campaign_payload_ui_details_description_wwd_ll_miaoyin_story_bastion_revival	All Three Passes of Chang Yuan will be upgraded to the next tier.	false
campaign_payload_ui_details_description_wwd_ll_miaoyin_story_bastion_bianjun	Unlocks recruitment for the Frontier Army.	false
effect_bundles_localised_description_wwd_ll_miaoyin_story_wujiangfang_I_2	[[img:wwd_north_buff]][[/img]][[col:yellow]]Martial Artisans' Workshop Production[[/col]]\\n"Lad, caliber is justice - come and hear the Dragon Emperor's words of wisdom."\\n\\n[[col:green]][[img:icon_schematics]][[/img]]This technology can be improved upon completing a mission[[/col]]	false
effect_bundles_localised_description_wwd_ll_miaoyin_story_wujiangfang_I_3	[[img:wwd_north_buff]][[/img]][[col:yellow]]Martial Artisans' Workshop Production[[/col]]\\n"Kun Lan's refined steel, the Nine Sovereigns' craft - you won't find crossbow bolts finer than these."\\n\\n[[col:green]][[img:icon_schematics]][[/img]]This technology can be improved upon completing a mission[[/col]]	false
effect_bundles_localised_description_wwd_ll_miaoyin_story_wujiangfang_I_4	[[img:wwd_north_buff]][[/img]][[col:yellow]]Martial Artisans' Workshop Production[[/col]]\\n"Even from the Fallen Hearts, our sky-blackening fleet can be seen! You see that? We're the best there is!"\\n\\n[[col:green]][[img:icon_schematics]][[/img]]This technology can be improved upon completing a mission[[/col]]	false
cdir_events_dilemma_choice_details_localised_choice_label_wwd_ll_miaoyin_story_wujiangfang_IFIRST	Refined Firearms	false
cdir_events_dilemma_choice_details_localised_choice_label_wwd_ll_miaoyin_story_wujiangfang_ITHIRD	Fine Steel Crossbows	false
dilemmas_localised_title_wwd_ll_miaoyin_story_wujiangfang_II	[[col:white]]Wei Bei Provinces[[/col]] · Nan Gau Artisans' Guild	false
effect_bundles_localised_description_wwd_ll_miaoyin_story_wujiangfang_II_1	[[img:wwd_north_buff]][[/img]][[col:yellow]]Martial Artisans' Workshop Production[[/col]]\\n"Have you ever seen a formation of soldiers wielding matchlocks fire in unison? Oh, you won't forget it..."	false
effect_bundles_localised_description_wwd_ll_miaoyin_story_wujiangfang_II_2	[[img:wwd_north_buff]][[/img]][[col:yellow]]Martial Artisans' Workshop Production[[/col]]\\n"Lad, caliber is justice - come and hear the Dragon Emperor's words of wisdom."	false
effect_bundles_localised_title_wwd_ll_miaoyin_story_wujiangfang_II_2	Colossal Cannons II	false
cdir_events_dilemma_choice_details_localised_choice_label_wwd_ll_miaoyin_story_wujiangfang_IIFOURTH	Improved Sky Junks	false
dilemmas_localised_title_wwd_ll_miaoyin_story_wujiangfang_III	[[col:white]]Wei Bei Provinces[[/col]] · Nan Gau Artisans' Guild	false
dilemmas_localised_description_wwd_ll_miaoyin_story_wujiangfang_III	The vast majority of Zhen Dan's firearms are forged in Nan Gau under decree of the Dragon Emperor. This renowned city of haze churns out weapons of every shape and scale, day and night without rest. The Nine Sovereigns of Nan Gau command countless technologies beyond imagining, sustaining the ceaseless war upon the Great Bastion with an endless stream of new inventions. As Nan Gau develops further, the Martial Artisans' Workshop stands ready to offer you a new refinement.\\n\\n[[col:yellow]][[img:icon_schematics]][[/img]]Martial Artisans' Workshop technologies can be unlocked by upgrading Nan Gau's settlement tier.[[/col]]\\n\\n[[col:yellow]][[img:icon_schematics]][[/img]]Martial Artisans' Workshop technologies are exclusive to the Miao Ying faction. After choosing a technology path, you will receive an additional mission; completing it will further refine the chosen technology.[[/col]]	false
effect_bundles_localised_description_wwd_ll_miaoyin_story_wujiangfang_III_2	[[img:wwd_north_buff]][[/img]][[col:yellow]]Martial Artisans' Workshop Production[[/col]]\\n"Lad, caliber is justice - come and hear the Dragon Emperor's words of wisdom."\\n\\n[[col:green]][[img:icon_schematics]][[/img]]This technology can be improved upon completing a mission[[/col]]	false
effect_bundles_localised_title_wwd_ll_miaoyin_story_wujiangfang_III_4	Improved Sky Junks III	false
cdir_events_dilemma_choice_details_localised_choice_label_wwd_ll_miaoyin_story_wujiangfang_IIISECOND	Colossal Cannons	false
cdir_events_dilemma_choice_details_localised_choice_label_wwd_ll_miaoyin_story_wujiangfang_IIIFOURTH	Improved Sky Junks	false
effect_bundles_localised_description_wwd_ll_miaoyin_story_wujiangfang_I_1_2	[[img:wwd_north_buff]][[/img]][[col:yellow]]Martial Artisans' Workshop Production[[/col]]\\n"Have you ever seen a formation of soldiers wielding matchlocks fire in unison? Oh, you won't forget it..."	false
effect_bundles_localised_title_wwd_ll_miaoyin_story_wujiangfang_I_1_2	Refined Handguns · Advanced Technique	false
effect_bundles_localised_description_wwd_ll_miaoyin_story_wujiangfang_I_2_2	[[img:wwd_north_buff]][[/img]][[col:yellow]]Martial Artisans' Workshop Production[[/col]]\\n"Lad, caliber is justice - come and hear the Dragon Emperor's words of wisdom."	false
effect_bundles_localised_description_wwd_ll_miaoyin_story_wujiangfang_III_2_2	[[img:wwd_north_buff]][[/img]][[col:yellow]]Martial Artisans' Workshop Production[[/col]]\\n"Lad, caliber is justice - come and hear the Dragon Emperor's words of wisdom."	false
effect_bundles_localised_title_wwd_ll_miaoyin_story_wujiangfang_III_2_2	Colossal Cannons III · Perfected Technique	false
effect_bundles_localised_description_wwd_ll_miaoyin_story_wujiangfang_I_3_2	[[img:wwd_north_buff]][[/img]][[col:yellow]]Martial Artisans' Workshop Production[[/col]]\\n"Kun Lan's refined steel, the Nine Sovereigns' craft - you won't find crossbow bolts finer than these."	false
effect_bundles_localised_description_wwd_ll_miaoyin_story_wujiangfang_III_3_2	[[img:wwd_north_buff]][[/img]][[col:yellow]]Martial Artisans' Workshop Production[[/col]]\\n"Kun Lan's refined steel, the Nine Sovereigns' craft - you won't find crossbow bolts finer than these."	false
effect_bundles_localised_description_wwd_ll_miaoyin_story_wujiangfang_I_4_2	[[img:wwd_north_buff]][[/img]][[col:yellow]]Martial Artisans' Workshop Production[[/col]]\\n"Even from the Fallen Hearts, our sky-blackening fleet can be seen! You see that? We're the best there is!"	false
effect_bundles_localised_title_wwd_ll_miaoyin_story_wujiangfang_I_4_2	Improved Sky Junks · Advanced Technique	false
effect_bundles_localised_title_wwd_ll_miaoyin_story_wujiangfang_III_4_2	Improved Sky Junks III · Perfected Technique	false
dilemmas_localised_description_wwd_ll_miaoyin_story_bastion_revival_reward_I	The [[sl:campaign_great_bastion]]Great Bastion[[/sl]] has been restored to its former glory under your governance — the minions of Chaos can only gaze upon its walls in despair!\\n\\n[[col:green]][[img:wwd_celest_buff]][[/img]]Special reward delivered.[[/col]]	false
cdir_events_dilemma_choice_details_localised_choice_label_wwd_ll_miaoyin_story_bastion_revival_reward_IFIRST	Continue	false
effect_bundles_localised_description_wwd_ll_miaoyin_story_bastion_revival_reward_I	The mighty pass has, through your efforts, recaptured its former glory - the servants of Chaos can only stare at the walls in despair!	false
dilemmas_localised_description_wwd_ll_miaoyin_story_bastion_revival_reward_II	Behind the towering walls of the [[sl:campaign_great_bastion]]Great Bastion[[/sl]], the Celestial Dynasty has never known such peace, and every wicked servant who beholds this miraculous wall can only retreat in bitter defeat!\\n\\n[[col:green]][[img:wwd_celest_buff]][[/img]]Special reward delivered.[[/col]]	false
cdir_events_dilemma_choice_details_localised_choice_label_wwd_ll_miaoyin_story_bastion_revival_reward_IIFIRST	Continue	false
effect_bundles_localised_description_wwd_ll_miaoyin_story_bastion_revival_reward_II	The Celestial Empire behind these high walls has never known such peace. Every evil servant who lays eyes upon this miraculous wall can only slink away in defeat!	false
effect_bundles_localised_title_wwd_ll_miaoyin_story_bastion_revival_reward_II	Chang Yuan Revival · Stage II	false
dilemmas_localised_description_wwd_ll_miaoyin_story_bastion_revival_reward_III	The [[sl:campaign_great_bastion]]Great Bastion[[/sl]] — a great wonder! Even the Dragon Emperor himself never envisioned so magnificent a rampart. Mortal realm, bear witness!\\n\\n[[col:green]][[img:wwd_celest_buff]][[/img]]Ge Shu Yi, Commandant of Kui Men Pass, has been reinstated.[[/col]]	false
cdir_events_dilemma_choice_details_localised_choice_label_wwd_ll_miaoyin_story_bastion_revival_reward_IIIFIRST	Continue	false
effect_bundles_localised_description_wwd_ll_miaoyin_story_bastion_revival_reward_III	A great miracle! Even the Dragon Emperor himself never envisioned so magnificent a bulwark. Mortal realm, bear witness!	false
effect_bundles_localised_title_wwd_ll_miaoyin_story_bastion_revival_reward_III	Chang Yuan Revival · Stage III	false
dilemmas_localised_title_wwd_ll_yuanbo_story_conflict	[[col:green]]Jade Court[[/col]] · Great Expedition	false
dilemmas_localised_title_wwd_ll_yuanbo_story_conflict_I	[[col:green]]Jade Court[[/col]] · Distant Kin	false
cdir_events_dilemma_choice_details_localised_choice_label_wwd_ll_yuanbo_story_conflict_ISECOND	Strike First	false
dilemmas_localised_title_wwd_ll_yuanbo_story_conflict_II	[[col:green]]Jade Court[[/col]] · No Room for Error	false
dilemmas_localised_title_wwd_ll_yuanbo_story_conflict_III	[[col:green]]Jade Court[[/col]] · The Die Is Cast	false
cdir_events_dilemma_choice_details_localised_choice_label_wwd_ll_yuanbo_story_conflict_IIISECOND	Organize Defenses - Attempt Negotiation	false
effect_bundles_localised_description_wwd_ll_yuanbo_story_conflict_III	The Lizardmen are slaughtering our unprepared troops - we must withdraw at once!	false
dilemmas_localised_title_wwd_ll_yuanbo_story_conflict_III_bad	[[col:green]]Jade Court[[/col]] · Blood for Blood	false
dilemmas_localised_description_wwd_ll_yuanbo_story_conflict_III_bad	The Sage of War had campaigned alongside Yu Long for a century, and this was the most brutal and tragic battle among them all. Yuan Bo cut down all before him with his blade amid the burning rainforest - had he already committed the very error the Dragon Emperor had warned him against? The Sage of War could not say for certain, but he would forever remember the Sovereign Steward standing amid the cold, damp, dense rainforest, personally defining the glory and courage of Cathay\\nJade fragments glittered among the emerald branches and leaves\\nAll for the Dragon Emperor	false
dilemmas_localised_title_wwd_ll_yuanbo_story_conflict_III_good	[[col:green]]Jade Court[[/col]] · Severing the Wrist to Prove Resolve	false
cdir_events_dilemma_choice_details_localised_choice_label_wwd_ll_yuanbo_story_conflict_III_goodFIRST	Continue	false
names_name_1021105018	[[img:icon_trickster_cult_supplies]][[/img]][[col:magic]][Grand Admiral of Du Yuan] An Rui Bang[[/col]]	false
dilemmas_localised_title_wwd_ll_yuanbo_story_conflict_IV	[[col:green]]Jade Court[[/col]] · A Shared View	false
dilemmas_localised_title_wwd_ll_yuanbo_story_conflict_IV_I	[[col:green]]Jade Court[[/col]] · Disposing of the Relic	true
cdir_events_dilemma_choice_details_localised_choice_label_wwd_ll_yuanbo_story_conflict_IV_IFIRST	Return the Relic of the Ancient Sages to the Lizardmen	false
effect_bundles_localised_description_mission_wwd_ll_yuanbo_story_conflict_IV_II	We are of one mind, indeed.	false
dilemmas_localised_title_wwd_ll_yuanbo_story_conflict_VI	[[col:green]]Jade Court[[/col]] · As Scheduled	false
dilemmas_localised_title_wwd_ll_fina_battle_death_count02_story	Preserve Our Strength	false
dilemmas_localised_title_wwd_ll_miaoyin_story_fangwenzi_I	[[col:white]]Wei Bei Provinces[[/col]] · End of the Mountain Range	false
dilemmas_localised_description_wwd_ll_miaoyin_story_fangwenzi_I	Reclaiming the Dong Feng Fortress was only the beginning of it all.\\n\\nYet another contemptible Pink Horror was torn apart beneath the fierce crossbows of Zhen Dan, but for these creatures from beyond, death is merely a stepping stone to new life. The felt tents lay silent as tombs, and herders with their eyes gouged out huddled in the shadows. The Celestial Dynasty's cavalry, after long years, once more crossed the Twelve Linked Mountains of the desert, but the corruption of Chaos had utterly erased the once lush pastures of old.\\n\\n"The surrender proceeds as expected, my lord Raging Gale," said Fang Wen Zi, arms full of scrolls, as he approached Miao Ying. "Most have chosen to accept our rule, but the corruption of the desert runs too deep — in every tribe there are some who remain... stubbornly defiant." He drew forth a scroll from the pile and spread it across Miao Ying's table — a map of the southern desert marked with intricate lines. "But I've already dealt with those uprisings. The fleeing rebels, without exception, retreated toward the mountains to the north — very near the edge of the Dragon Emperor's past campaigns."\\n\\n"Where did this come from? Did we have detailed maps of these regions before?" Miao Ying's brow rose slightly. "I drew it myself last night, my lord. That is not the point, however. The locals regard those mountains as the edge of the world, but I believe even by their own understanding of geography, they know the continent's true boundary lies far beyond. This is some manner of religious devotion, my lord — the Astronomical Bureau confirms the magical winds in that mountain range are unnaturally active. The reports from our scouts remain unclear — their minds were badly shaken. They say they could hear whispers there, a certain name... something is surely amiss."\\n\\n"This is the Chaos Wastes, Fang Wen Zi. Nothing that happens here should surprise us." "Yes, my lord, but if we are to bring this region fully under control, we must unravel this mystery. My lord, the place the herders call the edge of the mountains — the answer to our northern campaign lies there."	false
cdir_events_dilemma_choice_details_localised_choice_label_wwd_ll_miaoyin_story_fangwenzi_IIFIRST	Break Through the Encirclement!	false
dilemmas_localised_title_wwd_ll_miaoyin_story_fangwenzi_II	[[col:white]]Wei Bei Provinces[[/col]] · The Great Sacrifice	false
dilemmas_localised_description_wwd_ll_miaoyin_story_fangwenzi_II	Miao Ying began to regret not having personally investigated Dong Feng Fortress thoroughly.\\n\\nNow her army stood at the very center of the ritual array.\\n\\nThe great victory won upon the wastes brought joy to the Raging Gale, yet her sharp mind did not slacken because of it. The dragons had contended with Chaos for a thousand years; she had never underestimated this unfathomable foe. But could that hard-won triumph have been merely a thread within a greater snare? None had foreseen it. The power of Chaos had sunk deep into the ley lines — this sickening desolation was proof enough.\\n\\n"I should have known!" To offer life as sacrifice was ever the way of Chaos, even when the altar was an entire battlefield, an entire wasteland.\\n\\n"I believe even the Moon Empress would not blame herself in such circumstances, my lord Raging Gale." Fang Wen Zi's voice, amid the clashing ranks, sounded like a whisper carried from ten thousand miles away, yet Miao Ying had grown used to hearing it as a great bell's toll — this mortal possessed an understanding of the world more profound than most, perhaps even more than her own, and he served as the measure that kept the Raging Gale's actions true.\\n\\n"A ritual of this scale is unheard of. Even with a rift to the Realm of Chaos so near, even with so many lives offered as sacrifice, the army it could summon would still fall far short of what would be needed." Fang Wen Zi struggled to keep his footing amid the shrieking of sorcery; his voice remained steady, though sweat streaked down his cheeks. Miao Ying could see that the current situation had already exceeded even the imagination of the [Moon Immortal].\\n\\n"We must fall back to Xue Feng — I mean, Dong Feng Fortress. Yi Qing's cavalry should be able to arrive in time, but the enemy's numbers... no, we cannot muster reinforcements of sufficient scale right now. But I might still work with the other Astronomical Officers to use the magical wind node at Dong Feng Fortress to block—"\\n\\n"Dong Feng Fortress has already fallen! Fang Wen Zi, has your gift for the Winds of Magic truly failed to sense that pitiful tremor? The node at Dong Feng Fortress was itself part of the ritual array — we are already isolated. We fight, or we die!" Fang Wen Zi's words kindled a nameless fury within Miao Ying. She had believed the [Moon Immortal] could cover the blind spots of the Dragon Eyes, but he had failed her expectations... no, no — in the end, it was she who had chosen to press forward. She was merely casting the blame for her own misstep onto this poor mortal. Tens of thousands of frontier soldiers' lives still rested in her hands; now was no time to let herself be blinded by rage.\\n\\n"Forget what I said, Fang Wen Zi. We break through to the south — Ao Men Pass is but a stone's throw from here. I will not sit idle while the soldiers of Zhen Dan are buried in this place!" A flicker of bewilderment crossed Fang Wen Zi's eyes — was he calculating the odds of breaking through, or startled by the Raging Gale's sudden shift in temper? Miao Ying no longer cared. He was but one among the thousands of mortals at her back, and she had sworn to bring every one of them home.	false
cdir_events_dilemma_choice_details_localised_choice_label_wwd_ll_miaoyin_story_fangwenzi_IIIFIRST	Stop Fang Wen Zi	false
cdir_events_dilemma_choice_details_localised_choice_label_wwd_ll_miaoyin_story_fangwenzi_IIISECOND	Cross the Threshold	false
cdir_events_dilemma_choice_details_localised_choice_title_wwd_ll_miaoyin_story_fangwenzi_IIISECOND	A living soul - one I cannot bear to give up, yet a burden I must let fall...	false
dilemmas_localised_title_wwd_ll_miaoyin_story_fangwenzi_III	[[col:white]]Wei Bei Provinces[[/col]] · No Life After Death	false
dilemmas_localised_description_wwd_ll_miaoyin_story_fangwenzi_III	[[col:white]]I am the beloved daughter of the Dragon Emperor.[[/col]]\\n\\n[[col:white]]I am the Governor-Marshal of the Wei Bei provinces.[[/col]]\\n\\n[[col:white]]I am the Lord of the Great Bastion.[[/col]]\\n\\n[[col:white]]I will never yield![[/col]]\\n\\nThe slaughter raged on through the entire day. Miao Ying's strength was boundless, yet as the floodwaters surged, her killing intent proved no vessel to carry them all to safety. Her storm churned among the clouds, her wrath boiled within the ranks, but her claws could not hold back the shifting sands, nor recall the lives scattering like dust. The defenses on every side teetered on the brink of collapse. The Dragon Eyes met the vacant gaze of the dead — the mortals she had sworn to bring home now lay in rivers of blood. The Raging Gale howled at the heavens, her claws rending the Chaos Warriors that assailed her from every direction, her teeth snapping the slender neck of a bird-shaped daemon — why was this savage divine power so utterly useless! The Dragon Emperor's honor meant nothing here; the echo of shattered lives rang loud and clear.\\n\\n"My lord Raging Gale... bring them home." Miao Ying heard that bell-like voice once more.\\n\\nFang Wen Zi struggled to rise behind her, his mortal frame already so small before the undying dragon body — now, this gaunt, blood-streaked man resembled the last kindling before a storm's end.\\n\\n"I did all I could, Fang Wen Zi. I truly did all I could, I..." His broken fingers reached to touch the tip of the Raging Gale's claw, and a sudden, piercing cold cut her words short.\\n\\n"My lord Raging Gale, you have already done enough." His voice was weary, aged, nearly a whisper. Fang Wen Zi's mastery over the Winds of Magic had touched the very pinnacle a mortal could reach, but he was, in the end, only a mortal — and sustaining this desperate battle had drained the last of his life.\\n\\n"Behind the dragons, mortals feel this helplessness of yours in every passing moment, and yet we have come this far. You were born as miracles, and so cannot imagine what would seem a miracle even to yourselves; mortals are born small, yet having witnessed miracles walk among them throughout their lives, we come to conceive the thought of creating miracles of our own." Miao Ying watched dust scatter from his shoulders — this soul on the edge of death now blazed as bright as a shooting star.\\n\\n"Fang Wen Zi, what are you doing."\\n\\n"The Dragon Emperor rescued the people of this land from darkness. He walked among mortal flesh, created Zhen Dan, and wrote our history."\\n\\n"Stop this at once — that is my order."\\n\\n"Dragon... do not be afraid."\\n\\n"Stop, now!"\\n\\n"You need not... *cough*... walk alone into the night."\\n\\n"Fang Wen Zi, don't!"\\n\\n"Beside you... walks a mortal soul."\\n\\nDawn broke.\\n\\nA warm wind carried the dust back home.\\n\\nAnd upon the wasteland, the Skybridge rose from nothing.	false
campaign_payload_ui_details_description_wwd_ll_miaoyin_story_fangwenzi_III	[[col:green]]The besieged army will be sent back beneath Chang Yuan[[/col]]	false
dilemmas_localised_title_wwd_ll_miaoyin_story_fangwenzi_IV	[[col:white]]Wei Bei Provinces[[/col]] · Unforeseen	false
dilemmas_localised_description_wwd_ll_miaoyin_story_fangwenzi_IV	As if born anew.\\n\\nFang Wen Zi woke atop the mountain, his eyes stinging from the sunlight, the gravel biting into his back — yet he should have been crushed to dust beneath the weight of the magic wind he had wielded.\\n\\n"This is..."\\n\\n"You're awake, Fang Wen Zi." Miao Ying sat beside him, as calm and stern as ever — were it not for the mottled bloodstains upon her armor, Fang Wen Zi might have doubted the whole desperate battle had been but a dream. "Well done. I have witnessed the miracle you wrought."\\n\\nFang Wen Zi nearly felt shame — he had truly been prepared to give his life, and yet, once again, the outcome had exceeded expectation. "I spoke out of turn, my lord Raging Gale. Please, do not mock me — what has truly happened here?"\\n\\n"I am not mocking you, Fang Wen Zi. Opening the Skybridge from nothing — Father might think little of such a feat, but us? As far as I know, not one among my imperial kin could achieve such a thing." Fang Wen Zi tried to read some trace of emotion from the dragon-kin's face, but that jade visage remained as ever — unchanging, ageless, expressionless.\\n\\n"Not even you?"\\n\\n"Not even I, Fang Wen Zi." Miao Ying shook her head slowly, her face unreadable as ever.\\n\\n"I have always regarded humans as that same fragile race from a thousand years ago — helpless and faltering without us, having made no progress in all these years save in the arts of scheming and rivalry." She rose to her feet, turning her back to the still-immobile mortal, her silhouette blotting out the sun. Fang Wen Zi closed his eyes; he could sense those dragon eyes gazing straight into the sunrise, and though he knew that face always held nothing at all, he could not help but wonder now at the expression the Raging Gale wore.\\n\\n"You have changed how I see things, Fang Wen Zi — not just you, but all those who fought bravely at our side. How could we possibly have fought our way out otherwise? If you mortals keep creating miracles like this, I may need to find some name other than 'mortal' for your kind." Miao Ying's voice carried neither joy nor sorrow, like some distant, ethereal oracle, and surely that face bore the same detachment — a veil, a miracle. "Now, get up, Fang Wen Zi. I said I would bring you all home — you're the only one left."\\n\\nHe opened his eyes.\\n\\nHe had guessed wrong.\\n\\nUpon that jade visage was etched an unforgettable smile.	false
cdir_events_dilemma_choice_details_localised_choice_label_wwd_ll_miaoyin_story_fangwenzi_IVFIRST	[[col:yellow]]A Reversed Future[[/col]]	false
dilemmas_localised_title_wwd_ll_dilemma_battle_of_muyuan_tele	Teleport	false
dilemmas_localised_description_wwd_ll_dilemma_battle_of_muyuan_tele	Congratulations, you have successfully completed the [[col:white]]Battle of the Terracotta Warrior Mausoleum[[/col]]. This participating army is now yours to command. Would you like this army to remain in place, or be teleported to your faction's capital?	false
campaign_payload_ui_details_description_wwd_ll_dilemma_battle_tele	Participating forces will be teleported to the faction's capital.	false
cdir_events_dilemma_choice_details_localised_choice_label_wwd_ll_dilemma_battle_of_hundunhuangyuan_teleFIRST	Teleport the character	false
dilemmas_localised_description_wwd_ll_dilemma_battle_of_longmenguan_tele	Congratulations, you have successfully completed [[col:white]]the Battle of Long Men[[/col]]. This participating army is now yours to command—do you wish to leave it stationed where it is, or teleport it to your faction's capital?	false
dilemmas_localised_title_wwd_ll_dilemma_battle_of_lingnan_tele	Teleport	false
dilemmas_localised_description_wwd_ll_dilemma_battle_of_lingnan_tele	Congratulations, you have successfully completed [[col:white]]the Battle of the Beacon Towers[[/col]]. This participating army is now yours to command—do you wish to leave it stationed where it is, or teleport it to your faction's capital?	false
dilemmas_localised_title_wwd_final_back_to_wall	The Enemy Beyond the Walls	false
cdir_events_dilemma_choice_details_localised_choice_label_wwd_final_back_to_wallFIRST	Withdraw the Army	false
dilemmas_localised_title_wwd_ll_fina_battle_flag_II	Hold Chang Yuan to the Death	false
dilemmas_localised_description_wwd_ll_fina_battle_flag_II	The warbands of Chaos draw near, and Archaon plans a savage assault on Chang Yuan. Soldiers of Zhen Dan, come! Come and face the battle of our destiny!\\n\\nHold the Three Passes with all your strength, or Zhen Dan shall fall into an irrecoverable abyss. Even in the worst case, you must [[col:white]]defend Long Men Pass to the death[[/col]]!	false
dilemmas_localised_title_wwd_ll_fina_battle_flag_II_step_I	Battle of the End Times · I	false
dilemmas_localised_description_wwd_ll_fina_battle_flag_II_step_I	The Chaos offensive has begun; slaughter without end already spreads across Chang Yuan, and the casualties are testing the very limits of what the Celestial Dynasty can bear. But fortunately, the finest warriors of the fifteen provinces within the passes have all gathered here — Zhen Dan shall use every last ounce of strength to defy annihilation!	false
dilemmas_localised_title_wwd_ll_fina_battle_flag_II_step_II	Battle of the End Times · II	false
dilemmas_localised_description_wwd_ll_fina_battle_flag_II_step_II	Cannon fire fills the sky, blood sprays in every direction—Chang Yuan has become a mill of flesh and blood, the corpses of the enemy piled into hills, waves of destruction crashing against the shore in succession. The heavy crossbows have snapped their bolts, the gate bars have broken from their chains, and the soldiers atop the walls are all but locked in mutual destruction with the forces of Chaos. Our strength has suffered severe losses—we can now only allocate troops to hold two of the three passes.	false
cdir_events_dilemma_choice_details_localised_choice_label_wwd_ll_fina_battle_flag_II_step_IISECOND	Reinforce Long Men Pass and Kui Men Pass	false
campaign_payload_ui_details_description_wwd_ll_fina_battle_flag_II_step_II	[[col:green]]The pass garrisons will be reinforced[[/col]]	false
dilemmas_localised_title_wwd_ll_fina_battle_flag_II_step_III	Battle of the End Times · III	false
dilemmas_localised_description_wwd_ll_fina_battle_flag_II_step_III	Hundreds of thousands of soldiers have already died on the battlefield, the elite of all three passes nearly spent, brave men levied from fifteen provinces returning wrapped in horsehide. Only the last of our forces remain at Chang Yuan. Behind us lies the glorious realm of Zhen Dan itself—if we fall back further, the north will have no defense left to hold. We must fight to the death at Long Men Pass!	false
cdir_events_dilemma_choice_details_localised_choice_label_wwd_ll_fina_battle_flag_II_step_IIIFIRST	Come, come! Fiends! When have I ever feared death!	false
campaign_payload_ui_details_description_wwd_ll_fina_battle_flag_II_step_III	[[col:green]]The second artifact battle of the End Times can now be fought at Long Men Pass[[/col]]	false
effect_bundles_localised_description_wwd_final_cathay_II	Cannon fire fills the sky, blood sprays in all directions — Chang Yuan has become a mill of flesh and bone, the corpses of the great foe piled into hills, and the roaring tide of destruction crashes against the shore again and again. Our heavy crossbows have run out of bolts, our gate bolts have snapped from their chains, and the soldiers upon the wall have nearly perished alongside the forces of Chaos. Our strength has been gravely depleted — now we can only spare troops for two of the three passes.	false
effect_bundles_localised_description_wwd_final_cathay_III	Hundreds of thousands of soldiers have already died on the battlefield, the elite forces of the three passes are nearly spent, and the able warriors drawn from the fifteen provinces now lie wrapped in horsehide. Only the last remaining troops remain upon Chang Yuan. Behind us lies the splendid rivers and mountains of Cathay — beyond this, the north has no further defense. We must fight to the death at Long Men!	false
dilemmas_localised_title_wwd_ll_fina_battle_flag_II_step_IV	Battle of the End Times · IV	false
dilemmas_localised_description_wwd_ll_fina_battle_flag_II_step_IV	We have been forced to withdraw from Long Men Pass—a shameful sacrifice made for the greater good of Zhen Dan. The elite troops of all the dragons now lie buried at Chang Yuan, the remnants of the provincial forces scatter in flight, offering only scattered resistance. Looking across the realm, you alone still possess the strength to safeguard the capital.\\n\\nSurvivors from the northern provinces have all withdrawn to the great strongholds—we can only hope the garrisons at Nan Gau and Kun Lan can weather this calamity. The forces of Chaos have already poured through in file, the enemy intends to encircle the Fallen Hearts, and Archaon is marching upon Wei Jing... We have no time left. [[col:yellow]]The Imperial Guard from the capital[[/col]] will hold our rear—we must make for Wei Jing at once!	false
campaign_payload_ui_details_description_wwd_ll_fina_battle_death_count021_story	[[col:red]]Tens of thousands of soldiers gave their lives at Chang Yuan to cover the great retreat, but they took a great many Chaos forces down with them[[/col]]	false
campaign_payload_ui_details_description_wwd_ll_fina_battle_flag_II_step_V	[[col:green]]With Archaon's defeat, the morale of the Chaos horde has plummeted; they will be vulnerable for a time![[/col]]	false
dilemmas_localised_title_wwd_ll_fina_battle_flag_II_step_win_fake	[[col:yellow]]Battle of the End Times · Victory[[/col]]	false
dilemmas_localised_description_wwd_ll_fina_battle_flag_II_step_win_fake	[[col:white]]It is a miracle! Through your peerless command, Zhen Dan has broken the forces of Chaos at Chang Yuan. The soldiers of Zhen Dan have cut down all before them, as though the Dragon Emperor himself stood upon the battlefield. The march of the Everchosen has been shattered—the forces of Chaos shall never cross Chang Yuan![[/col]]\\n\\n[[img:wwd_celest_buff]][[/img]][[col:yellow]]Conditions met: Survived to turn four against the Chaos onslaught, without triggering the second-stage battle, without losing any of the three passes.[[/col]]	false
cdir_events_dilemma_choice_details_localised_choice_title_wwd_ll_fina_battle_flag_II_step_win_fakeFIRST	...could it be the Dragon Emperor himself pulling the strings of this game?\\n\\nThis is merely an event rewarding your masterful skill, and does not actually conclude the End Times War. Surely you wouldn't want to skip straight past the main event, would you?	false
cdir_events_dilemma_choice_details_localised_choice_label_wwd_ll_miaoyin_story_beifa_step_IFIRST	Prepare for the Northern Expedition	false
cdir_events_dilemma_choice_details_localised_choice_label_wwd_ll_miaoyin_story_beifa_step_IIFIRST	Northern Expedition! Northern Expedition!	false
dilemmas_localised_description_wwd_ll_dilemma_confederate_with_tiantin_stepII	[[col:yellow]]By the clear mandate of the Celestial Court, proclaimed to all the world[[/col]]\\n\\n[[col:yellow]]Since the Dragon Emperor and the Moon Empress departed upon their raft into hidden obscurity, one hundred and twenty years of beacon-fires have burned unceasing, baleful stars have veiled the sun, and monstrous evils have torn apart the land, while treacherous factions have seized upon the chaos to grow ever more arrogant. Fortunately, thanks to the Minister of State, who swept clear the six directions to pacify the eight wildernesses and drove out the barbarian hordes to settle the nine realms — this is truly a glorious achievement, a resplendent virtue, answering the stars above and winning the trust of the myriad people below. In this hour of peril, the Celestial Court's Three Departments and Nine Ministries have jointly deliberated, the courts of the five provinces have signed in concert, and eighty-one jade tablets have been laid before the Altar of State, all in common recommendation that the Minister of State temporarily assume command of military affairs, wield the Sword of Vast Heaven, and carry out the campaign in defense of the Way. We now bestow upon you the Banner of Three Radiances and the authority to patrol on Heaven's behalf, granting you the black-and-yellow battle-axe with power to act first and report after, overall command of the Five Guards and Two Armies, and jurisdiction over the fifteen provinces and eighty-one commanderies within the passes.[[/col]]\\n[[col:yellow]]Let the mountains and rivers be your drums, the sun and moon your banners. The essence of yin and yang gathers at Kun Lan, the Five Elements Compass hangs resplendent over the Celestial Court — all of this proclaims that Heaven's Mandate rests with you! Yet remember this: though you now hold temporary command of the Nine Tripods, you do so only as a guardian of the sacred blade. Once the eight wildernesses are swept clean, we ask that you lay down your arms and ascend the altar, to welcome together with us the Vast Dragon's carriage and the Moon's chariot.[[/col]]\\n[[col:yellow]]Wherever the mountains and rivers of Zhen Dan extend, wherever the dragon banner points, let any who defy this be judged as rebels against Heaven![[/col]]\\n\\n[[img:wwd_seal]][[/img]][[col:red]]Jointly signed by the eighty-one ministers of the Celestial Court · Witnessed by the Chief of the Astronomical Bureau · Transcribed by the Grand Academician of Wen Yuan Pavilion[[/col]]	false
cdir_events_dilemma_choice_details_localised_choice_label_wwd_ll_dilemma_confederate_with_tiantin_stepIIFIRST	[[col:yellow]]Receive the Decree![[/col]]	false
cdir_events_dilemma_choice_details_localised_choice_label_wwd_ll_dilemma_confederate_with_tiantin_stepIFIRST	[[col:yellow]]The Pinnacle of Power in Zhen Dan[[/col]]	false
cdir_events_dilemma_choice_details_localised_choice_label_wwd_ll_dilemma_tiantin_guanliFIFTH	Support the He Dong Lords	false
cdir_events_dilemma_choice_details_localised_choice_label_wwd_ll_dilemma_tiantin_guanliSIXTH	Collect the Taxes	false
campaign_payload_ui_details_description_wwd_ll_dilemma_tiantin_guanli	The corresponding faction will receive assistance.	false
campaign_payload_ui_details_description_wwd_ll_dilemma_tiantin_guanli_gold	Every surviving provincial faction at peace with you will provide you with [[img:icon_treasury]][[/img]][[col:yellow]]2500[[/col]] in treasury income, [[/img]][[col:red]]but this will also lower your diplomatic relations with the corresponding faction[[/col]]	false
dilemmas_localised_title_wwd_ll_yuanbo_story_tiantin_I	[[col:green]]Jade Court[[/col]] · What the Dragon's Eyes Behold · I	false
cdir_events_dilemma_choice_details_localised_choice_title_wwd_ll_yuanbo_story_tiantin_IFIRST	My advisors will go to the Celestial Court to set the record straight and ensure stability, but any further action is not yet timely	false
effect_bundles_localised_title_wwd_ll_yuanbo_story_tiantin_I	Celestial Court Control: [[col:yellow]]25%[[/col]]	true
effect_bundles_localised_description_wwd_ll_yuanbo_story_tiantin_II	[[col:white]]The Celestial Court's control will shift constantly amid the game of power. When Yuan Bo occupies Wei Jing, this value will reach[[/col]][[col:yellow]]100%[[/col]]; [[col:white]]but for Yun Xiang, this figure will only reach[[/col]][[/col]][[col:yellow]]100%[[/col]] once the Jade Court is annexed or destroyed	true
effect_bundles_localised_title_wwd_ll_yuanbo_story_tiantin_II	Celestial Court Control: [[col:yellow]]50%[[/col]]	true
effect_bundles_localised_description_wwd_ll_yuanbo_story_tiantin_III	[[col:white]]The Celestial Court's control will shift constantly amid the game of power. When Yuan Bo occupies Wei Jing, this value will reach[[/col]][[col:yellow]]100%[[/col]]; [[col:white]]but for Yun Xiang, this figure will only reach[[/col]][[/col]][[col:yellow]]100%[[/col]] once the Jade Court is annexed or destroyed	true
effect_bundles_localised_title_wwd_ll_yuanbo_story_tiantin_III	Celestial Court Control: [[col:yellow]]75%[[/col]]	true
effect_bundles_localised_title_wwd_ll_yuanbo_story_tiantin_IV	Celestial Court Control: [[col:yellow]]100%[[/col]]	true
campaign_payload_ui_details_description_wwd_ll_yuanbo_story_tiantin_IFIRST	The Celestial Court's officials will continue to dominate the capital's affairs. This will trigger the [[col:magic]][Capital Overseers][[/col]] event for you, [[col:white]]and you will additionally gain[[/col]] [[img:icon_treasury]][[/img]][[col:yellow]]5000[[/col]][[col:white]] in treasury income from this event[[/col]]	false
dilemmas_localised_title_wwd_ll_yuanbo_story_tiantin_II	[[col:green]]Jade Court[[/col]] · What the Dragon's Eyes Behold · II	false
dilemmas_localised_description_wwd_ll_yuanbo_story_tiantin_II	Reporting to Lord Yu Long, the Jade Court's envoy has already made his way to Wei Jing. Yun Xiang has gladly complied, and the factions have somewhat reined in their ambitions. Yet hidden dangers remain, and troublemakers still linger. At court, they feign obedience while concealing sharp intentions - outwardly compliant, inwardly defiant, repeatedly obstructing the Jade Court's decrees. For now, I humbly beg you to forge renewed authority - please grant us leave to press further, to purge the realm and secure the Heavenly Court's foundations!	false
cdir_events_dilemma_choice_details_localised_choice_label_wwd_ll_yuanbo_story_tiantin_IIFIRST	Hold Off for Now	false
dilemmas_localised_title_wwd_ll_yuanbo_story_tiantin_III	[[col:green]]Jade Court[[/col]] · What the Dragon's Eyes Behold · III	false
dilemmas_localised_description_wwd_ll_yuanbo_story_tiantin_III	Reporting to Lord Yu Long, we have found the root of the matter - the generals of Jing Ji Road have secretly formed factions, intercepting memorials, aligning themselves under Yun Xiang's command, recklessly opening hostilities and waging war on all sides, seeking to seize the initiative and claim absolute authority within the Nine Heavens. Our envoy sent to the God-Strategy Bureau was brazenly assassinated upon the main thoroughfare - fortunately, loyal and righteous men within the court risked their lives to inform us, and only thus did we learn of this monstrous treachery. This matter has grown urgent in the extreme; we implore you to render swift judgment, and by no means allow the treacherous elements within the God-Strategy Bureau to grow bolder still	false
campaign_payload_ui_details_description_wwd_ll_yuanbo_story_tiantin_III_I	You have chosen to handle this matter with as much restraint as possible; we can only pray that the Raven-Kin bring us the evidence we need before things worsen further	false
campaign_payload_ui_details_description_wwd_ll_yuanbo_story_tiantin_III_II	You have chosen to root out threats from other powers as thoroughly as possible; the armies of Shang Wu will set out at once, and our comrades in the Heavenly Court will rally the generals loyal to the Dragon-Kin to answer the call	false
campaign_payload_ui_details_description_wwd_ll_stop	The event will trigger again after 3 turns, but you must make a decision within 20 turns.	false
dilemmas_localised_title_wwd_ll_yuanbo_story_tiantin_III_I	[[col:green]]Jade Court[[/col]] · Calamity Averted	false
dilemmas_localised_description_wwd_ll_yuanbo_story_tiantin_III_I	Reporting to Lord Yu Long, the might of Heaven has descended, and the chaos has begun to subside - thanks to your lordship's steadfast and decisive genius, the Heavenly Dynasty has narrowly escaped internal ruin! The Raven Guard have already apprehended nine traitors throughout the Heavenly Court. Among the residences of three of them, we discovered memorials on military affairs that the God-Strategy Bureau had suppressed! This stands as ironclad proof of a conspiracy to frame the loyal and virtuous! Though the fog has now been cleared and the wrongly accused generals vindicated, we your servants have failed you, and are ashamed before your grace! The chief conspirator remains uncaptured, and his remnants unpurged - the ringleader exploited the chaos to further stir unrest, slipping away amid the turmoil and escaping the capital. This is entirely the fault of our own negligent oversight and inadequate pursuit - we humbly beg for punishment! Yet the scope of this case runs deeper than what lies on the surface; the enemy's trail remains obscured, its true depths unknown. Beneath the Nine Heavens, the conspiracy is far from extinguished! We your servants beg for the Dragon's mercy - allow us to remain in the capital under our guilt, to search the Nine Heavens to their depths, purge the remaining traitors, and atone for our past failings!	false
dilemmas_localised_title_wwd_ll_yuanbo_story_tiantin_III_II	[[col:green]]Jade Court[[/col]] · Mountains and Rivers Broken	false
dilemmas_localised_description_wwd_ll_yuanbo_story_tiantin_III_II	The dripping of the dragon-carved bronze water clock rang unnaturally clear in the deathly silence, when the bronze wind-chimes hanging from the eaves suddenly let out a piercing ring. As the last fractured piece of jade fell from Yuan Bo's fingers, the rolling thunderclouds outside the Wen Yuan Pavilion swallowed the last light of the sky at that very moment\\n\\n'Yun Xiang and his faction are declared traitors to the state, effective immediately. All generals of the God-Strategy Bureau stationed abroad are to be brought back under the Jade Court's command at once - any who resist this order shall be executed without pardon.' Yuan Bo's tone remained as steady as ever, but the sword he slammed down shattered the jade paperweight upon his desk, startling the three-legged bronze candlestick into toppling over, molten red wax trailing like blood down the coiled-dragon patterned table. In the shadows cast by the dragon-patterned screen, the candlelight flickered in time with the astronomers' quickened breaths, like a flock of birds growing restless before the storm\\n\\nBeyond the Nine Heavens, the black iron gates of the God-Strategy Bureau slowly ground shut, the creak of the winding capstan resonating with the muffled thunder deep within the clouds. The Golden Qilin banner of the Grand Marshal of Heaven's Strategy snapped and cracked atop the city walls, fine droplets of moisture beading upon the breath-guards of the Imperial Guard's masks - the autumn frost rushed eight hundred li from the Heavenly Lake, and also the metallic tang pressed against the throats of loyal men now turned against one another\\n'Sound the drums!' As the Household Commander's blade severed the command banner, swift horses raced out along all four postal routes of Jing Ji Road at once, raising dust. Along the web-like network of official roads, the clash of iron armor startled the last flock of white doves into flight, the unwitting birds soaring over the assembled Dragon Guard, their feathers still carrying the fresh scent of newly threshed rice	false
cdir_events_dilemma_choice_details_localised_choice_title_wwd_ll_yuanbo_story_tiantin_III_IIFIRST	A shattered heart bleeds beyond the heavens...	false
dilemmas_localised_title_wwd_ll_yuanbo_story_tiantin_III_II_weijin	[[col:green]]Jade Court[[/col]] · [[col:yellow]]The Celestial Pivot in Hand[[/col]]	false
dilemmas_localised_description_wwd_ll_yuanbo_story_tiantin_III_II_weijin	[[col:yellow]]Reporting to Lord Yu Long! The bloody battle for Wei Jing has just ended - Cathay's sons soaked their black armor in blood, their bodies piled at the southern gate, bone and blood mingled together, friend and foe indistinguishable. Now the Heavenly Court's elite forces number barely one in ten survivors; the resplendent divine capital lies ravaged and scarred. Yet the treacherous elements who occupied the Nine Heavens and coveted the throne have all been utterly annihilated! The Jade Court now holds full authority over the capital region, and all officials of the Nine Heavens bow before the palace steps, looking to none but Yu Long! Though the Celestial Pivot now stands fixed, a great enemy still looms, and countless tasks lie unfinished - as to the most pressing matters, we humbly ask your lordship to consider carefully[[/col]]	false
cdir_events_dilemma_choice_details_localised_choice_label_wwd_ll_yuanbo_story_tiantin_III_II_weijinFIRST	[[col:yellow]]The Celestial Pivot in Hand[[/col]]	false
dilemmas_localised_title_wwd_ll_yunxiang_story_II	[[col:yellow]]Celestial Court[[/col]] · Perilous as Piled Eggs	false
cdir_events_dilemma_choice_details_localised_choice_label_wwd_ll_yunxiang_story_IISECOND	Heed the Dragon's Decree	false
cdir_events_dilemma_choice_details_localised_choice_title_wwd_ll_yunxiang_story_IIFIRST	Since His Majesty the Dragon Emperor summoned this humble servant to the capital, he bestowed upon me the tally and axe of command, entrusting me as his most intimate confidant; and when he withdrew into seclusion, he further entrusted me with the weighty duty of regency! Save for the Dragon Emperor and Moon Empress in person, not even the most exalted of royal blood holds any authority to command this humble servant! In aiding Yu Long previously, it was only in consideration of his composure and maturity, for the benefit of the realm and its ancestral shrines. Yet having gained the trust of all under heaven, he now grows domineering to such an extent that he treats me as a mere subordinate, trampling upon propriety — nearly usurping the Emperor's own authority! If his heart truly lies with Zhen Dan, he ought to return to court himself, take up the reins of governance personally, and bear this heavy responsibility. At that time, this humble servant would gladly render every ounce of strength to help secure the ancestral shrines together! Yet now Yu Long abandons the sacred vessel of state to the wilderness, consigns the realm's mountains and rivers to the flames of war, and instead dispatches petty clerks to wield the authority of the tally and axe as if it were his own! Such an affront to order and hierarchy — I regret that I cannot comply!	false
cdir_events_dilemma_choice_details_localised_choice_title_wwd_ll_yunxiang_story_IISECOND	Since His Majesty the Dragon Emperor summoned this humble servant to the capital, he bestowed upon me the tally and axe of command, entrusting me as his most intimate confidant; and when he withdrew into seclusion, he further entrusted me with the weighty duty of regency! Save for the Dragon Emperor and Moon Empress in person, not even the most exalted of royal blood holds any authority to command this humble servant! Yet having received this pillar-like trust, with the safety of the realm resting upon my shoulders, how could I indulge a moment's pride? The lifeblood of Zhen Dan is such that a single thread, once pulled, moves the whole — how could Yu Long fail to understand this principle? Now that his jade official has come to the capital, his intent is plain; if I delay even briefly, how could this affair simply end there? Were I to refuse outright, discord would surely arise, and I fear it might cause the whole of Zhen Dan to grow estranged from one another, shaking the very foundation of the state! For the sake of the realm's mountains and rivers, I shall temporarily permit the Jade Court's officials to assist in administering the capital region. But should they harbor treacherous designs or plot rebellion, I and the loyal, righteous men of the Celestial Court are no meek lambs awaiting slaughter!	false
dilemmas_localised_title_wwd_ll_yunxiang_story_III	[[col:yellow]]Celestial Court[[/col]] · Final Ultimatum	false
cdir_events_dilemma_choice_details_localised_choice_title_wwd_ll_yunxiang_story_IIIFIRST	Insolent wretch! How dare he deceive me to such an extent! When has the God-Strategy Army's reports ever been absent from the Jade Estate's desk? When has the conduct of the Hong Wu Overseers ever overstepped the boundaries set by the Jade officials? This baseless slander is nothing but a pretext to stir up conflict! In the years when the Dragon Emperor's Guard first followed the sacred carriage to suppress rebellion, that callow young dragon had not yet even come into being! If he so covets the heavenly throne, why does he not simply come and take it himself!	false
cdir_events_dilemma_choice_details_localised_choice_title_wwd_ll_yunxiang_story_IIISECOND	Yuan Bo has long been renowned for his wisdom and clarity of judgment — that he would now brazenly threaten with force of arms must conceal some hidden matter. The affairs of the imperial court have always followed proper procedure; the crimes Yu Long accuses me of are surely fabricated slander, and there is some deeper, hidden truth behind this affair. I shall dispatch the Palace Guard to investigate thoroughly and get to the bottom of it! But the matter most urgent now is to hold Yuan Bo steady and stall for time — under no circumstances can he be allowed to plunge the Celestial Empire into internecine strife!	false
dilemmas_localised_title_wwd_ll_yunxiang_story_IV	[[col:yellow]]Celestial Court[[/col]] · Calamity Averted	false
cdir_events_dilemma_choice_details_localised_choice_title_wwd_ll_yunxiang_story_VFIRST	A shattered heart bleeds beyond the heavens...	false
cdir_events_dilemma_choice_details_localised_choice_label_wwd_ll_dilemma_battle_of_lingnanFIRST	Light up the night	false
campaign_payload_ui_details_description_wwd_ll_dilemma_battle_of_lingnan	[[col:red]][Duke of Pacified South] Duan Wei and the beacon-keepers will fight to the death against Slaanesh's vanguard at the last beacon tower[[/col]]\\n\\nYou will take part in a near-hopeless battle from the perspective of one of the Twenty-Eight Generals' Stars.	false
dilemmas_localised_title_deer_zhongyan_victory2	A New Day, the Sun Rises as Always	false
dilemmas_localised_description_deer_zhongyan_victory2	The Chaos offensive has been repelled, and Zhen Dan has once again reclaimed the fortress standing in the north. The wounds left by the Battle of the End Times still ache — jeweled halls and jade towers reduced to broken walls and shattered stone, heroes and talents turned to bones in desolate graves. Yet this was a battle destined to fail, and you turned the tide against Zhen Dan's doom. Upon the broken mountains and rivers, survivors labor to rebuild their homes, and where sky meets sea, a new sun is rising\\n\\nCan Zhen Dan ever recapture the prosperity of the days before the calamity? No one can say for certain, but you have witnessed the epic of this land, and you know: its children will never yield	false
names_name_1021105013	[Pacification Commissioner of Fu Hong] Du Zheng	false
character_trait_levels_explanation_text_wwd_trait_haotian_weapon	Obtained from: Hao Tian Sword	false
character_trait_levels_colour_text_wwd_trait_shuoshuren	"Best not listen too closely, or you too may become one of the Grey Rat Agents..."	false
names_name_98742431	[Zi Lou Commander] Wei Xin	true
names_name_98742432	[Kui Men Pass Commandant] Ge Shu Yi	true
dilemmas_localised_description_wwd_ll_eshin	As the Great Khan's armies ravaged the West, Snitch saw its chance — tens of thousands of troops from the Wei Xi provinces had been redeployed to the Tower of Ashaash, leaving Bin Long no attention to spare for the east. Yes, yes! A perfect opportunity! Zhao Ming was normally surrounded by far too many warriors, but his retainers had all been sent to the front lines now, and Eshin's cleaver would descend from the shadows — Bin Long's head was practically within reach. Snitch would do it personally, yes, yes! No one could stop the Master Assassin!	false
cdir_events_dilemma_choice_details_localised_choice_label_wwd_ll_eshinFIRST	The Mantis Stalks the Cicada	false
dilemmas_localised_description_wwd_ll_eshin12	Zhao Ming's fingers dug deep into the armrests of the Bin Tie Throne, the reports of collapse on the western front still buzzing inside his skull. At this moment he only wished those endlessly chattering advisors would hurry up and get out of the hall. Only when the last iron gate finally slammed shut did the Eighth-Generation Lord of Shang Yang finally shed his upright posture, letting his dragon spine slide against the cold throne, toying idly with a dimensional stone in his hand — a dangerous habit, but one Bin Long handled with ease. These ores, which seemed to radiate such discord to his kin, were to him merely another curious material; caressing these little things gave him a sense of ease. These faintly green stones could unleash incredible energy, yet they were far from beautiful — even after a craftsman's polishing they remained rough and dull... dull, yet at this moment reflecting a cold glint of light. Something was behind him. Zhao Ming turned in shock — Snitch had nearly succeeded, its blade slashing toward Bin Long's eyes, its claws almost brushing against Zhao Ming's throat. The chief assassin could not understand how its target had sensed it, but the assassination was already teetering on the edge of failure.\\n\\nZhao Ming had already drawn his blade the instant he turned, firmly blocking the Master Assassin's attack. Snitch had spent a long time preparing to slay the dragons of Zhen Dan; these specially made weapons were sharp enough to pierce their immortal scales, penetrate their skin, and kill them just like mortals — but the killing blow had already missed. Unwilling to face these creatures of unfathomable power head-on, the Master Assassin's hind legs tensed, and a poisoned tail-blade shot silently from the shadows, striking precisely into the gap in the reverse scales at Zhao Ming's waist.\\n\\n'Cough—!'\\n\\nDragon blood splattered against the floor tiles, sending up wisps of smoke, as Zhao Ming's hand snapped back to seize the withdrawing tail-blade, scorching dragon-breath seeping through his clenched teeth: 'Vermin!' The very air of the hall twisted suddenly, and the last image burned onto the assassin's retinas was countless streams of blazing fire erupting from the depths of the Eighth-Generation Lord's pupils.\\n\\nSnitch severed its own prized tail.\\n\\nThe Master Assassin's broken tailbone dragged an intermittent trail of blood across the flagstones. This wasn't over — yes, yes! How much troll bile should be mixed into the next poisoned blade? Should dimensional-stone bombs be planted within the bodies of the Clan Eshin agents? When thirteen plague censers burn at once within the Shang Yang palace, how many more blades thrust from the shadows could Bin Long still fend off from his throne?	false
cdir_events_dilemma_choice_details_localised_choice_label_wwd_ll_eshin12FIRST	The situation on the western front has grown more complicated	false
cdir_events_dilemma_choice_details_localised_choice_label_wwd_ll_eshin13FIRST	The Raven-Feather Legion foiled Snitch's plan	false
campaign_payload_ui_details_description_wwd_ll_eshin13	The Eshin clan's assassination plot has been foiled by the Raven-Feather Legion, and Sneek has been wounded.	false
dilemmas_localised_description_wwd_ll_yuanbo_story	Discordant shadows are spreading. No one in the Astronomical Bureau can hear the Moon Empress's warning konghou anymore, and amid the storm-tossed times, the Celestial Court struggles to find any trace of the dragons. Yun Xiang's Celestial Martial Qi Lin cries out beyond the Heavenly Gate, and the blade that should have carved the Dragon Emperor's path through thorns is now mired in the mud of factional suppression. Ghosts cloaked in mang robes are tearing at the brocade of mountains and rivers before the throne, and the golden and silver threads scattered by the ripping fabric are being devoured whole by jackals\\n\\nThe hall is thick with unspoken doubt: the Celestial Court Governor's official boots are trapped in a net woven of ferns, and the jade tally at his waist, symbol of chancellor's power, now contends with a tree frog over a black gui tablet upon some rotting leaf. While Yuan Bo chases the will-o'-the-wisps of Roselia, cracks are spreading through the jade pillars of the capital — does a star-gazing platform overgrown with moss truly outweigh the court tablets of the Three Excellencies and Nine Ministers kneeling before the palace gates?	false
campaign_payload_ui_details_description_wwd_ll_yuanbo_story	[[col:red]]The dire situation at home will force Yuan Bo to cut short his expedition[[/col]]	false
campaign_payload_ui_details_description_wwd_ll_yuanbo_story2	Yuan Bo's mission is complete, and the Jade Court's expeditionary force will sail home to reinforce domestic operations.	false
effect_bundles_localised_description_wwd_ll_yuanbo_story	A discordant shadow spreads, and the scent of decay drifts on the wind. In this time of turmoil, no dragon's shadow can be found in the Celestial Court.	false
cdir_events_dilemma_choice_details_localised_choice_label_wwd_ll_yuanbo_story2FIRST	Everything Goes According to Plan	false
effect_bundles_localised_description_wwd_ll_yuanbo_story2	The earth trembles, and the ley lines of Roselia open their vertical pupils - golden threads pierce through the jungle's miasma, running through the astral lock of the last snake-patterned stone observatory. The power of the Winds of Magic surges forth from between the bronze trigram teeth, magic's trail piercing the sky like veins, converging at last upon the dome of the Celestial Court. The heartbeat of the continent of Roselia contracts into the roar of the Five Elements Compass within Yuan Bo's palm. The Jade Dragon has succeeded.	false
dilemmas_localised_title_wwd_final_provisional_capital	Wartime Auxiliary Capital	false
cdir_events_dilemma_choice_details_localised_choice_label_wwd_final_provisional_capitalFIRST	Kun Lan	false
cdir_events_dilemma_choice_details_localised_choice_label_wwd_final_provisional_capitalTHIRD	Shang Wu	false
effect_bundles_localised_title_wwd_final_provisional_capital	Wartime Auxiliary Capital	false
dilemmas_localised_title_wwd_final_provincial_reinforcements	War Drums Beat, Golden Blades Clash	false
cdir_events_dilemma_choice_details_localised_choice_label_wwd_final_provincial_reinforcementsSECOND	Blood Spilled Upon the Battlefield	false
cdir_events_dilemma_choice_details_localised_choice_label_wwd_final_provincial_reinforcements3FIRST	Old World Treasures	false
cdir_events_dilemma_choice_details_localised_choice_label_wwd_final_provincial_reinforcements3SECOND	Bin Xi Ironclad	false
dilemmas_localised_title_wwd_final_provincial_reinforcements4	Better Jade Shattered Than Life Preserved in Shame	false
names_name_1021105017	[[col:yellow]][Apostle of the Revelation][[/col]]	true
cdir_events_dilemma_choice_details_localised_choice_title_wwd_ll_dilemma_changyuan_change2FIRST	The frontier army will continue to oversee the defense of Chang Yuan	false
cdir_events_dilemma_choice_details_localised_choice_label_wwd_ll_dilemma_changyuan_change3FIRST	Return the pass	false
cdir_events_dilemma_choice_details_localised_choice_label_wwd_ll_dilemma_changyuan_change3SECOND	Take it over myself	false
cdir_events_dilemma_choice_details_localised_choice_title_wwd_ll_dilemma_changyuan_change3SECOND	The frontier army has failed in its duty. If they cannot hold Chang Yuan, then I shall hold it myself	false
effect_bundles_localised_title_wwd_ll_quanzei_debuff	[[col:red]]Chaos at Court[[/col]]	false
effect_bundles_localised_description_wwd_ll_quanzei_debuff	Your actions successfully thwarted Qing Shao's scheme, but your influence is not yet enough to quell the disputes at court. The great battle draws near, yet we remain in disarray...	false
effect_bundles_localised_title_wwd_final_provincial_reinforcements1_1	Tiger Warrior Tactics	false
effect_bundles_localised_title_wwd_final_provincial_reinforcements1_2	Blood Spilled on the Battlefield	false
effect_bundles_localised_description_wwd_final_provincial_reinforcements1_2	Beneath the beacon towers, the soldiers of Ling Nan drew the border of Cathay in blood — theirs, and the enemy's alike.	false
effect_bundles_localised_title_wwd_final_provincial_reinforcements3_1	Old World Treasures	false
cdir_events_dilemma_choice_details_localised_choice_label_wwd_ll_miaoying_storyFIRST	Drive Straight Ahead	false
cdir_events_dilemma_choice_details_localised_choice_title_wwd_ll_miaoying_storySECOND	Kui Men Pass still lies under the threat of Chaos, and the enemy's movements upon the wastes remain unclear — now is not the time for reckless pursuit of glory. The situation within the pass has yet to be fully settled; matters of merit and achievement must be pursued step by step	false
cdir_events_dilemma_choice_details_localised_choice_title_wwd_ll_miaoying_story2FIRST	The Celestial Court's own army will personally handle the offensive against Fang Rong - Miao Ying need only focus on the northern defenses	false
cdir_events_dilemma_choice_details_localised_choice_title_wwd_ll_miaoying_story2SECOND	The Celestial Court has issued a decree ordering the Governor of Wei Bei Provinces to lead his troops across the sea in aid of Yi Han	false
cdir_events_dilemma_choice_details_localised_choice_label_wwd_ll_miaoying_story2THIRD	Miao Ying Departs Beyond the Pass	false
cdir_events_dilemma_choice_details_localised_choice_title_wwd_ll_miaoying_story2THIRD	As long as Vilitch lives, the Wei Bei Provinces remain like a thorn in our throat that we cannot dislodge, unable to attend to anything else. But now that the Royal Court's forces have all entered Yi Han, the northern border stands empty - the perfect moment to sally forth and put down the rebels	false
cdir_events_dilemma_choice_details_localised_choice_label_wwd_ll_miaoying_story2FOURTH	Hold Position	false
cdir_events_dilemma_choice_details_localised_choice_title_wwd_ll_miaoying_story2FOURTH	With the times so turbulent, the Celestial Dynasty is already stretched thin on all sides - launching an eastward campaign now would only exhaust our people and treasury for nothing but harm	false
cdir_events_dilemma_choice_details_localised_choice_label_wwd_ll_miaoying_story2_1FIRST	The wheels roll ever onward...	false
campaign_payload_ui_details_description_wwd_ll_miaoying_story2_1	The God-Strategy Bureau will dispatch troops to reinforce Yi Han.	false
campaign_payload_ui_details_description_wwd_ll_miaoying_story2_3	The armies of the Wei Bei provinces will march north to raid Chi Lei.	false
dilemmas_localised_title_wwd_west_buff	Unify the Wei Xi Provinces	false
dilemmas_localised_description_wwd_west_buff	Through a series of schemes and conquests, the Wei Xi Provinces have been brought fully under our control\\n\\nThis region includes the following [[url:script_link_campaign_provinces]]provinces[[/url]]:\\n[[url:script_link_campaign_provinces]]Dimensional Stone Desert[[/url]]\\n[[url:script_link_campaign_provinces]]Gentry Wasteland[[/url]]\\n\\n[[col:white]]A special bonus will be applied to your faction, but this bonus will be lost if you lose full control of the region, until you retake it[[/col]]	false
dilemmas_localised_title_wwd_center_buff	Unify the Central Provinces	false
dilemmas_localised_description_wwd_center_buff	Through a series of schemes and conquests, the Central Provinces have been brought entirely under our army's control\\n\\nThis region includes the following [[url:script_link_campaign_provinces]]provinces[[/url]]:\\n[[url:script_link_campaign_provinces]]Celestial Court River Plains[[/url]]\\n[[url:script_link_campaign_provinces]]Nong Chang Basin[[/url]]\\n[[url:script_link_campaign_provinces]]Celestial Lake[[/url]]\\n\\n[[col:white]]A special bonus will be applied to your faction, but this bonus will be lost if you no longer hold complete control of the region, until you reclaim it[[/col]]	false
effect_bundles_localised_description_wwd_north_buff	Through a series of schemes and campaigns, the Wei Bei Provinces have been brought entirely under our control.	false
effect_bundles_localised_title_wwd_east_buff	[[col:white]]Unify the Lords of He Dong[[/col]]	false
dilemmas_localised_description_wwd_east_buff	Through a series of schemes and campaigns, the Lords of He Dong have all been brought under our army's control.\\n\\nThis region includes the following [[url:script_link_campaign_provinces]]provinces[[/url]]:\\n[[url:script_link_campaign_provinces]]Li Shan[[/url]]\\n[[url:script_link_campaign_provinces]]Yu Jiang Delta[[/url]]\\n[[url:script_link_campaign_provinces]]Shen Yuan[[/url]]\\n\\n[[col:white]]A special bonus will be applied to your faction, but the bonus will lapse if you lose complete control over the region, until you retake it[[/col]]	false
cdir_events_dilemma_choice_details_localised_choice_label_wwd_east_buffFIRST	Command Over He Dong	false
dilemmas_localised_title_wwd_north_buff	Unify the Wei Bei Provinces	false
dilemmas_localised_description_wwd_act_one	No dragon shadow is seen in the Celestial Court, the Moon Empress's voice grows faint, treachery gathers from all sides, and discord descends\\n\\nThe heavens roar — who shall save the crumbling hall from collapse?\\n\\n[[img:icon_corruption_chs]][[/img]][[col:red]]The forces of Destruction have grown stronger[[/col]]\\n[[img:event_mission_neutral]][[/img]][[col:red]]A stage mission has been delivered — do all you can to complete it and avoid falling into crisis in the next act[[/col]]	false
campaign_payload_ui_details_description_wwd_act	[[col:white]]Buffs or penalties will be applied to your faction based on the outcome of missions in the previous stage[[/col]]	false
effect_bundles_localised_title_wwd_act_one_debuff	[[col:red]]Crisis · Strife[[/col]]	false
dilemmas_localised_title_wwd_act_three	[[col:yellow]]Act Three · Ruin[[/col]]	false
dilemmas_localised_description_wwd_act_three	O Dragon God, we fight, we perish, we raise up palaces, we sit amid their ruins — without the mighty power of Heaven, who shall save these mortal bodies below\\n\\nIn the days when the Dragon God is absent, all living things must carve out their own place between heaven and earth\\n\\n[[img:icon_corruption_chs]][[/img]][[col:red]]The forces of Destruction have grown stronger[[/col]]\\n[[img:event_mission_neutral]][[/img]][[col:red]]A stage mission has been delivered — do all you can to complete it and avoid falling into crisis in the next act[[/col]]	false
effect_bundles_localised_description_wwd_act_two_debuff	O Dragon God, we fight, we perish; we raise palaces to the heavens, only to sit in vain amid ruin and rubble.	false
effect_bundles_localised_description_wwd_act_three_debuff	Prepare yourselves — doomsday is coming.	false
effect_bundles_localised_description_wwd_ll_dilemma_confederate_with_changyuan	The die has been cast. This will be an open challenge to the other nobles - and even if they hold their tongues in public, there is no guarantee they won't resort to underhanded means in secret.	false
effect_bundles_localised_description_wwd_act_two_n	[[col:white]]Focus on the Chang Yuan Campaign[[/col]]\\n\\n[[img:wwd_north_buff]][[/img]][[col:white]]Wei Bei[[/col]]\\nThe long wall stretches on, the beacon fires burn eternal, through day and night, unquenched through the ages.	false
effect_bundles_localised_description_wwd_act_two_s	[[col:white]]Focus on Corruption Prevention[[/col]]\\n\\n[[img:wwd_south_buff]][[/img]][[col:red]]Ling Nan[[/col]]\\nIn the land borne by the Dragon God's bloodline, plague and pestilence recede, and all evil spirits are reduced to ash.	false
effect_bundles_localised_title_wwd_act_two_c	Fields of Bountiful Grain	false
cdir_events_dilemma_choice_details_localised_choice_label_wwd_act_two_buffFOURTH	Holding the Candle, Upholding the Righteous	false
cdir_events_dilemma_choice_details_localised_choice_title_wwd_act_two_buffSIXTH	I don't want the buff, I just want more of a challenge!	false
effect_bundles_localised_description_wwd_act_three_w	[[col:white]]Entrust the Western Army[[/col]]\\n\\n[[img:wwd_west_buff]][[/img]][[col:link]]Wei Xi[[/col]]\\nThe Western Regions gather merchants, travelers, and mercenaries of every kind — just look at the army tents massed outside Shang Yang City to see how vital they are.	false
effect_bundles_localised_title_wwd_act_three_w	Reliance on Mercenaries	false
effect_bundles_localised_description_wwd_act_three_c	[[col:white]]Entrust the Central Army[[/col]]\\n\\n[[img:wwd_center_buff]][[/img]][[col:green]]Central[[/col]]\\nYuan Bo's jade ruler measures the Nine Provinces, from Kun Lan in the north to Shang Wu in the west — the richest jade veins of the Celestial Empire lie almost entirely within the jurisdiction of the Central Provinces. This gentle gem appears everywhere in the daily life of Cathayans, and even plays a vital role in matters of war.	false
cdir_events_dilemma_choice_details_localised_choice_label_wwd_act_three_buffFIRST	Frontier Army Organization	false
cdir_events_dilemma_choice_details_localised_choice_label_wwd_act_three_buffFOURTH	Consolidated Irregulars	false
cdir_events_dilemma_choice_details_localised_choice_label_wwd_act_three_buffFIFTH	Carved Jade Spirit	false
cdir_events_dilemma_choice_details_localised_choice_label_wwd_act_three_buffSIXTH	Decline the Choice	false
effects_description_wwd_act_three_w	Skill: Unlocks [Reliance on Mercenaries] for allied units recruited on behalf of Order factions	true
effects_description_wwd_act_three_e	Skill: Firearm units gain [Naval Drills]	false
effects_description_wwd_act_three_s	Skill: Warrior monk and Orc units gain [Consolidated Irregulars]	false
unit_abilities_onscreen_name_wwd_act_three_n	Frontier Army Organization	true
unit_abilities_tooltip_text_wwd_act_three_n	The 150,000 frontier troops of Chang Yuan are perhaps the most elite force in the Celestial Dynasty, their blades forever tempered in the fires of war.	true
unit_abilities_tooltip_text_wwd_act_three_w	The Western Regions draw all manner of merchants, travelers, and mercenaries — one need only look at the sea of tents gathered outside Shang Yang to see how important they are.	true
unit_abilities_tooltip_text_wwd_act_three_e	Though the Celestial Dynasty's firearm foundries are mostly concentrated in the Wei Bei Provinces, these lethal hot weapons appear most often in He Dong — nearly a third of every coastal patrol carries a handgun.	true
unit_abilities_onscreen_name_wwd_act_three_c	Carved Jade Spirit	true
unit_abilities_tooltip_text_wwd_act_three_c	Yuan Bo's jade ruler measures the Nine Provinces, stretching from Kun Lan in the north to Shang Wu in the west. The richest jade veins of the Celestial Dynasty fall almost entirely under the jurisdiction of the Central Provinces. This warm, lustrous gem is found everywhere in the daily life of the people of Zhen Dan, and even plays a vital role in military affairs.	true
cdir_events_dilemma_choice_details_localised_choice_label_wwd_act_fourth_buffFIRST	Bestowal of Hao Tian	false
cdir_events_dilemma_choice_details_localised_choice_label_wwd_act_fourth_buffTHIRD	Decline the Choice	false
cdir_events_dilemma_choice_details_localised_choice_title_wwd_act_fourth_buffTHIRD	I don't want the buff, I just want more of a challenge!	false
effect_bundles_localised_description_wwd_act_fourth_c	[[img:wwd_celest_buff]][[/img]][[col:ui_font_yellow]]Hao Tian[[/col]]\\nIn the name of the Dragon Emperor, destroy his enemies.	false
effect_bundles_localised_title_wwd_act_fourth_m	Gift of the Moon's Radiance	false
dilemmas_localised_description_dilemma_wwd_mike	The [Shadow Simurgh] has finally been freed from the tribunal of the Ceremonial Guard Office — the Commissioner of the Hong Wu Overseers, of all people, nearly became the subject of interrogation. Had you not spent the night setting the memorials in order and overruled every dissenting voice at court, tomorrow's dawn would likely have seen another name added to the prison ledger. Tong Long's promise rings clear as iron — tonight, the Hong Wu Overseers across all fifteen provinces of the realm shall become an edge beyond your own blade	false
effect_bundles_localised_description_dilemma_wwd_mike1	Chaos has not yet subsided — we need to restore order.	false
effect_bundles_localised_description_dilemma_wwd_mike2	The war rages on — we need more information about the enemy.	false
effect_bundles_localised_title_wwd_act_countdown	[[col:white]]Countdown to Next Act[[/col]]	false
effect_bundles_localised_description_wwd_act_countdown	The act's resolution will arrive once the countdown ends.	false
dilemmas_localised_description_wwd_ll_miaoyin_story_snake_gate	The [[sl:campaign_great_bastion]]Great Bastion[[/sl]], the magnificent defensive line stretching across the northern border of the Empire, the unshakable barrier of Zhen Dan — and also your domain. None of this should have happened, but the tragedy of brother turning blade against brother has now borne its bitter fruit: the military strength of the northern frontier was forced into civil war, and amid the chaos, the Kurgan gathered their host and marched south, seizing the now nearly empty Kui Men Pass with ease.\\n\\nThis is a shame beyond measure for Zhen Dan, and all the more so for the Raging Gale. The instant she heard the news, a flush of red rose upon her ever-stern face. The Dragon Emperor had entrusted the lifeline of the Celestial Dynasty to her hands — a duty of unbearable weight, and an honor beyond the reach of any other imperial child — and her failure had brought shame upon the Dragon Emperor. Miao Ying steadied her faintly trembling hands. Beside the strategic threat posed by the fall of the Great Bastion, all other concerns paled into insignificance. In the Dragon Emperor's name, she would make the invaders pay dearly.	false
incidents_localised_description_wwd_ll_miaoyin_story_bastion_attack	The warbands of [[sl:campaign_factions]]Zhargazag[[/sl]] are gathering, and the assault from Chaos looms ever closer.\\nSound the war drums, light the beacon fires, and ready the frontier army!	false
dilemmas_localised_title_wwd_ll_miaoyin_story_bastion_revival_I	[[col:white]]Wei Bei Provinces[[/col]] · Chang Yuan Revival	false
cdir_events_dilemma_choice_details_localised_choice_label_wwd_ll_miaoyin_story_bastion_revival_ISECOND	Set It Aside for Now	false
cdir_events_dilemma_choice_details_localised_choice_label_wwd_ll_miaoyin_story_bastion_revival_IIFIRST	Repair Chang Yuan	false
cdir_events_dilemma_choice_details_localised_choice_label_wwd_ll_miaoyin_story_bastion_revival_IISECOND	Set It Aside for Now	false
effect_bundles_localised_title_wwd_ll_miaoyin_story_wujiangfang_I_2	Colossal Cannons	false
effect_bundles_localised_title_wwd_ll_miaoyin_story_wujiangfang_I_3	Fine Steel Crossbows	false
cdir_events_dilemma_choice_details_localised_choice_label_wwd_ll_miaoyin_story_wujiangfang_IFOURTH	Improved Sky Junks	false
dilemmas_localised_description_wwd_ll_miaoyin_story_wujiangfang_II	The vast majority of Zhen Dan's firearms are forged in Nan Gau under decree of the Dragon Emperor. This renowned city of haze churns out weapons of every shape and scale, day and night without rest. The Nine Sovereigns of Nan Gau command countless technologies beyond imagining, sustaining the ceaseless war upon the Great Bastion with an endless stream of new inventions. As Nan Gau develops further, the Martial Artisans' Workshop stands ready to offer you a new refinement.\\n\\n[[col:yellow]][[img:icon_schematics]][[/img]]Martial Artisans' Workshop technologies can be unlocked by upgrading Nan Gau's settlement tier.[[/col]]\\n\\n[[col:yellow]][[img:icon_schematics]][[/img]]Martial Artisans' Workshop technologies are exclusive to the Miao Ying faction. After choosing a technology path, you will receive an additional mission; completing it will further refine the chosen technology.[[/col]]	false
effect_bundles_localised_title_wwd_ll_miaoyin_story_wujiangfang_II_1	Refined Handguns II	false
effect_bundles_localised_description_wwd_ll_miaoyin_story_wujiangfang_II_3	[[img:wwd_north_buff]][[/img]][[col:yellow]]Martial Artisans' Workshop Production[[/col]]\\n"Kun Lan's refined steel, the Nine Sovereigns' craft - you won't find crossbow bolts finer than these."	false
effect_bundles_localised_title_wwd_ll_miaoyin_story_wujiangfang_II_3	Fine Steel Crossbows II	false
effect_bundles_localised_description_wwd_ll_miaoyin_story_wujiangfang_II_4	[[img:wwd_north_buff]][[/img]][[col:yellow]]Martial Artisans' Workshop Production[[/col]]\\n"Even from the Fallen Hearts, our sky-blackening fleet can be seen! You see that? We're the best there is!"	false
effect_bundles_localised_title_wwd_ll_miaoyin_story_wujiangfang_II_4	Improved Sky Junks II	false
cdir_events_dilemma_choice_details_localised_choice_label_wwd_ll_miaoyin_story_wujiangfang_IIFIRST	Refined Firearms	false
effect_bundles_localised_description_wwd_ll_miaoyin_story_wujiangfang_III_1	[[img:wwd_north_buff]][[/img]][[col:yellow]]Martial Artisans' Workshop Production[[/col]]\\n"Have you ever seen a formation of soldiers wielding matchlocks fire in unison? Oh, you won't forget it..."\\n\\n[[col:green]][[img:icon_schematics]][[/img]]This technology can be improved upon completing a mission[[/col]]	false
effect_bundles_localised_title_wwd_ll_miaoyin_story_wujiangfang_III_1	Refined Handguns III	false
effect_bundles_localised_title_wwd_ll_miaoyin_story_wujiangfang_III_2	Colossal Cannons III	false
effect_bundles_localised_description_wwd_ll_miaoyin_story_wujiangfang_III_3	[[img:wwd_north_buff]][[/img]][[col:yellow]]Martial Artisans' Workshop Production[[/col]]\\n"Kun Lan's refined steel, the Nine Sovereigns' craft - you won't find crossbow bolts finer than these."\\n\\n[[col:green]][[img:icon_schematics]][[/img]]This technology can be improved upon completing a mission[[/col]]	false
cdir_events_dilemma_choice_details_localised_choice_label_wwd_ll_miaoyin_story_wujiangfang_IIIFIRST	Refined Firearms	false
cdir_events_dilemma_choice_details_localised_choice_label_wwd_ll_miaoyin_story_wujiangfang_IIITHIRD	Fine Steel Crossbows	false
effect_bundles_localised_title_wwd_ll_miaoyin_story_wujiangfang_III_1_2	Refined Handguns III · Perfected Technique	false
effect_bundles_localised_description_wwd_ll_miaoyin_story_wujiangfang_III_4_2	[[img:wwd_north_buff]][[/img]][[col:yellow]]Martial Artisans' Workshop Production[[/col]]\\n"Even from the Fallen Hearts, our sky-blackening fleet can be seen! You see that? We're the best there is!"	false
dilemmas_localised_title_wwd_ll_miaoyin_story_bastion_revival_reward_I	[[col:white]]Chang Yuan Revival · Stage I[[/col]]	false
effect_bundles_localised_title_wwd_ll_miaoyin_story_bastion_revival_reward_I	Chang Yuan Revival · Stage I	false
dilemmas_localised_title_wwd_ll_miaoyin_story_bastion_revival_reward_III	[[col:white]]Chang Yuan Revival · Stage III[[/col]]	false
dilemmas_localised_description_wwd_ll_yuanbo_story_conflict	Yuan Bo has never once questioned the Dragon Emperor's will, but now his mind is troubled\\n\\nYu Long is the Dragon Emperor's Executioner, Sovereign Steward of the Realm, appointed regent by the Dragon Emperor himself before his ascension to the Heavenly Gate\\n'Ride on after I am gone, my son. The Heavenly Court's armies shall forever stand beside you'\\n'I have foreseen a dark future, but there is still a chance to turn it aside - the fate of the world lies in our hands. I cannot afford to err, and neither can you, my son, not ever'\\nThat his father was willing to reveal everything to him nearly overwhelmed Yuan Bo with honor, yet the unfamiliar rainforest along that distant coastline still stirred an uneasiness in his heart: the realm was in turmoil, and yet he had to leave at the very moment Cathay needed him most, taking with him an entire fleet of dragon ships from the newly rebuilt coastal defense force - it felt like a defilement of his duty as Sovereign Steward. Yuan Bo drew a deep breath, striving to steady his thoughts. The Dragon Emperor had named the goal; he could no longer hesitate\\n'My lord, we have arrived,' the Grand Admiral of the dragon fleet knocked upon the cabin door, his gentle voice carrying an undertone of unwavering resolve. An Rui Bang had won the trust of the Council of Four Marquises on the strength of a single meeting at Fu Zhou alone, and with Yi Qing and Jiang Wang unable to join the expedition, such a capable deputy was a pillar bridging sea and sky\\n'Thank you, An Rui Bang. Once we make landfall, I shall need your guidance still further - few Cathayans have ever ventured to such a distant land'\\n'It is my honor, Lord Yu Long. Welcome to Roselia'	false
cdir_events_dilemma_choice_details_localised_choice_label_wwd_ll_yuanbo_story_conflictFIRST	The story of the [[col:green]]Jade Court[[/col]] begins	false
dilemmas_localised_description_wwd_ll_yuanbo_story_conflict_I	As the Battle of Pahuacoatl drew toward the close of its third month, those ancient creatures made their silent appearance\\n\\nOnly the most well-traveled Cathayan adventurers had ever heard the name Lizardmen, but in truth they bore a striking resemblance to the Serpent-Folk that Ling Nan guarded against day and night - these scale-covered beings surely shared some distant reptilian kinship. They emerged from the dense jungle, advancing slowly upon the siege lines, and the terrifying reputation of the cold-blooded species led Xue Ding to expect a bloody massacre. The besieging force maintained only a minimal cordon around the Greenskins, while the remaining Jade Warriors gathered at the central command under orders, forming shield walls and drawing their bows\\n'Being caught between two fires is not an outcome I want, Xue Ding. Do not act rashly before they show hostile intent' Yuan Bo held back the command flag in Xue Ding's hand, his gaze fixed on the massive silhouette slowly emerging from the dense jungle. That bloated body sat upon a floating pedestal carved from star-stone, its skin covered in runes like a galaxy map: a Slann, an agent of the Old Ones. The Dragon Emperor had once warned him of the threat they might pose, but since his father had entrusted this great scheme to him, it meant he trusted his judgment - and his judgment was to avoid, at all costs, being drawn into war with two races at once, here and now\\nThe Lizardmen paid no heed to the tense atmosphere; the Saurus Warriors beneath the floating pedestal let out a collective high-pitched hiss, advancing swiftly upon the expedition's position. Yuan Bo could feel the trembling hands of the soldiers holding their shields aloft, the drawn bowstrings on the verge of snapping. He steadied the wavering aim of a nearby Jade Warrior trembling with tension, and stepped forward, 'Steady your hands, soldier' - should conflict prove unavoidable, the Dragon's Fang blade would not mind being the first to taste blood\\n'Dragon...counterfeit...you...should not...be here, but we...share a common...enemy'\\nYuan Bo let out a long breath	false
dilemmas_localised_description_wwd_ll_yuanbo_story_conflict_II	The expedition's progress has stalled\\n\\nLord Mazdamundi had evidently foreseen a future similar to what the Dragon Emperor had witnessed, so much so that he showed a tolerance toward the warm-blooded races venturing deep into the jungle that other Lizardmen would find unacceptable: though the expedition force was still forbidden from penetrating deep into the rainforest, he tacitly permitted Yuan Bo's other activities in Pahuacoatl. The Roselia expedition had entered an unexpected new chapter - contact between Lizardmen and humans grew ever more frequent, and Yuan Bo seemed to have turned a formidable enemy into a potential ally. But ever since his stay at the Temple of Sotek, calls for war had never ceased\\n\\nBoth Xue Ding and the Sage of War knew well that one of the goals designated by the Dragon Emperor's great scheme was Hesuota, the dwelling place of Mazdamundi\\n'I have crushed countless foreign races in your name. By the Dragon Emperor above, these lizards' ways of thinking are utterly at odds with our own - you must not commit such a base error—'\\n'Xue Ding, mind your station. You are a member of the Council of Four Marquises. Your duty is to carry out my commands, not to second-guess my decisions!'\\n'You know full well the Dragon Emperor's attitude toward these cold-blooded creatures! It was you who told us all this - look at what you're doing now! What comes next? Will you fold these lizards into the Dragon-Kin as well?'\\n'Get out.'\\n'The Dragon Emperor has already pointed out the problem, yet you knowingly persist in error!'\\n'Get out!' Yuan Bo swept the documents from his desk to the floor, his fury barely contained, 'Get out, Xue Ding, before you force me to find another candidate for Left Guardian General'\\nXue Ding returned his glare, and though he mastered his emotions at the last moment, he turned away without so much as a bow to Yu Long, 'This one takes his leave'\\n\\nThe Sage of War glimpsed a fleeting weariness cross Yuan Bo's face, 'Do you too believe this defies the Emperor's mandate, ■■?' Even the Sage of War himself had forgotten that name; the mortal life he had once lived had faded away over a century ago - and since then he had served at Yu Long's side, becoming his most trusted advisor\\n'You know Xue Ding has some measure of a point, Lord Sovereign Steward. The Lizardmen still forbid us from setting foot in Hesuota - at this rate we shall never complete the Dragon Emperor's great scheme. How much time remains before the prophecy of the Vast Heavens comes to pass? How much longer can we wait? Of course I shall support you, Yuan Bo, but I need to understand why you would rather delay the Dragon Emperor's great scheme than go to war'\\n'The End Times, ■■. My father saw the End Times - the defenders of Order exhausting each other's strength in petty conflicts, so that when at last they turn to face the final threat, all resistance proves futile. Father told me everything he and Mother had glimpsed, and then entrusted the execution of the great scheme to me, for he believed I could still make the right choice even knowing the despair of that outcome. The power of Chaos is still in its infancy, but it will in time become a force that devours all - against this we are powerless. Other Dragon-Kin may swagger freely through the court, but I must plan out everything to ensure that dreadful ending does not come to pass as scheduled. I will seek every force that might aid the fight against Chaos, even the agents of the Old Ones. I am already negotiating with the Slann for entry into Hesuota - matters shall soon take a turn'\\nThe Sage of War took his final sip of tea, set down the cup, and gave a gentle nod, 'As you wish, Yu Long. Give the order'\\n'First, go find Xue Ding and bring him back. Tell him he is not to shout in my presence again'	false
cdir_events_dilemma_choice_details_localised_choice_label_wwd_ll_yuanbo_story_conflict_IIFIRST	Continue	false
dilemmas_localised_description_wwd_ll_yuanbo_story_conflict_III	The fragile peace vanished in an instant\\n\\nYuan Bo had led the Astronomical Bureau delegation in negotiations with Lord Mazdamundi over the matter of the star-observing platform for a full marquisate's time now. Under the lord's instruction, the Lizardmen had treated them with great courtesy, and the cold-blooded race's attitude had begun to soften. Then, without warning, Mazdamundi's toad-like eyes snapped wide open, his scaled fingers tracing across the crystal inscriptions, and the entire pyramid complex of Hesuota resonated in response. 'Deceiv...er!' The Skink Priest's guttural roar caused cracks to spread across the honor guard's jade armor, and the temple guards flanking the hall abruptly crossed their obsidian glaives. Yuan Bo glimpsed the very stone tiles beneath the delegation's feet suddenly quake, then rise into the air, crushing jade armor and flesh together, 'How...dare you...defile the ley lines!'\\nWhat happened at Hesuota was not merely a massacre, but a ritual sacrifice - the vast network of ley lines erupted with sudden energy, beast roars echoed one after another, and Lizardmen throughout the entire rainforest launched a simultaneous assault upon the Cathayan army\\n'Stop, Mazdamundi! This is a misunderstanding!' Yuan Bo, seized by fury, transformed into his true dragon form, casting spells with all his might to save his officers' lives\\n'I knew these damned lizards were up to no good, but what in the world is happening?' Xue Ding's forces charged into the great hall, gathering around Yuan Bo, 'The Cathayans must leave the jungle at once!'\\n\\nNo mage could fail to notice the Winds of Magic now radiating from the dragon ships, yet they were all deep within the rainforest by now, and the dockworkers had no way of perceiving this force powerful enough to shake the very cosmos - they continued unloading cargo as usual. The harbor buzzed with noise, drowning out the whispers within the ship's hold\\n'The Face-Painting Cult's prophecy is about to come true - Fu Zhou will become the anchor point of a shattered reality' An Rui Bang raised that strange stone idol - a Relic of the Ancient Sages, a fulcrum of the ley lines - and he could taste the possibilities held within it\\n'All for the Lord of Ten Thousand Changes'	false
cdir_events_dilemma_choice_details_localised_choice_label_wwd_ll_yuanbo_story_conflict_IIIFIRST	Organize a Counterattack - Blood for Blood	false
campaign_payload_ui_details_description_wwd_ll_yuanbo_story_conflict_I_diplomacy	The target faction will grant you [[img:icon_military_access]][[/img]] military access.	false
effect_bundles_localised_title_wwd_ll_yuanbo_story_conflict_III	[[col:red]]Leave the Rainforest![[/col]]	false
cdir_events_dilemma_choice_details_localised_choice_label_wwd_ll_yuanbo_story_conflict_III_badFIRST	Continue	false
dilemmas_localised_description_wwd_ll_yuanbo_story_conflict_III_good	'Fourteen corporals are missing, and we've had to abandon two dragon banners. My lord, everyone standing here is all that made it out of the jungle' The curtain of rain struck against Xue Ding's Buddhist helm, the wrathful vajra visage on his faceguard carrying but a fraction of the killing intent of its wearer, 'This is an insult to the Dragon Emperor! Give the order, my lord, and I shall take that disgusting toad's head myself - blood debts must be paid in blood!'\\n'We must first get Lord Sovereign Steward to safety' the Sage of War removed his mask, that artifact imbued with the power of peaceful harmony now bearing a fractured corner from the Slann's attack, 'Their magic is nothing to be trifled with - we should return to Pahuacoatl and regroup our forces as soon as possible'\\nXue Ding nodded helplessly, 'You're right, but the Grand Admiral is no longer with us - the way back won't be easy to find'\\n'An Rui Bang perished in the attack?' Yuan Bo reached out to catch a falling raindrop, the mirror-bright pool in his palm reflecting the miasma drifting deep within the jungle\\n'...No, my lord. Once you and the delegation entered the inner city, the generals scattered to take up defensive positions, and no one has seen him since'\\nYuan Bo felt the tremor of the Winds of Magic\\n'Find him'	false
campaign_payload_ui_details_description_wwd_ll_story_mission	Press the number key [[col:yellow]]<6>[[/col]] to open the objectives panel and view the mission.	false
dilemmas_localised_description_wwd_ll_yuanbo_story_conflict_IV	The stolen relic has been returned\\n\\n'A...tragic...misunderstanding, Dragon-Kin, I...offer you...my apologies' Mazdamundi writhed upon his pedestal, his bloated body appearing utterly hideous to Yuan Bo, especially after so many Cathayan soldiers had been slaughtered by the Lizardmen. At such close proximity, the killing intent within Yuan Bo's veins only intensified, 'My regards to you, Master. We have both paid a heavy price for this, but it means little compared to the outcome - we both know that'\\n'Yes...the outcome..., the Old Ones, have long..known. I...have long...known...your purpose. We..cannot accept...the warm-blooded races, your...extinction...means nothing to us, but...our plans...converge upon the same end' Mazdamundi's throat vibrated, his murky, indistinct voice had already spoken the very words Yuan Bo most wished to hear\\n'Then, are we in agreement?'\\n'Yes...we are'	false
campaign_payload_ui_details_description_wwd_ll_defender_alliance	The target faction will form a [[img:icon_defensive_alliance]][[/img]] defensive alliance with you.	false
campaign_payload_ui_details_description_mission_wwd_ll_yuanbo_story_conflict_IV	The gates of Hesuota have opened to you	false
cdir_events_dilemma_choice_details_localised_choice_label_wwd_ll_yuanbo_story_conflict_IV_ISECOND	This artifact is enough to offset our losses	false
ancillaries_onscreen_name_wwd_ll_yuanbo_story_shenqi	Relic of the Ancient Sages	true
effect_bundles_localised_title_mission_wwd_ll_yuanbo_story_conflict_IV_II	The Order Front	false
cdir_events_dilemma_choice_details_localised_choice_label_wwd_ll_yuanbo_story_conflict_VIFIRST	Dragon Emperor, bear witness to me!	false
effects_description_wwd_cstg_yin	Bound Skill: [Foremost of Jin Men]	true
unit_abilities_onscreen_name_wwd_cstg_yin	Foremost of Jin Men	false
dilemmas_localised_description_wwd_ll_fina_battle_death_count021_story	Ball after ball of fire burst through the thick dust thrown up by the violent impacts. The Terror Cannons' volleys roared like thunder, tearing down the overburdened walls of Long Men Pass, leaving spiraling smoke in the air like ink dropped into a stream. Amid the ruined walls, blazing fire still danced, the deep scars left by bombardment as astonishing as some vast wound carved into Zhen Dan's very flesh. Ye Jiang Zhou hurried through the scorching heat, the nightmarish scene leaving him dazed. He still remembered vividly the day the decree was proclaimed, the dazzling dragon banners of the Imperial Guard, the armies of the fifteen provinces gathered in full — nearly a million soldiers filling every inch of land as far as the eye could see. That was the first time he truly understood Zhen Dan's might; never had he felt so filled with strength. The Celestial Court's decree had rung out like thunder: Zhen Dan would defend Chang Yuan at any cost, and no one — friend or foe — would be allowed to cross that line.\\nAt the front were the Dragon Guards, then the Jade Braves — corpses piled into small hills beneath the walls, soldier after soldier throwing themselves forward to no avail. The boundary of the mortal world had been torn asunder, and the power of Chaos seemed without end. The defenders had fallen back to the last line, fewer than ten thousand survivors remaining. Ye Jiang Zhou could hear the generals arguing, could see their expressions slowly hardening: both Kui Men and Ao Men passes had fallen in succession, Long Men now stood nearly isolated, and it seemed only annihilation awaited them — first themselves, then all of Zhen Dan. Tears welled up in his eyes; Ye Jiang Zhou thought of his little sister, of his homeland — if everything was destined to be destroyed, what meaning could sacrifice possibly hold?\\n\\nYe Jiang Zhou stood alongside the frontier army's soldiers; they would cover the retreat of the last elite troops from the Three Passes back to Wei Jing. As long as even a shred of strength remained, as long as they had not given up, Zhen Dan's fate was not yet sealed. Ye Jiang Zhou gazed out at the vast enemy host arraying itself for the final assault — this, then, was to be his end.\\n'Soldiers, fight beside me! History will forever remember this day, and Zhen Dan will forever remember our names!' Yes — at the very least, he would die like a hero. The last of the frontier army roared and charged at the horde of demons, like waves striving to slay the sea itself.\\nThe bombardment of the Terror Cannons continued unabated, as though the entire world wailed as one. Waves of all-consuming fire toppled buildings, and the streets boiled with surging flame. Ye Jiang Zhou lay among the corpses; he had never imagined he could cut down those seemingly unshakeable minions of Chaos — how many had he killed? He could no longer recall. Long Men Pass was swallowed by blazing fire, sharp pain seeping into every part of his body, blood and heat rising together into vapor.\\nThen darkness finally fell, and Ye Jiang Zhou felt nothing more.	false
cdir_events_dilemma_choice_details_localised_choice_label_wwd_ll_miaoyin_story_fangwenzi_ISECOND	Do Not Act Rashly	false
cdir_events_dilemma_choice_details_localised_choice_label_wwd_ll_dilemma_battle_of_muyuan_teleFIRST	Teleport the character	false
cdir_events_dilemma_choice_details_localised_choice_label_wwd_ll_dilemma_battle_of_muyuan_teleSECOND	Leave them where they are	false
dilemmas_localised_description_wwd_ll_dilemma_battle_of_yujiang_tele	Congratulations, you have successfully completed the [[col:white]]Battle of the Jade River Delta[[/col]]. This participating army is now yours to command. Would you like this army to remain in place, or be teleported to your faction's capital?	false
cdir_events_dilemma_choice_details_localised_choice_label_wwd_ll_dilemma_battle_of_yujiang_teleSECOND	Leave them where they are	false
dilemmas_localised_description_wwd_ll_dilemma_battle_of_hundunhuangyuan_tele	Congratulations, you have successfully completed [[col:white]]the Battle of the Chaos Wastes[[/col]]. This participating army is now yours to command—do you wish to leave it stationed where it is, or teleport it to your faction's capital?	false
dilemmas_localised_title_wwd_ll_dilemma_battle_of_longmenguan_tele	Teleport	false
cdir_events_dilemma_choice_details_localised_choice_label_wwd_ll_dilemma_battle_of_longmenguan_teleFIRST	Teleport the character	false
cdir_events_dilemma_choice_details_localised_choice_label_wwd_ll_dilemma_battle_of_longmenguan_teleSECOND	Leave them where they are	false
cdir_events_dilemma_choice_details_localised_choice_label_wwd_ll_dilemma_battle_of_lingnan_teleSECOND	Leave them where they are	false
dilemmas_localised_description_wwd_final_back_to_wall	The reports piling upon your desk grow ever more numerous—the End Times draw near, unease grips every heart, and all of Zhen Dan awaits your command. Even those soldiers of Zhen Dan still holding scattered outposts across the wastes stand ready; upon receiving your decree, they will hold their ground without hesitation, facing death without flinching. Some generals believe the northern strongholds are spread too thin, that facing the Everchosen, their strength cannot even ensure their own survival, let alone repel the enemy. Rather than let these soldiers and their defensible strongholds fall into enemy hands, better to decisively withdraw the army within Chang Yuan and scorch the land behind them.	false
cdir_events_dilemma_choice_details_localised_choice_label_wwd_ll_fina_battle_flag_IIFIRST	With the nation in peril, we shall fight to the death!	false
campaign_payload_ui_details_description_wwd_ll_fina_battle_flag_II_step_I	[[col:green]]More elite troops have already rushed to the Three Passes![[/col]]	false
cdir_events_dilemma_choice_details_localised_choice_label_wwd_ll_fina_battle_flag_II_step_IIFIRST	Reinforce Long Men Pass and Ao Men Pass	false
effect_bundles_localised_title_wwd_final_cathay_I	[[col:red]]Chang Yuan War Intensity: Heads Hung High, Bones Bleach at the Watchtower Gate[[/col]]	false
effect_bundles_localised_description_wwd_final_cathay_I	The Chaos offensive has begun, and slaughter without end spreads across Chang Yuan. Casualties among our soldiers now test the very limits of the Celestial Empire's endurance, but thankfully, the able warriors of the fifteen provinces within the pass have all gathered here — Cathay shall use every last ounce of strength to defy annihilation!	false
effect_bundles_localised_title_wwd_final_cathay_II	[[col:red]]Chang Yuan War Intensity: Blood Soaks the Dark Steps, Owls Cry Through the Day[[/col]]	false
effect_bundles_localised_title_wwd_final_cathay_III	[[col:red]]Chang Yuan War Intensity: Mars Watches Over the Wall, Land Severed, Men Turned to Demons[[/col]]	false
effect_bundles_localised_description_wwd_final_cathay_IV	We have been forced to retreat from Long Men — a shameful sacrifice made for the greater good of Cathay. The elite troops of all the dragons now lie buried beneath Chang Yuan, the remnants of the provinces scatter and flee in all directions, offering only scattered resistance. Looking across the realm, you alone now hold the strength to preserve the capital.	false
cdir_events_dilemma_choice_details_localised_choice_label_wwd_ll_fina_battle_flag_II_step_win_fakeFIRST	[[col:yellow]]A Measure of Glory[[/col]]	false
cdir_events_dilemma_choice_details_localised_choice_label_wwd_ll_miaoyin_story_beifa_step_ISECOND	Zhen Dan Still Needs Time to Recover	false
dilemmas_localised_title_wwd_ll_miaoyin_story_beifa_step_II	[[col:white]]Wei Bei Provinces[[/col]] · Gazing North Across the Land	false
dilemmas_localised_description_wwd_ll_miaoyin_story_beifa_step_II	[[img:wwd_seal]][[/img]][[col:white]]By decree of the Raging Gale[[/col]] \\n\\n[[col:white]]Let it be known: [Sky-Defying Sovereign] Yi Qing is hereby appointed Marshal of the Long Men Pass Field Headquarters, commanding the vanguard forces of infantry, cavalry, and naval troops; [Commandant of Long Men] Yi Shao shall serve as Deputy Marshal, and [Moon Immortal] Fang Wen Zi as Army Supervisor — together forming the Long Men Route Army. [Flying General] Li Su is appointed Marshal of the Northwestern Route; [Forgemaster] Qiao Xiao shall serve as Deputy Marshal, with [Ao Men Commander] Li Bi and [Kui Men Pass Commandant] Ge Shu Yi as Army Supervisors — together forming the Ao Men Route Army. These two forces, comprising one hundred and thirty thousand elite soldiers in total, shall form the Northern Campaign Army, advancing along two fronts. Yi Qing's forces shall depart via the Long Kui Road to seize Tie Feng Fortress, drawing out the main strength of Zhargazag's forces; Li Su's forces shall feign an eastward advance, pressing deep into the desert from the Bone Foundry — the two armies shall then converge at the Twelve Linked Mountains and together assault Xue Feng Fortress![[/col]]	false
dilemmas_localised_description_wwd_ll_dilemma_confederate_with_tiantin_stepI	[[col:yellow]]All of Zhen Dan holds its breath. The dragon-kin cast their gaze upon you, and princes and generals bow at your side. The Celestial Court awaits us; the clear mandate of Heaven points to you. Go to the capital — for you have already set forth upon this path.[[/col]]	false
ancillaries_onscreen_name_wwd_dragon_banner	Banner of Three Radiances	true
cdir_events_dilemma_choice_details_localised_choice_label_wwd_ll_dilemma_tiantin_guanliFIRST	Support the Wei Bei Provinces	false
cdir_events_dilemma_choice_details_localised_choice_label_wwd_ll_dilemma_tiantin_guanliSECOND	Support the Wei Xi Provinces	false
cdir_events_dilemma_choice_details_localised_choice_label_wwd_ll_dilemma_tiantin_guanliTHIRD	Support the Jade Court	false
cdir_events_dilemma_choice_details_localised_choice_label_wwd_ll_dilemma_tiantin_guanliFOURTH	Support the Wei Ling Nan Frontier Prefecture	false
cdir_events_dilemma_choice_details_localised_choice_label_wwd_ll_yuanbo_story_tiantin_IFIRST	Observe	false
cdir_events_dilemma_choice_details_localised_choice_label_wwd_ll_yuanbo_story_tiantin_ISECOND	Take Control	false
effect_bundles_localised_description_wwd_ll_yuanbo_story_tiantin_IV	Glory belongs to Wei Jing	true
campaign_payload_ui_details_description_wwd_ll_yuanbo_story_tiantin_ISECOND	The Jade Court officials will attempt to gradually tighten control over the capital, which will stop the [[col:magic]]Capital Overseers[[/col]] events, [[col:white]]triggering instead events for you that gradually strengthen your control over the Heavenly Court[[/col]]	false
campaign_payload_ui_details_description_wwd_ll_yuanbo_story_tiantin_II	The Jade Dragon's grip on the Celestial Court will tighten further.	false
cdir_events_dilemma_choice_details_localised_choice_label_wwd_ll_yuanbo_story_tiantin_IISECOND	Tighten Control	false
cdir_events_dilemma_choice_details_localised_choice_label_wwd_ll_yuanbo_story_tiantin_IIISECOND	Dispatch Troops to Suppress the Rebellion	false
cdir_events_dilemma_choice_details_localised_choice_label_wwd_ll_yuanbo_story_tiantin_III_IFIRST	Disaster Averted	false
cdir_events_dilemma_choice_details_localised_choice_title_wwd_ll_yuanbo_story_tiantin_III_IFIRST	At the very least, it can now be confirmed that Yun Xiang and the others harbored no intent of rebellion	false
effect_bundles_localised_title_wwd_null_keepup	Ample Supplies	false
dilemmas_localised_title_wwd_ll_yunxiang_story_I	[[col:yellow]]Celestial Court[[/col]] · Watching from Across the River	false
dilemmas_localised_description_wwd_ll_yunxiang_story_I	Reporting to the General! Miao Yi has returned bearing the Jade Court's mandate, yet... I fear she has failed the General's trust\\nYu Long has already dispatched his forces to Roselia, and has turned a deaf ear to our tearful plea! Alas! At this very moment when Cathay lies in turmoil and evil spirits run rampant, the Sovereign Steward has abandoned the weighty burden of the Nine Tripods and the trust of the realm's mountains and rivers, fleeing far into the rainforest to chase after some illusory observatory spoken of in a prophecy!\\nNow the rebel army presses upon the capital, the Nine Heavens stand without a master, and all officials tremble in fear! The survival of our realm rests solely upon the General's shoulders!	false
cdir_events_dilemma_choice_details_localised_choice_label_wwd_ll_yunxiang_story_IFIRST	[[col:yellow]]A Great Task... Rests on One's Shoulders[[/col]]	false
cdir_events_dilemma_choice_details_localised_choice_label_wwd_ll_yunxiang_story_IIFIRST	I Regret That I Cannot Comply	false
dilemmas_localised_description_wwd_ll_yunxiang_story_III	Reporting, my lord! The Jade Court's delegation has come knocking at our gates once more, yet this time their banners carry nothing but Yu Long's wrath. He condemns us for monopolizing the Nine Heavens and seizing military authority for ourselves, and has even dispatched the Hong Wu Overseers to raid the Jade Court's estate! Such actions have touched upon his deepest ire. This latest envoy comes bearing Yun Feng Zi's final ultimatum: that we must immediately relinquish authority over the affairs of the Nine Heavens and submit in compromise - or else the Jade Court's armies shall arrive within days, sweeping away this folly from the Dragon Emperor's palace by force of arms!	false
cdir_events_dilemma_choice_details_localised_choice_label_wwd_ll_yunxiang_story_IIISECOND	Attempt Negotiation	false
dilemmas_localised_description_wwd_ll_yunxiang_story_IV	The Dragon Emperor's Palace Guard excel at all manner of tasks, and rooting out treachery is no exception. Their orders were carried out swiftly - within a single day, seventy-six conspirators were exposed and eliminated. Veteran officers of the Heavenly Court and nobles of the Jade Court alike were among them; even ministers of the Nine Chambers and overseers of the Hong Wu Bureau were implicated in this monstrous conspiracy! Yuan Bo's concerns were indeed no idle worry - these very men could truly have overturned the state! The Palace Guard has already gathered irrefutable evidence, and the conspiracy stands exposed! Yet will Yuan Bo readily trust our sincerity? The chief culprit must be brought to justice - the Palace Guard's elite have already slipped from the capital in silence! The blue-robed phantom's days of freedom are numbered! The endgame draws near - either their wretched lackeys will be exposed, or they shall bare their necks before the Palace Guard's blades!	false
cdir_events_dilemma_choice_details_localised_choice_label_wwd_ll_yunxiang_story_IVFIRST	Hunt Down the Culprit	false
dilemmas_localised_title_wwd_ll_yunxiang_story_V	[[col:yellow]]Celestial Court[[/col]] · Mountains and Rivers Broken	false
dilemmas_localised_description_wwd_ll_yunxiang_story_V	The dripping of the dragon-carved bronze water clock rang unnaturally clear in the deathly silence, when the bronze wind-chimes hanging from the eaves suddenly let out a piercing ring. As the last fractured piece of jade fell from Yuan Bo's fingers, the rolling thunderclouds outside the Wen Yuan Pavilion swallowed the last light of the sky at that very moment\\n\\n'Yun Xiang and his faction are declared traitors to the state, effective immediately. All generals of the God-Strategy Bureau stationed abroad are to be brought back under the Jade Court's command at once - any who resist this order shall be executed without pardon.' Yuan Bo's tone remained as steady as ever, but the sword he slammed down shattered the jade paperweight upon his desk, startling the three-legged bronze candlestick into toppling over, molten red wax trailing like blood down the coiled-dragon patterned table. In the shadows cast by the dragon-patterned screen, the candlelight flickered in time with the astronomers' quickened breaths, like a flock of birds growing restless before the storm\\n\\nBeyond the Nine Heavens, the black iron gates of the God-Strategy Bureau slowly ground shut, the creak of the winding capstan resonating with the muffled thunder deep within the clouds. The Golden Qilin banner of the Grand Marshal of Heaven's Strategy snapped and cracked atop the city walls, fine droplets of moisture beading upon the breath-guards of the Imperial Guard's masks - the autumn frost rushed eight hundred li from the Heavenly Lake, and also the metallic tang pressed against the throats of loyal men now turned against one another\\n'Sound the drums!' As the Household Commander's blade severed the command banner, swift horses raced out along all four postal routes of Jing Ji Road at once, raising dust. Along the web-like network of official roads, the clash of iron armor startled the last flock of white doves into flight, the unwitting birds soaring over the assembled Dragon Guard, their feathers still carrying the fresh scent of newly threshed rice	false
cdir_events_dilemma_choice_details_localised_choice_label_wwd_ll_yunxiang_story_VFIRST	[[col:red]]The Second Battle of Wei Jing Begins...[[/col]]	false
campaign_payload_ui_details_description_wwd_ll_dilemma_bianhualing_showup	The desperate Changeling has appeared outside Wei Jing.	false
dilemmas_localised_title_wwd_ll_dilemma_battle_of_lingnan	A Flickering Flame	false
incidents_localised_description_wwd_ll_dilemma_battle_of_lingnan_2	                                             You bear witness to a battle that will be sung of for a thousand years\\n\\n[[col:yellow]]'The sons and daughters of Ling Nan shed blood, never tears'[[/col]]	false
cdir_events_dilemma_choice_details_localised_choice_label_wwd_ll_fina_battleTHIRD	[[img:wwd_celest_buff]][[/img]][[col:yellow]]New End Times Campaign[[/col]]	false
cdir_events_dilemma_choice_details_localised_choice_title_wwd_ll_fina_battleTHIRD	A true apocalypse...\\n\\n[[col:red]]Recommended mode, but note that its difficulty is comparatively high[[/col]]\\n\\nUnder this mode, the system will not forcibly annex your territory on a large scale\\n\\nYou will face Chaos armies far stronger than in normal mode\\n\\nYou will experience some unique story content	false
cdir_events_dilemma_choice_details_localised_choice_label_deer_zhongyan_victory2FIRST	The End\\nFin	false
cdir_events_dilemma_choice_details_localised_choice_title_deer_zhongyan_victory2FIRST	You have completed the End Times campaign content set by Walking with Dragons, leading Cathay through the apocalypse\\nThe story of the Warhammer world continues onward, the forces of Destruction still rage across other regions of the world, and the total war between Order and Destruction still rages on. If you wish, your legend may yet continue\\n\\nThank you for playing!	false
names_name_1021105015	[Grand General of the Right Xiao Wei Guard of Shang Yang] Su Zhuang	false
names_name_1021105014	[Assistant Commander of Fu Zhou] Qi You	false
character_trait_levels_onscreen_name_wwd_trait_haotian_weapon	A Nation's Treasure, Bestowed Upon All	false
character_trait_levels_explanation_text_wwd_trait_shuoshuren	Obtained from: Storyteller	false
dilemmas_localised_description_wwd_ll_eshin13	Snitch's claws scraped fine sparks off the blue bricks. This deadliest of Clan Eshin's assassin lords now hung by its tail-tip from the eaves, its black hood snapping in the wind — this should have been its most enjoyable hour of hunting, yet tonight was steeped in unease.\\n\\nThe missing slave rats could still be blamed on mischance, but now the corpse of the chief Death Runner hung upside-down from a memorial archway, dark red blood dripping from its shattered tail-blade down the wall. The assassin lord curled its tongue around the still-warm blood, its fangs looking especially lethal in the moonlight. The corpse's posture was too precise, like some kind of ceremonial declaration of war.\\n\\n"Ravenfolk? No, no," Snitch sneered, tearing apart a fallen black feather, its claws plowing furrows in the brick wall — those clumsy creatures were like puppets on strings before Clan Three-Rats. The Hong Wu Overseers? The heads of those Zhen Dan spies still hung drying on its trophy rack, their poisoned needles never even drawn. Who, then, could it be? What organization in Zhen Dan had it failed to uncover?\\n\\nRoof tiles trembled faintly deep in the alley shadows, and the assassin lord's slit pupils snapped narrow — eight heartbeats ago there had been nothing there! Snitch slid toward the corner like a specter, skimming across the hip roof, when the moonlight behind it was suddenly blotted out — not by a bird, but by a death-curtain woven of countless black feathers.\\n\\nThe shriek of blades cutting the air came from all directions at once; Snitch twisted its body with a flexibility that defied rodent physiology, its refined steel tail-blade carving streaks of light around itself. Amid the ring of clashing metal, three feathered arrows drove deep into the roof beams, their ink-black fletching still quivering.\\n\\n"Vermin."\\n\\nThe whisper crept over its spine like cold spring water, the voice echoing from every shadow. For the first time, the assassin lord's claws trembled slightly — not from fear, but from fury. It spun and hurled a shuriken; the shadows surged, and moonlight finally revealed the silhouette of the newcomer: a black iron mask carved with feather patterns, a strangely shaped long blade gripped in a claw-like hand.\\n\\n"The Raven Guard sends its regards."	false
cdir_events_dilemma_choice_details_localised_choice_title_wwd_ll_yuanbo_storyFIRST	We need his strength to bind together the fractured Celestial Court — Yuan Bo should return to Zhen Dan and set the imperial court in order once more	false
effect_bundles_localised_title_wwd_ll_yuanbo_story	[[col:red]]Turmoil at Court[[/col]]	false
cdir_events_dilemma_choice_details_localised_choice_label_wwd_final_provisional_capitalSECOND	Nong Chang	false
effect_bundles_localised_title_wwd_final_provisional_capital2	Fortifying the Defenses	false
cdir_events_dilemma_choice_details_localised_choice_label_wwd_final_provisional_capitalFIFTH	Leave It Be	false
cdir_events_dilemma_choice_details_localised_choice_label_wwd_final_provincial_reinforcementsFIRST	Art of War of the Tiger Warriors	false
dilemmas_localised_title_wwd_final_provincial_reinforcements3	The Fierce West Wind Reshapes the Northern Lands	false
dilemmas_localised_title_wwd_ll_dilemma_changyuan_change2	Reclaim Chang Yuan	false
cdir_events_dilemma_choice_details_localised_choice_label_wwd_ll_dilemma_changyuan_change2SECOND	Take it over myself	false
cdir_events_dilemma_choice_details_localised_choice_title_wwd_ll_dilemma_changyuan_change2SECOND	The frontier army has failed in its duty. If they cannot hold Chang Yuan, then I shall hold it myself	false
dilemmas_localised_description_wwd_ll_dilemma_changyuan_change3	My lord, our forces have successfully seized one of the three passes of [[sl:campaign_great_bastion]]Chang Yuan[[/sl]]. The frontier soldiers are deeply grateful. Should we return command of the pass to them, or should we administer it ourselves?	false
effect_bundles_localised_description_wwd_final_provincial_reinforcements3_1	The mercenaries and adventurers have brought out their finest skills... and their treasures.	false
effect_bundles_localised_description_wwd_final_provincial_reinforcements3_2	Zhao Ming has long been devoted to studying the technology of the Old World, seeking to create equipment to rival the divine weapons of Kun Lan - and it appears his efforts have borne fruit.	false
effect_bundles_localised_title_wwd_final_provincial_reinforcements4_1	Astronomical Bureau Decree	false
effect_bundles_localised_description_wwd_final_provincial_reinforcements4_1	The Astronomical Officers of the Jade Court have all gathered - let the Winds of Magic howl.	false
dilemmas_localised_description_wwd_ll_miaoying_story	The Prince of Nan Yang's rebellion was a golden opportunity for Miao Ying. The nobility of the outer provinces had grown estranged, and the great clans held their fiefs in defiance of one another, their grudges tangled and deep. They swore solemn oaths of loyalty to the Governor-Marshal, yet did not hesitate to openly challenge her authority whenever their own interests were threatened. \\n\\nThe [Lord of Raging Gale] was not as cold as she appeared; the wounds this internal strife inflicted grieved her deeply. But an endless life and endless duty had long since taught her to treat the beings of this world as mere counterweights on a scale. The prolonged rebellion allowed Miao Ying to use harsher methods to separate friend from foe, and the surviving clans now understood clearly: the interests of Zhen Dan were not a bargaining chip to wager against the Raging Gale. In the provinces of Wei Bei, one either played by Miao Ying's rules, or was cast aside as a sacrifice. The [Lord of Raging Gale] urgently needed to bind the northern provinces into a single unbreakable cord. As the situation in Zhen Dan grew ever more turbulent, she no longer had the time or patience for mortal games of political maneuvering. A vast army gathered beneath the black-and-white dragon banner\\nHeavens above, hear her roar.	false
cdir_events_dilemma_choice_details_localised_choice_title_wwd_ll_miaoying_storyFIRST	Time waits for no one - Miao Ying needs a victory to suppress those lords who still harbor ulterior motives. The Raging Gale's army will set out from Long Men Pass, and the northern campaign is about to begin	false
cdir_events_dilemma_choice_details_localised_choice_label_wwd_ll_miaoying_story2_2FIRST	The wheels roll ever onward...	false
cdir_events_dilemma_choice_details_localised_choice_label_wwd_west_buffFIRST	Authority Over Wei Xi	false
effect_bundles_localised_title_wwd_north_buff	[[col:white]]Unification of the Wei Bei Provinces[[/col]]	false
effect_bundles_localised_title_wwd_south_buff	[[col:white]]Unification of the Ling Nan Commanderies[[/col]]	false
dilemmas_localised_title_wwd_east_buff	Unify the Lords of He Dong	false
dilemmas_localised_description_wwd_north_buff	Through a series of schemes and conquests, the Wei Bei Provinces have been brought fully under our control\\n\\nThis region includes the following [[url:script_link_campaign_provinces]]provinces[[/url]]:\\n[[url:script_link_campaign_provinces]]Sulfur Road[[/url]]\\n[[url:script_link_campaign_provinces]]Yan Bin Plain\\n\\n[[col:white]]A special bonus will be applied to your faction, but this bonus will be lost if you lose full control of the region, until you retake it[[/col]]	false
cdir_events_dilemma_choice_details_localised_choice_label_wwd_north_buffFIRST	Authority Over the Northern Frontier	false
cdir_events_dilemma_choice_details_localised_choice_label_wwd_act_oneFIRST	Phase Begins	false
cdir_events_dilemma_choice_details_localised_choice_label_wwd_act_twoFIRST	Phase Begins	false
cdir_events_dilemma_choice_details_localised_choice_label_wwd_act_threeFIRST	Phase Begins	false
effect_bundles_localised_title_wwd_act_three_debuff	[[col:red]]Crisis · End Times[[/col]]	false
effect_bundles_localised_title_wwd_act_two_e	Ties Across the Four Seas	false
effect_bundles_localised_description_wwd_act_two_c	[[col:white]]Focus on Livelihood Development[[/col]]\\n\\n[[img:wwd_center_buff]][[/img]][[col:green]]Central[[/col]]\\nYuan Bo's jade ruler measures the Nine Provinces, and waves of rice ripple like a sea of molten gold — the very word 'famine' has grown dusty with disuse here.	false
effect_bundles_localised_title_wwd_act_three_n	Frontier Army Organization	false
effect_bundles_localised_description_wwd_act_three_s	[[col:white]]Entrust the Southern Army[[/col]]\\n\\n[[img:wwd_south_buff]][[/img]][[col:red]]Ling Nan[[/col]]\\nOwing to the special nature of the tributary prefectures, the proportion of martial monks, Tigermen, and Simians among Cathay's southern armies is exceptionally high — it must have taken Zhu Long no small effort to forge such a force into sincere cooperation.	false
effect_bundles_localised_title_wwd_act_three_s	Consolidated Irregulars	false
effect_bundles_localised_title_wwd_act_three_c	Carving the Dragon's Eyes	false
dilemmas_localised_description_wwd_act_three_buff	Having successfully completed the stage missions of the previous act, Zhen Dan has glimpsed opportunity amid crisis. You may choose one of the following effects as your reward\\n\\n[[img:icon_contract_points]][[/img]][[col:green]]By completing crisis missions, you will gain the chance to select special rewards at the conclusion of Acts Two, Three, and Four — these bonuses may reshape your playstyle and accompany you throughout your entire campaign[[/col]]	false
cdir_events_dilemma_choice_details_localised_choice_label_wwd_act_three_buffSECOND	Reliance on Mercenaries	false
cdir_events_dilemma_choice_details_localised_choice_label_wwd_act_three_buffTHIRD	Naval Drills	false
effects_description_wwd_act_three_n	Skill: Frontier army units gain [Frontier Army Organization]	true
unit_abilities_onscreen_name_wwd_act_three_w	Reliance on Mercenaries	true
unit_abilities_onscreen_name_wwd_act_three_e	Naval Drills	true
dilemmas_localised_title_wwd_act_fourth_buff	[[col:yellow]]Milestone · Act Four[[/col]]	false
dilemmas_localised_description_wwd_act_fourth_buff	Having successfully completed the stage missions of the previous act, Zhen Dan has glimpsed opportunity amid crisis. You may choose one of the following effects as your reward\\n\\n[[img:icon_contract_points]][[/img]][[col:green]]By completing crisis missions, you will gain the chance to select special rewards at the conclusion of Acts Two, Three, and Four — these bonuses may reshape your playstyle and accompany you throughout your entire campaign[[/col]]	false
effect_bundles_localised_title_wwd_act_fourth_c	Gift of the Vast Heavens	false
cdir_events_dilemma_choice_details_localised_choice_label_dilemma_wwd_mikeSECOND	Scout the Enemy's Position	false
effect_bundles_localised_title_dilemma_wwd_mike1	Arrest and Trial	false
effect_bundles_localised_title_dilemma_wwd_mike2	Investigate Enemy Intelligence	false
dilemmas_localised_title_wwd_ll_miaoyin_story_bastion	[[col:white]]Wei Bei Provinces[[/col]] · Reclaiming Chang Yuan	false
dilemmas_localised_title_wwd_ll_miaoyin_story_bastion_revival_II	[[col:white]]Wei Bei Provinces[[/col]] · Chang Yuan Revival	false
dilemmas_localised_title_wwd_ll_miaoyin_story_bastion_revival_III	[[col:white]]Wei Bei Provinces[[/col]] · Chang Yuan Revival	false
dilemmas_localised_title_wwd_ll_miaoyin_story_wujiangfang_I	[[col:white]]Wei Bei Provinces[[/col]] · Nan Gau Artisans' Guild	false
dilemmas_localised_description_wwd_ll_miaoyin_story_wujiangfang_I	The vast majority of Zhen Dan's firearms are forged in Nan Gau under decree of the Dragon Emperor. This renowned city of haze churns out weapons of every shape and scale, day and night without rest. The Nine Sovereigns of Nan Gau command countless technologies beyond imagining, sustaining the ceaseless war upon the Great Bastion with an endless stream of new inventions. As Nan Gau develops further, the Martial Artisans' Workshop stands ready to offer you a new refinement.\\n\\n[[col:yellow]][[img:icon_schematics]][[/img]]Martial Artisans' Workshop technologies can be unlocked by upgrading Nan Gau's settlement tier.[[/col]]\\n\\n[[col:yellow]][[img:icon_schematics]][[/img]]Martial Artisans' Workshop technologies are exclusive to the Miao Ying faction. After choosing a technology path, you will receive an additional mission; completing it will further refine the chosen technology.[[/col]]	false
effect_bundles_localised_description_wwd_ll_miaoyin_story_wujiangfang_I_1	[[img:wwd_north_buff]][[/img]][[col:yellow]]Martial Artisans' Workshop Production[[/col]]\\n"Have you ever seen a formation of soldiers wielding matchlocks fire in unison? Oh, you won't forget it..."\\n\\n[[col:green]][[img:icon_schematics]][[/img]]This technology can be improved upon completing a mission[[/col]]	false
effect_bundles_localised_title_wwd_ll_miaoyin_story_wujiangfang_I_1	Refined Handguns	false
effect_bundles_localised_title_wwd_ll_miaoyin_story_wujiangfang_I_4	Improved Sky Junks	false
cdir_events_dilemma_choice_details_localised_choice_label_wwd_ll_miaoyin_story_wujiangfang_ISECOND	Colossal Cannons	false
cdir_events_dilemma_choice_details_localised_choice_label_wwd_ll_miaoyin_story_wujiangfang_IISECOND	Colossal Cannons	false
cdir_events_dilemma_choice_details_localised_choice_label_wwd_ll_miaoyin_story_wujiangfang_IITHIRD	Fine Steel Crossbows	false
effect_bundles_localised_title_wwd_ll_miaoyin_story_wujiangfang_III_3	Fine Steel Crossbows III	false
effect_bundles_localised_description_wwd_ll_miaoyin_story_wujiangfang_III_4	[[img:wwd_north_buff]][[/img]][[col:yellow]]Martial Artisans' Workshop Production[[/col]]\\n"Even from the Fallen Hearts, our sky-blackening fleet can be seen! You see that? We're the best there is!"\\n\\n[[col:green]][[img:icon_schematics]][[/img]]This technology can be improved upon completing a mission[[/col]]	false
effect_bundles_localised_description_wwd_ll_miaoyin_story_wujiangfang_III_1_2	[[img:wwd_north_buff]][[/img]][[col:yellow]]Martial Artisans' Workshop Production[[/col]]\\n"Have you ever seen a formation of soldiers wielding matchlocks fire in unison? Oh, you won't forget it..."	false
effect_bundles_localised_title_wwd_ll_miaoyin_story_wujiangfang_I_2_2	Colossal Cannons · Advanced Technique	false
effect_bundles_localised_title_wwd_ll_miaoyin_story_wujiangfang_I_3_2	Fine Steel Crossbows · Advanced Technique	false
effect_bundles_localised_title_wwd_ll_miaoyin_story_wujiangfang_III_3_2	Fine Steel Crossbows III · Perfected Technique	false
dilemmas_localised_title_wwd_ll_miaoyin_story_bastion_revival_reward_II	[[col:white]]Chang Yuan Revival · Stage II[[/col]]	false
cdir_events_dilemma_choice_details_localised_choice_label_wwd_ll_yuanbo_story_conflict_IFIRST	Begin Contact	false
campaign_payload_ui_details_description_wwd_ll_yuanbo_story_conflict_I_attack	[[col:red]]Come, prepare for battle![[/col]]	false
cdir_events_dilemma_choice_details_localised_choice_label_wwd_ll_yuanbo_story_conflict_IVFIRST	Continue	false
effect_bundles_localised_description_mission_wwd_ll_yuanbo_story_conflict_IV	There are no eternal friends, nor eternal enemies.	false
effect_bundles_localised_title_mission_wwd_ll_yuanbo_story_conflict_IV	The Enemy of My Enemy	false
dilemmas_localised_description_wwd_ll_yuanbo_story_conflict_IV_I	An Rui Bang clutched the Old Ones' relic even unto death, dreaming that this artifact might win him the favor of the Lord of Ten Thousand Changes, never expecting the blade at his throat to come so swiftly. The cold gleam arrived before any divine revelation - Yuan Bo's Dragon's Fang blade carved a crimson arc through the curtain of rain, severed fingers falling into the mud alongside the idol. Yu Long picked up this cursed source that had cost seven thousand young men their lives, the tremor passing through his palm as though touching the afterglow of ancient stars themselves. This inch-tall idol appeared light, yet in this moment felt as heavy as the Five Elements Compass of Wei Jing. Some power transcending time and space surged through its golden patterns - a might to rival the Dragon Emperor himself	true
campaign_payload_ui_details_description_mission_wwd_ll_yuanbo_story_conflict_IV_I	[[col:red]]The Relic of the Ancient Sages will be returned[[/col]]	false
ancillaries_colour_text_wwd_ll_yuanbo_story_shenqi	A mysterious statue brimming with the power of the Winds of Magic, a vessel meant to hold the boundless power of the ancient sages. It once stood upon the temple of Hesuota as the anchor point of a vast spiritual web.	true
dilemmas_localised_description_wwd_ll_yuanbo_story_conflict_VI	The earth trembled, and the ley lines of Roselia opened their vertical pupils - golden threads pierced through the jungle miasma, running through the star-track locks of the last serpentine-patterned observatory, and the power of the Winds of Magic surged forth from the bronze trigram gears, the trail of magic threading through the sky like veins, converging at last upon the dome of the Heavenly Court. The heartbeat of the continent of Roselia contracted within Yuan Bo's grasp into the roar of the Five Elements Compass - Yu Long had succeeded\\n\\nBut the tremor of the ley lines had already echoed throughout all Roselia. The Plague clans crowned the jungle with festering, foul-smelling sores, and the poisonous smoke of the censer monks billowed up through the cracks in the ley lines. Tens of thousands of rat-kin gathered at the foot of the Hesuota pyramids into a writhing, foul-smelling tide, and ruin arrived right on schedule\\nOutside the temple city, the whistles of Saurus scouts pierced through the poisonous fog, and the venom-tipped blowdarts of the red-crested warriors poured down like a sudden downpour. The priests' incantations exploded across the battlefield, and the radiance of the Solar Engine melted the blasphemous machines into molten iron sludge. The Jade Warriors have gathered for you, and your generals are eager for battle - go now, Yuan Bo, and let the heavens receive the turning of fate!	false
unit_abilities_tooltip_text_wwd_cstg_yin	"So when exactly are you going to be the foremost of Jin Men?"\\n"Today!"	false
dilemmas_localised_description_wwd_ll_fina_battle_death_count02_story	Ball after ball of fire burst through the thick dust thrown up by the violent impacts. The Terror Cannons' volleys roared like thunder, tearing down the overburdened walls of Fallen Hearts, leaving spiraling smoke in the air like ink dropped into a stream. Amid the ruined walls, blazing fire still danced, the deep scars left by bombardment as astonishing as some vast wound carved into Zhen Dan's very flesh. Ye Jiang Zhou hurried through the scorching heat, the nightmarish scene leaving him dazed. Fallen Hearts was the fourth stronghold of the north — after the retreat from Chang Yuan, the surviving forces from both the Dragon and Ao Passes had fallen straight back to this place, the final gateway to the east and Wei Jing. The Celestial Court had deployed countless forces to preserve this place, even including a company of the Imperial Guard who had held the capital's gates. This place should have been unshakeable, yet now its gates had collapsed just as Chang Yuan's had.\\nYe Jiang Zhou and the other militia levies made their final stand in the square, but it was all in vain. Since the withdrawal from Chang Yuan, he had sharpened his spear day and night, hoping to drive that keen blade through Zhen Dan's enemies — but the spear snapped against the iron armor of a Chaos Champion. The levies' arms were as flimsy as cicada wings, their well-trained bodies snapping like thread before the great axes; life meant nothing here, merely fine grains of sand trickling through the hourglass counting down to slaughter. The tide of collapse broke in an instant, the survivors' line crumbling in a heartbeat. Ye Jiang Zhou was knocked down by the fleeing crowd, blood and mud smeared across his cheek. He groped helplessly through a crimson mist of blood, only to be met with a violent blow to the chest — the sneer of a Chaos minion cutting through the ringing in his ears, the sound of a great axe splitting the air stabbing straight at his heart, tears blurring the mottled scene before his eyes. Ye Jiang Zhou had imagined countless times how he might die on the battlefield — he had thought that dying like a hero, giving his life for his country, must surely mean something, that he'd think of home before death, think of his little sister, and pass peacefully — but now his mind was blank, and he felt only that his death meant nothing at all.\\nBut the death he expected never came. A massive body crashed to the ground with a thunderous crash, its head — eyes still glaring in fury — rolling to rest by Ye Jiang Zhou's hand. A golden figure stood before him, a crimson-tasseled crest fluttering fittingly amid the bloody mist.\\n'Mortal, head east with the others, straight to Wei Jing. I'll take over the rest of this battle.'	false
cdir_events_dilemma_choice_details_localised_choice_label_wwd_ll_fina_battle_death_count02_storyFIRST	Your choice has borne its consequences	false
dilemmas_localised_title_wwd_ll_fina_battle_death_count021_story	Sworn to Never Retreat	false
cdir_events_dilemma_choice_details_localised_choice_label_wwd_ll_fina_battle_death_count021_storyFIRST	Your choice has borne its consequences	false
cdir_events_dilemma_choice_details_localised_choice_label_wwd_ll_miaoyin_story_fangwenzi_IFIRST	The Campaign Continues	false
cdir_events_dilemma_choice_details_localised_choice_title_wwd_ll_miaoyin_story_fangwenzi_IIIFIRST	No, I will not leave him to face death alone!	false
dilemmas_localised_title_wwd_ll_dilemma_battle_of_yujiang_tele	Teleport	false
cdir_events_dilemma_choice_details_localised_choice_label_wwd_ll_dilemma_battle_of_yujiang_teleFIRST	Teleport the character	false
dilemmas_localised_title_wwd_ll_dilemma_battle_of_hundunhuangyuan_tele	Teleport	false
cdir_events_dilemma_choice_details_localised_choice_label_wwd_ll_dilemma_battle_of_hundunhuangyuan_teleSECOND	Leave them where they are	false
cdir_events_dilemma_choice_details_localised_choice_label_wwd_ll_dilemma_battle_of_lingnan_teleFIRST	Teleport the character	false
cdir_events_dilemma_choice_details_localised_choice_label_wwd_final_back_to_wallSECOND	Refuse	false
campaign_payload_ui_details_description_wwd_final_back_to_wall	[[col:green]]Cathayan armies in the wilderness will withdraw with their supplies to Chang Yuan for a joint defense, while scattered strongholds will be razed to prevent them from falling into Chaos's hands[[/col]]	false
cdir_events_dilemma_choice_details_localised_choice_label_wwd_ll_fina_battle_flag_II_step_IFIRST	Every man has a duty!	false
cdir_events_dilemma_choice_details_localised_choice_label_wwd_ll_fina_battle_flag_II_step_IITHIRD	Reinforce Ao Men Pass and Kui Men Pass	false
cdir_events_dilemma_choice_details_localised_choice_label_wwd_ll_fina_battle_flag_II_step_IVFIRST	Rush to the Capital Region	false
effect_bundles_localised_title_wwd_final_cathay_IV	[[col:red]]The Fall of Chang Yuan	false
campaign_payload_ui_details_description_wwd_ll_fina_battle_death_count02_story	[[col:green]]Tens of thousands of soldiers managed to retreat to Wei Jing, but a great many Chaos forces followed close behind[[/col]]	false
dilemmas_localised_title_wwd_ll_miaoyin_story_beifa_step_I	[[col:white]]Wei Bei Provinces[[/col]] · Gazing North Across the Land	false
dilemmas_localised_description_wwd_ll_miaoyin_story_beifa_step_I	When Mars encroaches upon the Heart constellation, it portends chaos among the barbarian tribes. Since the Dragon Emperor withdrew into seclusion in the Celestial Pavilion, the northern ramparts of Zhen Dan have been split into three camps by the tribes of Chaos, who year after year water their horses at the jade streams and, season after season, draw their bows toward Long Men Pass. For seventy-two years the beacon fires of the Great Bastion have known no rest; seven or eight in ten frontier soldiers have left their bones upon those lands. All able-bodied men across the fifteen circuits within the pass have been conscripted into the ranks, and the grain stores of the Great Granary have melted away like snow poured with boiling water.\\n\\nYet your servant has received word from the frontier: the Great Khan of the northern desert has died suddenly within his golden yurt, and the nine-tailed white banner has snapped in the somber wind. The various khans of the steppe now contend across the boundless plain, blood flowing enough to float a boat, vultures blotting out the sky. In ages past, when the sons of Kurgan warred amongst themselves, the Celestial Dynasty reclaimed Dong Feng; when the Huo tribe split into eastern and western khanates, the frontier army seized Ge Nan. \\n\\nIn ages past, the New Marquis of Wu once swept across the desert unchallenged, and Yi Huan sealed his triumph at Lang Ju Xu — both feats achieved by seizing the moment of the northern barbarians' internal strife. Now the northern desert descends into chaos, wolves gnawing upon their own bones — truly, this is a gift from the Heavens for Zhen Dan to wash away its shame. Should we wait for a new khan to rise, I fear the beacon fires of the Great Bastion may yet burn for another hundred years!	false
dilemmas_localised_title_wwd_ll_dilemma_confederate_with_tiantin_stepII	[[col:yellow]]Edict from the Heavenly Court[[/col]]	false
dilemmas_localised_title_wwd_ll_dilemma_confederate_with_tiantin_stepI	[[col:yellow]]The Upper Capital[[/col]]	false
campaign_payload_ui_details_description_wwd_ll_dilemma_confederate_with_tiantin_stepI	[[col:green]]Move your faction's Lord to Wei Jing to receive their investiture[[/col]]	false
ancillaries_colour_text_wwd_dragon_banner	Wherever Cathay's mountains and rivers reach, wherever the Dragon Banner points, those who defy it shall be judged as defying Heaven itself!	true
dilemmas_localised_title_wwd_ll_dilemma_tiantin_guanli	The Heavenly Gate Command	false
dilemmas_localised_description_wwd_ll_dilemma_tiantin_guanli	Wei Jing, the pearl atop the Celestial Court's crown, seat of the Five Elements Compass, and the Dragon Emperor's palace in the mortal realm. Before the halls of the Six Ministries, vermilion robes and caps gather like clouds; every crisp click of ivory tablets in the Three Departments' towers sends tremors through the lifeblood of the fifteen circuits sheltered within the passes. Beyond the Heavenly Gate, dust never settles along the seventy-two post roads for a full year; the capital's envoys travel ceaselessly between the courts, just as the Celestial Court's grip on its territories never slackens.\\n\\nBeneath the ninefold heavenly gates, all officials heed the command.\\n\\n[[img:wwd_celest_buff]][[/img]][[col:yellow]]As the current de facto ruler of the Celestial Court, you may use the Celestial Court Council mechanic to provide aid to a designated province.[[/col]]\\n[[img:wwd_moon_buff]][[/img]][[col:yellow]]If the province you choose to support has already fallen or been confederated, you will instead receive a unique unit from that province in your capital.[[/col]]	false
effect_bundles_localised_title_wwd_reinforcements	Legends Answer the Call	false
effect_bundles_localised_description_wwd_reinforcements	This army has been tempered in the fires of an epic battle—its name shall be remembered for a thousand generations!	false
dilemmas_localised_description_wwd_ll_yuanbo_story_tiantin_I	Reporting to Lord Yu Long, [Master of Clarity and Emptiness] Jiang Wang has sent word from Shang Wu: since your departure, the officials of the Heavenly Court have grown restless, and Yun Xiang's renown among the military now even surpasses your own. The sons of men fail to recognize their proper place, believing that with you away from the capital, they may act as they please - such overreach!\\nThe Jade Court must make its position known on this matter. The envoy shall return to the capital of the Heavenly Dynasty bearing the name of Yun Feng Zi, and your will shall be conveyed to every corner of the City of Miracles!	false
cdir_events_dilemma_choice_details_localised_choice_title_wwd_ll_yuanbo_story_tiantin_ISECOND	The advisors of the Jade Court will become an extension of my own hands — all shall fall under my control, the Celestial Court included	false
effect_bundles_localised_description_wwd_ll_yuanbo_story_tiantin_I	[[col:white]]The Celestial Court's control will shift constantly amid the game of power. When Yuan Bo occupies Wei Jing, this value will reach[[/col]][[col:yellow]]100%[[/col]]; [[col:white]]but for Yun Xiang, this figure will only reach[[/col]][[/col]][[col:yellow]]100%[[/col]] once the Jade Court is annexed or destroyed	true
cdir_events_dilemma_choice_details_localised_choice_label_wwd_ll_yuanbo_story_tiantin_IIIFIRST	Watch and Wait	false
cdir_events_dilemma_choice_details_localised_choice_title_wwd_ll_yuanbo_story_tiantin_IIIFIRST	This matter is of great consequence — until the truth is confirmed, the God-Strategy Bureau must not be dealt with rashly	false
cdir_events_dilemma_choice_details_localised_choice_title_wwd_ll_yuanbo_story_tiantin_IIISECOND	If this proves true, then they have already committed the crime of treason, and the punishment owed to them shall surely follow	false
cdir_events_dilemma_choice_details_localised_choice_label_wwd_ll_yuanbo_story_tiantin_III_IIFIRST	[[col:red]]The Second Battle of Wei Jing Begins...[[/col]]	false
effect_bundles_localised_description_wwd_null_keepup	This army carries ample supplies, so you need not bear its upkeep for now—for now...	false
dilemmas_localised_description_wwd_ll_yunxiang_story_II	Utterly absurd! My lord, see it clearly! The Jade Court's delegation has brazenly arrived at the Nine Heavens, seeking to conduct court affairs in place of the officials!\\nWhile the Nine Heavens teetered on the brink of ruin, they stood idly by and watched the crisis unfold; now, under the pretense of regency, they seek to seize power outright! Old officials of the Jade Court like Qing Shao wag their tails and curry favor shamelessly, yet the loyal and virtuous of the Heavenly Court, moved by the General's heaven-supporting, sea-bridging grace, look to none but you as their leader, vowing to defend the independence of the Nine Heavens!\\nHow can this resplendent sacred palace tolerate the Jade Court placing itself above the Emperor's authority? Yuan Bo once cast aside the realm's mountains and rivers like worn-out sandals, and now that the great chaos has just settled, he seeks to seize the reins of power over all under heaven - this is truly a deception against heaven and earth, and even among the provinces, other Dragon-Kin have voiced their discontent! At such a time, how can we possibly bow our heads in submission and allow him to run rampant?	false
cdir_events_dilemma_choice_details_localised_choice_label_wwd_ll_yunxiang_story_IIIFIRST	Muster the Army for War	false
campaign_payload_ui_details_description_wwd_ll_yunxiang_story_I	Yuan Bo has already set out on his expedition; you and the other Dragon-Kin must face the near-collapse within Cathay's borders alone!	false
names_name_98742434	[Master of the Secret Sect] Wu Wang	true
names_name_98742435	[Dark Mandarin Duck] Zhu Chen	true
effect_bundles_localised_title_wwd_dragon_buff	Dragon Vein Pivot	false
effect_bundles_localised_description_wwd_dragon_buff	Where the lifeblood of the Celestial Empire resides — when a region is held by a certain faction, the Dragon Emperor's blessing shall descend upon it.	false
dilemmas_localised_title_wwd_ll_dilemma_battle_of_muyuan_hancheng_chetui	A Rout Like a Collapsing Mountain	false
dilemmas_localised_description_wwd_ll_dilemma_battle_of_muyuan_hancheng_chetui	Han Cheng's elite forces have been reduced to charred ash beneath the sky junks' scorching flames; the last trump card of his struggle against the Celestial Court has turned to cinders scattered by the wind across the burnt earth\\n\\nThe Clan Princess's army pursues relentlessly, and the remaining rebels still grip their broken blades, blood seeping through the gaps in their armor pooling into a dark red river on the ground. Bodies torn and bloodied form a human wall, shielding at its center the leader once hailed as the 'Sword Immortal'	false
cdir_events_dilemma_choice_details_localised_choice_label_wwd_ll_dilemma_battle_of_muyuan_hancheng_chetuiFIRST	The Prince of Nan Yang has left the Fallen Hearts	false
cdir_events_dilemma_choice_details_localised_choice_label_wwd_ll_dilemma_battle_of_muyuan_hancheng_chetuiSECOND	The Prince of Nan Yang has withdrawn the Fallen Hearts	false
dilemmas_localised_title_wwd_ll_dilemma_battle_of_yujiang_win	Prairie Fire	false
dilemmas_localised_description_wwd_ll_dilemma_battle_of_yujiang_win	The churning waves carried Lokhir past his own routed forces—an unforeseen and utter defeat had shattered his once-flawless strategic vision, for the righteous army's conviction proved far more resilient than his calculations had accounted for. As the battle turned against him, he hastily recalled the vast fleet stationed on the Jade Sea to pin down the Ming Long, only for even worse news to follow, enough to break his resolve: the dragon fleet clung to the Dark Elf fleet like a malignant growth, refusing to let go. If he wished to use his fleet to steady his position, he would have to face that dragon-woman's boundless fury in the coming clash directly.\\n\\nAs the horns of victory sounded from the land battle, the balance upon the azure seas shifted as well—[Wave-Calming Grand Admiral] Qi Yan's fleet finally returned to coastal waters. Joining forces with the righteous army in a pincer movement, they broke the blockade of Fu Zhou's harbor with thunderous force. The imperial guard of the Ming Long court has returned, and the reckoning against the Fallen Heart has only just begun.	false
cdir_events_dilemma_choice_details_localised_choice_label_wwd_ll_dilemma_battle_of_yujiang_winFIRST	The wheels roll ever onward...	false
campaign_payload_ui_details_description_wwd_ll_dilemma_battle_of_yujiang_win	Qi Yan, one of the three Grand Admirals of the Dragon Fleet, has landed his fleet at Fu Zhou.	false
dilemmas_localised_title_wwd_ll_dilemma_battle_of_yujiang_lost	Ten Days at Fu Zhou	false
dilemmas_localised_description_wwd_ll_dilemma_battle_of_yujiang_lost	Refugees from He Dong stumbled forth, spreading news so grim it left all of Zhen Dan breathless—the triumphantly advancing uprising had marched straight into a deadly trap laid by the 'Fallen Heart.' Tens of thousands of righteous soldiers bled out upon the mudflats of the Qian Mai landing site, slaughtered to the last man beneath the executioner's blade.\\n\\nThe spark of resistance now flickers uncertainly as the invaders rampage unchecked: upon the vast sea, more Black Arks have sailed forth to encircle the dragon fleet in an iron ring; upon solid ground, scattered resistance has been swept aside like dry kindling before the dark legions. The invaders marched straight across the Blue River, unleashing an inhuman massacre upon the city of Fu Zhou. The slaughter lasted a full ten days, and this once-glorious maritime capital now lies utterly lifeless.	false
cdir_events_dilemma_choice_details_localised_choice_label_wwd_ll_dilemma_battle_of_yujiang_lostFIRST	The wheels roll ever onward...	false
campaign_payload_ui_details_description_wwd_ll_dilemma_battle_of_yujiang_lost	The city of Fu Zhou has been burned to the ground by the Dark Elves.	false
dilemmas_localised_title_wwd_ll_dilemma_battle_of_muyuan_hancheng_chetui_I	Never Returning Home	false
dilemmas_localised_description_wwd_ll_dilemma_battle_of_muyuan_hancheng_chetui_I	The despondent Prince of Nan Yang turned away outside the walls of the Fallen Hearts' city, unwilling despite a thousand regrets to face again the homeland he had twice betrayed. The defenders of the Fallen Hearts took down the banners atop the walls; save for the troops needed to maintain order, all others marched south with Han Cheng to continue the fight against the dragon lords in the mountains, while the city itself—now utterly incapable of resistance—would surrender to the Raging Gale. The creak of the homeland's gates echoed through the valley; Han Cheng's blade would not bend, and there was no turning back now. He could betray the Celestial Court, he could betray himself, but he could no longer betray the people who had always looked to him for protection	false
cdir_events_dilemma_choice_details_localised_choice_label_wwd_ll_dilemma_battle_of_muyuan_hancheng_chetui_IFIRST	Continue	false
campaign_payload_ui_details_description_wwd_ll_dilemma_battle_of_muyuan_hancheng_chetui_I	The main defense force of the Fallen Hearts has followed Han Cheng in a shift to fighting in the southern mountains.	false
dilemmas_localised_title_wwd_ll_dilemma_battle_of_muyuan_hancheng_chetui_II	Facing Hardship Together	false
dilemmas_localised_description_wwd_ll_dilemma_battle_of_muyuan_hancheng_chetui_II	Clutching a half-torn, blood-stained map of the Fallen Hearts' city, the Prince of Nan Yang, Han Cheng, sat slumped in his tent. Ever since the day he raised his banner under the title 'Prince of Nan Yang,' the cooking smoke rising from the alleys of the city had been bound to his fate. Should he lead his army back into the city now, the wrath of the Raging Gale would surely burn through his hometown's rammed-earth walls—only by severing his own ties to the city might the innocent within have any chance of survival. Han Cheng gripped his command banner tightly when the tent flap was suddenly thrown open by the northern wind, revealing Qing Bao Daoist already seated before his desk\\n\\n『Has the King of Nan Yang not yet seen enough of the dragons' cruelty?』\\n\\nHan Cheng's throat tightened, his nails digging into his palms. He knew all too well the Raging Gale's ruthlessness—how could the people of the Fallen Hearts, who had chosen to side with him when he raised his banner, ever be considered innocent in the eyes of the furious dragon lord?\\n\\n『Before I came, the soldiers in the city had already sewn the character for Nan Yang onto their armor. They said—if the Prince of Nan Yang does not return, we shall hold until he does; if the Prince of Nan Yang wishes to fight, we shall stand with him, and keep the coming storm of blood and fire from crossing the moat of the Fallen Hearts』\\n\\n『But...』 Han Cheng suddenly raised his head, candlelight reflecting the redness in his eyes\\n\\n『Han Cheng, your fate is not yet spent. Sovereign Qing Bao shall show you the way』	false
cdir_events_dilemma_choice_details_localised_choice_label_wwd_ll_dilemma_battle_of_muyuan_hancheng_chetui_IIFIRST	Continue	false
campaign_payload_ui_details_description_wwd_ll_dilemma_battle_of_muyuan_hancheng_chetui_II	Han Cheng has returned to the Fallen Hearts and is rallying his forces.	false
dilemmas_localised_title_wwd_ll_dilemma_battle_of_muyuan_hancheng_chetui_II_I	The Ever-Changing Drama, Part Two	false
dilemmas_localised_description_wwd_ll_dilemma_battle_of_muyuan_hancheng_chetui_II_I	'You wicked sorcerer—so you were deceiving me all along!' Han Cheng, half-kneeling, coughed up a mouthful of blood, forced to bow his head beneath the blades of nine elite soldiers. The faces of these comrades who once shared his days now twisted into a strange, indistinguishable mass.\\n\\n'Have you not always acted upon your own convictions, Han Cheng? I merely gave you the opportunity to raise your banner. Standing against the true dragon's power is the Sovereign's recognition of your worth. You, more than anyone, know that all things carry a price—now is merely the time for reckoning.' He leaned down, wiping the blood from Han Cheng's armor with a fingertip. 'Han Cheng, you are a clever man. Deep in your heart you yearn for the truth of the Heavenly Court. We may yet still work together.'\\n\\n'The so-called true god you speak of is no different from the Dragon Emperor! You and your Sovereign can both get out of my sight!' The Prince of Nan Yang's knuckles whitened as he clenched his fists, rising abruptly, only to be slammed back by an unseen force upon his shoulder. In that hazy moment, images from decades past crashed into his mind, just as helpless as before, as if fate were nothing but a thread for the heavens to toy with.\\n\\n'Your words cannot deceive me, Han Cheng,' Qing Bao Daoist's voice hissed like a serpent's tongue. 'In your heart, you don't believe that at all. You still yearn for redemption—some power strong enough to erase the tragedy of decades past. Open your eyes and look, Han Cheng. How many of your brothers-in-arms lie buried outside the Soul-Enthralling city, and which of their heads was not severed by the Dragon God's lackeys? It was he who betrayed you! The Heavenly Court sought to wipe you out entirely at the first judgment. When you stood condemned by ten thousand fingers, it was Sovereign Qing Bao who saw your potential, wishing to grant you truth and justice, just as we have always done.' Han Cheng's breathing grew suddenly ragged, blood seeping between his unconsciously clenched fists. 'The Dragon God's army draws near even now, and so we have no choice but to resort to... firmer measures.' Qing Bao Daoist straightened, his voice now turned gentle, like a mother coaxing a child. 'Only with your cooperation can this city remain standing, for the people's very survival depends upon it.'\\n\\nBefore Qing Bao Daoist's words had even faded, that crushing force lifted from Han Cheng along with the elite soldiers' blades. 'Go and awaken this city, Han Cheng.' The faint sound of hoofbeats drifted from beyond the tent as the Daoist waved his hand, his voice carrying a power that brooked no argument. 'Gather your loyal soldiers, for the Dragon God's talons are coming—and I shall stand beside you as we topple that false throne and make the tyrant pay the price he deserves.'	false
cdir_events_dilemma_choice_details_localised_choice_label_wwd_ll_dilemma_battle_of_muyuan_hancheng_chetui_II_IFIRST	Han Cheng has refused cooperation with the Qing Bao Daoist	false
cdir_events_dilemma_choice_details_localised_choice_label_wwd_ll_dilemma_battle_of_muyuan_hancheng_chetui_II_ISECOND	Han Cheng has fallen completely into the Way of Endless Change	false
campaign_payload_ui_details_description_wwd_ll_dilemma_battle_of_muyuan_hancheng_chetui_II_I	Han Cheng has broken out of the Fallen Hearts' encirclement.	false
campaign_payload_ui_details_description_wwd_ll_dilemma_battle_of_muyuan_hancheng_chetui_II_II	The rebel Prince of Nan Yang faction has been confederated by the Tzeentch faction.	false
dilemmas_localised_title_wwd_ll_dilemma_kill_yugu	Delete Character	false
dilemmas_localised_description_wwd_ll_dilemma_kill_yugu	Due to a severe crash bug reported by players affecting the Jade Bone Immortal, and since I have been unable to identify the cause, you may use this event to kill this character before I fix the issue (no set timeline, and it may never be fixed), in order to avoid the crash caused by selecting him. If you do not delete the character, this event will trigger again every 5 turns.	false
cdir_events_dilemma_choice_details_localised_choice_label_wwd_ll_dilemma_kill_yuguFIRST	Delete	false
cdir_events_dilemma_choice_details_localised_choice_label_wwd_ll_dilemma_kill_yuguSECOND	Do Not Delete for Now	false
dilemmas_localised_title_wwd_ll_dilemma_battle_of_muyuan_hancheng_chetui_III	Repel the Enemy Beyond the Border	false
dilemmas_localised_description_wwd_ll_dilemma_battle_of_muyuan_hancheng_chetui_III	My lord, the news from the northern border is enough to shake the entire court! Though Chang Yuan holds firm behind its formidable defenses, the infiltration of the Tzeentch cult into our Celestial Empire has far exceeded anyone's expectations. The Fallen Hearts, a key stronghold of the Wei Bei Provinces, was first seized by rebels and turned into a den of insurgents, and now finds itself in an even more desperate state—evil spirits sit brazenly upon its very shrines, treating law and order as nothing! At present, the punitive forces of Wei Bei are considering slowing their campaign against Han Cheng's rebels. Our most urgent task now is to sweep these evil spirits utterly from Zhen Dan with thunderous force	false
cdir_events_dilemma_choice_details_localised_choice_label_wwd_ll_dilemma_battle_of_muyuan_hancheng_chetui_IIIFIRST	Postpone the campaign against the rebels	false
cdir_events_dilemma_choice_details_localised_choice_label_wwd_ll_dilemma_battle_of_muyuan_hancheng_chetui_IIISECOND	Refuse the ceasefire	false
campaign_payload_ui_details_description_wwd_ll_dilemma_battle_of_muyuan_hancheng_chetui_III	The loyalist Cathayan factions will enter a temporary truce with Han Cheng.	false
campaign_payload_ui_details_description_wwd_ll_dilemma_battle_of_muyuan_hancheng_chetui_IIISECOND	The war will continue; the rebels must be wiped out completely.	false
campaign_payload_ui_details_description_wwd_ll_yuanbo_story_removedebuff	The turmoil within the court and countryside will subside.	false
dilemmas_localised_title_wwd_tiaohe	Mediate the Conflict	false
dilemmas_localised_description_wwd_tiaohe	The war between Yun Xiang and Yuan Bo still rages on. We have chosen to withdraw from it, but at this time of turmoil, should we perhaps take further action?\\n\\nBefore the hatred between the two sides builds to a point beyond reconciliation, this may well be our last chance	false
cdir_events_dilemma_choice_details_localised_choice_label_wwd_tiaoheFIRST	Mediate the Conflict	false
cdir_events_dilemma_choice_details_localised_choice_label_wwd_tiaoheSECOND	Leave It Be	false
campaign_payload_ui_details_description_wwd_tiaohe	Spend diplomatic relations with the corresponding faction to broker a ceasefire between both sides	false
campaign_payload_ui_details_description_wwd_ll_dilemma_confederate_with_tiantin_buff	[[col:green]]The Celestial Court will operate more efficiently under your oversight[[/col]]	false
campaign_payload_ui_details_description_wwd_final_provincial_reinforcements	Reinforcements from this province have successfully arrived at the Pearl	false
dilemmas_localised_title_wwd_ll_dilemma_battle_of_muyuan_changyuanpanjun	The Great Rebellion	false
dilemmas_localised_description_wwd_ll_dilemma_battle_of_muyuan_changyuanpanjun	My lord, fierce fighting has broken out at Chang Yuan—the Commandant of Ao Men Pass, An Tu Tong, has sworn allegiance to the Prince of Nan Yang, and the forces of at least three garrison towns have defected alongside him\\n\\nThese vermin care nothing for the safety of the Celestial Empire! Even frontier army units bearing the weight of the northern border's defense have joined the rebellion—have they never considered what disaster would befall Zhen Dan should the Chaos tribes strike while we are thus weakened? Though the loyalist faction managed to steady itself after the Battle of Wei Jing, with troops from the Pearl, Nan Li, and Ao Men Pass joining the rebels one after another, no one can now say for certain which way this war will turn...	false
cdir_events_dilemma_choice_details_localised_choice_label_wwd_ll_dilemma_battle_of_muyuan_changyuanpanjunFIRST	Continue	false
campaign_payload_ui_details_description_wwd_ll_dilemma_battle_of_muyuan_changyuanpanjun	An Tu Tong, commander of the Frontier Army with a powerful force under his command, has joined the rebels.	false
effect_bundles_localised_title_wwd_destruction_buff	Destroy the Nest-City	false
effect_bundles_localised_description_wwd_destruction_buff	The rift widens from here, until the world itself crumbles to ruin.	false
dilemmas_localised_title_wwd_ll_dilemma_chance_disaster	The Jade River Bursts Its Banks	false
dilemmas_localised_description_wwd_ll_dilemma_chance_disaster	The Jade River, seized by endless fury, burst from its channel, its turbid floodwaters surging like ten thousand galloping horses, silt and rubble sweeping across the land. Along both banks of the Jade River, canals choked and lakes overflowed—the very waterways that once irrigated the fertile fields of Nong Chang have been buried level with silt.	false
cdir_events_dilemma_choice_details_localised_choice_label_wwd_ll_dilemma_chance_disasterFIRST	Continue	false
campaign_payload_ui_details_description_wwd_ll_dilemma_chance_disaster	The cities along the Jade River have suffered severe disaster.	false
dilemmas_localised_title_wwd_ll_dilemma_chance_disaster_II	The Jade River Bursts Its Banks	false
dilemmas_localised_description_wwd_ll_dilemma_chance_disaster_II	My lord, the cities under your control have also been struck by the flooding of the Jade River. The vitality they once held is no more, but we can still act to spare this fragile land from further harm.	false
cdir_events_dilemma_choice_details_localised_choice_label_wwd_ll_dilemma_chance_disaster_IIFIRST	Resettle the disaster victims	false
cdir_events_dilemma_choice_details_localised_choice_label_wwd_ll_dilemma_chance_disaster_IISECOND	Rebuild the city	false
cdir_events_dilemma_choice_details_localised_choice_label_wwd_ll_dilemma_chance_disaster_IITHIRD	Dredge the waterways	false
cdir_events_dilemma_choice_details_localised_choice_label_wwd_ll_dilemma_chance_disaster_IIFOURTH	Remain indifferent	false
effect_bundles_localised_title_wwd_ll_dilemma_chance_disaster_II_FIRST	Resettle the Disaster Victims	false
effect_bundles_localised_description_wwd_ll_dilemma_chance_disaster_II_FIRST	The people of the disaster-stricken region have received your aid. The homeless refugees have been relocated to nearby cities, where they will be properly resettled.	false
effect_bundles_localised_title_wwd_ll_dilemma_chance_disaster_II_SECOND	Rebuild the City	false
effect_bundles_localised_description_wwd_ll_dilemma_chance_disaster_II_SECOND	You have poured vast manpower and resources into rebuilding the cities ravaged by the flood; the scars left by the disaster will slowly heal.	false
effect_bundles_localised_title_wwd_ll_dilemma_chance_disaster_II_THIRD	Dredge the Waterways	false
effect_bundles_localised_description_wwd_ll_dilemma_chance_disaster_II_THIRD	The blocked riverways have been dredged anew, and the halted shipping routes have resumed operation.	false
effect_bundles_localised_title_wwd_ll_dilemma_chance_disaster	The Jade River Floods	false
effect_bundles_localised_description_wwd_ll_dilemma_chance_disaster	The Jade River burst its banks in an endless surge of fury, its turbid floodwaters charging forth like ten thousand galloping horses, sweeping silt and stone across the countryside. Along the length of the Jade River, north and south, canals were choked and lakes overflowed; the waterways of Nong Chang that once irrigated fertile fields were filled level with silt and mud.	false
WWDUPDATE	2.12	true
ancillaries_colour_text_wwd_biwu_banner	Proof of one who has overcome all rivals, a symbol of supremacy above all under Heaven.	true
ancillaries_onscreen_name_wwd_biwu_banner	Grant of the Vanguard's Arrow	true
campaign_payload_ui_details_description_wwd_changyuan_unit_I	Subsequent Chang Yuan reinforcement forces will include additional cavalry units	true
campaign_payload_ui_details_description_wwd_changyuan_unit_II	Subsequent Chang Yuan reinforcement forces will include additional Frontier Army units	true
campaign_payload_ui_details_description_wwd_incident_nichen_kill	[[col:red]]Feng Yao has replaced Ye Sheng[[/col]]	true
campaign_payload_ui_details_description_wwd_incident_shaozhan	You have gained treasury and equipment based on the strength of the outpost garrison, and your action points have been restored.	true
campaign_payload_ui_details_description_wwd_ll_act_4_event_II	An elite legion has appeared at the provincial capital.	true
campaign_payload_ui_details_description_wwd_ll_dilemma_chance_biwu	[[col:white]]If victorious, you will receive a reward and advance to the next round[[/col]]	true
campaign_payload_ui_details_description_wwd_ll_dilemma_chance_biwu_get	The prize money for your ranking has been added to the treasury.	true
campaign_payload_ui_details_description_wwd_ll_fina_battle_flag_II_step_V_II	[[col:green]]The final mission has been issued. Let us reclaim Cathay![[/col]]	true
campaign_payload_ui_details_description_wwd_ll_fina_jade_bloodTHIRD	The Daoist will attempt to break through the blockade to reach Nong Chang.	true
campaign_payload_ui_details_description_wwd_ll_help_brotherFIRST	A mercenary force will be recruited in Zhao Ming's name to join the war.	true
campaign_payload_ui_details_description_wwd_ll_help_brotherSECOND	Zhao Ming will receive funds sufficient to sustain his offensive.	true
campaign_payload_ui_details_description_wwd_ll_help_brotherTHIRD	You will directly join the war against the treacherous gentry rebels, though this may not be what he expected...	true
campaign_payload_ui_details_description_wwd_ll_kill_hancheng	Han Cheng has been slain by his adopted son, Han Qing.	true
campaign_payload_ui_details_description_wwd_ll_kill_hancheng_I	Wei Bei provinces will accept the rebels' surrender.	true
campaign_payload_ui_details_description_wwd_ll_kill_hancheng_II	The war will continue; the rebels must be exterminated completely.	true
campaign_payload_ui_details_description_wwd_ll_kill_yuguxian_FIRST	[[col:red]]The Jade Bone Immortal will be utterly destroyed[[/col]]	true
campaign_payload_ui_details_description_wwd_ll_kill_yuguxian_SECOND	[[col:red]]The Jade Bone Immortal will only be wounded[[/col]]	true
campaign_payload_ui_details_description_wwd_ll_miaoyin_story_beifa_step_II	[[img:wwd_dgsw]][[/img]][[col:yellow]]Two armies have already mustered outside Chang Yuan; you may now freely control these forces via the army-lending function[[/col]] 	true
campaign_payload_ui_details_description_wwd_ll_sla_event_II	A Slaanesh force is attacking our capital!	true
campaign_payload_ui_details_description_wwd_ll_tiger_warrior	Parsival has been confederated by Zhao Ming.	true
campaign_payload_ui_details_description_wwd_ll_tze_dazhoushi_bad	An Rui Bang has ascended to daemonhood at Fu Zhou.	true
campaign_payload_ui_details_description_wwd_ll_tze_dazhoushi_good	An Rui Bang has been executed by Zhao Qi.	true
campaign_payload_ui_details_description_wwd_power_different	Events will bring different consequences based on your level of influence	true
campaign_payload_ui_details_description_wwd_power_top	Your influence is now unrivaled	true
campaign_payload_ui_details_description_wwd_power_up	Your advantage in the power struggle has grown	true
cdir_events_dilemma_choice_details_localised_choice_label_wwd_incident_nichen_killFIRST	Continue	true
cdir_events_dilemma_choice_details_localised_choice_label_wwd_incident_nichen_killSECOND	Skip the event	true
cdir_events_dilemma_choice_details_localised_choice_label_wwd_ll_act_4_event_IFIRST	Amass wealth and sharpen weapons in preparation	true
cdir_events_dilemma_choice_details_localised_choice_label_wwd_ll_act_4_event_IIFIRST	All provinces, muster your armies!	true
cdir_events_dilemma_choice_details_localised_choice_label_wwd_ll_act_4_event_ISECOND	Rest and recuperate, storing up strength among the people	true
cdir_events_dilemma_choice_details_localised_choice_label_wwd_ll_changyuan_xiushanFIRST	Aid supplies	true
cdir_events_dilemma_choice_details_localised_choice_label_wwd_ll_changyuan_xiushanFOURTH	Stand aside and watch	true
cdir_events_dilemma_choice_details_localised_choice_label_wwd_ll_changyuan_xiushanSECOND	Provide equipment	true
cdir_events_dilemma_choice_details_localised_choice_label_wwd_ll_changyuan_xiushanTHIRD	Assist with repairs	true
cdir_events_dilemma_choice_details_localised_choice_label_wwd_ll_changyuan_xiushan_geltFIRST	Continue	true
cdir_events_dilemma_choice_details_localised_choice_label_wwd_ll_dilemma_chance_biwuFIRST	Send a representative to compete	true
cdir_events_dilemma_choice_details_localised_choice_label_wwd_ll_dilemma_chance_biwuSECOND	Forfeit the competition	true
cdir_events_dilemma_choice_details_localised_choice_label_wwd_ll_dilemma_chance_biwu_IFIRST	Strike straight at the center	true
cdir_events_dilemma_choice_details_localised_choice_label_wwd_ll_dilemma_chance_biwu_IIFIRST	Seize every opening	true
cdir_events_dilemma_choice_details_localised_choice_label_wwd_ll_dilemma_chance_biwu_IIIFIRST	Strike when unprepared	true
cdir_events_dilemma_choice_details_localised_choice_label_wwd_ll_dilemma_chance_biwu_IIISECOND	Use their strength against them	true
cdir_events_dilemma_choice_details_localised_choice_label_wwd_ll_dilemma_chance_biwu_IISECOND	Go with the flow	true
cdir_events_dilemma_choice_details_localised_choice_label_wwd_ll_dilemma_chance_biwu_ISECOND	Advance steadily	true
cdir_events_dilemma_choice_details_localised_choice_label_wwd_ll_dilemma_chance_biwu_IVFIRST	Counter every move	true
cdir_events_dilemma_choice_details_localised_choice_label_wwd_ll_dilemma_chance_biwu_IVSECOND	Meet force with force	true
cdir_events_dilemma_choice_details_localised_choice_label_wwd_ll_dilemma_chance_biwu_lostFIRST	Continue	true
cdir_events_dilemma_choice_details_localised_choice_label_wwd_ll_dilemma_chance_biwu_winFIRST	Continue	true
cdir_events_dilemma_choice_details_localised_choice_label_wwd_ll_fina_jade_blood11FIRST	This is the Decisive Battle	true
cdir_events_dilemma_choice_details_localised_choice_label_wwd_ll_fina_jade_blood13FIRST	This is the Decisive Battle	true
cdir_events_dilemma_choice_details_localised_choice_label_wwd_ll_fina_jade_blood21FIRST	Heaven and Earth Are Overturned...	true
cdir_events_dilemma_choice_details_localised_choice_label_wwd_ll_fina_jade_bloodFOURTH	Wu Wang	true
cdir_events_dilemma_choice_details_localised_choice_label_wwd_ll_fina_jade_bloodSECOND	Drive the Corpses	true
cdir_events_dilemma_choice_details_localised_choice_label_wwd_ll_fina_jade_bloodTHIRD	Trace the Cup Upstream	true
cdir_events_dilemma_choice_details_localised_choice_label_wwd_ll_helpFIFTH	Politely Decline the Generous Gift	true
cdir_events_dilemma_choice_details_localised_choice_label_wwd_ll_helpFIRST	Keep the Astronomical Bureau Officer	true
cdir_events_dilemma_choice_details_localised_choice_label_wwd_ll_helpFOURTH	Keep the Colonel	true
cdir_events_dilemma_choice_details_localised_choice_label_wwd_ll_helpSECOND	Keep the Minister of the Treasury	true
cdir_events_dilemma_choice_details_localised_choice_label_wwd_ll_helpTHIRD	Keep the Grand Granary Commandant	true
cdir_events_dilemma_choice_details_localised_choice_label_wwd_ll_help_IIFIRST	Take In the Refugees	true
cdir_events_dilemma_choice_details_localised_choice_label_wwd_ll_help_IIFOURTH	Conscript the Able-Bodied	true
cdir_events_dilemma_choice_details_localised_choice_label_wwd_ll_help_IISECOND	Provide Relief Through Labor	true
cdir_events_dilemma_choice_details_localised_choice_label_wwd_ll_help_IITHIRD	Drive Away the Refugees	true
cdir_events_dilemma_choice_details_localised_choice_label_wwd_ll_help_brotherFIRST	Hire Mercenaries	true
cdir_events_dilemma_choice_details_localised_choice_label_wwd_ll_help_brotherFOURTH	No Time to Spare	true
cdir_events_dilemma_choice_details_localised_choice_label_wwd_ll_help_brotherSECOND	Support the War Funds	true
cdir_events_dilemma_choice_details_localised_choice_label_wwd_ll_help_brotherTHIRD	Join the Battle Together	true
cdir_events_dilemma_choice_details_localised_choice_label_wwd_ll_help_brother_IIFIRST	This foolish boy	true
cdir_events_dilemma_choice_details_localised_choice_label_wwd_ll_kill_hanchengFIRST	Spare	true
cdir_events_dilemma_choice_details_localised_choice_label_wwd_ll_kill_hanchengSECOND	Execute	true
cdir_events_dilemma_choice_details_localised_choice_label_wwd_ll_kill_hanchengTHIRD	Skip the Event	true
cdir_events_dilemma_choice_details_localised_choice_label_wwd_ll_kill_yuguxianFIRST	Return Home in Spirit	true
cdir_events_dilemma_choice_details_localised_choice_label_wwd_ll_kill_yuguxianSECOND	Continue the Campaign	true
cdir_events_dilemma_choice_details_localised_choice_label_wwd_ll_kill_yuguxianTHIRD	Skip the Event	true
cdir_events_dilemma_choice_details_localised_choice_label_wwd_ll_power_attacktFIRST	We Are Already Part of This Game	true
cdir_events_dilemma_choice_details_localised_choice_label_wwd_ll_powerupFIRST	Adept at Diplomacy	true
cdir_events_dilemma_choice_details_localised_choice_label_wwd_ll_powerupSECOND	Conceal One's Strength and Bide One's Time	true
cdir_events_dilemma_choice_details_localised_choice_label_wwd_ll_sla_eventFIRST	Take Into the Palace	true
cdir_events_dilemma_choice_details_localised_choice_label_wwd_ll_sla_eventSECOND	Disband Them All	true
cdir_events_dilemma_choice_details_localised_choice_label_wwd_ll_sla_event_IIFIRST	Half Dead, Half Alive in This Moment	true
cdir_events_dilemma_choice_details_localised_choice_label_wwd_ll_tiger_warriorFIRST	Summon the Lords!	true
cdir_events_dilemma_choice_details_localised_choice_label_wwd_ll_tiger_warriorSECOND	Skip the Event	true
cdir_events_dilemma_choice_details_localised_choice_label_wwd_ll_tze_dazhoushiFIRST	The Local Astronomer Officer Has Been Summoned	true
cdir_events_dilemma_choice_details_localised_choice_label_wwd_ll_tze_dazhoushiSECOND	Zhao Qi Will Travel to Fu Zhou to Assist	true
cdir_events_dilemma_choice_details_localised_choice_label_wwd_ll_tze_dazhoushi_badFIRST	Continue	true
cdir_events_dilemma_choice_details_localised_choice_label_wwd_ll_tze_dazhoushi_goodFIRST	Continue	true
cdir_events_dilemma_choice_details_localised_choice_label_wwd_ll_tze_dazhoushi_neizhanFIRST	The wheels roll ever onward...	true
cdir_events_dilemma_choice_details_localised_choice_title_wwd_ll_dilemma_battle_of_muyuan_hancheng_chetui_II_IFIRST	No one can sway his choice any longer - not the Dragon Emperor, not even Tzeentch	true
cdir_events_dilemma_choice_details_localised_choice_title_wwd_ll_dilemma_battle_of_muyuan_hancheng_chetui_II_ISECOND	He can no longer turn back. Such is destiny - none can escape it	true
cdir_events_dilemma_choice_details_localised_choice_title_wwd_ll_dilemma_chance_biwu_IFIRST	Abandon all defensive maneuvers and grip the weapon with both hands, striking straight for the center	true
cdir_events_dilemma_choice_details_localised_choice_title_wwd_ll_dilemma_chance_biwu_IIFIRST	Observe the cyclical patterns of the Five Elements monk's palm techniques, and target the unfinished transitions between forms	true
cdir_events_dilemma_choice_details_localised_choice_title_wwd_ll_dilemma_chance_biwu_IIIFIRST	Dodge the Ogre strongman's direct hammer blow, and strike his lower body the instant his hammer lands	true
cdir_events_dilemma_choice_details_localised_choice_title_wwd_ll_dilemma_chance_biwu_IIISECOND	Try using the flat of your weapon to redirect the hammer's force into the ground, then counterattack	true
cdir_events_dilemma_choice_details_localised_choice_title_wwd_ll_dilemma_chance_biwu_IISECOND	Mimic the logic of the Five Elements cycle, following the direction of his palm-wind to control the rhythm of battle	true
cdir_events_dilemma_choice_details_localised_choice_title_wwd_ll_dilemma_chance_biwu_ISECOND	Focus on defending against your opponent's swift slashes, while watching for the gaps in his footwork transitions	true
cdir_events_dilemma_choice_details_localised_choice_title_wwd_ll_dilemma_chance_biwu_IVFIRST	Choose defense as offense, unraveling the origin and weaknesses of each of his fist techniques	true
cdir_events_dilemma_choice_details_localised_choice_title_wwd_ll_dilemma_chance_biwu_IVSECOND	Abandon all defensive excess and drive forward with your inner strength head-on	true
cdir_events_dilemma_choice_details_localised_choice_title_wwd_ll_helpFIFTH	"I think there are places that need you far more than here..."	true
cdir_events_dilemma_choice_details_localised_choice_title_wwd_ll_kill_hanchengFIRST	Is this his destiny, or the choice he himself has made?	true
cdir_events_dilemma_choice_details_localised_choice_title_wwd_ll_sla_eventFIRST	This suits me well — the affairs of state have grown heavy of late, and I have been longing to unwind. This comes just at the right time	true
cdir_events_dilemma_choice_details_localised_choice_title_wwd_ll_sla_eventSECOND	When did I ever give the order to select women! With the realm in such turmoil, instead of worrying over these troubles, you all think only of pleasure. Disperse them all at once, and send them back to their home provinces!	true
dilemmas_localised_description_wwd_incident_nichen_kill	Yet another branch of the rebellion has met its end, as Ye Sheng—who had drowned himself in pleasure through a string of defeats—finally reached his final reckoning\\nFeng Yao, whom the traitorous minister had relied upon as his right hand, led his enraged troops storming into the inner palace. Ye Sheng and his faction of Hong Wu Overseers made their last stand in the great hall. Seeing that the assault could not break through, Feng Yao ordered his men to set the place ablaze. The defenders, their bodies wreathed in flame, fled in panic from the fire only to be pinned by crossbowmen's bolts against the outer terrace. The blaze burned throughout the entire night; the wailing gradually died away, yet the flames climbed ever higher, consuming charred flesh and blood alongside the very jewels, wine, and meat they had once feasted upon without restraint as kindling. The common folk whispered uneasily of the eerie visions rising within the flames, but the soldiers who took part in the coup remained unmoved—betrayal and retribution had long become routine to them. Their eyes gleamed in the firelight as they eagerly fought over the mountains of grain piled in the storehouses, desperate to fill their own starved and suffering bellies\\nAll verdicts and judgments can wait until dawn	true
dilemmas_localised_description_wwd_ll_act_4_event_I	The world is crumbling. The forces of Destruction strike from every direction, and the Old World clings to survival beneath the threat of calamity. Evil spirits from all corners of the earth devour the lands of the Celestial Empire piece by piece. The Celestial Court now lies within your grasp—from there you shall command the capital region, command Zhen Dan, and command every living creature that dwells within it. Never since the Dragon Emperor's retreat into seclusion has Zhen Dan been so powerful, yet never has it faced a crisis such as this. We need greater strength still—the entire cosmos shall bend to your will. Show us the way forward	true
dilemmas_localised_description_wwd_ll_act_4_event_II	Your edicts have spread across all the land, and generals and commanders from all quarters have followed the Celestial Court's strategy, mustering their forces for war\\nThe beacon fires already burn, and the hearts of the myriad people turn as one. The Celestial Empire's million-strong army stands ready to give its life in service\\nIn this hour of survival, only flesh and blood can defend our mountains and rivers, our sacred realm\\nGlory to Zhen Dan! All for the Dragon Emperor!	true
dilemmas_localised_description_wwd_ll_changyuan_xiushan	The fighting in the north grows ever fiercer. The frontier army is now conscripting skilled craftsmen from across the nation to reinforce the city walls and strengthen the fortifications, ensuring the border passes remain impregnable. This is a matter of national importance, and every province has already made its stance known—the repairs to Chang Yuan will soon commence. Perhaps we should not remain uninvolved	true
dilemmas_localised_description_wwd_ll_changyuan_xiushan_gelt	Gelt led a company of Gold Wizards, arriving at Chang Yuan alongside a relief convoy from the Wei Xi Provinces. Though the frontier army initially refused to let their magic touch Chang Yuan, upon seeing Bin Long's handwritten imperial decree, the ritual of the Wind of Metal was at last allowed to proceed—now a magnificent golden barrier flows along the outer walls of Chang Yuan, its power merging into the ceaseless torrent of aethyric winds coursing through this immortal fortress	true
dilemmas_localised_description_wwd_ll_dilemma_chance_biwu	The Shang Yang Martial Trial is an event long anticipated across all of Zhen Dan, a gathering fated for heroes and champions of every domain. With each trial, the mighty from all corners of Zhen Dan—and even the Old World—gather like converging stars upon Shang Yang. Banners snap in the fierce wind, the faint glow of runes intertwining with the cold gleam of blades, as heaven and earth hold their breath awaiting the birth of a champion.\\n\\nAs is custom, the Bin Tie Court has sent invitations to the provinces. Should we send representatives to attend this rare and grand event? This may well be a rare opportunity.	true
dilemmas_localised_description_wwd_ll_dilemma_chance_biwu_I	The sand of the arena burns hot beneath the sun, the noisy crowd's murmurs mingling with camel bells and low Arabian chants. Your champion steps into the arena, where an Arabian scimitar-wielder wrapped in an indigo turban already awaits, running his fingers over the cold gleam of the blade at his waist, sand crunching softly beneath his boots. "The rules didn't say I couldn't kill, did they?" he growls under his breath, his form suddenly shifting as twin scimitars carve two arcs of cold light through the sunlight, charging forward on his own initiative—his footwork elusive, his blades aimed squarely at vital points, each strike meant to kill.	true
dilemmas_localised_description_wwd_ll_dilemma_chance_biwu_II	The arena feels solemn today, banners bearing the characters for "Metal, Wood, Water, Fire, Earth" hanging on all four sides. A monk of Fu Hong, clad in brown robes, sits cross-legged upon the scorching sand, palms pressed together, his breath as steady as a mountain—this clamorous arena feels no different to him than the meditation chamber he calls home. The horn signaling the start of the match blares deafeningly, and only then does the Five Elements monk slowly rise, his toes tapping lightly against the ground, which faintly glows in response. "Forgive my rudeness, benefactor," he says—and with those words, his form shifts suddenly, his palms forming shapes now rigid as an ancient pine, now fluid as flowing water, the winds of elemental energy surging across his palms as elemental power begins to boil.	true
dilemmas_localised_description_wwd_ll_dilemma_chance_biwu_III	The arena's fencing has been reinforced threefold, the crowd's cheers tinged with unease. A strongman from the Path of Long Tusks strides forward—this dark-skinned giant stands even taller than an ordinary Ogre, his bare torso covered in gruesome scars, the stone hammer at his side stained with the blood of some unfortunate previous contestant. "ROAAAR—!" His bellow rings through everyone's ears like rolling thunder, and the strongman charges at his diminutive opponent, swinging his weapon with sheer brute force—these wide, sweeping strikes seem full of openings, yet they keep any foe from drawing near, the wind kicked up by each blow as bone-chilling as a mountain gale, the reverberations of each impact shaking the entire arena—this is raw power enough to crush any foe.	true
dilemmas_localised_description_wwd_ll_dilemma_chance_biwu_IV	Banners snap in the wind, yet cannot drown out the whispers rippling through the stands—every eye is fixed on the shadows in the northwest corner, where last year's champion leans against the wall, the undefeated Martial Fanatic, the last one left to defend his title—Pei Yue. A figure in dark battle garb emerges from the shadows, the champion's bare arms covered in scars, wounds left by defeated challengers who gave everything they had, now serving as marks of his legend. You had heard that the retainers of Bin Long care little for the customs of the Central Plains, but you never imagined the Martial Fanatic would be quite this arrogant. As the horn blares deafeningly, Pei Yue begins to stride forward slowly, rubbing his arm, cracking his neck, utterly ignoring the champion charging straight at him. "Just another stepping stone," he says—before you can even make out his words, your champion is sent flying through the air, slamming heavily into the sand. As the dust settles, Pei Yue walks out from the cloud of sand, finally turning his gaze upon his struggling opponent as he rises. "You'd best last longer than those so-called grandmasters."	true
dilemmas_localised_description_wwd_ll_dilemma_chance_biwu_lost	Upon the arena of the Shang Yang Martial Trial, gilded banners snap in the fierce wind. Your champion steps onto the great stage of the semi-final trial, while you stand in the shadows of the viewing platform, keenly aware of the gazes of strongmen from every domain of Zhen Dan upon you—scrutiny mixed with curiosity about the unknown. Regret arrives at last: in the fierce struggle against a fated rival, though your champion poured a lifetime of martial skill into every strike, each blow etched with loyalty and valor, in the end he fell just short, defeated in bitter regret. The referee's declaration cuts through the clamor, cheers surging like the tide across the arena, the fierce wind sweeping past plain cloth, bringing a brief silence—as if heaven and earth themselves mourned for the defeated. Your champion bows, his body wracked with wounds, for victory and defeat are but a footnote beneath the wheels of history; the martial prowess of your court's warrior has been etched into the sight of all Zhen Dan's domains, and that alone is enough.	true
dilemmas_localised_description_wwd_ll_dilemma_chance_biwu_win	As the final horn of the championship match pierces the fierce wind, cheers sweep across the arena like thunder. You stand atop the highest platform of the viewing stand, receiving the admiration and congratulations of all Zhen Dan's domains—your champion, having fought through countless rivals, has finally overcome the Martial Fanatic Pei Yue in the ultimate showdown, claiming for you the crown of this grand martial event that has shaken all of Zhen Dan. The people of your domain are already roaring with joy, drums and cheers sweeping through the streets like waves, offering their most ardent praise to this glory; strongmen from every land have sent envoys bearing gifts—tributes that carry not only recognition of the champion's glory, but also awe for your own authority as their lord.	true
dilemmas_localised_description_wwd_ll_fina_jade_blood11	My lord, all Eight Great Daoist Sects under Heaven have answered the call! The masters of every school, leading their disciples, race through the night toward the Nong Chang Basin. They shall march straight for the Mausoleum of Poet Yan Mo, vowing to sever the very source of the Jade Blood curse!	true
dilemmas_localised_description_wwd_ll_fina_jade_blood13	My lord, the Jade Blood Daoist Temple of Weng Chang has already answered our call first. Three hundred Daoists now cross the river, sailing downstream—they will attempt to join with the [Jade Bone Immortal] at Nong Chang, to bring an end to the Curse of Jade Blood once and for all.	true
dilemmas_localised_description_wwd_ll_fina_jade_blood21	The Daoists had prepared for every eventuality, having come precisely to sever this curse for good.\\nThe most renowned grandmasters under Heaven stood arrayed in formation, the combined arts of a hundred sects an unstoppable force. They sealed the Blood Lord upon the mausoleum altar, beheaded the blood-descendants of the Five Clans out in the open, and the summoning ritual of the Jade Corpse could no longer be sustained—victory seemed within reach.\\nBut it now seems they had gravely underestimated the malice concealed within the ley lines themselves.\\nNong Chang is a great maw that swallows life and death alike, blurring the boundary between the two, fusing all things within it into one—and it hungers still.\\nIt hungers for new sacrifice.\\nBlood ran down along the pierced wounds of the Daoists, and from that moment, all was beyond recall.\\nThe bones wailed forth their mournful incantations, the corpses of the blood-descendants twisted and warped, and the Blood Lord's body sank into shadow.\\nThen came the resentment and hunger accumulated over ten thousand years, arriving to devour the final offering.\\nThe grand formation of penetrating truth shook heaven and earth asunder, the mausoleum altar entirely overturned, crushing down upon this cursed land. The sword-qi of the lovestruck Daoist companions leveled five hills, Guang Cheng reversed the sorcery of the undead, sending the heroic spirits of the dragon altar surging into the heart of the battle. The Five Elements arts of the Daoists wrought violent upheaval upon the very heavens—at that moment, the people of the southern lands could still see, a hundred miles distant, the roaring clouds and crashing thunder. But by then it was no longer about glory, nor about righteous cause—only life-or-death struggle could still offer a sliver of hope.\\nThey had once driven the Jade Blood Clan to the very brink of annihilation, yet in the end found no burial ground of their own.\\nThe corpses scattered across the ground rose all at once, and the Sovereign of the Void pressed together the two halves of his severed face with a shattered palm, blood flowing backward, returning into his flesh.\\nNow, at last, he had attained the Dao.	true
dilemmas_localised_description_wwd_ll_help	Across the realm now, beacon-fires rise on every side, and the age itself totters toward ruin. Though the capital nominally commands the Nine Provinces, it holds no true power to enforce its will—warlords rise on every hand, contending for supremacy. And so the Celestial Court has issued its edict, dispatching envoys to all corners, ostensibly to assist local governance in reforming administration and securing the borders—but in truth, to spread eyes and ears, and keep watch over the various lords. Yet these officials are skilled in governance, in pacifying and administering the people, each following proper method—in these difficult times, they can indeed help us build strength. Whether to accept or refuse, the decision is yours, my lord.	true
dilemmas_localised_description_wwd_ll_help_II	Now beacon-fires burn across all of Zhen Dan, and the realm is thrown into turmoil—the common people, displaced from their homes, struggle to survive amid hunger, cold, and war. Yet your traveling court, through clear-sighted governance and firm city defenses, has carved out a haven of peace in this troubled land. Word has spread by mouth among the fleeing commoners of the four directions, and they arrive one after another—but only you know that this city has only just found its footing, its supplies already stretched thin. How could it possibly take in refugees on such a scale?\\n\\nOutside the city walls, the poor souls ravaged by war have already gathered in great numbers, their pleas to be let inside rising ceaselessly. It is time to make a decision.	true
dilemmas_localised_description_wwd_ll_help_brother	Your younger brother, Zhao Ming, has sent you an urgent letter—not through the official channels of the Wei Xi Provinces, but as a private matter between siblings. He claims that among all his brothers and sisters, you are the one he trusts most. The situation in Shang Yang is now somewhat... difficult—the treacherous rebel Jin Shen has dragged nearly every rat-kin in Zhen Dan into his war against him. He truly needs a bit of help now, and he would prefer, very much prefer, that this aid remain private—he doesn't want to still look like the little brother forever trailing behind his elder siblings. And once the troubles in the west are resolved, he will surely repay your kindness today twofold.	true
dilemmas_localised_description_wwd_ll_help_brother_II	'That scum Ye Sheng is finally dead—you would never believe how many brilliant schemes I came up with during this war, I even built a tank in imitation of one! Though it broke down during the very first assault, when it exploded it actually collapsed an entire section of the wall! Ha Ha Ha, you simply wouldn't believe how much I've grown through this war! Yes, truly, so much! It's a pity so many died, but perhaps there was no helping it—after all, that's war! Perhaps in the future I'll think of some new methods, perhaps...\\n\\nAnyway, the rebellion has now been ended. Though I'm not swamped with affairs of state the way you are, I can finally act with a freer hand. Speaking of being swamped—surely you haven't forgotten, amid all your busyness, the great favor I owed you before! Though the letter was private, I've had the ambassador personally deliver the treasures to you—as a token symbolizing the friendship between our provinces, hahaha! There are quite a few fine things inside, you really must take a look—this is what's called repaying twofold, plus a little something extra!\\n\\nHope all goes well for you!\\n————[[col:red]]Your unworthy brother, Zhao Ming[[/col]][[img:wwd_seal]][[/img]]'	true
dilemmas_localised_description_wwd_ll_kill_hancheng	The envoy from Nan Yang knelt, trembling, beneath the cloud steps of the Raging Gale's court.\\nSince the fall of the Fallen Hearts, the scattered rebels have wandered in exile, and under the looming threat of Tzeentch, these mortals have become utterly insignificant—their final worth lying only in serving as a warning to other ambitious warlords harboring treacherous designs. The envoy had clearly dressed himself in whatever finery he could scrape together to observe proper etiquette, yet these tattered robes still looked utterly out of place among the temples of the dragons. Though the rebel forces had once struck fear into the northern provinces, their fighting spirit had already shattered—the Prince of Nan Yang's unbroken legend came to an abrupt end at Wei Jing, followed by defeat after defeat. Toppling a high wall is difficult, but once it begins to lean, the slightest disturbance will bring it crashing down.\\n\\nThe Imperial Guard shoved the envoy into the great hall; he collapsed to his knees in a disgraceful heap, not daring to raise his head, feeling only the bitter chill against his neck—that piercing cold pain with a clear purpose: to her own people, the Raging Gale was without doubt a steadfast and reliable leader, but to her enemies, everything was far simpler—she was the very embodiment of nightmare. 'Do you know, I've always thought you traitors were nothing but cowardly vermin—but you, you've made me reconsider somewhat. A rebel who slaughtered his own brothers-in-arms, yet dares to set foot in my court! State your worth at once, or go to the Meridian Gate to meet your death.'\\n\\nThe envoy kowtowed repeatedly, raising his offering high above his head. 'We, in our folly and treachery, rashly raised arms in rebellion—our crime of insurrection deserves ten thousand deaths and cannot be atoned. We humbly beg the Grand Marshal to momentarily set aside her heavenly wrath, and deign to lower her honored gaze upon the contents of this box, before rendering final judgment.' The Imperial Guard took the ornate, luxurious box from him, and Miao Ying sensed within it a stale, musty scent—and a faint warmth.\\n\\nHow disgusting... yet Miao Ying still gestured for the guard to present the nauseating box.\\n\\nInside lay the head of Han Cheng.\\n\\nThe traitors must have spent considerable time preparing it—this was the first time she had seen the Prince of Nan Yang's face untainted by blood and dust.\\n\\nWhat an unpleasant feeling.\\n\\n'We humbly submit: the traitor Han Cheng harbored treacherous designs, secretly conspired with foreign enemies, and colluded covertly with Tzeentch. Over the long years, his crimes accumulated beyond measure, and the common people suffered under his tyranny for far too long—cries of grief echoed through every street, and grievances spread far and wide! When this rebel first stirred his insurrection, he held our families hostage to force our compliance with his rebellion; had we wished to preserve our loyalty, our clans would have first faced annihilation. Constrained by the safety of our households, we were compelled to feign allegiance to the rebel faction, swallowing our shame and bitterness, yet never for a single moment forgetting the grace of the Celestial Court! To bend beneath a rebel's court was as though treading through fire and boiling water, our pent-up fury building until it could no longer be contained! Han Cheng's adopted son, Han Qing, though raised within the rebel's household, never lost his conscience—now that the traitor Han's power wanes and his treacherous schemes lie exposed, Han Qing seized the moment to act on righteousness, slaying the arch-villain with his own hands! This was no mere feat of mortal strength, but truly a manifestation of Heaven's judgment, and also owed to the Grand Marshal's own awesome virtue! We now humbly present the rebel's head before these steps, to make plain our true intentions. We humbly beg the Grand Marshal to look upon our sincerity, forgive our past transgressions, and grant us a path to redemption.'\\n\\nWhat an irritating voice.	true
dilemmas_localised_description_wwd_ll_kill_yuguxian	The curse of Nong Chang is dissipating\\nAnd so too is the soul of the [Jade Bone Immortal]\\nJin Xiao's neck had long since stiffened; though he could not see himself, the decaying scent his body gave off already betrayed the corruption of the ghastly flesh beneath his jade-like visage. The power of Hao Tian is healing this wounded land, but his own existence is no longer shielded by its peace and harmony. Nong Chang has suffered greatly under the Curse of Jade Blood, but this land is vast enough, and history will grant it ample time—the old wounds will eventually be mended. But what of himself? Jade Blood granted this mortal shell an uncanny power, and then the Jade Dragon's decree concealed its hideous foundation—when the curse is lifted, all abominations bound to its power will crumble along with it.\\n\\nJin Xiao raised his hand, watching jade dust drift away.\\n\\nAnxious voices of the Astronomical Bureau officials echoed through the corridors—the Curse of Jade Blood in Nong Chang had still not been rooted out, the last anchor point nowhere to be found. Nowhere to be found—yet in truth it was as far as the horizon and as near as his own eyes. Jin Xiao meant to laugh bitterly, but could only let out a hollow moan; he had fought his entire life, never imagining he himself would become the final poisoned chalice.\\n\\nJade Blood had once granted him boundless vitality—even pierced by a thousand arrows, even torn apart by blood-soaked halberds, even crushed beneath the beasts of the underworld! This withered frame had never once wavered! Now that all was settled, he could no longer face this bizarre ending with composure. This overflowing rage, this heart-rending resentment, this unfulfilled longing! The Curse of Jade Blood drifted up from the earth, rising into the sky, toward him—this body now bore the final crushing weight of the curse, yet also gathered the boundless power of Jade Blood within it. Why give up this endless life now! He felt blood surge once more through his withered bones, felt his jade shell crack, his limbs twist and contort. He fell to his knees with a thunderous crash, prostrating himself upon the earth, listening as his undying soul rejoiced at its rebirth—a yellowed letter slipped from between his shattered armor, falling to the ground with a thud, its crooked handwriting stained with blood and tears, reflected in his burning eyes. The [Jade Bone Immortal] buried his head gently among those words that would never return, letting the tears soak through this heavy weight of longing. His half-dead body seemed to recover its senses—the breeze brushed past, and this gentle touch felt so long unfelt, truly, so very long.\\n\\nThe drifting green figure propped himself up, pushed open the window, and let the moonlight illuminate himself. Feeling the cool wind against his face, he no longer heeded the shadows shrieking to stop him. He pictured the scenery of his homeland, imagined the man once called Jin Xiao standing beside his family as he once had. He thought and thought, until his thoughts finally stilled, until only a wash of moonlight remained beneath the window, shining down upon his distant homeland.	true
dilemmas_localised_description_wwd_ll_power_attackt	The Celestial Court's game is drawing to a close.\\n\\nThat capital official you once left behind now wears the brocade robes of an Imperial Censor, standing at the center of the great hall as the Celestial Court's voice echoes through it —\\n\\n『By decree of the Secretariat-Chancellery of the Celestial Court: In this age when the very order of heaven and earth grows dim and the rule of law falters, this lord has set right what was wrong, achieved merit upon merit, holding steady one region with tireless labor. Across the realm, neither imperial kin nor provincial nobility can match such achievement — foremost among the dragons, acknowledged by court and commons alike. Let this one be elevated to Grand Guardian of the State, granted a thousand taels of gold and a hundred bolts of fine silk, proclaimed throughout the realm, that all may know of this extraordinary merit.』\\n\\nYou raise your head, silently regarding the capital official now transformed into an Imperial Censor. He holds the decree, head bowed slightly, wearing just the right smile — always that same false expression, always searching for some stain to make his mark upon. You already knew the Celestial Court had other designs, but never imagined they would stoop to such a shoddy scheme. These rewards and empty titles are worthless in themselves, yet more than enough to give others grounds for gossip, thrusting you into the eye of the storm, drawing every gaze and every arrow toward you alone. Now, in this age when Zhen Dan teeters on the brink of ruin, some still remain obsessed with political games — 'foremost among the dragons' — you cannot help but laugh aloud, wondering how those proud, competitive dragon-children will react upon reading this decree.\\n\\nThe Dragon Emperor has withdrawn from the world for a hundred years now, and the Celestial Court's seal no longer represents his will — the hundred offices of Wei Jing all hold their share of power, and among them, those who abuse borrowed authority to run rampant are everywhere.\\n\\nYu Zai has long since left the capital, and now there are precious few left in the Celestial Court capable of overturning this game.\\n\\nHe will be found.	true
dilemmas_localised_description_wwd_ll_powerup	War reports from Ling Nan have already reached the capital — the assault of the Serpent of Slaanesh has claimed nearly an entire generation of the Frontier Commandery's finest troops. The Wei Xi Provinces have held Khan Tamur's forces back west of Ashaash at the cost of blood, but plague knows no borders, and death marches ever closer to Shang Yang. Chaos Dwarf cannon fire has already shaken the very foundations of Chang Yuan. The great nation of Zhen Dan faces unprecedented challenge, the Celestial Empire is stretched to its limits, and each dragon alone cannot hope to withstand it all — we must strike back. The Celestial Court has issued a decree to the provinces, summoning all lords and nobles to the capital to deliberate matters of state.\\n\\nThis may appear to be a response to the crisis, but it is in truth merely another move in the game the Three Excellencies and Nine Ministers play to consolidate power. Wei Jing has long been a great whirlpool — everyone drawn into it eventually becomes a casualty of factional strife. And yet this is truly a rare opportunity to expand our influence — Zhen Dan's strength desperately needs to be unified, and before the scales settle, we should secure as much support as we can.	true
dilemmas_localised_description_wwd_ll_sla_event	『My lord, your servants have, by imperial decree, thoroughly selected maidens of good family for the inner palace.\\nFrom the four directions the common folk converge upon this city, and its streets are filled with beauties.\\nThe eunuchs have made repeated selections, and secured six jade maidens.\\nWe know not if they will satisfy my lord's wishes — we beg my lord to inspect them personally before rendering judgment』	true
dilemmas_localised_description_wwd_ll_sla_event_II	Calamity strikes without warning! Agents of Slaanesh have already infiltrated the inner palace, and within the city walls, numerous secret cults have risen in revolt! Some officers and soldiers have sunk into wine and lust, struck down by hidden assassins in the midst of their stupor; others, seduced by Slaanesh, have betrayed hearth and home to serve the enemy. Fortunately, a band of warriors still hold firm in their resolve, willing to give their lives for the Dragon Emperor! The most urgent task now is to reorganize our forces and establish defenses — this city is the foundation of our cause, and it must not fall into enemy hands!	true
dilemmas_localised_description_wwd_ll_tiger_warrior	Ye Sheng's methods are far from clever, but by selling out Zhen Dan's interests, he has indeed rallied enormous outside support — Skaven, Ogres, Hu tribesmen, truly a nest of snakes and rats! Their involvement has plunged the western provinces into chaos, and has pushed Zhao Ming's patience to its very limit. The mercenary warlords leading forces in the field have all received Bin Long's death order: march at once to Han Yu Port, rendezvous with the Eighth-Generation Lord, and then advance upon Shang Yang. All who dare obstruct their advance will be reduced to ash by the wrath of the divine dragon.	true
dilemmas_localised_description_wwd_ll_tze_dazhoushi	The great warship cleaves through the roiling waves of the sea — [Grand Admiral of Du Yuan] An Rui Bang's dragon-ship fleet has returned home, landing safely at Fu Zhou.\\n\\nThe righteous army's encampment erupts in thunderous cheers — this is the second Grand Admiral to return home in glory, and the Three Armies are inspired without exception. In days past he followed Yu Long deep into the misty rainforests of the Roselia continent, traversing untamed wildlands and enduring trials of life and death. Now, under Yuan Bo's decree, he has returned to his homeland bearing an ancient relic of the rainforest's foreign peoples. In the coming days he will erect an altar in Fu Zhou to perform a rite, using the power of this foreign treasure to reinforce the Five Elements Compass and strengthen its power of suppression.	true
dilemmas_localised_description_wwd_ll_tze_dazhoushi_bad	He no longer bothers to hide his joy.\\n\\nThe relic of the ancient sages rests at the center of the great formation. An Rui Bang tries his best to appear pained, but the transcendent power surging into his body has already swept away his restraint. These ignorant mortals all see him as a hero, the crowds cheer his name, the Astronomers gather power at his command, and the Tide-Washing Court guards bow before him. The people watch with excitement as the power of the Winds of Magic converges and takes shape, anticipating that once the ritual is complete, this battered city will rise again.\\n\\nCracks spread through the golden filigree, and power accumulated over ten thousand years bursts forth, surging into the sky. The Astronomers strain under the shockwave, and the roaring gale whips at the Grand Admiral's sleeves as radiant light spills from the fissures in the relic, enveloping him. The people cheer at the dazzling halo that suddenly blooms in the heavens, paying no mind to the blue-robed figures darting through the crowd.\\n\\nAn Rui Bang's fingers have already begun to melt. He feels flesh sloughing away beneath his brocade robes, feathers sprouting, power swelling. 'My lord... is something wrong with the ritual? This power doesn't feel like the Moon Empress's... we...'\\n\\nThe relic of the ancient sages shatters completely in An Rui Bang's grip. The air twists and melts, flowing like liquid, and the flagstones of the ritual platform crack in unison. He looks upon the stunned, stupefied faces of the Astronomers before him, gives a soft click of the tongue between his beak, and lets demonic flame erupt from his talons, his voice warping amid the crackling of twisting flesh and blood. 'Thanks to all of you... for helping me ascend to immortality.'\\n\\nHis sinews coil and multiply like living things, wings burst forth from his back through splitting bone, and countless eyes of strange color open one after another across his warped shell.\\n\\nThe screaming faces of the Astronomers are burned to cinders in an instant, twisted into grotesque shapes, their fine robes and flesh fused into a single blazing torch, then scattered to ash by the pressure of beating wings.\\n\\nHow foolish — whether these mortals who live and die in a single day, or those dragons who have hesitated for tens of thousands of years.\\n\\nHe can finally trample them all beneath his feet.\\n\\nHe will bring enlightenment to this world.\\n\\nThe long blade cuts through the clamor of the marketplace, and thick smoke laced with sparks climbs into the sky, mingling with the fireworks still blooming overhead. The streets writhe and reshape themselves like living things, and buildings sprout eyes and mouths as they twist. The cheers of the city have changed their tune — the mad laughter of the Face-Painting Cult rings out, sweet to the ear. A strange, shifting halo collapses from the heavens like shattering glass, frozen against the night sky.\\n\\nAfter all these years, this noisy city has finally become a pleasure to behold — the work of Tzeentch is truly captivating.\\n\\nThe Greater Daemon hovering atop the observatory lowers its countless eyes, gazing down upon the city now transformed into a sea of fire and hell, and murmurs in satisfaction.\\n\\n'All for the Lord of All Change.'	true
dilemmas_localised_description_wwd_ll_tze_dazhoushi_good	Night rain patters against the stone paving of Fu Zhou — one night remains before the ritual begins.\\n\\nAn Rui Bang stands before the altar, hands clasped behind his back, fingers slowly stroking his beard. The relic of the ancient sages lies still at the center of the formation, faint light seeping through its gilded patterns. His brow furrows slightly, his expression heavy with concern for the nation and its people — this is the bearing he must show, the Grand Admiral of Du Yuan returning home in glory, a pillar of the state. Yet beneath his brocade robes, his Face-Painting Cult emblem burns hot with each heartbeat, ambition and rapture coursing through every limb. Only one night remains — endure this single night, and the glory of the Lord of All Change will descend upon this ruined city.\\n\\n'The Grand Admiral is in fine spirits, still rehearsing rituals so late at night.'\\n\\nA woman's voice rises behind him, light as a raindrop falling from the eaves in the night wind. An Rui Bang spins around abruptly. Zhao Qi leans against the altar's base, her plain white dress damp with night dew, her hair still dripping. Normally, this leader of the righteous army carries herself with gentle eyes and soft features, personally leading refugees, tending to the wounded and dying, the very picture of compassion and righteousness. But now the corner of her mouth curls in a half-smile, carrying an inexplicable, uncanny cunning.\\n\\n'Lady Zhao Qi, forgive my failure to receive you properly,' An Rui Bang says, suppressing the flutter in his heart, his expression outwardly composed. 'The ritual begins tomorrow — the fate of all of Fu Zhou's people hangs upon it. I dare not be lax.'\\n\\nZhao Qi walks slowly to the Grand Admiral's side, the tip of her shoe crushing fallen leaves underfoot, her gaze fixing directly on the relic at the formation's heart. She taps her own chin lightly with a fingertip. 'Lord An's return is well-timed indeed. Yet before this, you abandoned the people of He Dong to their suffering, leaving this mess behind — quite the difficulty for my righteous army to manage.'\\n\\nAn Rui Bang's pupils contract sharply, his fingers clenching tight. 'Lady Zhao, the calamity of the Dark Elves was, thankfully, quelled through the righteous army's great efforts. My departure from Fu Zhou was truly unavoidable. Now the four seas boil, chaos erupts on every side, and the four Grand Admirals each bear heavy burdens, stretched thin. Lord Yu Long set sail in search of a means to save the world from ruin, requiring my presence in Roselia. Now that Lord Yu Long's plans have entered a new stage, I too have returned bearing this divine relic, hoping only that it truly holds the power to protect the nation and its people.'\\n\\nZhao Qi brushes back a lock of hair, her eyes brimming with a seductive shimmer that momentarily entrances An Rui Bang. In the flickering firelight, he thinks he glimpses a fleeting, slit-pupiled shadow in the depths of her eyes. 'So it seems, Lord An and I are both simply people bound by circumstance beyond our control. Better, perhaps, to be common folk, free of such constraints, able to follow one's heart's desire.' The air in the hall seems to freeze solid. A cold glint flashes through An Rui Bang's eyes before he slowly sighs. 'My desires are no different from those of the righteous army — nothing more than peace and prosperity for the nation. As for you, Lady Zhao, having come all this way to safeguard the ritual, you too should rest soon.' Zhao Qi steps behind him, whispering softly. 'Is that truly all you desire?'\\n\\nIs this woman simply another who craves power, or does she have some other design? No — no, her words carry hidden edges, danger lurking in every phrase. Once tomorrow's ritual begins, all will be accomplished — but whatever she is scheming, tonight she must be permanently silenced.\\n\\n'If Lady Zhao is so inclined, why not join me at my humble quarters?' Zhao Qi's fingers rest lightly against his chest, her voice honeyed enough to drip. 'Then I shall trouble you to lead the way.'\\n\\nNow is the moment to act.\\n\\n'Lord An has quite refined taste,' Zhao Qi murmurs, her figure drifting slowly among the hanging paintings he has collected. An Rui Bang sits at the tea table, watching the moonlight cast Zhao Qi's ink-black shadow across the scrolls, along with the Face-Painting Cult assassins quietly closing in. He lifts his teacup gently, clinking it against the rim. 'A pastime to ease the heart. I have borne the name of prodigy since childhood, and in the forty-odd years since, I find the mysteries of heaven and earth ever more boundless, like standing before a vast ocean — a lifetime's effort could not reveal even one part in ten thousand. And yet — Lady Zhao, a thirst for knowledge burning too fiercely is rarely a good thing.' He closes his eyes to savor his tea, listening to the sound of blood spraying across the scrolls. 'Clean it all up — I must return to my preparations.'\\n\\n'No need to rush off.'\\n\\nAn Rui Bang's fingers tremble against the teacup. He snaps his head up — silver moonlight spills across Zhao Qi's shoulders, making her features all the more uncanny. The hanging paintings are now smeared with blood and shredded flesh, but the assassins' bodies have vanished without a trace.\\n\\nZhao Qi lifts aside a hanging painting, licking the blood from the corner of her mouth — those slit pupils belong to no human. 'I had thought the arts of Tzeentch prized subtlety and elegance of concept — I hadn't expected you'd exhaust yourself merely picking out an elegant place to die.' An Rui Bang stumbles to his feet, cold dread crawling up his spine. He draws his blade and forms a seal, needing two attempts before the pink flame catches, its eerie fire spreading through the scattered scrolls and casting monstrous shadows among the hanging paintings. Zhao Qi remains perfectly still, standing within the firelight, head tilted slightly, regarding her prey with amused interest. 'You monster — what, what exactly are you—' In the next instant, his vision lurches skyward, nine tails unfurling below him, sharp fangs tearing through his neck.\\n\\nHis lifeless eyes hang suspended in midair, slowly dimming.\\n\\n'To be called that again wounds me so — it has been thousands of years since anyone addressed me so. Since I now serve before the Moon Empress's throne, and the Xun-Wood direction lacks a guardian, I shall claim it for myself. From now on, call me Sovereign of the Green Hills — how does that sound?'	true
dilemmas_localised_description_wwd_ll_tze_dazhoushi_neizhan	Agents of the God-Strategy Bureau have already brought news of the Fu Zhou incident back to the Celestial Court — one of the Four Grand Admirals, deeply trusted by Ming Long, has fallen to Chaos and launched a rebellion after returning from his expedition with Yu Long. This conspiracy runs deep and cannot be tolerated. Yun Feng Zi has repeatedly refused the capital's summons, and half of the Jade Sea Sovereign's fleet remains unaccounted for. With each dragon acting on their own, the Celestial Court's patience has worn thin. Yin Yin and Yuan Bo must both respond, or the Dragon Emperor's guard will come to find the answer themselves.	true
dilemmas_localised_title_wwd_incident_nichen_kill	Ashes to Embers	true
dilemmas_localised_title_wwd_ll_act_4_event_I	The Strength of a Nation	true
dilemmas_localised_title_wwd_ll_act_4_event_II	Bastion of the Heavenly Dynasty	true
dilemmas_localised_title_wwd_ll_changyuan_xiushan	Fortifying Chang Yuan	true
dilemmas_localised_title_wwd_ll_changyuan_xiushan_gelt	[Golden Great Wall]	true
dilemmas_localised_title_wwd_ll_dilemma_chance_biwu	Shang Yang Martial Trial	true
dilemmas_localised_title_wwd_ll_dilemma_chance_biwu_I	First Round	true
dilemmas_localised_title_wwd_ll_dilemma_chance_biwu_II	Second Round	true
dilemmas_localised_title_wwd_ll_dilemma_chance_biwu_III	Third Round	true
dilemmas_localised_title_wwd_ll_dilemma_chance_biwu_IV	Final Round	true
dilemmas_localised_title_wwd_ll_dilemma_chance_biwu_lost	Defeated Midway	true
dilemmas_localised_title_wwd_ll_dilemma_chance_biwu_win	Claim First Place	true
dilemmas_localised_title_wwd_ll_fina_jade_blood11	Jade Blood Floods the River	true
dilemmas_localised_title_wwd_ll_fina_jade_blood13	Born of the Same Root	true
dilemmas_localised_title_wwd_ll_fina_jade_blood21	Decisive Battle at the Mausoleum Altar	true
dilemmas_localised_title_wwd_ll_help	Aid from the Heavenly Court	true
dilemmas_localised_title_wwd_ll_help_II	A Land Beyond the World	true
dilemmas_localised_title_wwd_ll_help_brother	An Awkward Request	true
dilemmas_localised_title_wwd_ll_help_brother_II	Kindness Must Be Repaid	true
dilemmas_localised_title_wwd_ll_kill_hancheng	Let Posterity Judge	true
dilemmas_localised_title_wwd_ll_kill_yuguxian	Return Home	true
dilemmas_localised_title_wwd_ll_power_attackt	Net Cast Beneath the Blue Clouds	true
dilemmas_localised_title_wwd_ll_powerup	The Height of the Court	true
dilemmas_localised_title_wwd_ll_sla_event	Still Singing and Dancing	true
dilemmas_localised_title_wwd_ll_sla_event_II	Indulgence Topples the Nest	true
dilemmas_localised_title_wwd_ll_tiger_warrior	The Battle of Shang Yang	true
dilemmas_localised_title_wwd_ll_tze_dazhoushi	Homeward Voyage	true
dilemmas_localised_title_wwd_ll_tze_dazhoushi_bad	Skin Painted, Bones Painted	true
dilemmas_localised_title_wwd_ll_tze_dazhoushi_good	By What Name Shall I Call You	true
dilemmas_localised_title_wwd_ll_tze_dazhoushi_neizhan	Unforgivable	true
effect_bundles_localised_description_wwd_ll_act_4_event_IFIRST	Facing an enemy of utter destruction, there is no other path - only to give everything, and decide the outcome once and for all.	true
effect_bundles_localised_description_wwd_ll_act_4_event_ISECOND	In this moment of life and death, we must all the more conserve the strength of the people, and never waste it recklessly.	true
effect_bundles_localised_description_wwd_ll_changyuan_xiushanFIRST	[[col:white]]This effect will be applied to the Three Passes of Chang Yuan[[/col]]\\nWeapons, armor, and rations - the frontier soldiers will receive ample supply.	true
effect_bundles_localised_description_wwd_ll_changyuan_xiushanSECOND	[[col:white]]This effect will be applied to the Three Passes of Chang Yuan[[/col]]\\nCannons and mechanisms will let soldiers dispatch the enemy from beyond a safe distance.	true
effect_bundles_localised_description_wwd_ll_changyuan_xiushanTHIRD	[[col:white]]This effect will be applied to the Three Passes of Chang Yuan[[/col]]\\nThat impassable high wall is the true foundation of defending the north.	true
effect_bundles_localised_description_wwd_ll_dilemma_chance_biwu	Your court representative defeated heroes from every corner in the Shang Yang martial trials, claiming the champion's laurel. This achievement, witnessed by all, adds yet more luster to your legend.	true
effect_bundles_localised_description_wwd_ll_fina_jade_blood	An unforeseen calamity...	true
effect_bundles_localised_description_wwd_ll_fina_jade_bloodFIRST	At dusk, close the markets and shops, and forbid passage through the streets and alleys - see that the people all remain safely in their homes, away from danger.	true
effect_bundles_localised_description_wwd_ll_fina_jade_bloodSECOND	Send orders to every province: gather the exposed corpses and bones within your territory, that they may return to earth and find peace, that fallen leaves may return to their roots. See that the calamity of the risen dead is utterly ended, and let no evil spirit bring harm to the people's livelihood.	true
effect_bundles_localised_description_wwd_ll_help_IIFIRST	Open the city gates to shelter all the displaced; set up gruel stations and provide housing for their care.	true
effect_bundles_localised_description_wwd_ll_help_IIFOURTH	Select the able-bodied young men among the displaced and enlist them into the ranks.	true
effect_bundles_localised_description_wwd_ll_help_IISECOND	Organize the displaced to take part in construction, land reclamation, and dredging - labor exchanged for grain, food earned through work.	true
effect_bundles_localised_description_wwd_ll_help_IITHIRD	Guard the passes strictly and drive away every displaced person - let none enter the city.	true
effect_bundles_localised_description_wwd_ll_kill_yuguxian	Even in death, the loyal and valiant spirit still watches over his homeland.	true
effect_bundles_localised_description_wwd_ll_power	The scales are tipping, but not everyone is pleased to see you gain greater power...	true
effect_bundles_localised_description_wwd_ll_power_keep	The tree that stands taller than the forest invites the wind's wrath - in the current situation, concealing one's strength is the wiser course.	true
effect_bundles_localised_description_wwd_ll_power_up_I	[[col:white]]Zhen Dan's court and countryside are divided among countless factions, with the nobility of every province ruling their own domains, contending against each other beneath the surface. Influence represents your advantage in the political struggle of the Celestial Empire. Raising your influence will grant you a range of bonuses, and persuade more loyal Zhen Dan factions to fight alongside you[[/col]]\\n\\n[[img:wwd_resource_buff]][[/img]][[col:yellow]]Current level: 1\\n\\n[[img:icon_military_alliance]][[/img]][[col:yellow]]No Zhen Dan faction is currently willing to submit to you[[/col]]	true
effect_bundles_localised_description_wwd_ll_power_up_II	[[col:white]]Zhen Dan's court and countryside are divided among countless factions, with the nobility of every province ruling their own domains, contending against each other beneath the surface. Influence represents your advantage in the political struggle of the Celestial Empire. Raising your influence will grant you a range of bonuses, and persuade more loyal Zhen Dan factions to fight alongside you[[/col]]\\n\\n[[img:wwd_resource_buff]][[/img]][[col:yellow]]Current level: 2\\n\\n[[img:icon_military_alliance]][[/img]][[col:yellow]]Confederation options unlocked for the Claws of the White Tiger and the Jade Stone Guard[[/col]]	true
effect_bundles_localised_description_wwd_ll_power_up_III	[[col:white]]Zhen Dan's court and countryside are divided among countless factions, with the nobility of every province ruling their own domains, contending against each other beneath the surface. Influence represents your advantage in the political struggle of the Celestial Empire. Raising your influence will grant you a range of bonuses, and persuade more loyal Zhen Dan factions to fight alongside you[[/col]]\\n\\n[[img:wwd_resource_buff]][[/img]][[col:yellow]]Current level: 3\\n\\n[[img:icon_military_alliance]][[/img]][[col:yellow]]Confederation options unlocked for the Claws of the White Tiger, the Jade Stone Guard, the Lords of He Dong, and the Ling Nan Frontier Commandery[[/col]]	true
effect_bundles_localised_description_wwd_ll_power_up_IV	[[col:white]]Zhen Dan's court and countryside are divided among countless factions, with the nobility of every province ruling their own domains, contending against each other beneath the surface. Influence represents your advantage in the political struggle of the Celestial Empire. Raising your influence will grant you a range of bonuses, and persuade more loyal Zhen Dan factions to fight alongside you[[/col]]\\n\\n[[img:wwd_resource_buff]][[/img]][[col:yellow]]Current level: 4\\n\\n[[img:icon_military_alliance]][[/img]][[col:yellow]]Confederation options unlocked for the Claws of the White Tiger, the Jade Stone Guard, the Lords of He Dong, the Ling Nan Frontier Commandery, the Wei Bei Provinces, the Wei Xi Provinces, and the Jade Court[[/col]]	true
effect_bundles_localised_description_wwd_ll_power_up_V	[[col:white]]Zhen Dan's court and countryside are divided among countless factions, with the nobility of every province ruling their own domains, contending against each other beneath the surface. Influence represents your advantage in the political struggle of the Celestial Empire. Raising your influence will grant you a range of bonuses, and persuade more loyal Zhen Dan factions to fight alongside you[[/col]]\\n\\n[[img:wwd_resource_buff]][[/img]][[col:yellow]]Current level: 5\\n\\n[[img:icon_military_alliance]][[/img]][[col:yellow]]Confederation options unlocked for the Claws of the White Tiger, the Jade Stone Guard, the Lords of He Dong, the Ling Nan Frontier Commandery, the Wei Bei Provinces, the Wei Xi Provinces, and the Jade Court[[/col]]	true
effect_bundles_localised_description_wwd_ll_power_up_VI	[[col:white]]Zhen Dan's court and countryside are divided among countless factions, with the nobility of every province ruling their own domains, contending against each other beneath the surface. Influence represents your advantage in the political struggle of the Celestial Empire. Raising your influence will grant you a range of bonuses, and persuade more loyal Zhen Dan factions to fight alongside you[[/col]]\\n\\n[[img:wwd_resource_buff]][[/img]][[col:yellow]]Current level: 6\\n\\n[[img:icon_military_alliance]][[/img]][[col:yellow]]Confederation options unlocked for the Claws of the White Tiger, the Jade Stone Guard, the Lords of He Dong, the Ling Nan Frontier Commandery, the Wei Bei Provinces, the Wei Xi Provinces, and the Jade Court[[/col]]	true
effect_bundles_localised_description_wwd_ll_power_up_Z	[[col:white]]Zhen Dan's court and countryside are divided among countless factions, with the nobility of every province ruling their own domains, contending against each other beneath the surface. Influence represents your advantage in the political struggle of the Celestial Empire. Raising your influence will grant you a range of bonuses, and persuade more loyal Zhen Dan factions to fight alongside you[[/col]]\\n\\n[[img:wwd_resource_buff]][[/img]][[col:yellow]]Current level: 0\\n\\n[[img:icon_military_alliance]][[/img]][[col:yellow]]No Zhen Dan faction is currently willing to submit to you[[/col]]	true
effect_bundles_localised_description_wwd_ll_sla_event	Most agreeable. The affairs of state have grown burdensome of late, and I've longed for a diversion - this suits perfectly.	true
effect_bundles_localised_description_wwd_order_buff	The pillar of the Old World—when it breaks, the world shall crumble along with it.	true
effect_bundles_localised_title_wwd_chosenone_defender	Lone City	true
effect_bundles_localised_title_wwd_chosenone_tide	Raging Tide	true
effect_bundles_localised_title_wwd_ll_act_4_event_IFIRST	Sharpening Weapons, Feeding Horses	true
effect_bundles_localised_title_wwd_ll_act_4_event_ISECOND	Husbanding the People's Strength	true
effect_bundles_localised_title_wwd_ll_changyuan_xiushanFIRST	Relief Supplies	true
effect_bundles_localised_title_wwd_ll_changyuan_xiushanSECOND	Provide Equipment	true
effect_bundles_localised_title_wwd_ll_changyuan_xiushanTHIRD	Assist with Repairs	true
effect_bundles_localised_title_wwd_ll_changyuan_xiushan_gelt	[Golden Great Wall]	true
effect_bundles_localised_title_wwd_ll_dilemma_chance_biwu	Champion of the Martial Trials	true
effect_bundles_localised_title_wwd_ll_fina_jade_blood	[[col:red]]Curse of Jade Blood[[/col]]	true
effect_bundles_localised_title_wwd_ll_fina_jade_bloodFIRST	Seal the Doors	true
effect_bundles_localised_title_wwd_ll_fina_jade_bloodSECOND	Drive the Corpses	true
effect_bundles_localised_title_wwd_ll_help_FIRST	Keep the Astronomical Bureau Vice Minister	true
effect_bundles_localised_title_wwd_ll_help_FOURTH	Keep the Colonel	true
effect_bundles_localised_title_wwd_ll_help_IIFIRST	Accept the Refugees	true
effect_bundles_localised_title_wwd_ll_help_IIFOURTH	Conscript the Able-Bodied	true
effect_bundles_localised_title_wwd_ll_help_IISECOND	Relief Through Labor	true
effect_bundles_localised_title_wwd_ll_help_IITHIRD	Drive Away the Refugees	true
effect_bundles_localised_title_wwd_ll_help_SECOND	Keep the Minister of the Treasury	true
effect_bundles_localised_title_wwd_ll_help_THIRD	Keep the Granary Commissioner	true
effect_bundles_localised_title_wwd_ll_kill_yuguxian	Jade Bones Return Home	true
effect_bundles_localised_title_wwd_ll_power	Power Struggle	true
effect_bundles_localised_title_wwd_ll_power_keep	Hide One's Edge, Feign Ignorance	true
effect_bundles_localised_title_wwd_ll_power_up_I	Influence: [[col:yellow]]Clouds Follow, Winds Rise[[/col]]	true
effect_bundles_localised_title_wwd_ll_power_up_II	Influence: [[col:yellow]]All Hearts Turn to Him[[/col]]	true
effect_bundles_localised_title_wwd_ll_power_up_III	Influence: [[col:yellow]]Mountains Roar, Seas Surge[[/col]]	true
effect_bundles_localised_title_wwd_ll_power_up_IV	Influence: [[col:yellow]]Brilliant Stars Attend the Moon[[/col]]	true
effect_bundles_localised_title_wwd_ll_power_up_V	Influence: [[col:yellow]]Like the Sun at High Noon[[/col]]	true
effect_bundles_localised_title_wwd_ll_power_up_VI	Influence: [[col:yellow]]Acting in the Dragon Emperor's Stead[[/col]]	true
effect_bundles_localised_title_wwd_ll_power_up_Z	Influence: [[col:yellow]]Word Reaches Court and Countryside[[/col]]	true
effect_bundles_localised_title_wwd_ll_sla_event	Songs and Dances of Peace	true
effect_bundles_localised_title_wwd_order_buff	Bastion of Order	true
incidents_localised_description_wwd_incident_shaozhan	Our army has stormed the enemy outpost and annihilated its defenders! Our soldiers gathered no small amount of supplies from the spoils, and our army has been able to rest and recover	true
incidents_localised_title_wwd_incident_shaozhan	Outpost Garrison Annihilated	true
names_name_1021105019	[[img:icon_trickster_cult_supplies]][[/img]][[col:magic]][Grand Admiral of Du Yuan] An Rui Bang[[/col]]	true
names_name_98742436	Han Qing	true
names_name_98742437	[Blood Lord] Yu Xu	true
names_name_98742438	[Cup of Jade Blood] Ravaged Husk of the Void	true
regions_battle_name_wh3_main_chaos_region_shrine_of_the_alchemist	Han Dan Pass	true
regions_battle_name_wh3_main_combi_region_shrine_of_the_alchemist	Han Dan Pass	true
regions_onscreen_wh3_main_chaos_region_shrine_of_the_alchemist	Han Dan Pass	true
regions_onscreen_wh3_main_combi_region_shrine_of_the_alchemist	Han Dan Pass	true
start_pos_settlements_onscreen_name_settlement:wh3_main_chaos_region_shrine_of_the_alchemist488024999	Han Dan Pass	true
start_pos_settlements_onscreen_name_settlement:wh3_main_combi_region_shrine_of_the_alchemist522856991	Han Dan Pass	true
